2026-03-30 17:49:35,328 [INFO] Parsing CSV: /share/home/e2406749/csv_data/s1_s2_images_thesis_v3_cloud_filter.csv
2026-03-30 17:51:12,643 [INFO] Parsing CSV: /share/home/e2406749/data_csv/s1_s2_images_thesis_v3_cloud_filter.csv
2026-03-30 17:58:42,614 [INFO] Parsing CSV: /share/home/e2406749/tropical_forest_disturbance/data_csv/s1_s2_images_thesis_v3_cloud_filter.csv
2026-03-30 17:58:42,659 [INFO] Found 389 FIDs with images
2026-03-30 17:58:42,660 [INFO] CROMA-only mode: skipping native resolution downloads
2026-03-30 17:58:42,660 [INFO] Launching 6 parallel workers for 389 FIDs
2026-03-30 17:58:42,660 [INFO]   Worker 0: 65 FIDs
2026-03-30 17:58:42,660 [INFO]   Worker 1: 65 FIDs
2026-03-30 17:58:42,660 [INFO]   Worker 2: 65 FIDs
2026-03-30 17:58:42,660 [INFO]   Worker 3: 65 FIDs
2026-03-30 17:58:42,660 [INFO]   Worker 4: 65 FIDs
2026-03-30 17:58:42,660 [INFO]   Worker 5: 64 FIDs
2026-03-30 17:58:42,740 [INFO] Worker 0: starting with 65 FIDs
2026-03-30 17:58:42,765 [INFO] Worker 1: starting with 65 FIDs
2026-03-30 17:58:42,778 [INFO] Worker 2: starting with 65 FIDs
2026-03-30 17:58:42,785 [INFO] Worker 3: starting with 65 FIDs
2026-03-30 17:58:42,793 [INFO] Worker 4: starting with 65 FIDs
2026-03-30 17:58:42,809 [INFO] Worker 5: starting with 64 FIDs
2026-03-30 18:01:59,463 [INFO] Parsing CSV: /share/home/e2406749/tropical_forest_disturbance/data_csv/s1_s2_images_thesis_v3_cloud_filter.csv
2026-03-30 18:01:59,513 [INFO] Found 389 FIDs with images
2026-03-30 18:01:59,513 [INFO] CROMA-only mode: skipping native resolution downloads
2026-03-30 18:01:59,513 [INFO] Launching 6 parallel workers for 389 FIDs
2026-03-30 18:01:59,513 [INFO]   Worker 0: 65 FIDs
2026-03-30 18:01:59,513 [INFO]   Worker 1: 65 FIDs
2026-03-30 18:01:59,513 [INFO]   Worker 2: 65 FIDs
2026-03-30 18:01:59,513 [INFO]   Worker 3: 65 FIDs
2026-03-30 18:01:59,513 [INFO]   Worker 4: 65 FIDs
2026-03-30 18:01:59,514 [INFO]   Worker 5: 64 FIDs
2026-03-30 18:01:59,574 [INFO] Worker 0: starting with 65 FIDs
2026-03-30 18:01:59,582 [INFO] Worker 1: starting with 65 FIDs
2026-03-30 18:01:59,588 [INFO] Worker 2: starting with 65 FIDs
2026-03-30 18:01:59,589 [INFO] Worker 3: starting with 65 FIDs
2026-03-30 18:01:59,593 [INFO] Worker 4: starting with 65 FIDs
2026-03-30 18:01:59,601 [INFO] Worker 5: starting with 64 FIDs
2026-03-30 18:02:00,769 [INFO] Worker 1: FID 267 (1/65)
2026-03-30 18:02:01,044 [INFO] Worker 5: FID 269 (1/64)
2026-03-30 18:02:01,110 [INFO] Worker 3: FID 91 (1/65)
2026-03-30 18:02:01,247 [INFO] Worker 4: FID 268 (1/65)
2026-03-30 18:02:01,618 [INFO] Worker 0: FID 90 (1/65)
2026-03-30 18:02:01,632 [INFO] Worker 2: FID 141 (1/65)
2026-03-30 18:02:07,680 [INFO] Worker 1: FID 267 done, 6 downloads
2026-03-30 18:02:07,680 [INFO] Worker 1: FID 140 (2/65)
2026-03-30 18:02:08,260 [INFO] Worker 0: FID 90 done, 6 downloads
2026-03-30 18:02:08,260 [INFO] Worker 0: FID 270 (2/65)
2026-03-30 18:02:08,529 [INFO] Worker 5: FID 269 done, 6 downloads
2026-03-30 18:02:08,529 [INFO] Worker 5: FID 142 (2/64)
2026-03-30 18:02:12,444 [INFO] Worker 0: FID 270 done, 3 downloads
2026-03-30 18:02:12,444 [INFO] Worker 0: FID 92 (3/65)
2026-03-30 18:02:13,970 [INFO] Worker 2: FID 141 done, 9 downloads
2026-03-30 18:02:13,970 [INFO] Worker 2: FID 271 (2/65)
2026-03-30 18:02:15,321 [INFO] Worker 3: FID 91 done, 12 downloads
2026-03-30 18:02:15,321 [INFO] Worker 3: FID 266 (2/65)
2026-03-30 18:02:16,865 [INFO] Worker 4: FID 268 done, 12 downloads
2026-03-30 18:02:16,866 [INFO] Worker 4: FID 272 (2/65)
2026-03-30 18:02:21,117 [INFO] Worker 5: FID 142 done, 10 downloads
2026-03-30 18:02:21,117 [INFO] Worker 5: FID 215 (3/64)
2026-03-30 18:02:23,259 [INFO] Worker 4: FID 272 done, 5 downloads
2026-03-30 18:02:23,259 [INFO] Worker 4: FID 94 (3/65)
2026-03-30 18:02:25,722 [INFO] Worker 1: FID 140 done, 16 downloads
2026-03-30 18:02:25,723 [INFO] Worker 1: FID 217 (3/65)
2026-03-30 18:02:28,279 [INFO] Worker 2: FID 271 done, 12 downloads
2026-03-30 18:02:28,280 [INFO] Worker 2: FID 273 (3/65)
2026-03-30 18:02:34,427 [INFO] Worker 5: FID 215 done, 12 downloads
2026-03-30 18:02:34,427 [INFO] Worker 5: FID 145 (4/64)
2026-03-30 18:02:34,693 [INFO] Worker 4: FID 94 done, 10 downloads
2026-03-30 18:02:34,693 [INFO] Worker 4: FID 144 (4/65)
2026-03-30 18:02:35,475 [INFO] Worker 0: FID 92 done, 20 downloads
2026-03-30 18:02:35,475 [INFO] Worker 0: FID 216 (4/65)
2026-03-30 18:02:40,560 [INFO] Worker 4: FID 144 done, 5 downloads
2026-03-30 18:02:40,561 [INFO] Worker 4: FID 242 (5/65)
2026-03-30 18:02:41,184 [INFO] Worker 2: FID 273 done, 10 downloads
2026-03-30 18:02:41,185 [INFO] Worker 2: FID 95 (4/65)
2026-03-30 18:02:46,654 [INFO] Worker 4: FID 242 done, 6 downloads
2026-03-30 18:02:46,654 [INFO] Worker 4: FID 220 (6/65)
2026-03-30 18:02:53,279 [INFO] Worker 2: FID 95 done, 10 downloads
2026-03-30 18:02:53,279 [INFO] Worker 2: FID 147 (5/65)
2026-03-30 18:02:54,912 [INFO] Worker 5: FID 145 done, 20 downloads
2026-03-30 18:02:54,913 [INFO] Worker 5: FID 275 (5/64)
2026-03-30 18:02:57,478 [INFO] Worker 0: FID 216 done, 20 downloads
2026-03-30 18:02:57,479 [INFO] Worker 0: FID 146 (5/65)
2026-03-30 18:02:58,822 [INFO] Worker 1: FID 217 done, 30 downloads
2026-03-30 18:02:58,822 [INFO] Worker 1: FID 93 (4/65)
2026-03-30 18:03:00,145 [INFO] Worker 3: FID 266 done, 40 downloads
2026-03-30 18:03:00,145 [INFO] Worker 3: FID 274 (3/65)
2026-03-30 18:03:01,368 [INFO] Worker 2: FID 147 done, 7 downloads
2026-03-30 18:03:01,368 [INFO] Worker 2: FID 223 (6/65)
2026-03-30 18:03:03,071 [INFO] Worker 0: FID 146 done, 5 downloads
2026-03-30 18:03:03,071 [INFO] Worker 0: FID 148 (6/65)
2026-03-30 18:03:07,925 [INFO] Worker 4: FID 220 done, 21 downloads
2026-03-30 18:03:07,925 [INFO] Worker 4: FID 98 (7/65)
2026-03-30 18:03:10,814 [INFO] Worker 5: FID 275 done, 14 downloads
2026-03-30 18:03:10,814 [INFO] Worker 5: FID 96 (6/64)
2026-03-30 18:03:15,454 [INFO] Worker 1: FID 93 done, 15 downloads
2026-03-30 18:03:15,454 [INFO] Worker 1: FID 218 (5/65)
2026-03-30 18:03:15,713 [INFO] Worker 3: FID 274 done, 14 downloads
2026-03-30 18:03:15,713 [INFO] Worker 3: FID 143 (4/65)
2026-03-30 18:03:21,428 [INFO] Worker 1: FID 218 done, 5 downloads
2026-03-30 18:03:21,429 [INFO] Worker 1: FID 149 (6/65)
2026-03-30 18:03:24,337 [INFO] Worker 2: FID 223 done, 22 downloads
2026-03-30 18:03:24,337 [INFO] Worker 2: FID 152 (7/65)
2026-03-30 18:03:24,968 [INFO] Worker 0: FID 148 done, 21 downloads
2026-03-30 18:03:24,968 [INFO] Worker 0: FID 276 (7/65)
2026-03-30 18:03:27,327 [INFO] Worker 3: FID 143 done, 12 downloads
2026-03-30 18:03:27,327 [INFO] Worker 3: FID 219 (5/65)
2026-03-30 18:03:28,454 [INFO] Worker 4: FID 98 done, 18 downloads
2026-03-30 18:03:28,454 [INFO] Worker 4: FID 279 (8/65)
2026-03-30 18:03:34,718 [INFO] Worker 5: FID 96 done, 24 downloads
2026-03-30 18:03:34,718 [INFO] Worker 5: FID 153 (7/64)
2026-03-30 18:03:37,982 [INFO] Worker 2: FID 152 done, 12 downloads
2026-03-30 18:03:37,982 [INFO] Worker 2: FID 226 (8/65)
2026-03-30 18:03:38,316 [INFO] Worker 0: FID 276 done, 12 downloads
2026-03-30 18:03:38,317 [INFO] Worker 0: FID 224 (8/65)
2026-03-30 18:03:41,592 [INFO] Worker 3: FID 219 done, 14 downloads
2026-03-30 18:03:41,592 [INFO] Worker 3: FID 277 (6/65)
2026-03-30 18:03:42,180 [INFO] Worker 1: FID 149 done, 18 downloads
2026-03-30 18:03:42,180 [INFO] Worker 1: FID 97 (7/65)
2026-03-30 18:04:00,509 [INFO] Worker 2: FID 226 done, 20 downloads
2026-03-30 18:04:00,510 [INFO] Worker 2: FID 221 (9/65)
2026-03-30 18:04:08,179 [INFO] Worker 1: FID 97 done, 24 downloads
2026-03-30 18:04:08,180 [INFO] Worker 1: FID 225 (8/65)
2026-03-30 18:04:08,790 [INFO] Worker 5: FID 153 done, 32 downloads
2026-03-30 18:04:08,791 [INFO] Worker 5: FID 151 (8/64)
2026-03-30 18:04:10,079 [INFO] Worker 4: FID 279 done, 40 downloads
2026-03-30 18:04:10,079 [INFO] Worker 4: FID 231 (9/65)
2026-03-30 18:04:16,856 [INFO] Worker 0: FID 224 done, 48 downloads
2026-03-30 18:04:16,856 [INFO] Worker 0: FID 222 (9/65)
2026-03-30 18:04:16,874 [INFO] Worker 3: FID 277 done, 32 downloads
2026-03-30 18:04:16,874 [INFO] Worker 3: FID 154 (7/65)
2026-03-30 18:04:24,076 [INFO] Worker 5: FID 151 done, 14 downloads
2026-03-30 18:04:24,076 [INFO] Worker 5: FID 232 (9/64)
2026-03-30 18:04:25,633 [INFO] Worker 0: FID 222 done, 8 downloads
2026-03-30 18:04:25,633 [INFO] Worker 0: FID 289 (10/65)
2026-03-30 18:04:30,081 [INFO] Worker 1: FID 225 done, 24 downloads
2026-03-30 18:04:30,081 [INFO] Worker 1: FID 150 (9/65)
2026-03-30 18:04:32,449 [INFO] Worker 2: FID 221 done, 28 downloads
2026-03-30 18:04:32,449 [INFO] Worker 2: FID 294 (10/65)
2026-03-30 18:04:36,190 [INFO] Worker 3: FID 154 done, 18 downloads
2026-03-30 18:04:36,191 [INFO] Worker 3: FID 278 (8/65)
2026-03-30 18:04:46,258 [INFO] Worker 3: FID 278 done, 10 downloads
2026-03-30 18:04:46,258 [INFO] Worker 3: FID 106 (9/65)
2026-03-30 18:04:47,812 [INFO] Worker 2: FID 294 done, 12 downloads
2026-03-30 18:04:47,812 [INFO] Worker 2: FID 158 (11/65)
2026-03-30 18:04:51,717 [INFO] Worker 4: FID 231 done, 40 downloads
2026-03-30 18:04:51,717 [INFO] Worker 4: FID 99 (10/65)
2026-03-30 18:04:58,972 [INFO] Worker 3: FID 106 done, 12 downloads
2026-03-30 18:04:58,972 [INFO] Worker 3: FID 295 (10/65)
2026-03-30 18:05:05,174 [INFO] Worker 1: FID 150 done, 28 downloads
2026-03-30 18:05:05,174 [INFO] Worker 1: FID 112 (10/65)
2026-03-30 18:05:07,892 [INFO] Worker 5: FID 232 done, 40 downloads
2026-03-30 18:05:07,892 [INFO] Worker 5: FID 155 (10/64)
2026-03-30 18:05:08,326 [INFO] Worker 4: FID 99 done, 16 downloads
2026-03-30 18:05:08,326 [INFO] Worker 4: FID 228 (11/65)
2026-03-30 18:05:16,660 [INFO] Worker 0: FID 289 done, 50 downloads
2026-03-30 18:05:16,660 [INFO] Worker 0: FID 156 (11/65)
2026-03-30 18:05:25,053 [INFO] Worker 5: FID 155 done, 16 downloads
2026-03-30 18:05:25,053 [INFO] Worker 5: FID 287 (11/64)
2026-03-30 18:05:35,260 [INFO] Worker 3: FID 295 done, 36 downloads
2026-03-30 18:05:35,260 [INFO] Worker 3: FID 159 (11/65)
2026-03-30 18:05:41,479 [INFO] Worker 1: FID 112 done, 32 downloads
2026-03-30 18:05:41,480 [INFO] Worker 1: FID 280 (11/65)
2026-03-30 18:05:42,044 [INFO] Worker 4: FID 228 done, 33 downloads
2026-03-30 18:05:42,045 [INFO] Worker 4: FID 230 (12/65)
2026-03-30 18:05:44,248 [INFO] Worker 2: FID 158 done, 55 downloads
2026-03-30 18:05:44,248 [INFO] Worker 2: FID 157 (12/65)
2026-03-30 18:05:48,337 [INFO] Worker 5: FID 287 done, 22 downloads
2026-03-30 18:05:48,338 [INFO] Worker 5: FID 281 (12/64)
2026-03-30 18:05:49,043 [INFO] Worker 0: FID 156 done, 32 downloads
2026-03-30 18:05:49,044 [INFO] Worker 0: FID 176 (12/65)
2026-03-30 18:06:00,436 [INFO] Worker 5: FID 281 done, 13 downloads
2026-03-30 18:06:00,436 [INFO] Worker 5: FID 102 (13/64)
2026-03-30 18:06:04,638 [INFO] Worker 4: FID 230 done, 22 downloads
2026-03-30 18:06:04,638 [INFO] Worker 4: FID 101 (13/65)
2026-03-30 18:06:11,396 [INFO] Worker 2: FID 157 done, 28 downloads
2026-03-30 18:06:11,397 [INFO] Worker 2: FID 227 (13/65)
2026-03-30 18:06:13,809 [INFO] Worker 0: FID 176 done, 24 downloads
2026-03-30 18:06:13,809 [INFO] Worker 0: FID 283 (13/65)
2026-03-30 18:06:15,678 [INFO] Worker 4: FID 101 done, 11 downloads
2026-03-30 18:06:15,678 [INFO] Worker 4: FID 169 (14/65)
2026-03-30 18:06:16,460 [INFO] Worker 1: FID 280 done, 36 downloads
2026-03-30 18:06:16,461 [INFO] Worker 1: FID 100 (12/65)
2026-03-30 18:06:22,954 [INFO] Worker 3: FID 159 done, 50 downloads
2026-03-30 18:06:22,954 [INFO] Worker 3: FID 160 (12/65)
2026-03-30 18:06:24,056 [INFO] Worker 5: FID 102 done, 22 downloads
2026-03-30 18:06:24,057 [INFO] Worker 5: FID 107 (14/64)
2026-03-30 18:06:37,408 [INFO] Worker 3: FID 160 done, 13 downloads
2026-03-30 18:06:37,408 [INFO] Worker 3: FID 243 (13/65)
2026-03-30 18:06:37,460 [INFO] Worker 4: FID 169 done, 22 downloads
2026-03-30 18:06:37,460 [INFO] Worker 4: FID 172 (15/65)
2026-03-30 18:06:56,074 [INFO] Worker 2: FID 227 done, 44 downloads
2026-03-30 18:06:56,074 [INFO] Worker 2: FID 285 (14/65)
2026-03-30 18:06:59,490 [INFO] Worker 3: FID 243 done, 22 downloads
2026-03-30 18:06:59,490 [INFO] Worker 3: FID 284 (14/65)
2026-03-30 18:07:05,061 [INFO] Worker 0: FID 283 done, 52 downloads
2026-03-30 18:07:05,062 [INFO] Worker 0: FID 229 (14/65)
2026-03-30 18:07:05,963 [INFO] Worker 1: FID 100 done, 52 downloads
2026-03-30 18:07:05,963 [INFO] Worker 1: FID 103 (13/65)
2026-03-30 18:07:22,930 [INFO] Worker 3: FID 284 done, 24 downloads
2026-03-30 18:07:22,930 [INFO] Worker 3: FID 170 (15/65)
2026-03-30 18:07:28,120 [INFO] Worker 5: FID 107 done, 60 downloads
2026-03-30 18:07:28,121 [INFO] Worker 5: FID 233 (15/64)
2026-03-30 18:07:28,816 [INFO] Worker 2: FID 285 done, 33 downloads
2026-03-30 18:07:28,816 [INFO] Worker 2: FID 110 (15/65)
2026-03-30 18:07:30,253 [INFO] Worker 1: FID 103 done, 24 downloads
2026-03-30 18:07:30,253 [INFO] Worker 1: FID 282 (14/65)
2026-03-30 18:07:39,351 [INFO] Worker 4: FID 172 done, 60 downloads
2026-03-30 18:07:39,351 [INFO] Worker 4: FID 173 (16/65)
2026-03-30 18:07:41,627 [INFO] Worker 1: FID 282 done, 11 downloads
2026-03-30 18:07:41,627 [INFO] Worker 1: FID 108 (15/65)
2026-03-30 18:07:45,794 [INFO] Worker 5: FID 233 done, 18 downloads
2026-03-30 18:07:45,795 [INFO] Worker 5: FID 174 (16/64)
2026-03-30 18:07:51,559 [INFO] Worker 3: FID 170 done, 28 downloads
2026-03-30 18:07:51,559 [INFO] Worker 3: FID 237 (16/65)
2026-03-30 18:07:59,482 [INFO] Worker 2: FID 110 done, 28 downloads
2026-03-30 18:07:59,482 [INFO] Worker 2: FID 236 (16/65)
2026-03-30 18:08:00,820 [INFO] Worker 0: FID 229 done, 55 downloads
2026-03-30 18:08:00,820 [INFO] Worker 0: FID 105 (15/65)
2026-03-30 18:08:03,551 [INFO] Worker 1: FID 108 done, 22 downloads
2026-03-30 18:08:03,552 [INFO] Worker 1: FID 235 (16/65)
2026-03-30 18:08:05,598 [INFO] Worker 4: FID 173 done, 28 downloads
2026-03-30 18:08:05,598 [INFO] Worker 4: FID 171 (17/65)
2026-03-30 18:08:15,575 [INFO] Worker 4: FID 171 done, 10 downloads
2026-03-30 18:08:15,575 [INFO] Worker 4: FID 104 (18/65)
2026-03-30 18:08:23,462 [INFO] Worker 5: FID 174 done, 39 downloads
2026-03-30 18:08:23,462 [INFO] Worker 5: FID 290 (17/64)
2026-03-30 18:08:30,060 [INFO] Worker 2: FID 236 done, 32 downloads
2026-03-30 18:08:30,060 [INFO] Worker 2: FID 109 (17/65)
2026-03-30 18:08:31,361 [INFO] Worker 1: FID 235 done, 28 downloads
2026-03-30 18:08:31,361 [INFO] Worker 1: FID 292 (17/65)
2026-03-30 18:08:44,490 [INFO] Worker 5: FID 290 done, 22 downloads
2026-03-30 18:08:44,490 [INFO] Worker 5: FID 163 (18/64)
2026-03-30 18:08:47,080 [INFO] Worker 0: FID 105 done, 39 downloads
2026-03-30 18:08:47,080 [INFO] Worker 0: FID 234 (16/65)
2026-03-30 18:08:48,302 [INFO] Worker 1: FID 292 done, 12 downloads
2026-03-30 18:08:48,303 [INFO] Worker 1: FID 293 (18/65)
2026-03-30 18:08:53,442 [INFO] Worker 3: FID 237 done, 60 downloads
2026-03-30 18:08:53,442 [INFO] Worker 3: FID 111 (17/65)
2026-03-30 18:08:55,617 [INFO] Worker 2: FID 109 done, 26 downloads
2026-03-30 18:08:55,618 [INFO] Worker 2: FID 162 (18/65)
2026-03-30 18:08:59,322 [INFO] Worker 4: FID 104 done, 44 downloads
2026-03-30 18:08:59,323 [INFO] Worker 4: FID 164 (19/65)
2026-03-30 18:09:06,034 [INFO] Worker 5: FID 163 done, 22 downloads
2026-03-30 18:09:06,034 [INFO] Worker 5: FID 165 (19/64)
2026-03-30 18:09:16,432 [INFO] Worker 5: FID 165 done, 11 downloads
2026-03-30 18:09:16,432 [INFO] Worker 5: FID 113 (20/64)
2026-03-30 18:09:16,762 [INFO] Worker 3: FID 111 done, 24 downloads
2026-03-30 18:09:16,763 [INFO] Worker 3: FID 161 (18/65)
2026-03-30 18:09:17,011 [INFO] Worker 0: FID 234 done, 30 downloads
2026-03-30 18:09:17,012 [INFO] Worker 0: FID 175 (17/65)
2026-03-30 18:09:23,884 [INFO] Worker 4: FID 164 done, 24 downloads
2026-03-30 18:09:23,885 [INFO] Worker 4: FID 296 (20/65)
2026-03-30 18:09:28,827 [INFO] Worker 3: FID 161 done, 13 downloads
2026-03-30 18:09:28,827 [INFO] Worker 3: FID 286 (19/65)
2026-03-30 18:09:35,963 [INFO] Worker 2: FID 162 done, 45 downloads
2026-03-30 18:09:35,963 [INFO] Worker 2: FID 168 (19/65)
2026-03-30 18:09:39,732 [INFO] Worker 3: FID 286 done, 11 downloads
2026-03-30 18:09:39,733 [INFO] Worker 3: FID 303 (20/65)
2026-03-30 18:09:40,511 [INFO] Worker 4: FID 296 done, 17 downloads
2026-03-30 18:09:40,512 [INFO] Worker 4: FID 299 (21/65)
2026-03-30 18:09:47,871 [INFO] Worker 1: FID 293 done, 60 downloads
2026-03-30 18:09:47,871 [INFO] Worker 1: FID 167 (19/65)
2026-03-30 18:09:57,294 [INFO] Worker 0: FID 175 done, 42 downloads
2026-03-30 18:09:57,294 [INFO] Worker 0: FID 291 (18/65)
2026-03-30 18:10:05,649 [INFO] Worker 3: FID 303 done, 26 downloads
2026-03-30 18:10:05,649 [INFO] Worker 3: FID 298 (21/65)
2026-03-30 18:10:08,140 [INFO] Worker 0: FID 291 done, 11 downloads
2026-03-30 18:10:08,141 [INFO] Worker 0: FID 166 (19/65)
2026-03-30 18:10:14,019 [INFO] Worker 4: FID 299 done, 34 downloads
2026-03-30 18:10:14,019 [INFO] Worker 4: FID 178 (22/65)
2026-03-30 18:10:17,866 [INFO] Worker 5: FID 113 done, 64 downloads
2026-03-30 18:10:17,866 [INFO] Worker 5: FID 241 (21/64)
2026-03-30 18:10:22,452 [INFO] Worker 1: FID 167 done, 36 downloads
2026-03-30 18:10:22,453 [INFO] Worker 1: FID 119 (20/65)
2026-03-30 18:10:24,283 [INFO] Worker 2: FID 168 done, 48 downloads
2026-03-30 18:10:24,283 [INFO] Worker 2: FID 184 (20/65)
2026-03-30 18:10:39,985 [INFO] Worker 0: FID 166 done, 33 downloads
2026-03-30 18:10:39,985 [INFO] Worker 0: FID 288 (20/65)
2026-03-30 18:10:44,223 [INFO] Worker 2: FID 184 done, 20 downloads
2026-03-30 18:10:44,224 [INFO] Worker 2: FID 181 (21/65)
2026-03-30 18:10:53,450 [INFO] Worker 0: FID 288 done, 14 downloads
2026-03-30 18:10:53,450 [INFO] Worker 0: FID 238 (21/65)
2026-03-30 18:10:53,535 [INFO] Worker 5: FID 241 done, 36 downloads
2026-03-30 18:10:53,536 [INFO] Worker 5: FID 239 (22/64)
2026-03-30 18:11:07,515 [INFO] Worker 0: FID 238 done, 15 downloads
2026-03-30 18:11:07,515 [INFO] Worker 0: FID 297 (22/65)
2026-03-30 18:11:08,903 [INFO] Worker 3: FID 298 done, 64 downloads
2026-03-30 18:11:08,904 [INFO] Worker 3: FID 177 (22/65)
2026-03-30 18:11:13,039 [INFO] Worker 4: FID 178 done, 60 downloads
2026-03-30 18:11:13,039 [INFO] Worker 4: FID 183 (23/65)
2026-03-30 18:11:17,006 [INFO] Worker 2: FID 181 done, 34 downloads
2026-03-30 18:11:17,006 [INFO] Worker 2: FID 240 (22/65)
2026-03-30 18:11:22,457 [INFO] Worker 0: FID 297 done, 15 downloads
2026-03-30 18:11:22,457 [INFO] Worker 0: FID 114 (23/65)
2026-03-30 18:11:24,462 [INFO] Worker 5: FID 239 done, 32 downloads
2026-03-30 18:11:24,462 [INFO] Worker 5: FID 300 (23/64)
2026-03-30 18:11:33,740 [INFO] Worker 3: FID 177 done, 26 downloads
2026-03-30 18:11:33,740 [INFO] Worker 3: FID 182 (23/65)
2026-03-30 18:11:36,362 [INFO] Worker 1: FID 119 done, 76 downloads
2026-03-30 18:11:36,362 [INFO] Worker 1: FID 180 (21/65)
2026-03-30 18:11:45,923 [INFO] Worker 2: FID 240 done, 30 downloads
2026-03-30 18:11:45,923 [INFO] Worker 2: FID 115 (23/65)
2026-03-30 18:11:53,314 [INFO] Worker 1: FID 180 done, 17 downloads
2026-03-30 18:11:53,314 [INFO] Worker 1: FID 179 (22/65)
2026-03-30 18:12:00,790 [INFO] Worker 4: FID 183 done, 60 downloads
2026-03-30 18:12:00,791 [INFO] Worker 4: FID 246 (24/65)
2026-03-30 18:12:07,698 [INFO] Worker 3: FID 182 done, 34 downloads
2026-03-30 18:12:07,699 [INFO] Worker 3: FID 245 (24/65)
2026-03-30 18:12:08,277 [INFO] Worker 0: FID 114 done, 48 downloads
2026-03-30 18:12:08,277 [INFO] Worker 0: FID 185 (24/65)
2026-03-30 18:12:27,914 [INFO] Worker 3: FID 245 done, 20 downloads
2026-03-30 18:12:27,914 [INFO] Worker 3: FID 247 (25/65)
2026-03-30 18:12:33,429 [INFO] Worker 2: FID 115 done, 48 downloads
2026-03-30 18:12:33,429 [INFO] Worker 2: FID 116 (24/65)
2026-03-30 18:12:38,184 [INFO] Worker 4: FID 246 done, 38 downloads
2026-03-30 18:12:38,185 [INFO] Worker 4: FID 249 (25/65)
2026-03-30 18:12:39,180 [INFO] Worker 5: FID 300 done, 72 downloads
2026-03-30 18:12:39,181 [INFO] Worker 5: FID 301 (24/64)
2026-03-30 18:12:45,105 [INFO] Worker 1: FID 179 done, 51 downloads
2026-03-30 18:12:45,105 [INFO] Worker 1: FID 244 (23/65)
2026-03-30 18:12:53,407 [INFO] Worker 2: FID 116 done, 20 downloads
2026-03-30 18:12:53,407 [INFO] Worker 2: FID 186 (25/65)
2026-03-30 18:13:08,962 [INFO] Worker 5: FID 301 done, 21 downloads
2026-03-30 18:13:08,962 [INFO] Worker 5: FID 305 (25/64)
2026-03-30 18:13:22,651 [INFO] Worker 0: FID 185 done, 69 downloads
2026-03-30 18:13:22,651 [INFO] Worker 0: FID 117 (25/65)
2026-03-30 18:13:35,119 [INFO] Worker 1: FID 244 done, 46 downloads
2026-03-30 18:13:35,119 [INFO] Worker 1: FID 302 (24/65)
2026-03-30 18:13:41,284 [INFO] Worker 4: FID 249 done, 60 downloads
2026-03-30 18:13:41,285 [INFO] Worker 4: FID 248 (26/65)
2026-03-30 18:13:42,593 [INFO] Worker 0: FID 117 done, 20 downloads
2026-03-30 18:13:42,594 [INFO] Worker 0: FID 306 (26/65)
2026-03-30 18:13:52,040 [INFO] Worker 3: FID 247 done, 80 downloads
2026-03-30 18:13:52,041 [INFO] Worker 3: FID 187 (26/65)
2026-03-30 18:14:01,557 [INFO] Worker 0: FID 306 done, 20 downloads
2026-03-30 18:14:01,557 [INFO] Worker 0: FID 251 (27/65)
2026-03-30 18:14:17,753 [INFO] Worker 4: FID 248 done, 38 downloads
2026-03-30 18:14:17,754 [INFO] Worker 4: FID 189 (27/65)
2026-03-30 18:14:23,924 [INFO] Worker 2: FID 186 done, 88 downloads
2026-03-30 18:14:23,925 [INFO] Worker 2: FID 121 (26/65)
2026-03-30 18:14:33,999 [INFO] Worker 1: FID 302 done, 60 downloads
2026-03-30 18:14:33,999 [INFO] Worker 1: FID 118 (25/65)
2026-03-30 18:14:37,633 [INFO] Worker 0: FID 251 done, 36 downloads
2026-03-30 18:14:37,634 [INFO] Worker 0: FID 188 (28/65)
2026-03-30 18:14:44,605 [INFO] Worker 5: FID 305 done, 95 downloads
2026-03-30 18:14:44,606 [INFO] Worker 5: FID 250 (26/64)
2026-03-30 18:14:55,575 [INFO] Worker 0: FID 188 done, 19 downloads
2026-03-30 18:14:55,576 [INFO] Worker 0: FID 197 (29/65)
2026-03-30 18:14:57,848 [INFO] Worker 2: FID 121 done, 34 downloads
2026-03-30 18:14:57,849 [INFO] Worker 2: FID 307 (27/65)
2026-03-30 18:14:58,436 [INFO] Worker 1: FID 118 done, 23 downloads
2026-03-30 18:14:58,436 [INFO] Worker 1: FID 120 (26/65)
2026-03-30 18:15:01,275 [INFO] Worker 4: FID 189 done, 42 downloads
2026-03-30 18:15:01,276 [INFO] Worker 4: FID 261 (28/65)
2026-03-30 18:15:02,162 [INFO] Worker 3: FID 187 done, 68 downloads
2026-03-30 18:15:02,162 [INFO] Worker 3: FID 308 (27/65)
2026-03-30 18:15:20,901 [INFO] Worker 5: FID 250 done, 36 downloads
2026-03-30 18:15:20,901 [INFO] Worker 5: FID 309 (27/64)
2026-03-30 18:15:30,025 [INFO] Worker 4: FID 261 done, 28 downloads
2026-03-30 18:15:30,025 [INFO] Worker 4: FID 311 (29/65)
2026-03-30 18:15:35,566 [INFO] Worker 1: FID 120 done, 38 downloads
2026-03-30 18:15:35,566 [INFO] Worker 1: FID 304 (27/65)
2026-03-30 18:15:43,561 [INFO] Worker 0: FID 197 done, 48 downloads
2026-03-30 18:15:43,561 [INFO] Worker 0: FID 253 (30/65)
2026-03-30 18:15:48,135 [INFO] Worker 2: FID 307 done, 51 downloads
2026-03-30 18:15:48,135 [INFO] Worker 2: FID 191 (28/65)
2026-03-30 18:15:51,369 [INFO] Worker 3: FID 308 done, 51 downloads
2026-03-30 18:15:51,369 [INFO] Worker 3: FID 192 (28/65)
2026-03-30 18:15:52,875 [INFO] Worker 1: FID 304 done, 18 downloads
2026-03-30 18:15:52,875 [INFO] Worker 1: FID 190 (28/65)
2026-03-30 18:16:08,847 [INFO] Worker 3: FID 192 done, 17 downloads
2026-03-30 18:16:08,847 [INFO] Worker 3: FID 258 (29/65)
2026-03-30 18:16:16,597 [INFO] Worker 4: FID 311 done, 46 downloads
2026-03-30 18:16:16,597 [INFO] Worker 4: FID 198 (30/65)
2026-03-30 18:16:30,122 [INFO] Worker 1: FID 190 done, 38 downloads
2026-03-30 18:16:30,123 [INFO] Worker 1: FID 256 (29/65)
2026-03-30 18:16:40,985 [INFO] Worker 2: FID 191 done, 54 downloads
2026-03-30 18:16:40,985 [INFO] Worker 2: FID 122 (29/65)
2026-03-30 18:16:41,841 [INFO] Worker 4: FID 198 done, 26 downloads
2026-03-30 18:16:41,841 [INFO] Worker 4: FID 205 (31/65)
2026-03-30 18:16:59,085 [INFO] Worker 2: FID 122 done, 18 downloads
2026-03-30 18:16:59,085 [INFO] Worker 2: FID 254 (30/65)
2026-03-30 18:17:07,938 [INFO] Worker 5: FID 309 done, 108 downloads
2026-03-30 18:17:07,938 [INFO] Worker 5: FID 132 (28/64)
2026-03-30 18:17:10,154 [INFO] Worker 4: FID 205 done, 27 downloads
2026-03-30 18:17:10,154 [INFO] Worker 4: FID 208 (32/65)
2026-03-30 18:17:10,660 [INFO] Worker 0: FID 253 done, 88 downloads
2026-03-30 18:17:10,660 [INFO] Worker 0: FID 255 (31/65)
2026-03-30 18:17:15,723 [INFO] Worker 3: FID 258 done, 69 downloads
2026-03-30 18:17:15,723 [INFO] Worker 3: FID 126 (30/65)
2026-03-30 18:17:16,783 [INFO] Worker 1: FID 256 done, 48 downloads
2026-03-30 18:17:16,783 [INFO] Worker 1: FID 124 (30/65)
2026-03-30 18:17:21,808 [INFO] Worker 2: FID 254 done, 23 downloads
2026-03-30 18:17:21,808 [INFO] Worker 2: FID 312 (31/65)
2026-03-30 18:17:36,583 [INFO] Worker 5: FID 132 done, 28 downloads
2026-03-30 18:17:36,583 [INFO] Worker 5: FID 196 (29/64)
2026-03-30 18:18:03,256 [INFO] Worker 0: FID 255 done, 54 downloads
2026-03-30 18:18:03,256 [INFO] Worker 0: FID 320 (32/65)
2026-03-30 18:18:08,171 [INFO] Worker 3: FID 126 done, 52 downloads
2026-03-30 18:18:08,171 [INFO] Worker 3: FID 206 (31/65)
2026-03-30 18:18:08,534 [INFO] Worker 4: FID 208 done, 60 downloads
2026-03-30 18:18:08,534 [INFO] Worker 4: FID 194 (33/65)
2026-03-30 18:18:12,398 [INFO] Worker 1: FID 124 done, 56 downloads
2026-03-30 18:18:12,398 [INFO] Worker 1: FID 313 (31/65)
2026-03-30 18:18:14,569 [INFO] Worker 2: FID 312 done, 52 downloads
2026-03-30 18:18:14,569 [INFO] Worker 2: FID 322 (32/65)
2026-03-30 18:18:52,624 [INFO] Worker 2: FID 322 done, 37 downloads
2026-03-30 18:18:52,624 [INFO] Worker 2: FID 209 (33/65)
2026-03-30 18:18:56,914 [INFO] Worker 0: FID 320 done, 52 downloads
2026-03-30 18:18:56,914 [INFO] Worker 0: FID 323 (33/65)
2026-03-30 18:19:03,194 [INFO] Worker 3: FID 206 done, 56 downloads
2026-03-30 18:19:03,194 [INFO] Worker 3: FID 207 (32/65)
2026-03-30 18:19:05,851 [INFO] Worker 5: FID 196 done, 108 downloads
2026-03-30 18:19:05,851 [INFO] Worker 5: FID 199 (30/64)
2026-03-30 18:19:49,237 [INFO] Worker 2: FID 209 done, 56 downloads
2026-03-30 18:19:49,237 [INFO] Worker 2: FID 310 (34/65)
2026-03-30 18:20:05,500 [INFO] Worker 4: FID 194 done, 116 downloads
2026-03-30 18:20:05,500 [INFO] Worker 4: FID 204 (34/65)
2026-03-30 18:20:13,845 [INFO] Worker 1: FID 313 done, 120 downloads
2026-03-30 18:20:13,845 [INFO] Worker 1: FID 130 (32/65)
2026-03-30 18:20:20,648 [INFO] Worker 0: FID 323 done, 84 downloads
2026-03-30 18:20:20,648 [INFO] Worker 0: FID 123 (34/65)
2026-03-30 18:20:25,900 [INFO] Worker 2: FID 310 done, 36 downloads
2026-03-30 18:20:25,900 [INFO] Worker 2: FID 200 (35/65)
2026-03-30 18:20:44,824 [INFO] Worker 4: FID 204 done, 40 downloads
2026-03-30 18:20:44,824 [INFO] Worker 4: FID 203 (35/65)
2026-03-30 18:20:46,913 [INFO] Worker 5: FID 199 done, 104 downloads
2026-03-30 18:20:46,913 [INFO] Worker 5: FID 321 (31/64)
2026-03-30 18:20:50,617 [INFO] Worker 2: FID 200 done, 24 downloads
2026-03-30 18:20:50,617 [INFO] Worker 2: FID 129 (36/65)
2026-03-30 18:21:01,334 [INFO] Worker 3: FID 207 done, 120 downloads
2026-03-30 18:21:01,334 [INFO] Worker 3: FID 193 (33/65)
2026-03-30 18:21:03,985 [INFO] Worker 0: FID 123 done, 40 downloads
2026-03-30 18:21:03,986 [INFO] Worker 0: FID 314 (35/65)
2026-03-30 18:21:34,429 [INFO] Worker 1: FID 130 done, 82 downloads
2026-03-30 18:21:34,429 [INFO] Worker 1: FID 324 (33/65)
2026-03-30 18:21:40,642 [INFO] Worker 4: FID 203 done, 58 downloads
2026-03-30 18:21:40,643 [INFO] Worker 4: FID 318 (36/65)
2026-03-30 18:21:48,249 [INFO] Worker 2: FID 129 done, 58 downloads
2026-03-30 18:21:48,249 [INFO] Worker 2: FID 340 (37/65)
2026-03-30 18:22:08,877 [INFO] Worker 3: FID 193 done, 68 downloads
2026-03-30 18:22:08,878 [INFO] Worker 3: FID 202 (34/65)
2026-03-30 18:22:28,317 [INFO] Worker 1: FID 324 done, 54 downloads
2026-03-30 18:22:28,317 [INFO] Worker 1: FID 252 (34/65)
2026-03-30 18:22:33,168 [INFO] Worker 0: FID 314 done, 86 downloads
2026-03-30 18:22:33,168 [INFO] Worker 0: FID 315 (36/65)
2026-03-30 18:22:38,042 [INFO] Worker 4: FID 318 done, 58 downloads
2026-03-30 18:22:38,042 [INFO] Worker 4: FID 210 (37/65)
2026-03-30 18:22:48,200 [INFO] Worker 3: FID 202 done, 40 downloads
2026-03-30 18:22:48,200 [INFO] Worker 3: FID 201 (35/65)
2026-03-30 18:23:07,758 [INFO] Worker 1: FID 252 done, 40 downloads
2026-03-30 18:23:07,758 [INFO] Worker 1: FID 127 (35/65)
2026-03-30 18:23:16,727 [INFO] Worker 3: FID 201 done, 29 downloads
2026-03-30 18:23:16,728 [INFO] Worker 3: FID 317 (36/65)
2026-03-30 18:23:28,998 [INFO] Worker 0: FID 315 done, 56 downloads
2026-03-30 18:23:28,998 [INFO] Worker 0: FID 128 (37/65)
2026-03-30 18:23:29,186 [INFO] Worker 2: FID 340 done, 102 downloads
2026-03-30 18:23:29,187 [INFO] Worker 2: FID 134 (38/65)
2026-03-30 18:23:31,466 [INFO] Worker 1: FID 127 done, 24 downloads
2026-03-30 18:23:31,467 [INFO] Worker 1: FID 316 (36/65)
2026-03-30 18:23:33,179 [INFO] Worker 4: FID 210 done, 54 downloads
2026-03-30 18:23:33,179 [INFO] Worker 4: FID 327 (38/65)
2026-03-30 18:24:06,632 [INFO] Worker 3: FID 317 done, 52 downloads
2026-03-30 18:24:06,632 [INFO] Worker 3: FID 356 (37/65)
2026-03-30 18:24:26,438 [INFO] Worker 1: FID 316 done, 54 downloads
2026-03-30 18:24:26,438 [INFO] Worker 1: FID 319 (37/65)
2026-03-30 18:24:26,490 [INFO] Worker 5: FID 321 done, 225 downloads
2026-03-30 18:24:26,490 [INFO] Worker 5: FID 131 (32/64)
2026-03-30 18:24:35,838 [INFO] Worker 3: FID 356 done, 27 downloads
2026-03-30 18:24:35,838 [INFO] Worker 3: FID 211 (38/65)
2026-03-30 18:25:22,888 [INFO] Worker 0: FID 128 done, 104 downloads
2026-03-30 18:25:22,888 [INFO] Worker 0: FID 386 (38/65)
2026-03-30 18:25:25,988 [INFO] Worker 2: FID 134 done, 116 downloads
2026-03-30 18:25:25,989 [INFO] Worker 2: FID 335 (39/65)
2026-03-30 18:25:34,294 [INFO] Worker 4: FID 327 done, 124 downloads
2026-03-30 18:25:34,295 [INFO] Worker 4: FID 378 (39/65)
2026-03-30 18:26:09,688 [INFO] Worker 1: FID 319 done, 100 downloads
2026-03-30 18:26:09,688 [INFO] Worker 1: FID 262 (38/65)
2026-03-30 18:26:14,154 [INFO] Worker 5: FID 131 done, 104 downloads
2026-03-30 18:26:14,154 [INFO] Worker 5: FID 195 (33/64)
2026-03-30 18:26:20,831 [INFO] Worker 2: FID 335 done, 56 downloads
2026-03-30 18:26:20,832 [INFO] Worker 2: FID 326 (40/65)
2026-03-30 18:26:27,865 [INFO] Worker 0: FID 386 done, 64 downloads
2026-03-30 18:26:27,865 [INFO] Worker 0: FID 387 (39/65)
2026-03-30 18:26:52,540 [INFO] Worker 2: FID 326 done, 33 downloads
2026-03-30 18:26:52,540 [INFO] Worker 2: FID 50 (41/65)
2026-03-30 18:26:56,116 [INFO] Worker 3: FID 211 done, 145 downloads
2026-03-30 18:26:56,116 [INFO] Worker 3: FID 377 (39/65)
2026-03-30 18:26:57,053 [INFO] Worker 5: FID 195 done, 44 downloads
2026-03-30 18:26:57,054 [INFO] Worker 5: FID 257 (34/64)
2026-03-30 18:27:07,385 [INFO] Worker 4: FID 378 done, 94 downloads
2026-03-30 18:27:07,385 [INFO] Worker 4: FID 57 (40/65)
2026-03-30 18:27:27,231 [INFO] Worker 0: FID 387 done, 62 downloads
2026-03-30 18:27:27,231 [INFO] Worker 0: FID 382 (40/65)
2026-03-30 18:27:39,978 [INFO] Worker 3: FID 377 done, 46 downloads
2026-03-30 18:27:39,978 [INFO] Worker 3: FID 135 (40/65)
2026-03-30 18:27:56,988 [INFO] Worker 2: FID 50 done, 64 downloads
2026-03-30 18:27:56,989 [INFO] Worker 2: FID 263 (42/65)
2026-03-30 18:28:13,168 [INFO] Worker 5: FID 257 done, 78 downloads
2026-03-30 18:28:13,169 [INFO] Worker 5: FID 259 (35/64)
2026-03-30 18:28:14,281 [INFO] Worker 3: FID 135 done, 32 downloads
2026-03-30 18:28:14,282 [INFO] Worker 3: FID 51 (41/65)
2026-03-30 18:28:17,723 [INFO] Worker 4: FID 57 done, 70 downloads
2026-03-30 18:28:17,723 [INFO] Worker 4: FID 52 (41/65)
2026-03-30 18:28:24,433 [INFO] Worker 1: FID 262 done, 132 downloads
2026-03-30 18:28:24,433 [INFO] Worker 1: FID 38 (39/65)
2026-03-30 18:28:31,908 [INFO] Worker 2: FID 263 done, 35 downloads
2026-03-30 18:28:31,908 [INFO] Worker 2: FID 49 (43/65)
2026-03-30 18:28:55,227 [INFO] Worker 1: FID 38 done, 29 downloads
2026-03-30 18:28:55,228 [INFO] Worker 1: FID 133 (40/65)
2026-03-30 18:29:23,003 [INFO] Worker 1: FID 133 done, 28 downloads
2026-03-30 18:29:23,003 [INFO] Worker 1: FID 383 (41/65)
2026-03-30 18:29:24,795 [INFO] Worker 3: FID 51 done, 70 downloads
2026-03-30 18:29:24,795 [INFO] Worker 3: FID 328 (42/65)
2026-03-30 18:29:35,871 [INFO] Worker 5: FID 259 done, 81 downloads
2026-03-30 18:29:35,871 [INFO] Worker 5: FID 260 (36/64)
2026-03-30 18:29:41,802 [INFO] Worker 2: FID 49 done, 70 downloads
2026-03-30 18:29:41,802 [INFO] Worker 2: FID 338 (44/65)
2026-03-30 18:29:52,137 [INFO] Worker 4: FID 52 done, 96 downloads
2026-03-30 18:29:52,137 [INFO] Worker 4: FID 341 (42/65)
2026-03-30 18:30:33,432 [INFO] Worker 3: FID 328 done, 70 downloads
2026-03-30 18:30:33,433 [INFO] Worker 3: FID 339 (43/65)
2026-03-30 18:31:00,018 [INFO] Worker 4: FID 341 done, 70 downloads
2026-03-30 18:31:00,018 [INFO] Worker 4: FID 45 (43/65)
2026-03-30 18:31:08,260 [INFO] Worker 1: FID 383 done, 105 downloads
2026-03-30 18:31:08,260 [INFO] Worker 1: FID 56 (42/65)
2026-03-30 18:31:14,629 [INFO] Worker 2: FID 338 done, 93 downloads
2026-03-30 18:31:14,629 [INFO] Worker 2: FID 139 (45/65)
2026-03-30 18:31:42,378 [INFO] Worker 1: FID 56 done, 34 downloads
2026-03-30 18:31:42,378 [INFO] Worker 1: FID 34 (43/65)
2026-03-30 18:32:01,490 [INFO] Worker 3: FID 339 done, 90 downloads
2026-03-30 18:32:01,490 [INFO] Worker 3: FID 374 (44/65)
2026-03-30 18:32:07,564 [INFO] Worker 4: FID 45 done, 68 downloads
2026-03-30 18:32:07,564 [INFO] Worker 4: FID 66 (44/65)
2026-03-30 18:32:23,837 [INFO] Worker 2: FID 139 done, 70 downloads
2026-03-30 18:32:23,838 [INFO] Worker 2: FID 370 (46/65)
2026-03-30 18:32:36,684 [INFO] Worker 3: FID 374 done, 36 downloads
2026-03-30 18:32:36,685 [INFO] Worker 3: FID 264 (45/65)
2026-03-30 18:32:50,502 [INFO] Worker 1: FID 34 done, 68 downloads
2026-03-30 18:32:50,503 [INFO] Worker 1: FID 48 (44/65)
2026-03-30 18:33:19,985 [INFO] Worker 4: FID 66 done, 72 downloads
2026-03-30 18:33:19,985 [INFO] Worker 4: FID 350 (45/65)
2026-03-30 18:33:50,444 [INFO] Worker 1: FID 48 done, 62 downloads
2026-03-30 18:33:50,445 [INFO] Worker 1: FID 138 (45/65)
2026-03-30 18:34:19,674 [INFO] Worker 3: FID 264 done, 105 downloads
2026-03-30 18:34:19,675 [INFO] Worker 3: FID 372 (46/65)
2026-03-30 18:34:29,777 [INFO] Worker 5: FID 260 done, 300 downloads
2026-03-30 18:34:29,778 [INFO] Worker 5: FID 336 (37/64)
2026-03-30 18:35:01,742 [INFO] Worker 2: FID 370 done, 160 downloads
2026-03-30 18:35:01,743 [INFO] Worker 2: FID 72 (47/65)
2026-03-30 18:35:02,730 [INFO] Worker 4: FID 350 done, 105 downloads
2026-03-30 18:35:02,730 [INFO] Worker 4: FID 65 (46/65)
2026-03-30 18:35:24,944 [INFO] Worker 5: FID 336 done, 56 downloads
2026-03-30 18:35:24,944 [INFO] Worker 5: FID 337 (38/64)
2026-03-31 08:29:43,644 [INFO] Parsing CSV: /share/home/e2406749/tropical_forest_disturbance/data_csv/s1_s2_images_thesis_v3_cloud_filter.csv
2026-03-31 08:29:43,669 [INFO] Found 389 FIDs with images
2026-03-31 08:29:43,669 [INFO] CROMA-only mode: skipping native resolution downloads
2026-03-31 08:29:43,670 [INFO] Launching 6 parallel workers for 389 FIDs
2026-03-31 08:29:43,670 [INFO]   Worker 0: 65 FIDs
2026-03-31 08:29:43,670 [INFO]   Worker 1: 65 FIDs
2026-03-31 08:29:43,670 [INFO]   Worker 2: 65 FIDs
2026-03-31 08:29:43,670 [INFO]   Worker 3: 65 FIDs
2026-03-31 08:29:43,670 [INFO]   Worker 4: 65 FIDs
2026-03-31 08:29:43,670 [INFO]   Worker 5: 64 FIDs
2026-03-31 08:29:43,694 [INFO] Worker 0: starting with 65 FIDs
2026-03-31 08:29:43,695 [INFO] Worker 1: starting with 65 FIDs
2026-03-31 08:29:43,696 [INFO] Worker 2: starting with 65 FIDs
2026-03-31 08:29:43,697 [INFO] Worker 3: starting with 65 FIDs
2026-03-31 08:29:43,698 [INFO] Worker 4: starting with 65 FIDs
2026-03-31 08:29:43,698 [INFO] Worker 5: starting with 64 FIDs
2026-03-31 08:29:45,117 [INFO] Worker 0: resumed with 1985 completed
2026-03-31 08:29:45,118 [INFO] Worker 0: FID 90 (1/65)
2026-03-31 08:29:45,134 [INFO] Worker 0: FID 90 done, 0 downloads
2026-03-31 08:29:45,134 [INFO] Worker 0: FID 270 (2/65)
2026-03-31 08:29:45,146 [INFO] Worker 0: FID 270 done, 0 downloads
2026-03-31 08:29:45,146 [INFO] Worker 0: FID 92 (3/65)
2026-03-31 08:29:45,165 [INFO] Worker 0: FID 92 done, 0 downloads
2026-03-31 08:29:45,165 [INFO] Worker 0: FID 216 (4/65)
2026-03-31 08:29:45,184 [INFO] Worker 0: FID 216 done, 0 downloads
2026-03-31 08:29:45,184 [INFO] Worker 0: FID 146 (5/65)
2026-03-31 08:29:45,185 [INFO] Worker 1: resumed with 1990 completed
2026-03-31 08:29:45,186 [INFO] Worker 1: FID 267 (1/65)
2026-03-31 08:29:45,204 [INFO] Worker 1: FID 267 done, 0 downloads
2026-03-31 08:29:45,205 [INFO] Worker 1: FID 140 (2/65)
2026-03-31 08:29:45,221 [INFO] Worker 0: FID 146 done, 0 downloads
2026-03-31 08:29:45,221 [INFO] Worker 0: FID 148 (6/65)
2026-03-31 08:29:45,222 [INFO] Worker 1: FID 140 done, 0 downloads
2026-03-31 08:29:45,222 [INFO] Worker 1: FID 217 (3/65)
2026-03-31 08:29:45,267 [INFO] Worker 1: FID 217 done, 0 downloads
2026-03-31 08:29:45,267 [INFO] Worker 1: FID 93 (4/65)
2026-03-31 08:29:45,268 [INFO] Worker 0: FID 148 done, 0 downloads
2026-03-31 08:29:45,268 [INFO] Worker 0: FID 276 (7/65)
2026-03-31 08:29:45,302 [INFO] Worker 1: FID 93 done, 0 downloads
2026-03-31 08:29:45,302 [INFO] Worker 1: FID 218 (5/65)
2026-03-31 08:29:45,310 [INFO] Worker 0: FID 276 done, 0 downloads
2026-03-31 08:29:45,310 [INFO] Worker 0: FID 224 (8/65)
2026-03-31 08:29:45,325 [INFO] Worker 1: FID 218 done, 0 downloads
2026-03-31 08:29:45,325 [INFO] Worker 1: FID 149 (6/65)
2026-03-31 08:29:45,369 [INFO] Worker 1: FID 149 done, 0 downloads
2026-03-31 08:29:45,370 [INFO] Worker 1: FID 97 (7/65)
2026-03-31 08:29:45,389 [INFO] Worker 0: FID 224 done, 0 downloads
2026-03-31 08:29:45,389 [INFO] Worker 0: FID 222 (9/65)
2026-03-31 08:29:45,398 [INFO] Worker 1: FID 97 done, 0 downloads
2026-03-31 08:29:45,398 [INFO] Worker 1: FID 225 (8/65)
2026-03-31 08:29:45,427 [INFO] Worker 0: FID 222 done, 0 downloads
2026-03-31 08:29:45,427 [INFO] Worker 0: FID 289 (10/65)
2026-03-31 08:29:45,437 [INFO] Worker 1: FID 225 done, 0 downloads
2026-03-31 08:29:45,437 [INFO] Worker 1: FID 150 (9/65)
2026-03-31 08:29:45,472 [INFO] Worker 1: FID 150 done, 0 downloads
2026-03-31 08:29:45,472 [INFO] Worker 1: FID 112 (10/65)
2026-03-31 08:29:45,476 [INFO] Worker 0: FID 289 done, 0 downloads
2026-03-31 08:29:45,476 [INFO] Worker 0: FID 156 (11/65)
2026-03-31 08:29:45,515 [INFO] Worker 0: FID 156 done, 0 downloads
2026-03-31 08:29:45,515 [INFO] Worker 0: FID 176 (12/65)
2026-03-31 08:29:45,547 [INFO] Worker 1: FID 112 done, 0 downloads
2026-03-31 08:29:45,547 [INFO] Worker 1: FID 280 (11/65)
2026-03-31 08:29:45,570 [INFO] Worker 0: FID 176 done, 0 downloads
2026-03-31 08:29:45,571 [INFO] Worker 0: FID 283 (13/65)
2026-03-31 08:29:45,590 [INFO] Worker 1: FID 280 done, 0 downloads
2026-03-31 08:29:45,590 [INFO] Worker 1: FID 100 (12/65)
2026-03-31 08:29:45,634 [INFO] Worker 0: FID 283 done, 0 downloads
2026-03-31 08:29:45,634 [INFO] Worker 0: FID 229 (14/65)
2026-03-31 08:29:45,654 [INFO] Worker 1: FID 100 done, 0 downloads
2026-03-31 08:29:45,654 [INFO] Worker 1: FID 103 (13/65)
2026-03-31 08:29:45,688 [INFO] Worker 0: FID 229 done, 0 downloads
2026-03-31 08:29:45,688 [INFO] Worker 0: FID 105 (15/65)
2026-03-31 08:29:45,713 [INFO] Worker 1: FID 103 done, 0 downloads
2026-03-31 08:29:45,713 [INFO] Worker 1: FID 282 (14/65)
2026-03-31 08:29:45,724 [INFO] Worker 3: resumed with 2016 completed
2026-03-31 08:29:45,724 [INFO] Worker 3: FID 91 (1/65)
2026-03-31 08:29:45,756 [INFO] Worker 0: FID 105 done, 0 downloads
2026-03-31 08:29:45,756 [INFO] Worker 0: FID 234 (16/65)
2026-03-31 08:29:45,756 [INFO] Worker 3: FID 91 done, 0 downloads
2026-03-31 08:29:45,756 [INFO] Worker 3: FID 266 (2/65)
2026-03-31 08:29:45,772 [INFO] Worker 1: FID 282 done, 0 downloads
2026-03-31 08:29:45,773 [INFO] Worker 1: FID 108 (15/65)
2026-03-31 08:29:45,791 [INFO] Worker 3: FID 266 done, 0 downloads
2026-03-31 08:29:45,791 [INFO] Worker 3: FID 274 (3/65)
2026-03-31 08:29:45,834 [INFO] Worker 3: FID 274 done, 0 downloads
2026-03-31 08:29:45,834 [INFO] Worker 3: FID 143 (4/65)
2026-03-31 08:29:45,838 [INFO] Worker 1: FID 108 done, 0 downloads
2026-03-31 08:29:45,839 [INFO] Worker 1: FID 235 (16/65)
2026-03-31 08:29:45,846 [INFO] Worker 0: FID 234 done, 0 downloads
2026-03-31 08:29:45,846 [INFO] Worker 0: FID 175 (17/65)
2026-03-31 08:29:45,870 [INFO] Worker 3: FID 143 done, 0 downloads
2026-03-31 08:29:45,870 [INFO] Worker 3: FID 219 (5/65)
2026-03-31 08:29:45,914 [INFO] Worker 3: FID 219 done, 0 downloads
2026-03-31 08:29:45,914 [INFO] Worker 3: FID 277 (6/65)
2026-03-31 08:29:45,926 [INFO] Worker 1: FID 235 done, 0 downloads
2026-03-31 08:29:45,926 [INFO] Worker 1: FID 292 (17/65)
2026-03-31 08:29:45,932 [INFO] Worker 0: FID 175 done, 0 downloads
2026-03-31 08:29:45,932 [INFO] Worker 0: FID 291 (18/65)
2026-03-31 08:29:45,950 [INFO] Worker 4: resumed with 2024 completed
2026-03-31 08:29:45,950 [INFO] Worker 4: FID 268 (1/65)
2026-03-31 08:29:45,953 [INFO] Worker 5: resumed with 2021 completed
2026-03-31 08:29:45,954 [INFO] Worker 5: FID 269 (1/64)
2026-03-31 08:29:45,956 [INFO] Worker 3: FID 277 done, 0 downloads
2026-03-31 08:29:45,957 [INFO] Worker 3: FID 154 (7/65)
2026-03-31 08:29:45,980 [INFO] Worker 4: FID 268 done, 0 downloads
2026-03-31 08:29:45,980 [INFO] Worker 4: FID 272 (2/65)
2026-03-31 08:29:45,989 [INFO] Worker 5: FID 269 done, 0 downloads
2026-03-31 08:29:45,989 [INFO] Worker 5: FID 142 (2/64)
2026-03-31 08:29:46,020 [INFO] Worker 4: FID 272 done, 0 downloads
2026-03-31 08:29:46,020 [INFO] Worker 4: FID 94 (3/65)
2026-03-31 08:29:46,029 [INFO] Worker 5: FID 142 done, 0 downloads
2026-03-31 08:29:46,029 [INFO] Worker 3: FID 154 done, 0 downloads
2026-03-31 08:29:46,029 [INFO] Worker 5: FID 215 (3/64)
2026-03-31 08:29:46,029 [INFO] Worker 3: FID 278 (8/65)
2026-03-31 08:29:46,038 [INFO] Worker 0: FID 291 done, 0 downloads
2026-03-31 08:29:46,038 [INFO] Worker 0: FID 166 (19/65)
2026-03-31 08:29:46,052 [INFO] Worker 1: FID 292 done, 0 downloads
2026-03-31 08:29:46,052 [INFO] Worker 1: FID 293 (18/65)
2026-03-31 08:29:46,065 [INFO] Worker 4: FID 94 done, 0 downloads
2026-03-31 08:29:46,065 [INFO] Worker 4: FID 144 (4/65)
2026-03-31 08:29:46,074 [INFO] Worker 2: resumed with 2003 completed
2026-03-31 08:29:46,074 [INFO] Worker 2: FID 141 (1/65)
2026-03-31 08:29:46,082 [INFO] Worker 5: FID 215 done, 0 downloads
2026-03-31 08:29:46,083 [INFO] Worker 5: FID 145 (4/64)
2026-03-31 08:29:46,114 [INFO] Worker 4: FID 144 done, 0 downloads
2026-03-31 08:29:46,114 [INFO] Worker 4: FID 242 (5/65)
2026-03-31 08:29:46,114 [INFO] Worker 2: FID 141 done, 0 downloads
2026-03-31 08:29:46,114 [INFO] Worker 2: FID 271 (2/65)
2026-03-31 08:29:46,125 [INFO] Worker 3: FID 278 done, 0 downloads
2026-03-31 08:29:46,125 [INFO] Worker 3: FID 106 (9/65)
2026-03-31 08:29:46,135 [INFO] Worker 5: FID 145 done, 0 downloads
2026-03-31 08:29:46,135 [INFO] Worker 5: FID 275 (5/64)
2026-03-31 08:29:46,144 [INFO] Worker 2: FID 271 done, 0 downloads
2026-03-31 08:29:46,144 [INFO] Worker 2: FID 273 (3/65)
2026-03-31 08:29:46,145 [INFO] Worker 0: FID 166 done, 0 downloads
2026-03-31 08:29:46,145 [INFO] Worker 0: FID 288 (20/65)
2026-03-31 08:29:46,177 [INFO] Worker 4: FID 242 done, 0 downloads
2026-03-31 08:29:46,177 [INFO] Worker 1: FID 293 done, 0 downloads
2026-03-31 08:29:46,177 [INFO] Worker 4: FID 220 (6/65)
2026-03-31 08:29:46,177 [INFO] Worker 1: FID 167 (19/65)
2026-03-31 08:29:46,199 [INFO] Worker 2: FID 273 done, 0 downloads
2026-03-31 08:29:46,199 [INFO] Worker 2: FID 95 (4/65)
2026-03-31 08:29:46,209 [INFO] Worker 5: FID 275 done, 0 downloads
2026-03-31 08:29:46,210 [INFO] Worker 5: FID 96 (6/64)
2026-03-31 08:29:46,250 [INFO] Worker 4: FID 220 done, 0 downloads
2026-03-31 08:29:46,250 [INFO] Worker 3: FID 106 done, 0 downloads
2026-03-31 08:29:46,250 [INFO] Worker 4: FID 98 (7/65)
2026-03-31 08:29:46,250 [INFO] Worker 3: FID 295 (10/65)
2026-03-31 08:29:46,250 [INFO] Worker 2: FID 95 done, 0 downloads
2026-03-31 08:29:46,250 [INFO] Worker 2: FID 147 (5/65)
2026-03-31 08:29:46,282 [INFO] Worker 5: FID 96 done, 0 downloads
2026-03-31 08:29:46,282 [INFO] Worker 5: FID 153 (7/64)
2026-03-31 08:29:46,292 [INFO] Worker 0: FID 288 done, 0 downloads
2026-03-31 08:29:46,292 [INFO] Worker 0: FID 238 (21/65)
2026-03-31 08:29:46,303 [INFO] Worker 1: FID 167 done, 0 downloads
2026-03-31 08:29:46,303 [INFO] Worker 1: FID 119 (20/65)
2026-03-31 08:29:46,318 [INFO] Worker 2: FID 147 done, 0 downloads
2026-03-31 08:29:46,318 [INFO] Worker 2: FID 223 (6/65)
2026-03-31 08:29:46,344 [INFO] Worker 4: FID 98 done, 0 downloads
2026-03-31 08:29:46,344 [INFO] Worker 4: FID 279 (8/65)
2026-03-31 08:29:46,365 [INFO] Worker 5: FID 153 done, 0 downloads
2026-03-31 08:29:46,365 [INFO] Worker 5: FID 151 (8/64)
2026-03-31 08:29:46,439 [INFO] Worker 2: FID 223 done, 0 downloads
2026-03-31 08:29:46,439 [INFO] Worker 3: FID 295 done, 0 downloads
2026-03-31 08:29:46,439 [INFO] Worker 2: FID 152 (7/65)
2026-03-31 08:29:46,439 [INFO] Worker 3: FID 159 (11/65)
2026-03-31 08:29:46,439 [INFO] Worker 5: FID 151 done, 0 downloads
2026-03-31 08:29:46,439 [INFO] Worker 5: FID 232 (9/64)
2026-03-31 08:29:46,448 [INFO] Worker 0: FID 238 done, 0 downloads
2026-03-31 08:29:46,448 [INFO] Worker 0: FID 297 (22/65)
2026-03-31 08:29:46,449 [INFO] Worker 4: FID 279 done, 0 downloads
2026-03-31 08:29:46,449 [INFO] Worker 4: FID 231 (9/65)
2026-03-31 08:29:46,502 [INFO] Worker 2: FID 152 done, 0 downloads
2026-03-31 08:29:46,502 [INFO] Worker 1: FID 119 done, 0 downloads
2026-03-31 08:29:46,502 [INFO] Worker 2: FID 226 (8/65)
2026-03-31 08:29:46,502 [INFO] Worker 1: FID 180 (21/65)
2026-03-31 08:29:46,544 [INFO] Worker 5: FID 232 done, 0 downloads
2026-03-31 08:29:46,544 [INFO] Worker 5: FID 155 (10/64)
2026-03-31 08:29:46,544 [INFO] Worker 3: FID 159 done, 0 downloads
2026-03-31 08:29:46,544 [INFO] Worker 3: FID 160 (12/65)
2026-03-31 08:29:46,555 [INFO] Worker 4: FID 231 done, 0 downloads
2026-03-31 08:29:46,555 [INFO] Worker 4: FID 99 (10/65)
2026-03-31 08:29:46,607 [INFO] Worker 0: FID 297 done, 0 downloads
2026-03-31 08:29:46,607 [INFO] Worker 0: FID 114 (23/65)
2026-03-31 08:29:46,607 [INFO] Worker 2: FID 226 done, 0 downloads
2026-03-31 08:29:46,607 [INFO] Worker 2: FID 221 (9/65)
2026-03-31 08:29:46,628 [INFO] Worker 5: FID 155 done, 0 downloads
2026-03-31 08:29:46,629 [INFO] Worker 5: FID 287 (11/64)
2026-03-31 08:29:46,639 [INFO] Worker 4: FID 99 done, 0 downloads
2026-03-31 08:29:46,639 [INFO] Worker 4: FID 228 (11/65)
2026-03-31 08:29:46,680 [INFO] Worker 2: FID 221 done, 0 downloads
2026-03-31 08:29:46,680 [INFO] Worker 2: FID 294 (10/65)
2026-03-31 08:29:46,681 [INFO] Worker 3: FID 160 done, 0 downloads
2026-03-31 08:29:46,681 [INFO] Worker 1: FID 180 done, 0 downloads
2026-03-31 08:29:46,681 [INFO] Worker 3: FID 243 (13/65)
2026-03-31 08:29:46,681 [INFO] Worker 1: FID 179 (22/65)
2026-03-31 08:29:46,744 [INFO] Worker 5: FID 287 done, 0 downloads
2026-03-31 08:29:46,744 [INFO] Worker 5: FID 281 (12/64)
2026-03-31 08:29:46,755 [INFO] Worker 4: FID 228 done, 0 downloads
2026-03-31 08:29:46,755 [INFO] Worker 4: FID 230 (12/65)
2026-03-31 08:29:46,796 [INFO] Worker 3: FID 243 done, 0 downloads
2026-03-31 08:29:46,797 [INFO] Worker 3: FID 284 (14/65)
2026-03-31 08:29:46,807 [INFO] Worker 2: FID 294 done, 0 downloads
2026-03-31 08:29:46,807 [INFO] Worker 2: FID 158 (11/65)
2026-03-31 08:29:46,859 [INFO] Worker 0: FID 114 done, 0 downloads
2026-03-31 08:29:46,859 [INFO] Worker 0: FID 185 (24/65)
2026-03-31 08:29:46,859 [INFO] Worker 1: FID 179 done, 0 downloads
2026-03-31 08:29:46,859 [INFO] Worker 1: FID 244 (23/65)
2026-03-31 08:29:46,869 [INFO] Worker 4: FID 230 done, 0 downloads
2026-03-31 08:29:46,869 [INFO] Worker 4: FID 101 (13/65)
2026-03-31 08:29:46,880 [INFO] Worker 5: FID 281 done, 0 downloads
2026-03-31 08:29:46,880 [INFO] Worker 5: FID 102 (13/64)
2026-03-31 08:29:46,923 [INFO] Worker 2: FID 158 done, 0 downloads
2026-03-31 08:29:46,923 [INFO] Worker 3: FID 284 done, 0 downloads
2026-03-31 08:29:46,923 [INFO] Worker 2: FID 157 (12/65)
2026-03-31 08:29:46,923 [INFO] Worker 3: FID 170 (15/65)
2026-03-31 08:29:46,985 [INFO] Worker 4: FID 101 done, 0 downloads
2026-03-31 08:29:46,985 [INFO] Worker 4: FID 169 (14/65)
2026-03-31 08:29:46,995 [INFO] Worker 5: FID 102 done, 0 downloads
2026-03-31 08:29:46,996 [INFO] Worker 5: FID 107 (14/64)
2026-03-31 08:29:47,065 [INFO] Worker 2: FID 157 done, 0 downloads
2026-03-31 08:29:47,065 [INFO] Worker 2: FID 227 (13/65)
2026-03-31 08:29:47,097 [INFO] Worker 4: FID 169 done, 0 downloads
2026-03-31 08:29:47,097 [INFO] Worker 3: FID 170 done, 0 downloads
2026-03-31 08:29:47,097 [INFO] Worker 1: FID 244 done, 0 downloads
2026-03-31 08:29:47,097 [INFO] Worker 4: FID 172 (15/65)
2026-03-31 08:29:47,097 [INFO] Worker 3: FID 237 (16/65)
2026-03-31 08:29:47,097 [INFO] Worker 1: FID 302 (24/65)
2026-03-31 08:29:47,098 [INFO] Worker 0: FID 185 done, 0 downloads
2026-03-31 08:29:47,098 [INFO] Worker 0: FID 117 (25/65)
2026-03-31 08:29:47,150 [INFO] Worker 5: FID 107 done, 0 downloads
2026-03-31 08:29:47,150 [INFO] Worker 5: FID 233 (15/64)
2026-03-31 08:29:47,182 [INFO] Worker 2: FID 227 done, 0 downloads
2026-03-31 08:29:47,182 [INFO] Worker 2: FID 285 (14/65)
2026-03-31 08:29:47,257 [INFO] Worker 4: FID 172 done, 0 downloads
2026-03-31 08:29:47,257 [INFO] Worker 4: FID 173 (16/65)
2026-03-31 08:29:47,298 [INFO] Worker 2: FID 285 done, 0 downloads
2026-03-31 08:29:47,298 [INFO] Worker 2: FID 110 (15/65)
2026-03-31 08:29:47,308 [INFO] Worker 0: FID 117 done, 0 downloads
2026-03-31 08:29:47,308 [INFO] Worker 3: FID 237 done, 0 downloads
2026-03-31 08:29:47,308 [INFO] Worker 0: FID 306 (26/65)
2026-03-31 08:29:47,308 [INFO] Worker 3: FID 111 (17/65)
2026-03-31 08:29:47,340 [INFO] Worker 5: FID 233 done, 0 downloads
2026-03-31 08:29:47,340 [INFO] Worker 5: FID 174 (16/64)
2026-03-31 08:29:47,403 [INFO] Worker 4: FID 173 done, 0 downloads
2026-03-31 08:29:47,403 [INFO] Worker 4: FID 171 (17/65)
2026-03-31 08:29:47,412 [INFO] Worker 1: FID 302 done, 0 downloads
2026-03-31 08:29:47,413 [INFO] Worker 1: FID 118 (25/65)
2026-03-31 08:29:47,429 [INFO] Worker 3: FID 111 done, 0 downloads
2026-03-31 08:29:47,429 [INFO] Worker 3: FID 161 (18/65)
2026-03-31 08:29:47,439 [INFO] Worker 2: FID 110 done, 0 downloads
2026-03-31 08:29:47,439 [INFO] Worker 2: FID 236 (16/65)
2026-03-31 08:29:47,503 [INFO] Worker 4: FID 171 done, 0 downloads
2026-03-31 08:29:47,503 [INFO] Worker 4: FID 104 (18/65)
2026-03-31 08:29:47,503 [INFO] Worker 5: FID 174 done, 0 downloads
2026-03-31 08:29:47,503 [INFO] Worker 5: FID 290 (17/64)
2026-03-31 08:29:47,507 [INFO] Worker 0: FID 306 done, 0 downloads
2026-03-31 08:29:47,507 [INFO] Worker 0: FID 251 (27/65)
2026-03-31 08:29:47,560 [INFO] Worker 3: FID 161 done, 0 downloads
2026-03-31 08:29:47,560 [INFO] Worker 3: FID 286 (19/65)
2026-03-31 08:29:47,608 [INFO] Worker 5: FID 290 done, 0 downloads
2026-03-31 08:29:47,608 [INFO] Worker 5: FID 163 (18/64)
2026-03-31 08:29:47,640 [INFO] Worker 2: FID 236 done, 0 downloads
2026-03-31 08:29:47,640 [INFO] Worker 2: FID 109 (17/65)
2026-03-31 08:29:47,650 [INFO] Worker 1: FID 118 done, 0 downloads
2026-03-31 08:29:47,650 [INFO] Worker 1: FID 120 (26/65)
2026-03-31 08:29:47,651 [INFO] Worker 4: FID 104 done, 0 downloads
2026-03-31 08:29:47,651 [INFO] Worker 4: FID 164 (19/65)
2026-03-31 08:29:47,665 [INFO] Worker 3: FID 286 done, 0 downloads
2026-03-31 08:29:47,665 [INFO] Worker 3: FID 303 (20/65)
2026-03-31 08:29:47,693 [INFO] Worker 0: FID 251 done, 0 downloads
2026-03-31 08:29:47,693 [INFO] Worker 0: FID 188 (28/65)
2026-03-31 08:29:47,724 [INFO] Worker 5: FID 163 done, 0 downloads
2026-03-31 08:29:47,724 [INFO] Worker 5: FID 165 (19/64)
2026-03-31 08:29:47,777 [INFO] Worker 4: FID 164 done, 0 downloads
2026-03-31 08:29:47,777 [INFO] Worker 4: FID 296 (20/65)
2026-03-31 08:29:47,777 [INFO] Worker 2: FID 109 done, 0 downloads
2026-03-31 08:29:47,778 [INFO] Worker 2: FID 162 (18/65)
2026-03-31 08:29:47,841 [INFO] Worker 5: FID 165 done, 0 downloads
2026-03-31 08:29:47,841 [INFO] Worker 5: FID 113 (20/64)
2026-03-31 08:29:47,852 [INFO] Worker 1: FID 120 done, 0 downloads
2026-03-31 08:29:47,852 [INFO] Worker 1: FID 304 (27/65)
2026-03-31 08:29:47,894 [INFO] Worker 0: FID 188 done, 0 downloads
2026-03-31 08:29:47,894 [INFO] Worker 0: FID 197 (29/65)
2026-03-31 08:29:47,936 [INFO] Worker 2: FID 162 done, 0 downloads
2026-03-31 08:29:47,937 [INFO] Worker 2: FID 168 (19/65)
2026-03-31 08:29:47,947 [INFO] Worker 3: FID 303 done, 0 downloads
2026-03-31 08:29:47,947 [INFO] Worker 3: FID 298 (21/65)
2026-03-31 08:29:47,958 [INFO] Worker 4: FID 296 done, 0 downloads
2026-03-31 08:29:47,958 [INFO] Worker 4: FID 299 (21/65)
2026-03-31 08:29:48,010 [INFO] Worker 5: FID 113 done, 0 downloads
2026-03-31 08:29:48,010 [INFO] Worker 5: FID 241 (21/64)
2026-03-31 08:29:48,042 [INFO] Worker 1: FID 304 done, 0 downloads
2026-03-31 08:29:48,042 [INFO] Worker 1: FID 190 (28/65)
2026-03-31 08:29:48,063 [INFO] Worker 2: FID 168 done, 0 downloads
2026-03-31 08:29:48,063 [INFO] Worker 2: FID 184 (20/65)
2026-03-31 08:29:48,116 [INFO] Worker 3: FID 298 done, 0 downloads
2026-03-31 08:29:48,116 [INFO] Worker 3: FID 177 (22/65)
2026-03-31 08:29:48,137 [INFO] Worker 4: FID 299 done, 0 downloads
2026-03-31 08:29:48,138 [INFO] Worker 4: FID 178 (22/65)
2026-03-31 08:29:48,148 [INFO] Worker 0: FID 197 done, 0 downloads
2026-03-31 08:29:48,148 [INFO] Worker 0: FID 253 (30/65)
2026-03-31 08:29:48,202 [INFO] Worker 5: FID 241 done, 0 downloads
2026-03-31 08:29:48,202 [INFO] Worker 5: FID 239 (22/64)
2026-03-31 08:29:48,244 [INFO] Worker 1: FID 190 done, 0 downloads
2026-03-31 08:29:48,244 [INFO] Worker 1: FID 256 (29/65)
2026-03-31 08:29:48,255 [INFO] Worker 3: FID 177 done, 0 downloads
2026-03-31 08:29:48,255 [INFO] Worker 3: FID 182 (23/65)
2026-03-31 08:29:48,275 [INFO] Worker 2: FID 184 done, 0 downloads
2026-03-31 08:29:48,275 [INFO] Worker 2: FID 181 (21/65)
2026-03-31 08:29:48,297 [INFO] Worker 4: FID 178 done, 0 downloads
2026-03-31 08:29:48,297 [INFO] Worker 4: FID 183 (23/65)
2026-03-31 08:29:48,372 [INFO] Worker 5: FID 239 done, 0 downloads
2026-03-31 08:29:48,372 [INFO] Worker 5: FID 300 (23/64)
2026-03-31 08:29:48,383 [INFO] Worker 0: FID 253 done, 0 downloads
2026-03-31 08:29:48,383 [INFO] Worker 0: FID 255 (31/65)
2026-03-31 08:29:48,436 [INFO] Worker 3: FID 182 done, 0 downloads
2026-03-31 08:29:48,436 [INFO] Worker 3: FID 245 (24/65)
2026-03-31 08:29:48,457 [INFO] Worker 2: FID 181 done, 0 downloads
2026-03-31 08:29:48,457 [INFO] Worker 2: FID 240 (22/65)
2026-03-31 08:29:48,499 [INFO] Worker 1: FID 256 done, 0 downloads
2026-03-31 08:29:48,499 [INFO] Worker 1: FID 124 (30/65)
2026-03-31 08:29:48,563 [INFO] Worker 5: FID 300 done, 0 downloads
2026-03-31 08:29:48,563 [INFO] Worker 5: FID 301 (24/64)
2026-03-31 08:29:48,617 [INFO] Worker 2: FID 240 done, 0 downloads
2026-03-31 08:29:48,617 [INFO] Worker 2: FID 115 (23/65)
2026-03-31 08:29:48,617 [INFO] Worker 4: FID 183 done, 0 downloads
2026-03-31 08:29:48,617 [INFO] Worker 4: FID 246 (24/65)
2026-03-31 08:29:48,648 [INFO] Worker 3: FID 245 done, 0 downloads
2026-03-31 08:29:48,648 [INFO] Worker 3: FID 247 (25/65)
2026-03-31 08:29:48,669 [INFO] Worker 0: FID 255 done, 0 downloads
2026-03-31 08:29:48,669 [INFO] Worker 0: FID 320 (32/65)
2026-03-31 08:29:48,782 [INFO] Worker 5: FID 301 done, 0 downloads
2026-03-31 08:29:48,782 [INFO] Worker 2: FID 115 done, 0 downloads
2026-03-31 08:29:48,783 [INFO] Worker 5: FID 305 (25/64)
2026-03-31 08:29:48,783 [INFO] Worker 2: FID 116 (24/65)
2026-03-31 08:29:48,787 [INFO] Worker 1: FID 124 done, 0 downloads
2026-03-31 08:29:48,788 [INFO] Worker 1: FID 313 (31/65)
2026-03-31 08:29:48,814 [INFO] Worker 4: FID 246 done, 0 downloads
2026-03-31 08:29:48,814 [INFO] Worker 4: FID 249 (25/65)
2026-03-31 08:29:48,867 [INFO] Worker 3: FID 247 done, 0 downloads
2026-03-31 08:29:48,867 [INFO] Worker 3: FID 187 (26/65)
2026-03-31 08:29:48,939 [INFO] Worker 0: FID 320 done, 0 downloads
2026-03-31 08:29:48,939 [INFO] Worker 0: FID 323 (33/65)
2026-03-31 08:29:48,980 [INFO] Worker 5: FID 305 done, 0 downloads
2026-03-31 08:29:48,980 [INFO] Worker 5: FID 250 (26/64)
2026-03-31 08:29:48,984 [INFO] Worker 2: FID 116 done, 0 downloads
2026-03-31 08:29:48,984 [INFO] Worker 2: FID 186 (25/65)
2026-03-31 08:29:49,023 [INFO] Worker 4: FID 249 done, 0 downloads
2026-03-31 08:29:49,023 [INFO] Worker 4: FID 248 (26/65)
2026-03-31 08:29:49,043 [INFO] Worker 1: FID 313 done, 0 downloads
2026-03-31 08:29:49,044 [INFO] Worker 1: FID 130 (32/65)
2026-03-31 08:29:49,054 [INFO] Worker 3: FID 187 done, 0 downloads
2026-03-31 08:29:49,054 [INFO] Worker 3: FID 308 (27/65)
2026-03-31 08:29:49,170 [INFO] Worker 5: FID 250 done, 0 downloads
2026-03-31 08:29:49,170 [INFO] Worker 5: FID 309 (27/64)
2026-03-31 08:29:49,215 [INFO] Worker 4: FID 248 done, 0 downloads
2026-03-31 08:29:49,215 [INFO] Worker 4: FID 189 (27/65)
2026-03-31 08:29:49,222 [INFO] Worker 2: FID 186 done, 0 downloads
2026-03-31 08:29:49,222 [INFO] Worker 2: FID 121 (26/65)
2026-03-31 08:29:49,232 [INFO] Worker 0: FID 323 done, 0 downloads
2026-03-31 08:29:49,232 [INFO] Worker 3: FID 308 done, 0 downloads
2026-03-31 08:29:49,232 [INFO] Worker 0: FID 123 (34/65)
2026-03-31 08:29:49,232 [INFO] Worker 3: FID 192 (28/65)
2026-03-31 08:29:49,370 [INFO] Worker 5: FID 309 done, 0 downloads
2026-03-31 08:29:49,370 [INFO] Worker 5: FID 132 (28/64)
2026-03-31 08:29:49,402 [INFO] Worker 2: FID 121 done, 0 downloads
2026-03-31 08:29:49,402 [INFO] Worker 2: FID 307 (27/65)
2026-03-31 08:29:49,413 [INFO] Worker 3: FID 192 done, 0 downloads
2026-03-31 08:29:49,413 [INFO] Worker 3: FID 258 (29/65)
2026-03-31 08:29:49,445 [INFO] Worker 0: FID 123 done, 0 downloads
2026-03-31 08:29:49,445 [INFO] Worker 4: FID 189 done, 0 downloads
2026-03-31 08:29:49,445 [INFO] Worker 0: FID 314 (35/65)
2026-03-31 08:29:49,445 [INFO] Worker 4: FID 261 (28/65)
2026-03-31 08:29:49,477 [INFO] Worker 1: FID 130 done, 0 downloads
2026-03-31 08:29:49,478 [INFO] Worker 1: FID 324 (33/65)
2026-03-31 08:29:49,584 [INFO] Worker 2: FID 307 done, 0 downloads
2026-03-31 08:29:49,584 [INFO] Worker 2: FID 191 (28/65)
2026-03-31 08:29:49,658 [INFO] Worker 3: FID 258 done, 0 downloads
2026-03-31 08:29:49,658 [INFO] Worker 3: FID 126 (30/65)
2026-03-31 08:29:49,668 [INFO] Worker 5: FID 132 done, 0 downloads
2026-03-31 08:29:49,668 [INFO] Worker 5: FID 196 (29/64)
2026-03-31 08:29:49,742 [INFO] Worker 4: FID 261 done, 0 downloads
2026-03-31 08:29:49,742 [INFO] Worker 4: FID 311 (29/65)
2026-03-31 08:29:49,763 [INFO] Worker 1: FID 324 done, 0 downloads
2026-03-31 08:29:49,764 [INFO] Worker 1: FID 252 (34/65)
2026-03-31 08:29:49,774 [INFO] Worker 2: FID 191 done, 0 downloads
2026-03-31 08:29:49,775 [INFO] Worker 2: FID 122 (29/65)
2026-03-31 08:29:49,901 [INFO] Worker 0: FID 314 done, 0 downloads
2026-03-31 08:29:49,901 [INFO] Worker 0: FID 315 (36/65)
2026-03-31 08:29:49,933 [INFO] Worker 3: FID 126 done, 0 downloads
2026-03-31 08:29:49,933 [INFO] Worker 3: FID 206 (31/65)
2026-03-31 08:29:49,965 [INFO] Worker 2: FID 122 done, 0 downloads
2026-03-31 08:29:49,965 [INFO] Worker 2: FID 254 (30/65)
2026-03-31 08:29:49,976 [INFO] Worker 1: FID 252 done, 0 downloads
2026-03-31 08:29:49,976 [INFO] Worker 1: FID 127 (35/65)
2026-03-31 08:29:49,986 [INFO] Worker 4: FID 311 done, 0 downloads
2026-03-31 08:29:49,986 [INFO] Worker 4: FID 198 (30/65)
2026-03-31 08:29:50,048 [INFO] Worker 5: FID 196 done, 0 downloads
2026-03-31 08:29:50,048 [INFO] Worker 5: FID 199 (30/64)
2026-03-31 08:29:50,196 [INFO] Worker 0: FID 315 done, 0 downloads
2026-03-31 08:29:50,197 [INFO] Worker 0: FID 128 (37/65)
2026-03-31 08:29:50,204 [INFO] Worker 2: FID 254 done, 0 downloads
2026-03-31 08:29:50,204 [INFO] Worker 2: FID 312 (31/65)
2026-03-31 08:29:50,227 [INFO] Worker 1: FID 127 done, 0 downloads
2026-03-31 08:29:50,228 [INFO] Worker 1: FID 316 (36/65)
2026-03-31 08:29:50,228 [INFO] Worker 3: FID 206 done, 0 downloads
2026-03-31 08:29:50,228 [INFO] Worker 3: FID 207 (32/65)
2026-03-31 08:29:50,259 [INFO] Worker 4: FID 198 done, 0 downloads
2026-03-31 08:29:50,259 [INFO] Worker 4: FID 205 (31/65)
2026-03-31 08:29:50,322 [INFO] Worker 5: FID 199 done, 0 downloads
2026-03-31 08:29:50,322 [INFO] Worker 5: FID 321 (31/64)
2026-03-31 08:29:50,467 [INFO] Worker 0: FID 128 done, 0 downloads
2026-03-31 08:29:50,468 [INFO] Worker 0: FID 386 (38/65)
2026-03-31 08:29:50,478 [INFO] Worker 2: FID 312 done, 0 downloads
2026-03-31 08:29:50,478 [INFO] Worker 2: FID 322 (32/65)
2026-03-31 08:29:50,509 [INFO] Worker 1: FID 316 done, 0 downloads
2026-03-31 08:29:50,509 [INFO] Worker 1: FID 319 (37/65)
2026-03-31 08:29:50,541 [INFO] Worker 4: FID 205 done, 0 downloads
2026-03-31 08:29:50,541 [INFO] Worker 3: FID 207 done, 0 downloads
2026-03-31 08:29:50,541 [INFO] Worker 4: FID 208 (32/65)
2026-03-31 08:29:50,541 [INFO] Worker 3: FID 193 (33/65)
2026-03-31 08:29:50,594 [INFO] Worker 5: FID 321 done, 0 downloads
2026-03-31 08:29:50,594 [INFO] Worker 5: FID 131 (32/64)
2026-03-31 08:29:50,770 [INFO] Worker 1: FID 319 done, 0 downloads
2026-03-31 08:29:50,770 [INFO] Worker 1: FID 262 (38/65)
2026-03-31 08:29:50,802 [INFO] Worker 0: FID 386 done, 0 downloads
2026-03-31 08:29:50,802 [INFO] Worker 0: FID 387 (39/65)
2026-03-31 08:29:50,855 [INFO] Worker 4: FID 208 done, 0 downloads
2026-03-31 08:29:50,855 [INFO] Worker 4: FID 194 (33/65)
2026-03-31 08:29:50,864 [INFO] Worker 2: FID 322 done, 0 downloads
2026-03-31 08:29:50,864 [INFO] Worker 2: FID 209 (33/65)
2026-03-31 08:29:50,875 [INFO] Worker 5: FID 131 done, 0 downloads
2026-03-31 08:29:50,875 [INFO] Worker 5: FID 195 (33/64)
2026-03-31 08:29:50,907 [INFO] Worker 3: FID 193 done, 0 downloads
2026-03-31 08:29:50,907 [INFO] Worker 3: FID 202 (34/65)
2026-03-31 08:29:51,109 [INFO] Worker 5: FID 195 done, 0 downloads
2026-03-31 08:29:51,109 [INFO] Worker 5: FID 257 (34/64)
2026-03-31 08:29:51,119 [INFO] Worker 1: FID 262 done, 0 downloads
2026-03-31 08:29:51,120 [INFO] Worker 1: FID 38 (39/65)
2026-03-31 08:29:51,130 [INFO] Worker 0: FID 387 done, 0 downloads
2026-03-31 08:29:51,130 [INFO] Worker 0: FID 382 (40/65)
2026-03-31 08:29:51,160 [INFO] Worker 2: FID 209 done, 0 downloads
2026-03-31 08:29:51,160 [INFO] Worker 4: FID 194 done, 0 downloads
2026-03-31 08:29:51,160 [INFO] Worker 2: FID 310 (34/65)
2026-03-31 08:29:51,160 [INFO] Worker 4: FID 204 (34/65)
2026-03-31 08:29:51,331 [INFO] Worker 3: FID 202 done, 0 downloads
2026-03-31 08:29:51,332 [INFO] Worker 3: FID 201 (35/65)
2026-03-31 08:29:51,342 [INFO] Worker 2: FID 310 done, 0 downloads
2026-03-31 08:29:51,342 [INFO] Worker 2: FID 200 (35/65)
2026-03-31 08:29:51,415 [INFO] Worker 1: FID 38 done, 0 downloads
2026-03-31 08:29:51,415 [INFO] Worker 1: FID 133 (40/65)
2026-03-31 08:29:51,498 [INFO] Worker 5: FID 257 done, 0 downloads
2026-03-31 08:29:51,499 [INFO] Worker 5: FID 259 (35/64)
2026-03-31 08:29:51,551 [INFO] Worker 4: FID 204 done, 0 downloads
2026-03-31 08:29:51,551 [INFO] Worker 4: FID 203 (35/65)
2026-03-31 08:29:51,573 [INFO] Worker 2: FID 200 done, 0 downloads
2026-03-31 08:29:51,573 [INFO] Worker 2: FID 129 (36/65)
2026-03-31 08:29:51,610 [INFO] Worker 3: FID 201 done, 0 downloads
2026-03-31 08:29:51,610 [INFO] Worker 3: FID 317 (36/65)
2026-03-31 08:29:51,674 [INFO] Worker 1: FID 133 done, 0 downloads
2026-03-31 08:29:51,674 [INFO] Worker 1: FID 383 (41/65)
2026-03-31 08:29:51,746 [INFO] Worker 5: FID 259 done, 0 downloads
2026-03-31 08:29:51,747 [INFO] Worker 5: FID 260 (36/64)
2026-03-31 08:29:51,816 [INFO] Worker 4: FID 203 done, 0 downloads
2026-03-31 08:29:51,816 [INFO] Worker 4: FID 318 (36/65)
2026-03-31 08:29:51,834 [INFO] Worker 2: FID 129 done, 0 downloads
2026-03-31 08:29:51,834 [INFO] Worker 2: FID 340 (37/65)
2026-03-31 08:29:51,843 [INFO] Worker 3: FID 317 done, 0 downloads
2026-03-31 08:29:51,844 [INFO] Worker 3: FID 356 (37/65)
2026-03-31 08:29:51,986 [INFO] Worker 1: FID 383 done, 0 downloads
2026-03-31 08:29:51,986 [INFO] Worker 1: FID 56 (42/65)
2026-03-31 08:29:52,009 [INFO] Worker 5: FID 260 done, 0 downloads
2026-03-31 08:29:52,009 [INFO] Worker 5: FID 336 (37/64)
2026-03-31 08:29:52,074 [INFO] Worker 4: FID 318 done, 0 downloads
2026-03-31 08:29:52,074 [INFO] Worker 4: FID 210 (37/65)
2026-03-31 08:29:52,084 [INFO] Worker 3: FID 356 done, 0 downloads
2026-03-31 08:29:52,084 [INFO] Worker 3: FID 211 (38/65)
2026-03-31 08:29:52,136 [INFO] Worker 2: FID 340 done, 0 downloads
2026-03-31 08:29:52,136 [INFO] Worker 2: FID 134 (38/65)
2026-03-31 08:29:52,262 [INFO] Worker 5: FID 336 done, 0 downloads
2026-03-31 08:29:52,262 [INFO] Worker 5: FID 337 (38/64)
2026-03-31 08:29:52,289 [INFO] Worker 1: FID 56 done, 0 downloads
2026-03-31 08:29:52,289 [INFO] Worker 1: FID 34 (43/65)
2026-03-31 08:29:52,314 [INFO] Worker 4: FID 210 done, 0 downloads
2026-03-31 08:29:52,314 [INFO] Worker 4: FID 327 (38/65)
2026-03-31 08:29:52,345 [INFO] Worker 3: FID 211 done, 0 downloads
2026-03-31 08:29:52,345 [INFO] Worker 3: FID 377 (39/65)
2026-03-31 08:29:52,381 [INFO] Worker 2: FID 134 done, 0 downloads
2026-03-31 08:29:52,381 [INFO] Worker 2: FID 335 (39/65)
2026-03-31 08:29:52,554 [INFO] Worker 1: FID 34 done, 0 downloads
2026-03-31 08:29:52,554 [INFO] Worker 4: FID 327 done, 0 downloads
2026-03-31 08:29:52,554 [INFO] Worker 1: FID 48 (44/65)
2026-03-31 08:29:52,554 [INFO] Worker 4: FID 378 (39/65)
2026-03-31 08:29:52,600 [INFO] Worker 2: FID 335 done, 0 downloads
2026-03-31 08:29:52,600 [INFO] Worker 2: FID 326 (40/65)
2026-03-31 08:29:52,701 [INFO] Worker 3: FID 377 done, 0 downloads
2026-03-31 08:29:52,701 [INFO] Worker 3: FID 135 (40/65)
2026-03-31 08:29:52,794 [INFO] Worker 1: FID 48 done, 0 downloads
2026-03-31 08:29:52,794 [INFO] Worker 1: FID 138 (45/65)
2026-03-31 08:29:52,854 [INFO] Worker 2: FID 326 done, 0 downloads
2026-03-31 08:29:52,854 [INFO] Worker 2: FID 50 (41/65)
2026-03-31 08:29:52,913 [INFO] Worker 4: FID 378 done, 0 downloads
2026-03-31 08:29:52,913 [INFO] Worker 4: FID 57 (40/65)
2026-03-31 08:29:52,952 [INFO] Worker 3: FID 135 done, 0 downloads
2026-03-31 08:29:52,952 [INFO] Worker 3: FID 51 (41/65)
2026-03-31 08:29:53,083 [INFO] Worker 2: FID 50 done, 0 downloads
2026-03-31 08:29:53,083 [INFO] Worker 2: FID 263 (42/65)
2026-03-31 08:29:53,147 [INFO] Worker 4: FID 57 done, 0 downloads
2026-03-31 08:29:53,147 [INFO] Worker 4: FID 52 (41/65)
2026-03-31 08:29:53,185 [INFO] Worker 3: FID 51 done, 0 downloads
2026-03-31 08:29:53,185 [INFO] Worker 3: FID 328 (42/65)
2026-03-31 08:29:53,303 [INFO] Worker 2: FID 263 done, 0 downloads
2026-03-31 08:29:53,303 [INFO] Worker 2: FID 49 (43/65)
2026-03-31 08:29:53,347 [INFO] Worker 4: FID 52 done, 0 downloads
2026-03-31 08:29:53,347 [INFO] Worker 4: FID 341 (42/65)
2026-03-31 08:29:53,405 [INFO] Worker 3: FID 328 done, 0 downloads
2026-03-31 08:29:53,405 [INFO] Worker 3: FID 339 (43/65)
2026-03-31 08:29:53,524 [INFO] Worker 2: FID 49 done, 0 downloads
2026-03-31 08:29:53,524 [INFO] Worker 2: FID 338 (44/65)
2026-03-31 08:29:53,568 [INFO] Worker 4: FID 341 done, 0 downloads
2026-03-31 08:29:53,568 [INFO] Worker 4: FID 45 (43/65)
2026-03-31 08:29:53,593 [INFO] Worker 3: FID 339 done, 0 downloads
2026-03-31 08:29:53,593 [INFO] Worker 3: FID 374 (44/65)
2026-03-31 08:29:53,718 [INFO] Worker 2: FID 338 done, 0 downloads
2026-03-31 08:29:53,718 [INFO] Worker 2: FID 139 (45/65)
2026-03-31 08:29:53,781 [INFO] Worker 4: FID 45 done, 0 downloads
2026-03-31 08:29:53,781 [INFO] Worker 4: FID 66 (44/65)
2026-03-31 08:29:53,819 [INFO] Worker 3: FID 374 done, 0 downloads
2026-03-31 08:29:53,819 [INFO] Worker 3: FID 264 (45/65)
2026-03-31 08:29:53,939 [INFO] Worker 2: FID 139 done, 0 downloads
2026-03-31 08:29:53,939 [INFO] Worker 2: FID 370 (46/65)
2026-03-31 08:29:54,008 [INFO] Worker 4: FID 66 done, 0 downloads
2026-03-31 08:29:54,008 [INFO] Worker 4: FID 350 (45/65)
2026-03-31 08:29:54,040 [INFO] Worker 3: FID 264 done, 0 downloads
2026-03-31 08:29:54,040 [INFO] Worker 3: FID 372 (46/65)
2026-03-31 08:29:54,137 [INFO] Worker 2: FID 370 done, 0 downloads
2026-03-31 08:29:54,137 [INFO] Worker 2: FID 72 (47/65)
2026-03-31 08:29:54,207 [INFO] Worker 4: FID 350 done, 0 downloads
2026-03-31 08:29:54,207 [INFO] Worker 4: FID 65 (46/65)
2026-03-31 08:30:05,308 [INFO] Worker 1: FID 138 done, 12 downloads
2026-03-31 08:30:05,308 [INFO] Worker 1: FID 369 (46/65)
2026-03-31 08:31:01,155 [INFO] Worker 2: FID 72 done, 68 downloads
2026-03-31 08:31:01,155 [INFO] Worker 2: FID 379 (48/65)
2026-03-31 08:31:19,484 [INFO] Worker 5: FID 337 done, 72 downloads
2026-03-31 08:31:19,485 [INFO] Worker 5: FID 358 (39/64)
2026-03-31 08:31:50,211 [INFO] Worker 4: FID 65 done, 120 downloads
2026-03-31 08:31:50,212 [INFO] Worker 4: FID 331 (47/65)
2026-03-31 08:32:13,232 [INFO] Worker 2: FID 379 done, 64 downloads
2026-03-31 08:32:13,232 [INFO] Worker 2: FID 389 (49/65)
2026-03-31 08:32:25,413 [INFO] Worker 3: FID 372 done, 138 downloads
2026-03-31 08:32:25,413 [INFO] Worker 3: FID 329 (47/65)
2026-03-31 08:32:53,427 [INFO] Worker 2: FID 389 done, 37 downloads
2026-03-31 08:32:53,427 [INFO] Worker 2: FID 384 (50/65)
2026-03-31 08:33:00,614 [INFO] Worker 5: FID 358 done, 90 downloads
2026-03-31 08:33:00,615 [INFO] Worker 5: FID 54 (40/64)
2026-03-31 08:33:06,719 [INFO] Worker 3: FID 329 done, 36 downloads
2026-03-31 08:33:06,719 [INFO] Worker 3: FID 4 (48/65)
2026-03-31 08:33:10,755 [INFO] Worker 4: FID 331 done, 72 downloads
2026-03-31 08:33:10,755 [INFO] Worker 4: FID 5 (48/65)
2026-03-31 08:33:22,424 [INFO] Worker 0: FID 382 done, 200 downloads
2026-03-31 08:33:22,425 [INFO] Worker 0: FID 342 (41/65)
2026-03-31 08:34:12,423 [INFO] Worker 5: FID 54 done, 68 downloads
2026-03-31 08:34:12,423 [INFO] Worker 5: FID 53 (41/64)
2026-03-31 08:34:25,519 [INFO] Worker 3: FID 4 done, 74 downloads
2026-03-31 08:34:25,520 [INFO] Worker 3: FID 136 (49/65)
2026-03-31 08:34:30,586 [INFO] Worker 0: FID 342 done, 64 downloads
2026-03-31 08:34:30,586 [INFO] Worker 0: FID 55 (42/65)
2026-03-31 08:34:31,886 [INFO] Worker 4: FID 5 done, 74 downloads
2026-03-31 08:34:31,886 [INFO] Worker 4: FID 59 (49/65)
2026-03-31 08:35:02,367 [INFO] Worker 1: FID 369 done, 272 downloads
2026-03-31 08:35:02,367 [INFO] Worker 1: FID 71 (47/65)
2026-03-31 08:35:43,676 [INFO] Worker 3: FID 136 done, 72 downloads
2026-03-31 08:35:43,676 [INFO] Worker 3: FID 125 (50/65)
2026-03-31 08:35:55,813 [INFO] Worker 1: FID 71 done, 54 downloads
2026-03-31 08:35:55,813 [INFO] Worker 1: FID 376 (48/65)
2026-03-31 08:36:21,193 [INFO] Worker 5: FID 53 done, 124 downloads
2026-03-31 08:36:21,193 [INFO] Worker 5: FID 357 (42/64)
2026-03-31 08:36:51,453 [INFO] Worker 3: FID 125 done, 66 downloads
2026-03-31 08:36:51,453 [INFO] Worker 3: FID 212 (51/65)
2026-03-31 08:36:56,192 [INFO] Worker 0: FID 55 done, 136 downloads
2026-03-31 08:36:56,192 [INFO] Worker 0: FID 325 (43/65)
2026-03-31 08:37:11,759 [INFO] Worker 1: FID 376 done, 74 downloads
2026-03-31 08:37:11,760 [INFO] Worker 1: FID 353 (49/65)
2026-03-31 08:37:17,361 [INFO] Worker 5: FID 357 done, 54 downloads
2026-03-31 08:37:17,361 [INFO] Worker 5: FID 46 (43/64)
2026-03-31 08:37:53,523 [INFO] Worker 0: FID 325 done, 54 downloads
2026-03-31 08:37:53,523 [INFO] Worker 0: FID 47 (44/65)
2026-03-31 08:38:06,010 [INFO] Worker 3: FID 212 done, 72 downloads
2026-03-31 08:38:06,011 [INFO] Worker 3: FID 381 (52/65)
2026-03-31 08:38:26,633 [INFO] Worker 4: FID 59 done, 231 downloads
2026-03-31 08:38:26,633 [INFO] Worker 4: FID 64 (50/65)
2026-03-31 08:39:01,420 [INFO] Worker 1: FID 353 done, 108 downloads
2026-03-31 08:39:01,420 [INFO] Worker 1: FID 78 (50/65)
2026-03-31 08:39:26,546 [INFO] Worker 0: FID 47 done, 93 downloads
2026-03-31 08:39:26,547 [INFO] Worker 0: FID 330 (45/65)
2026-03-31 08:39:48,536 [INFO] Worker 4: FID 64 done, 74 downloads
2026-03-31 08:39:48,536 [INFO] Worker 4: FID 79 (51/65)
2026-03-31 08:39:49,460 [INFO] Worker 1: FID 78 done, 47 downloads
2026-03-31 08:39:49,460 [INFO] Worker 1: FID 73 (51/65)
2026-03-31 08:40:03,362 [INFO] Worker 0: FID 330 done, 35 downloads
2026-03-31 08:40:03,362 [INFO] Worker 0: FID 375 (46/65)
2026-03-31 08:40:26,539 [INFO] Worker 1: FID 73 done, 35 downloads
2026-03-31 08:40:26,539 [INFO] Worker 1: FID 371 (52/65)
2026-03-31 08:40:31,195 [INFO] Worker 3: FID 381 done, 140 downloads
2026-03-31 08:40:31,196 [INFO] Worker 3: FID 351 (53/65)
2026-03-31 08:40:39,927 [INFO] Worker 0: FID 375 done, 34 downloads
2026-03-31 08:40:39,927 [INFO] Worker 0: FID 68 (47/65)
2026-03-31 08:41:06,093 [INFO] Worker 2: FID 384 done, 473 downloads
2026-03-31 08:41:06,093 [INFO] Worker 2: FID 75 (51/65)
2026-03-31 08:41:29,966 [INFO] Worker 5: FID 46 done, 248 downloads
2026-03-31 08:41:29,966 [INFO] Worker 5: FID 74 (44/64)
2026-03-31 08:41:44,353 [INFO] Worker 1: FID 371 done, 76 downloads
2026-03-31 08:41:44,354 [INFO] Worker 1: FID 214 (53/65)
2026-03-31 08:41:49,009 [INFO] Worker 3: FID 351 done, 76 downloads
2026-03-31 08:41:49,009 [INFO] Worker 3: FID 354 (54/65)
2026-03-31 08:41:52,107 [INFO] Worker 0: FID 68 done, 70 downloads
2026-03-31 08:41:52,108 [INFO] Worker 0: FID 345 (48/65)
2026-03-31 08:42:26,943 [INFO] Worker 3: FID 354 done, 38 downloads
2026-03-31 08:42:26,944 [INFO] Worker 3: FID 366 (55/65)
2026-03-31 08:42:30,161 [INFO] Worker 4: FID 79 done, 165 downloads
2026-03-31 08:42:30,162 [INFO] Worker 4: FID 359 (52/65)
2026-03-31 08:42:40,282 [INFO] Worker 5: FID 74 done, 70 downloads
2026-03-31 08:42:40,282 [INFO] Worker 5: FID 373 (45/64)
2026-03-31 08:42:45,484 [INFO] Worker 2: FID 75 done, 99 downloads
2026-03-31 08:42:45,485 [INFO] Worker 2: FID 380 (52/65)
2026-03-31 08:42:50,505 [INFO] Worker 0: FID 345 done, 62 downloads
2026-03-31 08:42:50,505 [INFO] Worker 0: FID 8 (49/65)
2026-03-31 08:43:03,184 [INFO] Worker 4: FID 359 done, 34 downloads
2026-03-31 08:43:03,184 [INFO] Worker 4: FID 352 (53/65)
2026-03-31 08:43:05,011 [INFO] Worker 1: FID 214 done, 80 downloads
2026-03-31 08:43:05,011 [INFO] Worker 1: FID 1 (54/65)
2026-03-31 08:43:14,942 [INFO] Worker 5: FID 373 done, 34 downloads
2026-03-31 08:43:14,942 [INFO] Worker 5: FID 67 (46/64)
2026-03-31 08:43:42,110 [INFO] Worker 3: FID 366 done, 74 downloads
2026-03-31 08:43:42,110 [INFO] Worker 3: FID 80 (56/65)
2026-03-31 08:43:46,308 [INFO] Worker 4: FID 352 done, 41 downloads
2026-03-31 08:43:46,308 [INFO] Worker 4: FID 9 (54/65)
2026-03-31 08:44:00,152 [INFO] Worker 0: FID 8 done, 70 downloads
2026-03-31 08:44:00,152 [INFO] Worker 0: FID 77 (50/65)
2026-03-31 08:44:16,335 [INFO] Worker 3: FID 80 done, 33 downloads
2026-03-31 08:44:16,335 [INFO] Worker 3: FID 86 (57/65)
2026-03-31 08:44:16,893 [INFO] Worker 1: FID 1 done, 72 downloads
2026-03-31 08:44:16,893 [INFO] Worker 1: FID 349 (55/65)
2026-03-31 08:44:25,985 [INFO] Worker 5: FID 67 done, 70 downloads
2026-03-31 08:44:25,985 [INFO] Worker 5: FID 344 (47/64)
2026-03-31 08:44:40,212 [INFO] Worker 2: FID 380 done, 112 downloads
2026-03-31 08:44:40,213 [INFO] Worker 2: FID 333 (53/65)
2026-03-31 08:44:57,033 [INFO] Worker 4: FID 9 done, 70 downloads
2026-03-31 08:44:57,033 [INFO] Worker 4: FID 367 (55/65)
2026-03-31 08:45:09,193 [INFO] Worker 0: FID 77 done, 68 downloads
2026-03-31 08:45:09,193 [INFO] Worker 0: FID 70 (51/65)
2026-03-31 08:45:44,783 [INFO] Worker 0: FID 70 done, 36 downloads
2026-03-31 08:45:44,783 [INFO] Worker 0: FID 60 (52/65)
2026-03-31 08:46:03,604 [INFO] Worker 1: FID 349 done, 108 downloads
2026-03-31 08:46:03,605 [INFO] Worker 1: FID 363 (56/65)
2026-03-31 08:46:03,889 [INFO] Worker 2: FID 333 done, 82 downloads
2026-03-31 08:46:03,889 [INFO] Worker 2: FID 6 (54/65)
2026-03-31 08:46:06,516 [INFO] Worker 4: FID 367 done, 70 downloads
2026-03-31 08:46:06,516 [INFO] Worker 4: FID 83 (56/65)
2026-03-31 08:46:27,715 [INFO] Worker 3: FID 86 done, 132 downloads
2026-03-31 08:46:27,716 [INFO] Worker 3: FID 347 (58/65)
2026-03-31 08:46:55,884 [INFO] Worker 5: FID 344 done, 152 downloads
2026-03-31 08:46:55,884 [INFO] Worker 5: FID 7 (48/64)
2026-03-31 08:47:36,034 [INFO] Worker 0: FID 60 done, 111 downloads
2026-03-31 08:47:36,034 [INFO] Worker 0: FID 137 (53/65)
2026-03-31 08:47:40,795 [INFO] Worker 3: FID 347 done, 72 downloads
2026-03-31 08:47:40,795 [INFO] Worker 3: FID 29 (59/65)
2026-03-31 08:47:53,545 [INFO] Worker 4: FID 83 done, 106 downloads
2026-03-31 08:47:53,546 [INFO] Worker 4: FID 87 (57/65)
2026-03-31 08:47:55,658 [INFO] Worker 2: FID 6 done, 111 downloads
2026-03-31 08:47:55,658 [INFO] Worker 2: FID 362 (55/65)
2026-03-31 08:48:12,770 [INFO] Worker 5: FID 7 done, 78 downloads
2026-03-31 08:48:12,770 [INFO] Worker 5: FID 76 (49/64)
2026-03-31 08:48:26,035 [INFO] Worker 4: FID 87 done, 33 downloads
2026-03-31 08:48:26,035 [INFO] Worker 4: FID 89 (58/65)
2026-03-31 08:48:34,212 [INFO] Worker 1: FID 363 done, 152 downloads
2026-03-31 08:48:34,212 [INFO] Worker 1: FID 82 (57/65)
2026-03-31 08:49:05,013 [INFO] Worker 4: FID 89 done, 38 downloads
2026-03-31 08:49:05,013 [INFO] Worker 4: FID 61 (59/65)
2026-03-31 08:49:15,197 [INFO] Worker 5: FID 76 done, 62 downloads
2026-03-31 08:49:15,197 [INFO] Worker 5: FID 69 (50/64)
2026-03-31 08:49:44,359 [INFO] Worker 1: FID 82 done, 70 downloads
2026-03-31 08:49:44,359 [INFO] Worker 1: FID 332 (58/65)
2026-03-31 08:50:14,638 [INFO] Worker 2: FID 362 done, 140 downloads
2026-03-31 08:50:14,638 [INFO] Worker 2: FID 365 (56/65)
2026-03-31 08:50:28,250 [INFO] Worker 0: FID 137 done, 172 downloads
2026-03-31 08:50:28,250 [INFO] Worker 0: FID 3 (54/65)
2026-03-31 08:50:28,582 [INFO] Worker 4: FID 61 done, 84 downloads
2026-03-31 08:50:28,582 [INFO] Worker 4: FID 35 (60/65)
2026-03-31 08:51:18,129 [INFO] Worker 5: FID 69 done, 124 downloads
2026-03-31 08:51:18,129 [INFO] Worker 5: FID 265 (51/64)
2026-03-31 08:51:38,191 [INFO] Worker 3: FID 29 done, 240 downloads
2026-03-31 08:51:38,191 [INFO] Worker 3: FID 62 (60/65)
2026-03-31 08:51:53,314 [INFO] Worker 5: FID 265 done, 33 downloads
2026-03-31 08:51:53,314 [INFO] Worker 5: FID 388 (52/64)
2026-03-31 08:51:55,470 [INFO] Worker 1: FID 332 done, 132 downloads
2026-03-31 08:51:55,470 [INFO] Worker 1: FID 385 (59/65)
2026-03-31 08:51:55,489 [INFO] Worker 4: FID 35 done, 88 downloads
2026-03-31 08:51:55,490 [INFO] Worker 4: FID 14 (61/65)
2026-03-31 08:52:35,417 [INFO] Worker 4: FID 14 done, 39 downloads
2026-03-31 08:52:35,418 [INFO] Worker 4: FID 37 (62/65)
2026-03-31 08:53:01,008 [INFO] Worker 2: FID 365 done, 170 downloads
2026-03-31 08:53:01,009 [INFO] Worker 2: FID 84 (57/65)
2026-03-31 08:53:51,120 [INFO] Worker 5: FID 388 done, 114 downloads
2026-03-31 08:53:51,120 [INFO] Worker 5: FID 2 (53/64)
2026-03-31 08:54:38,045 [INFO] Worker 2: FID 84 done, 99 downloads
2026-03-31 08:54:38,046 [INFO] Worker 2: FID 346 (58/65)
2026-03-31 08:54:42,954 [INFO] Worker 0: FID 3 done, 259 downloads
2026-03-31 08:54:42,954 [INFO] Worker 0: FID 348 (55/65)
2026-03-31 08:55:14,190 [INFO] Worker 2: FID 346 done, 34 downloads
2026-03-31 08:55:14,191 [INFO] Worker 2: FID 28 (59/65)
2026-03-31 08:55:16,844 [INFO] Worker 0: FID 348 done, 33 downloads
2026-03-31 08:55:16,844 [INFO] Worker 0: FID 361 (56/65)
2026-03-31 08:56:36,282 [INFO] Worker 4: FID 37 done, 240 downloads
2026-03-31 08:56:36,282 [INFO] Worker 4: FID 24 (63/65)
2026-03-31 08:57:15,117 [INFO] Worker 4: FID 24 done, 39 downloads
2026-03-31 08:57:15,117 [INFO] Worker 4: FID 39 (64/65)
2026-03-31 08:57:38,854 [INFO] Worker 0: FID 361 done, 144 downloads
2026-03-31 08:57:38,854 [INFO] Worker 0: FID 81 (57/65)
2026-03-31 08:57:55,821 [INFO] Worker 2: FID 28 done, 164 downloads
2026-03-31 08:57:55,821 [INFO] Worker 2: FID 33 (60/65)
2026-03-31 08:58:50,164 [INFO] Worker 4: FID 39 done, 92 downloads
2026-03-31 08:58:50,164 [INFO] Worker 4: FID 44 (65/65)
2026-03-31 08:59:20,289 [INFO] Worker 3: FID 62 done, 468 downloads
2026-03-31 08:59:20,290 [INFO] Worker 3: FID 11 (61/65)
2026-03-31 08:59:54,369 [INFO] Worker 2: FID 33 done, 120 downloads
2026-03-31 08:59:54,371 [INFO] Worker 2: FID 355 (61/65)
2026-03-31 08:59:57,574 [INFO] Worker 0: FID 81 done, 140 downloads
2026-03-31 08:59:57,574 [INFO] Worker 0: FID 213 (58/65)
2026-03-31 09:00:35,158 [INFO] Worker 0: FID 213 done, 36 downloads
2026-03-31 09:00:35,158 [INFO] Worker 0: FID 58 (59/65)
2026-03-31 09:00:37,576 [INFO] Worker 1: FID 385 done, 532 downloads
2026-03-31 09:00:37,577 [INFO] Worker 1: FID 32 (60/65)
2026-03-31 09:00:43,369 [INFO] Worker 3: FID 11 done, 82 downloads
2026-03-31 09:00:43,370 [INFO] Worker 3: FID 19 (62/65)
2026-03-31 09:01:07,319 [INFO] Worker 2: FID 355 done, 74 downloads
2026-03-31 09:01:07,319 [INFO] Worker 2: FID 18 (62/65)
2026-03-31 09:01:08,864 [INFO] Worker 4: FID 44 done, 136 downloads
2026-03-31 09:01:08,871 [INFO] Worker 4: finished. 3870 total completed.
2026-03-31 09:01:22,487 [INFO] Worker 0: FID 58 done, 54 downloads
2026-03-31 09:01:22,487 [INFO] Worker 0: FID 31 (60/65)
2026-03-31 09:02:16,871 [INFO] Worker 2: FID 18 done, 72 downloads
2026-03-31 09:02:16,871 [INFO] Worker 2: FID 22 (63/65)
2026-03-31 09:02:42,472 [INFO] Worker 0: FID 31 done, 80 downloads
2026-03-31 09:02:42,472 [INFO] Worker 0: FID 12 (61/65)
2026-03-31 09:02:44,971 [INFO] Worker 1: FID 32 done, 126 downloads
2026-03-31 09:02:44,971 [INFO] Worker 1: FID 13 (61/65)
2026-03-31 09:03:40,012 [INFO] Worker 2: FID 22 done, 82 downloads
2026-03-31 09:03:40,012 [INFO] Worker 2: FID 334 (64/65)
2026-03-31 09:03:53,819 [INFO] Worker 1: FID 13 done, 72 downloads
2026-03-31 09:03:53,820 [INFO] Worker 1: FID 17 (62/65)
2026-03-31 09:04:19,598 [INFO] Worker 2: FID 334 done, 39 downloads
2026-03-31 09:04:19,598 [INFO] Worker 2: FID 42 (65/65)
2026-03-31 09:05:07,709 [INFO] Worker 2: FID 42 done, 47 downloads
2026-03-31 09:05:07,715 [INFO] Worker 2: finished. 4090 total completed.
2026-03-31 09:05:55,038 [INFO] Worker 3: FID 19 done, 315 downloads
2026-03-31 09:05:55,039 [INFO] Worker 3: FID 23 (63/65)
2026-03-31 09:05:55,890 [INFO] Worker 0: FID 12 done, 224 downloads
2026-03-31 09:05:55,890 [INFO] Worker 0: FID 16 (62/65)
2026-03-31 09:06:13,503 [INFO] Worker 1: FID 17 done, 144 downloads
2026-03-31 09:06:13,504 [INFO] Worker 1: FID 21 (63/65)
2026-03-31 09:06:37,967 [INFO] Worker 3: FID 23 done, 42 downloads
2026-03-31 09:06:37,967 [INFO] Worker 3: FID 63 (64/65)
2026-03-31 09:06:57,414 [INFO] Worker 1: FID 21 done, 38 downloads
2026-03-31 09:06:57,414 [INFO] Worker 1: FID 27 (64/65)
2026-03-31 09:07:53,527 [INFO] Worker 0: FID 16 done, 111 downloads
2026-03-31 09:07:53,527 [INFO] Worker 0: FID 20 (63/65)
2026-03-31 09:07:53,802 [INFO] Worker 5: FID 2 done, 850 downloads
2026-03-31 09:07:53,802 [INFO] Worker 5: FID 364 (54/64)
2026-03-31 09:08:35,367 [INFO] Worker 5: FID 364 done, 39 downloads
2026-03-31 09:08:35,367 [INFO] Worker 5: FID 368 (55/64)
2026-03-31 09:09:34,835 [INFO] Worker 1: FID 27 done, 160 downloads
2026-03-31 09:09:34,835 [INFO] Worker 1: FID 40 (65/65)
2026-03-31 09:09:54,732 [INFO] Worker 3: FID 63 done, 200 downloads
2026-03-31 09:09:54,732 [INFO] Worker 3: FID 43 (65/65)
2026-03-31 09:10:21,311 [INFO] Worker 0: FID 20 done, 148 downloads
2026-03-31 09:10:21,311 [INFO] Worker 0: FID 26 (64/65)
2026-03-31 09:10:23,666 [INFO] Worker 5: FID 368 done, 111 downloads
2026-03-31 09:10:23,667 [INFO] Worker 5: FID 85 (56/64)
2026-03-31 09:11:05,254 [INFO] Worker 0: FID 26 done, 43 downloads
2026-03-31 09:11:05,254 [INFO] Worker 0: FID 41 (65/65)
2026-03-31 09:12:28,070 [INFO] Worker 1: FID 40 done, 200 downloads
2026-03-31 09:12:28,077 [INFO] Worker 1: finished. 4554 total completed.
2026-03-31 09:12:52,125 [INFO] Worker 3: FID 43 done, 176 downloads
2026-03-31 09:12:52,133 [INFO] Worker 3: finished. 4562 total completed.
2026-03-31 09:12:58,900 [INFO] Worker 0: FID 41 done, 114 downloads
2026-03-31 09:12:58,908 [INFO] Worker 0: finished. 4576 total completed.
2026-03-31 09:14:12,873 [INFO] Worker 5: FID 85 done, 224 downloads
2026-03-31 09:14:12,873 [INFO] Worker 5: FID 88 (57/64)
2026-03-31 09:14:52,709 [INFO] Worker 5: FID 88 done, 38 downloads
2026-03-31 09:14:52,709 [INFO] Worker 5: FID 343 (58/64)
2026-03-31 09:16:01,229 [INFO] Worker 5: FID 343 done, 66 downloads
2026-03-31 09:16:01,230 [INFO] Worker 5: FID 30 (59/64)
2026-03-31 09:16:55,936 [INFO] Worker 5: FID 30 done, 62 downloads
2026-03-31 09:16:55,936 [INFO] Worker 5: FID 10 (60/64)
2026-03-31 09:18:18,068 [INFO] Worker 5: FID 10 done, 78 downloads
2026-03-31 09:18:18,068 [INFO] Worker 5: FID 15 (61/64)
2026-03-31 09:19:38,211 [INFO] Worker 5: FID 15 done, 78 downloads
2026-03-31 09:19:38,211 [INFO] Worker 5: FID 36 (62/64)
2026-03-31 09:20:19,047 [INFO] Worker 5: FID 36 done, 39 downloads
2026-03-31 09:20:19,047 [INFO] Worker 5: FID 25 (63/64)
2026-03-31 09:20:59,802 [INFO] Worker 5: FID 25 done, 40 downloads
2026-03-31 09:20:59,803 [INFO] Worker 5: FID 360 (64/64)
2026-03-31 09:22:31,558 [INFO] Worker 5: FID 360 done, 88 downloads
2026-03-31 09:22:31,567 [INFO] Worker 5: finished. 5127 total completed.
2026-03-31 09:22:31,635 [INFO] All workers finished. 26779 total completed downloads.
2026-03-31 09:22:31,635 [INFO] Output: /share/home/e2406749/thesis_tiles_v3
2026-04-10 22:22:06,106 [INFO] Parsing CSVs from: /share/home/e2406749/thesis_scripts/data_csv
2026-04-10 22:22:06,106 [INFO] Products: ['s2_l2a', 's2_l1c', 's1_grd', 's1_rtc']
2026-04-10 22:22:06,107 [WARNING] CSV not found, skipping: /share/home/e2406749/thesis_scripts/data_csv/v1_images_s2_s1.csv
2026-04-10 22:22:06,107 [WARNING] CSV not found, skipping: /share/home/e2406749/thesis_scripts/data_csv/v2_images_s2_s1.csv
2026-04-10 22:22:06,107 [WARNING] CSV not found, skipping: /share/home/e2406749/thesis_scripts/data_csv/v3_images_s2_s1.csv
2026-04-10 22:22:06,107 [INFO] Merged: 0 FIDs, 0 unique (fid, image, window) pairs
2026-04-10 22:25:01,243 [INFO] Parsing CSVs from: /share/castor/home/e2406749/tropical_forest_disturbance/data_csv
2026-04-10 22:25:01,243 [INFO] Products: ['s2_l2a', 's2_l1c', 's1_grd', 's1_rtc']
2026-04-10 22:25:01,273 [INFO] Parsed v1_images_s2_s1.csv: 389 rows
2026-04-10 22:25:01,287 [INFO] Parsed v2_images_s2_s1.csv: 389 rows
2026-04-10 22:25:01,300 [INFO] Parsed v3_images_s2_s1.csv: 389 rows
2026-04-10 22:25:01,302 [INFO] Merged: 389 FIDs, 12856 unique (fid, image, window) pairs
2026-04-10 22:25:01,302 [INFO] Sampled 19 FIDs (5.0%)
2026-04-10 22:25:01,303 [INFO] Initializing Google Earth Engine...
2026-04-10 22:31:21,924 [INFO] Parsing CSVs from: /share/castor/home/e2406749/tropical_forest_disturbance/data_csv
2026-04-10 22:31:21,924 [INFO] Products: ['s2_l2a', 's2_l1c', 's1_grd', 's1_rtc']
2026-04-10 22:31:21,955 [INFO] Parsed v1_images_s2_s1.csv: 389 rows
2026-04-10 22:31:21,969 [INFO] Parsed v2_images_s2_s1.csv: 389 rows
2026-04-10 22:31:21,982 [INFO] Parsed v3_images_s2_s1.csv: 389 rows
2026-04-10 22:31:21,984 [INFO] Merged: 389 FIDs, 12856 unique (fid, image, window) pairs
2026-04-10 22:31:21,985 [INFO] Sampled 19 FIDs (5.0%)
2026-04-10 22:31:21,985 [INFO] Initializing Google Earth Engine...
2026-04-10 22:31:24,323 [INFO] DRY RUN: 19 FIDs
2026-04-10 22:31:24,323 [INFO]   Products requested: ['s2_l2a', 's2_l1c', 's1_grd', 's1_rtc']
2026-04-10 22:31:24,323 [INFO]   s2_l2a: ~354 downloads (~5.3 GB)
2026-04-10 22:31:24,323 [INFO]   s2_l1c: ~354 downloads (~5.3 GB)
2026-04-10 22:31:24,323 [INFO]   s1_grd: ~347 downloads (~0.7 GB)
2026-04-10 22:31:24,323 [INFO]   s1_rtc: ~347 downloads (~0.7 GB)
2026-04-10 22:31:24,323 [INFO]   TOTAL new downloads: ~1402
2026-04-10 22:31:24,323 [INFO]   Already completed: 0
2026-04-10 22:32:40,879 [INFO] Parsing CSVs from: /share/castor/home/e2406749/tropical_forest_disturbance/data_csv
2026-04-10 22:32:40,879 [INFO] Products: ['s2_l2a', 's2_l1c', 's1_grd', 's1_rtc']
2026-04-10 22:32:40,909 [INFO] Parsed v1_images_s2_s1.csv: 389 rows
2026-04-10 22:32:40,923 [INFO] Parsed v2_images_s2_s1.csv: 389 rows
2026-04-10 22:32:40,937 [INFO] Parsed v3_images_s2_s1.csv: 389 rows
2026-04-10 22:32:40,939 [INFO] Merged: 389 FIDs, 12856 unique (fid, image, window) pairs
2026-04-10 22:32:40,940 [INFO] Sampled 19 FIDs (5.0%)
2026-04-10 22:32:40,940 [INFO] Launching 4 parallel workers for 19 FIDs
2026-04-10 22:32:40,940 [INFO]   Worker 0: 5 FIDs
2026-04-10 22:32:40,940 [INFO]   Worker 1: 5 FIDs
2026-04-10 22:32:40,940 [INFO]   Worker 2: 5 FIDs
2026-04-10 22:32:40,940 [INFO]   Worker 3: 4 FIDs
2026-04-10 22:32:40,963 [INFO] Worker 0: starting with 5 FIDs, products: ['s2_l2a', 's2_l1c', 's1_grd', 's1_rtc']
2026-04-10 22:32:40,963 [INFO] Worker 1: starting with 5 FIDs, products: ['s2_l2a', 's2_l1c', 's1_grd', 's1_rtc']
2026-04-10 22:32:40,964 [INFO] Worker 2: starting with 5 FIDs, products: ['s2_l2a', 's2_l1c', 's1_grd', 's1_rtc']
2026-04-10 22:32:40,964 [INFO] Worker 3: starting with 4 FIDs, products: ['s2_l2a', 's2_l1c', 's1_grd', 's1_rtc']
2026-04-10 22:32:42,216 [INFO] Worker 1: FID 84 (1/5)
2026-04-10 22:32:42,666 [INFO] Worker 0: FID 297 (1/5)
2026-04-10 22:32:42,744 [INFO] Worker 2: FID 143 (1/5)
2026-04-10 22:32:43,007 [INFO] Worker 3: FID 78 (1/4)
2026-04-10 22:32:58,201 [WARNING] GEE error (attempt 1/5): Image.load: Image asset 'COPERNICUS/S1_RTC/S1A_IW_GRDH_1SDV_20230310T094935_20230310T095000_047580_05B6BD_B228' not found (does not exist or caller does not have access).
2026-04-10 22:33:00,417 [WARNING] GEE error (attempt 2/5): Image.load: Image asset 'COPERNICUS/S1_RTC/S1A_IW_GRDH_1SDV_20230310T094935_20230310T095000_047580_05B6BD_B228' not found (does not exist or caller does not have access).
2026-04-10 22:33:05,235 [WARNING] GEE error (attempt 3/5): Image.load: Image asset 'COPERNICUS/S1_RTC/S1A_IW_GRDH_1SDV_20230310T094935_20230310T095000_047580_05B6BD_B228' not found (does not exist or caller does not have access).
2026-04-10 22:33:13,472 [WARNING] GEE error (attempt 4/5): Image.load: Image asset 'COPERNICUS/S1_RTC/S1A_IW_GRDH_1SDV_20230310T094935_20230310T095000_047580_05B6BD_B228' not found (does not exist or caller does not have access).
2026-04-10 22:33:30,277 [WARNING] GEE error (attempt 5/5): Image.load: Image asset 'COPERNICUS/S1_RTC/S1A_IW_GRDH_1SDV_20230310T094935_20230310T095000_047580_05B6BD_B228' not found (does not exist or caller does not have access).
2026-04-10 22:33:47,090 [WARNING] GEE error (attempt 1/5): Image.load: Image asset 'COPERNICUS/S1_RTC/S1A_IW_GRDH_1SDV_20230614T094938_20230614T095003_048980_05E3E7_B37E' not found (does not exist or caller does not have access).
2026-04-10 22:33:49,290 [WARNING] GEE error (attempt 2/5): Image.load: Image asset 'COPERNICUS/S1_RTC/S1A_IW_GRDH_1SDV_20230614T094938_20230614T095003_048980_05E3E7_B37E' not found (does not exist or caller does not have access).
2026-04-10 22:33:53,427 [WARNING] GEE error (attempt 3/5): Image.load: Image asset 'COPERNICUS/S1_RTC/S1A_IW_GRDH_1SDV_20230614T094938_20230614T095003_048980_05E3E7_B37E' not found (does not exist or caller does not have access).
2026-04-10 22:34:01,611 [WARNING] GEE error (attempt 4/5): Image.load: Image asset 'COPERNICUS/S1_RTC/S1A_IW_GRDH_1SDV_20230614T094938_20230614T095003_048980_05E3E7_B37E' not found (does not exist or caller does not have access).
2026-04-10 22:34:02,278 [ERROR] Failed after 5 attempts: /share/home/e2406749/thesis_tiles/s1_rtc/fid_143/evt/S1A_IW_GRDH_1SDV_20230310T094935_20230310T095000_047580_05B6BD_B228/tile_0.tif
2026-04-10 22:34:04,900 [WARNING] GEE error (attempt 1/5): Image.load: Image asset 'COPERNICUS/S1_RTC/S1A_IW_GRDH_1SDV_20230109T094936_20230109T095001_046705_05993A_763B' not found (does not exist or caller does not have access).
2026-04-10 22:34:07,621 [WARNING] GEE error (attempt 2/5): Image.load: Image asset 'COPERNICUS/S1_RTC/S1A_IW_GRDH_1SDV_20230109T094936_20230109T095001_046705_05993A_763B' not found (does not exist or caller does not have access).
2026-04-10 22:34:11,799 [WARNING] GEE error (attempt 3/5): Image.load: Image asset 'COPERNICUS/S1_RTC/S1A_IW_GRDH_1SDV_20230109T094936_20230109T095001_046705_05993A_763B' not found (does not exist or caller does not have access).
2026-04-10 22:34:17,841 [WARNING] GEE error (attempt 5/5): Image.load: Image asset 'COPERNICUS/S1_RTC/S1A_IW_GRDH_1SDV_20230614T094938_20230614T095003_048980_05E3E7_B37E' not found (does not exist or caller does not have access).
2026-04-10 22:34:19,967 [WARNING] GEE error (attempt 4/5): Image.load: Image asset 'COPERNICUS/S1_RTC/S1A_IW_GRDH_1SDV_20230109T094936_20230109T095001_046705_05993A_763B' not found (does not exist or caller does not have access).
2026-04-10 22:34:21,890 [WARNING] GEE error (attempt 1/5): Image.load: Image asset 'COPERNICUS/S1_RTC/S1A_IW_GRDH_1SDV_20230906T094943_20230906T095008_050205_060AF4_E713' not found (does not exist or caller does not have access).
2026-04-10 22:34:24,112 [WARNING] GEE error (attempt 2/5): Image.load: Image asset 'COPERNICUS/S1_RTC/S1A_IW_GRDH_1SDV_20230906T094943_20230906T095008_050205_060AF4_E713' not found (does not exist or caller does not have access).
2026-04-10 22:34:28,334 [WARNING] GEE error (attempt 3/5): Image.load: Image asset 'COPERNICUS/S1_RTC/S1A_IW_GRDH_1SDV_20230906T094943_20230906T095008_050205_060AF4_E713' not found (does not exist or caller does not have access).
2026-04-10 22:34:36,190 [WARNING] GEE error (attempt 5/5): Image.load: Image asset 'COPERNICUS/S1_RTC/S1A_IW_GRDH_1SDV_20230109T094936_20230109T095001_046705_05993A_763B' not found (does not exist or caller does not have access).
2026-04-10 22:34:36,508 [WARNING] GEE error (attempt 4/5): Image.load: Image asset 'COPERNICUS/S1_RTC/S1A_IW_GRDH_1SDV_20230906T094943_20230906T095008_050205_060AF4_E713' not found (does not exist or caller does not have access).
2026-04-10 22:34:49,842 [ERROR] Failed after 5 attempts: /share/home/e2406749/thesis_tiles/s1_rtc/fid_297/evt/S1A_IW_GRDH_1SDV_20230614T094938_20230614T095003_048980_05E3E7_B37E/tile_0.tif
2026-04-10 22:34:52,211 [WARNING] GEE error (attempt 1/5): Image.load: Image asset 'COPERNICUS/S1_RTC/S1A_IW_GRDH_1SDV_20230109T094936_20230109T095001_046705_05993A_763B' not found (does not exist or caller does not have access).
2026-04-10 22:34:52,710 [WARNING] GEE error (attempt 5/5): Image.load: Image asset 'COPERNICUS/S1_RTC/S1A_IW_GRDH_1SDV_20230906T094943_20230906T095008_050205_060AF4_E713' not found (does not exist or caller does not have access).
2026-04-10 22:34:54,404 [WARNING] GEE error (attempt 2/5): Image.load: Image asset 'COPERNICUS/S1_RTC/S1A_IW_GRDH_1SDV_20230109T094936_20230109T095001_046705_05993A_763B' not found (does not exist or caller does not have access).
2026-04-10 22:34:58,593 [WARNING] GEE error (attempt 3/5): Image.load: Image asset 'COPERNICUS/S1_RTC/S1A_IW_GRDH_1SDV_20230109T094936_20230109T095001_046705_05993A_763B' not found (does not exist or caller does not have access).
2026-04-10 22:35:06,833 [WARNING] GEE error (attempt 4/5): Image.load: Image asset 'COPERNICUS/S1_RTC/S1A_IW_GRDH_1SDV_20230109T094936_20230109T095001_046705_05993A_763B' not found (does not exist or caller does not have access).
2026-04-10 22:35:08,191 [ERROR] Failed after 5 attempts: /share/home/e2406749/thesis_tiles/s1_rtc/fid_143/bef/S1A_IW_GRDH_1SDV_20230109T094936_20230109T095001_046705_05993A_763B/tile_0.tif
2026-04-10 22:35:10,431 [WARNING] GEE error (attempt 1/5): Image.load: Image asset 'COPERNICUS/S1_RTC/S1A_IW_GRDH_1SDV_20230121T094935_20230121T095000_046880_059F24_7A3A' not found (does not exist or caller does not have access).
2026-04-10 22:35:12,612 [WARNING] GEE error (attempt 2/5): Image.load: Image asset 'COPERNICUS/S1_RTC/S1A_IW_GRDH_1SDV_20230121T094935_20230121T095000_046880_059F24_7A3A' not found (does not exist or caller does not have access).
2026-04-10 22:35:16,798 [WARNING] GEE error (attempt 3/5): Image.load: Image asset 'COPERNICUS/S1_RTC/S1A_IW_GRDH_1SDV_20230121T094935_20230121T095000_046880_059F24_7A3A' not found (does not exist or caller does not have access).
2026-04-10 22:35:23,026 [WARNING] GEE error (attempt 5/5): Image.load: Image asset 'COPERNICUS/S1_RTC/S1A_IW_GRDH_1SDV_20230109T094936_20230109T095001_046705_05993A_763B' not found (does not exist or caller does not have access).
2026-04-10 22:35:24,710 [ERROR] Failed after 5 attempts: /share/home/e2406749/thesis_tiles/s1_rtc/fid_84/evt/S1A_IW_GRDH_1SDV_20230906T094943_20230906T095008_050205_060AF4_E713/tile_0.tif
2026-04-10 22:35:25,042 [WARNING] GEE error (attempt 4/5): Image.load: Image asset 'COPERNICUS/S1_RTC/S1A_IW_GRDH_1SDV_20230121T094935_20230121T095000_046880_059F24_7A3A' not found (does not exist or caller does not have access).
2026-04-10 22:35:26,943 [WARNING] GEE error (attempt 1/5): Image.load: Image asset 'COPERNICUS/S1_RTC/S1A_IW_GRDH_1SDV_20230109T094936_20230109T095001_046705_05993A_763B' not found (does not exist or caller does not have access).
2026-04-10 22:35:29,132 [WARNING] GEE error (attempt 2/5): Image.load: Image asset 'COPERNICUS/S1_RTC/S1A_IW_GRDH_1SDV_20230109T094936_20230109T095001_046705_05993A_763B' not found (does not exist or caller does not have access).
2026-04-10 22:35:33,294 [WARNING] GEE error (attempt 3/5): Image.load: Image asset 'COPERNICUS/S1_RTC/S1A_IW_GRDH_1SDV_20230109T094936_20230109T095001_046705_05993A_763B' not found (does not exist or caller does not have access).
2026-04-10 22:35:41,272 [WARNING] GEE error (attempt 5/5): Image.load: Image asset 'COPERNICUS/S1_RTC/S1A_IW_GRDH_1SDV_20230121T094935_20230121T095000_046880_059F24_7A3A' not found (does not exist or caller does not have access).
2026-04-10 22:35:41,523 [WARNING] GEE error (attempt 4/5): Image.load: Image asset 'COPERNICUS/S1_RTC/S1A_IW_GRDH_1SDV_20230109T094936_20230109T095001_046705_05993A_763B' not found (does not exist or caller does not have access).
2026-04-10 22:35:55,027 [ERROR] Failed after 5 attempts: /share/home/e2406749/thesis_tiles/s1_rtc/fid_297/bef/S1A_IW_GRDH_1SDV_20230109T094936_20230109T095001_046705_05993A_763B/tile_0.tif
2026-04-10 22:35:57,217 [WARNING] GEE error (attempt 1/5): Image.load: Image asset 'COPERNICUS/S1_RTC/S1A_IW_GRDH_1SDV_20230121T094935_20230121T095000_046880_059F24_7A3A' not found (does not exist or caller does not have access).
2026-04-10 22:35:57,670 [WARNING] GEE error (attempt 5/5): Image.load: Image asset 'COPERNICUS/S1_RTC/S1A_IW_GRDH_1SDV_20230109T094936_20230109T095001_046705_05993A_763B' not found (does not exist or caller does not have access).
2026-04-10 22:35:59,407 [WARNING] GEE error (attempt 2/5): Image.load: Image asset 'COPERNICUS/S1_RTC/S1A_IW_GRDH_1SDV_20230121T094935_20230121T095000_046880_059F24_7A3A' not found (does not exist or caller does not have access).
2026-04-10 22:36:03,616 [WARNING] GEE error (attempt 3/5): Image.load: Image asset 'COPERNICUS/S1_RTC/S1A_IW_GRDH_1SDV_20230121T094935_20230121T095000_046880_059F24_7A3A' not found (does not exist or caller does not have access).
2026-04-10 22:36:03,870 [WARNING] GEE error (attempt 1/5): Image.load: Image asset 'COPERNICUS/S1_RTC/S1A_IW_GRDH_1SDV_20230906T094918_20230906T094943_050205_060AF4_C05C' not found (does not exist or caller does not have access).
2026-04-10 22:36:06,444 [WARNING] GEE error (attempt 2/5): Image.load: Image asset 'COPERNICUS/S1_RTC/S1A_IW_GRDH_1SDV_20230906T094918_20230906T094943_050205_060AF4_C05C' not found (does not exist or caller does not have access).
2026-04-10 22:36:10,631 [WARNING] GEE error (attempt 3/5): Image.load: Image asset 'COPERNICUS/S1_RTC/S1A_IW_GRDH_1SDV_20230906T094918_20230906T094943_050205_060AF4_C05C' not found (does not exist or caller does not have access).
2026-04-10 22:36:11,790 [WARNING] GEE error (attempt 4/5): Image.load: Image asset 'COPERNICUS/S1_RTC/S1A_IW_GRDH_1SDV_20230121T094935_20230121T095000_046880_059F24_7A3A' not found (does not exist or caller does not have access).
2026-04-10 22:36:13,272 [ERROR] Failed after 5 attempts: /share/home/e2406749/thesis_tiles/s1_rtc/fid_143/bef/S1A_IW_GRDH_1SDV_20230121T094935_20230121T095000_046880_059F24_7A3A/tile_0.tif
2026-04-10 22:36:15,320 [WARNING] GEE error (attempt 1/5): Image.load: Image asset 'COPERNICUS/S1_RTC/S1A_IW_GRDH_1SDV_20230214T094935_20230214T095000_047230_05AAD4_443E' not found (does not exist or caller does not have access).
2026-04-10 22:36:17,514 [WARNING] GEE error (attempt 2/5): Image.load: Image asset 'COPERNICUS/S1_RTC/S1A_IW_GRDH_1SDV_20230214T094935_20230214T095000_047230_05AAD4_443E' not found (does not exist or caller does not have access).
2026-04-10 22:36:19,122 [WARNING] GEE error (attempt 4/5): Image.load: Image asset 'COPERNICUS/S1_RTC/S1A_IW_GRDH_1SDV_20230906T094918_20230906T094943_050205_060AF4_C05C' not found (does not exist or caller does not have access).
2026-04-10 22:36:21,695 [WARNING] GEE error (attempt 3/5): Image.load: Image asset 'COPERNICUS/S1_RTC/S1A_IW_GRDH_1SDV_20230214T094935_20230214T095000_047230_05AAD4_443E' not found (does not exist or caller does not have access).
2026-04-10 22:36:28,051 [WARNING] GEE error (attempt 5/5): Image.load: Image asset 'COPERNICUS/S1_RTC/S1A_IW_GRDH_1SDV_20230121T094935_20230121T095000_046880_059F24_7A3A' not found (does not exist or caller does not have access).
2026-04-10 22:36:29,670 [ERROR] Failed after 5 attempts: /share/home/e2406749/thesis_tiles/s1_rtc/fid_84/bef/S1A_IW_GRDH_1SDV_20230109T094936_20230109T095001_046705_05993A_763B/tile_0.tif
2026-04-10 22:36:30,438 [WARNING] GEE error (attempt 4/5): Image.load: Image asset 'COPERNICUS/S1_RTC/S1A_IW_GRDH_1SDV_20230214T094935_20230214T095000_047230_05AAD4_443E' not found (does not exist or caller does not have access).
2026-04-10 22:36:32,436 [WARNING] GEE error (attempt 1/5): Image.load: Image asset 'COPERNICUS/S1_RTC/S1A_IW_GRDH_1SDV_20230121T094935_20230121T095000_046880_059F24_7A3A' not found (does not exist or caller does not have access).
2026-04-10 22:36:34,667 [WARNING] GEE error (attempt 2/5): Image.load: Image asset 'COPERNICUS/S1_RTC/S1A_IW_GRDH_1SDV_20230121T094935_20230121T095000_046880_059F24_7A3A' not found (does not exist or caller does not have access).
2026-04-10 22:36:35,287 [WARNING] GEE error (attempt 5/5): Image.load: Image asset 'COPERNICUS/S1_RTC/S1A_IW_GRDH_1SDV_20230906T094918_20230906T094943_050205_060AF4_C05C' not found (does not exist or caller does not have access).
2026-04-10 22:36:38,872 [WARNING] GEE error (attempt 3/5): Image.load: Image asset 'COPERNICUS/S1_RTC/S1A_IW_GRDH_1SDV_20230121T094935_20230121T095000_046880_059F24_7A3A' not found (does not exist or caller does not have access).
2026-04-10 22:36:46,657 [WARNING] GEE error (attempt 5/5): Image.load: Image asset 'COPERNICUS/S1_RTC/S1A_IW_GRDH_1SDV_20230214T094935_20230214T095000_047230_05AAD4_443E' not found (does not exist or caller does not have access).
2026-04-10 22:36:47,067 [WARNING] GEE error (attempt 4/5): Image.load: Image asset 'COPERNICUS/S1_RTC/S1A_IW_GRDH_1SDV_20230121T094935_20230121T095000_046880_059F24_7A3A' not found (does not exist or caller does not have access).
2026-04-10 22:37:00,052 [ERROR] Failed after 5 attempts: /share/home/e2406749/thesis_tiles/s1_rtc/fid_297/bef/S1A_IW_GRDH_1SDV_20230121T094935_20230121T095000_046880_059F24_7A3A/tile_0.tif
2026-04-10 22:37:02,444 [WARNING] GEE error (attempt 1/5): Image.load: Image asset 'COPERNICUS/S1_RTC/S1A_IW_GRDH_1SDV_20230214T094935_20230214T095000_047230_05AAD4_443E' not found (does not exist or caller does not have access).
2026-04-10 22:37:03,280 [WARNING] GEE error (attempt 5/5): Image.load: Image asset 'COPERNICUS/S1_RTC/S1A_IW_GRDH_1SDV_20230121T094935_20230121T095000_046880_059F24_7A3A' not found (does not exist or caller does not have access).
2026-04-10 22:37:04,676 [WARNING] GEE error (attempt 2/5): Image.load: Image asset 'COPERNICUS/S1_RTC/S1A_IW_GRDH_1SDV_20230214T094935_20230214T095000_047230_05AAD4_443E' not found (does not exist or caller does not have access).
2026-04-10 22:37:07,287 [ERROR] Failed after 5 attempts: /share/home/e2406749/thesis_tiles/s1_rtc/fid_78/evt/S1A_IW_GRDH_1SDV_20230906T094918_20230906T094943_050205_060AF4_C05C/tile_0.tif
2026-04-10 22:37:08,900 [WARNING] GEE error (attempt 3/5): Image.load: Image asset 'COPERNICUS/S1_RTC/S1A_IW_GRDH_1SDV_20230214T094935_20230214T095000_047230_05AAD4_443E' not found (does not exist or caller does not have access).
2026-04-10 22:37:09,932 [WARNING] GEE error (attempt 1/5): Image.load: Image asset 'COPERNICUS/S1_RTC/S1A_IW_GRDH_1SDV_20230109T094911_20230109T094936_046705_05993A_671C' not found (does not exist or caller does not have access).
2026-04-10 22:37:12,154 [WARNING] GEE error (attempt 2/5): Image.load: Image asset 'COPERNICUS/S1_RTC/S1A_IW_GRDH_1SDV_20230109T094911_20230109T094936_046705_05993A_671C' not found (does not exist or caller does not have access).
2026-04-10 22:37:16,421 [WARNING] GEE error (attempt 3/5): Image.load: Image asset 'COPERNICUS/S1_RTC/S1A_IW_GRDH_1SDV_20230109T094911_20230109T094936_046705_05993A_671C' not found (does not exist or caller does not have access).
2026-04-10 22:37:17,134 [WARNING] GEE error (attempt 4/5): Image.load: Image asset 'COPERNICUS/S1_RTC/S1A_IW_GRDH_1SDV_20230214T094935_20230214T095000_047230_05AAD4_443E' not found (does not exist or caller does not have access).
2026-04-10 22:37:18,657 [ERROR] Failed after 5 attempts: /share/home/e2406749/thesis_tiles/s1_rtc/fid_143/bef/S1A_IW_GRDH_1SDV_20230214T094935_20230214T095000_047230_05AAD4_443E/tile_0.tif
2026-04-10 22:37:20,886 [WARNING] GEE error (attempt 1/5): Image.load: Image asset 'COPERNICUS/S1_RTC/S1A_IW_GRDH_1SDV_20230226T094935_20230226T095000_047405_05B0D3_E8BA' not found (does not exist or caller does not have access).
2026-04-10 22:37:23,674 [WARNING] GEE error (attempt 2/5): Image.load: Image asset 'COPERNICUS/S1_RTC/S1A_IW_GRDH_1SDV_20230226T094935_20230226T095000_047405_05B0D3_E8BA' not found (does not exist or caller does not have access).
2026-04-10 22:37:24,638 [WARNING] GEE error (attempt 4/5): Image.load: Image asset 'COPERNICUS/S1_RTC/S1A_IW_GRDH_1SDV_20230109T094911_20230109T094936_046705_05993A_671C' not found (does not exist or caller does not have access).
2026-04-10 22:37:28,371 [WARNING] GEE error (attempt 3/5): Image.load: Image asset 'COPERNICUS/S1_RTC/S1A_IW_GRDH_1SDV_20230226T094935_20230226T095000_047405_05B0D3_E8BA' not found (does not exist or caller does not have access).
2026-04-10 22:37:33,875 [WARNING] GEE error (attempt 5/5): Image.load: Image asset 'COPERNICUS/S1_RTC/S1A_IW_GRDH_1SDV_20230214T094935_20230214T095000_047230_05AAD4_443E' not found (does not exist or caller does not have access).
2026-04-10 22:37:35,280 [ERROR] Failed after 5 attempts: /share/home/e2406749/thesis_tiles/s1_rtc/fid_84/bef/S1A_IW_GRDH_1SDV_20230121T094935_20230121T095000_046880_059F24_7A3A/tile_0.tif
2026-04-10 22:37:36,556 [WARNING] GEE error (attempt 4/5): Image.load: Image asset 'COPERNICUS/S1_RTC/S1A_IW_GRDH_1SDV_20230226T094935_20230226T095000_047405_05B0D3_E8BA' not found (does not exist or caller does not have access).
2026-04-10 22:37:37,658 [WARNING] GEE error (attempt 1/5): Image.load: Image asset 'COPERNICUS/S1_RTC/S1A_IW_GRDH_1SDV_20230214T094935_20230214T095000_047230_05AAD4_443E' not found (does not exist or caller does not have access).
2026-04-10 22:37:39,850 [WARNING] GEE error (attempt 2/5): Image.load: Image asset 'COPERNICUS/S1_RTC/S1A_IW_GRDH_1SDV_20230214T094935_20230214T095000_047230_05AAD4_443E' not found (does not exist or caller does not have access).
2026-04-10 22:37:40,806 [WARNING] GEE error (attempt 5/5): Image.load: Image asset 'COPERNICUS/S1_RTC/S1A_IW_GRDH_1SDV_20230109T094911_20230109T094936_046705_05993A_671C' not found (does not exist or caller does not have access).
2026-04-10 22:37:44,066 [WARNING] GEE error (attempt 3/5): Image.load: Image asset 'COPERNICUS/S1_RTC/S1A_IW_GRDH_1SDV_20230214T094935_20230214T095000_047230_05AAD4_443E' not found (does not exist or caller does not have access).
2026-04-10 22:37:52,305 [WARNING] GEE error (attempt 4/5): Image.load: Image asset 'COPERNICUS/S1_RTC/S1A_IW_GRDH_1SDV_20230214T094935_20230214T095000_047230_05AAD4_443E' not found (does not exist or caller does not have access).
2026-04-10 22:37:53,308 [WARNING] GEE error (attempt 5/5): Image.load: Image asset 'COPERNICUS/S1_RTC/S1A_IW_GRDH_1SDV_20230226T094935_20230226T095000_047405_05B0D3_E8BA' not found (does not exist or caller does not have access).
2026-04-10 22:38:05,875 [ERROR] Failed after 5 attempts: /share/home/e2406749/thesis_tiles/s1_rtc/fid_297/bef/S1A_IW_GRDH_1SDV_20230214T094935_20230214T095000_047230_05AAD4_443E/tile_0.tif
2026-04-10 22:38:08,555 [WARNING] GEE error (attempt 5/5): Image.load: Image asset 'COPERNICUS/S1_RTC/S1A_IW_GRDH_1SDV_20230214T094935_20230214T095000_047230_05AAD4_443E' not found (does not exist or caller does not have access).
2026-04-10 22:38:08,789 [WARNING] GEE error (attempt 1/5): Image.load: Image asset 'COPERNICUS/S1_RTC/S1A_IW_GRDH_1SDV_20230226T094935_20230226T095000_047405_05B0D3_E8BA' not found (does not exist or caller does not have access).
2026-04-10 22:38:11,036 [WARNING] GEE error (attempt 2/5): Image.load: Image asset 'COPERNICUS/S1_RTC/S1A_IW_GRDH_1SDV_20230226T094935_20230226T095000_047405_05B0D3_E8BA' not found (does not exist or caller does not have access).
2026-04-10 22:38:12,806 [ERROR] Failed after 5 attempts: /share/home/e2406749/thesis_tiles/s1_rtc/fid_78/bef/S1A_IW_GRDH_1SDV_20230109T094911_20230109T094936_046705_05993A_671C/tile_0.tif
2026-04-10 22:38:15,128 [WARNING] GEE error (attempt 1/5): Image.load: Image asset 'COPERNICUS/S1_RTC/S1A_IW_GRDH_1SDV_20230121T094910_20230121T094935_046880_059F24_ED7C' not found (does not exist or caller does not have access).
2026-04-10 22:38:15,256 [WARNING] GEE error (attempt 3/5): Image.load: Image asset 'COPERNICUS/S1_RTC/S1A_IW_GRDH_1SDV_20230226T094935_20230226T095000_047405_05B0D3_E8BA' not found (does not exist or caller does not have access).
2026-04-10 22:38:17,323 [WARNING] GEE error (attempt 2/5): Image.load: Image asset 'COPERNICUS/S1_RTC/S1A_IW_GRDH_1SDV_20230121T094910_20230121T094935_046880_059F24_ED7C' not found (does not exist or caller does not have access).
2026-04-10 22:38:21,512 [WARNING] GEE error (attempt 3/5): Image.load: Image asset 'COPERNICUS/S1_RTC/S1A_IW_GRDH_1SDV_20230121T094910_20230121T094935_046880_059F24_ED7C' not found (does not exist or caller does not have access).
2026-04-10 22:38:23,511 [WARNING] GEE error (attempt 4/5): Image.load: Image asset 'COPERNICUS/S1_RTC/S1A_IW_GRDH_1SDV_20230226T094935_20230226T095000_047405_05B0D3_E8BA' not found (does not exist or caller does not have access).
2026-04-10 22:38:25,309 [ERROR] Failed after 5 attempts: /share/home/e2406749/thesis_tiles/s1_rtc/fid_143/bef/S1A_IW_GRDH_1SDV_20230226T094935_20230226T095000_047405_05B0D3_E8BA/tile_0.tif
2026-04-10 22:38:25,309 [INFO] Worker 2: FID 143 done, 9 downloads
2026-04-10 22:38:25,311 [INFO] Worker 2: FID 195 (2/5)
2026-04-10 22:38:29,666 [WARNING] GEE error (attempt 4/5): Image.load: Image asset 'COPERNICUS/S1_RTC/S1A_IW_GRDH_1SDV_20230121T094910_20230121T094935_046880_059F24_ED7C' not found (does not exist or caller does not have access).
2026-04-10 22:38:39,736 [WARNING] GEE error (attempt 5/5): Image.load: Image asset 'COPERNICUS/S1_RTC/S1A_IW_GRDH_1SDV_20230226T094935_20230226T095000_047405_05B0D3_E8BA' not found (does not exist or caller does not have access).
2026-04-10 22:38:40,555 [ERROR] Failed after 5 attempts: /share/home/e2406749/thesis_tiles/s1_rtc/fid_84/bef/S1A_IW_GRDH_1SDV_20230214T094935_20230214T095000_047230_05AAD4_443E/tile_0.tif
2026-04-10 22:38:42,686 [WARNING] GEE error (attempt 1/5): Image.load: Image asset 'COPERNICUS/S1_RTC/S1A_IW_GRDH_1SDV_20230226T094935_20230226T095000_047405_05B0D3_E8BA' not found (does not exist or caller does not have access).
2026-04-10 22:38:44,843 [WARNING] GEE error (attempt 2/5): Image.load: Image asset 'COPERNICUS/S1_RTC/S1A_IW_GRDH_1SDV_20230226T094935_20230226T095000_047405_05B0D3_E8BA' not found (does not exist or caller does not have access).
2026-04-10 22:38:46,010 [WARNING] GEE error (attempt 5/5): Image.load: Image asset 'COPERNICUS/S1_RTC/S1A_IW_GRDH_1SDV_20230121T094910_20230121T094935_046880_059F24_ED7C' not found (does not exist or caller does not have access).
2026-04-10 22:38:49,065 [WARNING] GEE error (attempt 3/5): Image.load: Image asset 'COPERNICUS/S1_RTC/S1A_IW_GRDH_1SDV_20230226T094935_20230226T095000_047405_05B0D3_E8BA' not found (does not exist or caller does not have access).
2026-04-10 22:38:57,324 [WARNING] GEE error (attempt 4/5): Image.load: Image asset 'COPERNICUS/S1_RTC/S1A_IW_GRDH_1SDV_20230226T094935_20230226T095000_047405_05B0D3_E8BA' not found (does not exist or caller does not have access).
2026-04-10 22:39:11,736 [ERROR] Failed after 5 attempts: /share/home/e2406749/thesis_tiles/s1_rtc/fid_297/bef/S1A_IW_GRDH_1SDV_20230226T094935_20230226T095000_047405_05B0D3_E8BA/tile_0.tif
2026-04-10 22:39:13,542 [WARNING] GEE error (attempt 5/5): Image.load: Image asset 'COPERNICUS/S1_RTC/S1A_IW_GRDH_1SDV_20230226T094935_20230226T095000_047405_05B0D3_E8BA' not found (does not exist or caller does not have access).
2026-04-10 22:39:13,891 [WARNING] GEE error (attempt 1/5): Image.load: Image asset 'COPERNICUS/S1_RTC/S1A_IW_GRDH_1SDV_20230310T094935_20230310T095000_047580_05B6BD_B228' not found (does not exist or caller does not have access).
2026-04-10 22:39:16,665 [WARNING] GEE error (attempt 2/5): Image.load: Image asset 'COPERNICUS/S1_RTC/S1A_IW_GRDH_1SDV_20230310T094935_20230310T095000_047580_05B6BD_B228' not found (does not exist or caller does not have access).
2026-04-10 22:39:18,010 [ERROR] Failed after 5 attempts: /share/home/e2406749/thesis_tiles/s1_rtc/fid_78/bef/S1A_IW_GRDH_1SDV_20230121T094910_20230121T094935_046880_059F24_ED7C/tile_0.tif
2026-04-10 22:39:20,542 [WARNING] GEE error (attempt 1/5): Image.load: Image asset 'COPERNICUS/S1_RTC/S1A_IW_GRDH_1SDV_20230214T094910_20230214T094935_047230_05AAD4_E27D' not found (does not exist or caller does not have access).
2026-04-10 22:39:21,449 [WARNING] GEE error (attempt 3/5): Image.load: Image asset 'COPERNICUS/S1_RTC/S1A_IW_GRDH_1SDV_20230310T094935_20230310T095000_047580_05B6BD_B228' not found (does not exist or caller does not have access).
2026-04-10 22:39:22,771 [WARNING] GEE error (attempt 2/5): Image.load: Image asset 'COPERNICUS/S1_RTC/S1A_IW_GRDH_1SDV_20230214T094910_20230214T094935_047230_05AAD4_E27D' not found (does not exist or caller does not have access).
2026-04-10 22:39:27,548 [WARNING] GEE error (attempt 3/5): Image.load: Image asset 'COPERNICUS/S1_RTC/S1A_IW_GRDH_1SDV_20230214T094910_20230214T094935_047230_05AAD4_E27D' not found (does not exist or caller does not have access).
2026-04-10 22:39:30,146 [WARNING] GEE error (attempt 4/5): Image.load: Image asset 'COPERNICUS/S1_RTC/S1A_IW_GRDH_1SDV_20230310T094935_20230310T095000_047580_05B6BD_B228' not found (does not exist or caller does not have access).
2026-04-10 22:39:30,891 [WARNING] GEE error (attempt 1/5): Image.load: Image asset 'COPERNICUS/S1_RTC/S1A_IW_GRDH_1SDV_20230708T094940_20230708T095005_049330_05EE9A_BD21' not found (does not exist or caller does not have access).
2026-04-10 22:39:33,135 [WARNING] GEE error (attempt 2/5): Image.load: Image asset 'COPERNICUS/S1_RTC/S1A_IW_GRDH_1SDV_20230708T094940_20230708T095005_049330_05EE9A_BD21' not found (does not exist or caller does not have access).
2026-04-10 22:39:35,741 [WARNING] GEE error (attempt 4/5): Image.load: Image asset 'COPERNICUS/S1_RTC/S1A_IW_GRDH_1SDV_20230214T094910_20230214T094935_047230_05AAD4_E27D' not found (does not exist or caller does not have access).
2026-04-10 22:39:37,318 [WARNING] GEE error (attempt 3/5): Image.load: Image asset 'COPERNICUS/S1_RTC/S1A_IW_GRDH_1SDV_20230708T094940_20230708T095005_049330_05EE9A_BD21' not found (does not exist or caller does not have access).
2026-04-10 22:39:45,542 [ERROR] Failed after 5 attempts: /share/home/e2406749/thesis_tiles/s1_rtc/fid_84/bef/S1A_IW_GRDH_1SDV_20230226T094935_20230226T095000_047405_05B0D3_E8BA/tile_0.tif
2026-04-10 22:39:45,556 [WARNING] GEE error (attempt 4/5): Image.load: Image asset 'COPERNICUS/S1_RTC/S1A_IW_GRDH_1SDV_20230708T094940_20230708T095005_049330_05EE9A_BD21' not found (does not exist or caller does not have access).
2026-04-10 22:39:46,379 [WARNING] GEE error (attempt 5/5): Image.load: Image asset 'COPERNICUS/S1_RTC/S1A_IW_GRDH_1SDV_20230310T094935_20230310T095000_047580_05B6BD_B228' not found (does not exist or caller does not have access).
2026-04-10 22:39:48,405 [WARNING] GEE error (attempt 1/5): Image.load: Image asset 'COPERNICUS/S1_RTC/S1A_IW_GRDH_1SDV_20230310T094935_20230310T095000_047580_05B6BD_B228' not found (does not exist or caller does not have access).
2026-04-10 22:39:50,574 [WARNING] GEE error (attempt 2/5): Image.load: Image asset 'COPERNICUS/S1_RTC/S1A_IW_GRDH_1SDV_20230310T094935_20230310T095000_047580_05B6BD_B228' not found (does not exist or caller does not have access).
2026-04-10 22:39:51,916 [WARNING] GEE error (attempt 5/5): Image.load: Image asset 'COPERNICUS/S1_RTC/S1A_IW_GRDH_1SDV_20230214T094910_20230214T094935_047230_05AAD4_E27D' not found (does not exist or caller does not have access).
2026-04-10 22:39:55,116 [WARNING] GEE error (attempt 3/5): Image.load: Image asset 'COPERNICUS/S1_RTC/S1A_IW_GRDH_1SDV_20230310T094935_20230310T095000_047580_05B6BD_B228' not found (does not exist or caller does not have access).
2026-04-10 22:40:01,781 [WARNING] GEE error (attempt 5/5): Image.load: Image asset 'COPERNICUS/S1_RTC/S1A_IW_GRDH_1SDV_20230708T094940_20230708T095005_049330_05EE9A_BD21' not found (does not exist or caller does not have access).
2026-04-10 22:40:03,304 [WARNING] GEE error (attempt 4/5): Image.load: Image asset 'COPERNICUS/S1_RTC/S1A_IW_GRDH_1SDV_20230310T094935_20230310T095000_047580_05B6BD_B228' not found (does not exist or caller does not have access).
2026-04-10 22:44:11,605 [INFO] Parsing CSVs from: /share/castor/home/e2406749/tropical_forest_disturbance/data_csv
2026-04-10 22:44:11,605 [INFO] Products: ['s2_l2a', 's2_l1c', 's1_grd']
2026-04-10 22:44:11,636 [INFO] Parsed v1_images_s2_s1.csv: 389 rows
2026-04-10 22:44:11,650 [INFO] Parsed v2_images_s2_s1.csv: 389 rows
2026-04-10 22:44:11,664 [INFO] Parsed v3_images_s2_s1.csv: 389 rows
2026-04-10 22:44:11,666 [INFO] Merged: 389 FIDs, 12856 unique (fid, image, window) pairs
2026-04-10 22:44:11,667 [INFO] Sampled 19 FIDs (5.0%)
2026-04-10 22:44:11,667 [INFO] Initializing Google Earth Engine...
2026-04-10 22:44:13,002 [INFO] Processing FID 297 (1/19)
2026-04-10 22:45:48,190 [INFO] FID 297: 36 new downloads
2026-04-10 22:45:48,193 [INFO] Processing FID 84 (2/19)
2026-04-10 22:48:08,070 [INFO] FID 84: 54 new downloads
2026-04-10 22:48:08,072 [INFO] Processing FID 143 (3/19)
2026-04-10 22:48:31,350 [INFO] FID 143: 9 new downloads
2026-04-10 22:48:31,352 [INFO] Processing FID 78 (4/19)
2026-04-10 22:52:25,890 [INFO] FID 78: 92 new downloads
2026-04-10 22:52:25,892 [INFO] Processing FID 153 (5/19)
2026-04-10 22:53:08,125 [INFO] FID 153: 18 new downloads
2026-04-10 22:53:08,127 [INFO] Processing FID 349 (6/19)
2026-04-10 22:56:24,064 [INFO] Parsing CSVs from: /share/castor/home/e2406749/tropical_forest_disturbance/data_csv
2026-04-10 22:56:24,065 [INFO] Products: ['s2_l2a', 's2_l1c', 's1_grd']
2026-04-10 22:56:24,095 [INFO] Parsed v1_images_s2_s1.csv: 389 rows
2026-04-10 22:56:24,109 [INFO] Parsed v2_images_s2_s1.csv: 389 rows
2026-04-10 22:56:24,122 [INFO] Parsed v3_images_s2_s1.csv: 389 rows
2026-04-10 22:56:24,124 [INFO] Merged: 389 FIDs, 12856 unique (fid, image, window) pairs
2026-04-10 22:56:24,124 [INFO] Sampled 19 FIDs (5.0%)
2026-04-10 22:56:24,125 [INFO] Launching 4 parallel workers for 19 FIDs
2026-04-10 22:56:24,125 [INFO]   Worker 0: 5 FIDs
2026-04-10 22:56:24,125 [INFO]   Worker 1: 5 FIDs
2026-04-10 22:56:24,125 [INFO]   Worker 2: 5 FIDs
2026-04-10 22:56:24,125 [INFO]   Worker 3: 4 FIDs
2026-04-10 22:56:24,143 [INFO] Worker 0: starting with 5 FIDs, products: ['s2_l2a', 's2_l1c', 's1_grd']
2026-04-10 22:56:24,143 [INFO] Worker 1: starting with 5 FIDs, products: ['s2_l2a', 's2_l1c', 's1_grd']
2026-04-10 22:56:24,143 [INFO] Worker 2: starting with 5 FIDs, products: ['s2_l2a', 's2_l1c', 's1_grd']
2026-04-10 22:56:24,143 [INFO] Worker 3: starting with 4 FIDs, products: ['s2_l2a', 's2_l1c', 's1_grd']
2026-04-10 22:56:25,685 [INFO] Worker 3: resumed with 13052 completed
2026-04-10 22:56:25,685 [INFO] Worker 3: FID 78 (1/4)
2026-04-10 22:56:25,728 [INFO] Worker 3: FID 78 done, 92 downloads
2026-04-10 22:56:25,757 [INFO] Worker 3: FID 228 (2/4)
2026-04-10 22:56:25,872 [INFO] Worker 0: resumed with 15284 completed
2026-04-10 22:56:25,872 [INFO] Worker 0: FID 297 (1/5)
2026-04-10 22:56:25,891 [INFO] Worker 0: FID 297 done, 36 downloads
2026-04-10 22:56:25,922 [INFO] Worker 0: FID 153 (2/5)
2026-04-10 22:56:25,930 [INFO] Worker 0: FID 153 done, 18 downloads
2026-04-10 22:56:25,949 [INFO] Worker 0: FID 382 (3/5)
2026-04-10 22:56:26,388 [INFO] Worker 1: resumed with 11754 completed
2026-04-10 22:56:26,388 [INFO] Worker 1: FID 84 (1/5)
2026-04-10 22:56:26,414 [INFO] Worker 1: FID 84 done, 54 downloads
2026-04-10 22:56:26,439 [INFO] Worker 1: FID 349 (2/5)
2026-04-10 22:56:26,470 [INFO] Worker 2: resumed with 9 completed
2026-04-10 22:56:26,470 [INFO] Worker 2: FID 143 (1/5)
2026-04-10 22:56:26,474 [INFO] Worker 2: FID 143 done, 0 downloads
2026-04-10 22:56:26,476 [INFO] Worker 2: FID 195 (2/5)
2026-04-10 22:58:07,270 [INFO] Worker 3: FID 228 done, 40 downloads
2026-04-10 22:58:07,298 [INFO] Worker 3: FID 327 (3/4)
2026-04-10 22:58:10,527 [INFO] Worker 2: FID 195 done, 40 downloads
2026-04-10 22:58:10,529 [INFO] Worker 2: FID 122 (3/5)
2026-04-10 22:58:39,296 [INFO] Worker 1: FID 349 done, 126 downloads
2026-04-10 22:58:39,322 [INFO] Worker 1: FID 221 (3/5)
2026-04-10 22:59:03,694 [INFO] Worker 1: FID 221 done, 11 downloads
2026-04-10 22:59:03,720 [INFO] Worker 1: FID 389 (4/5)
2026-04-10 22:59:52,139 [INFO] Worker 2: FID 122 done, 42 downloads
2026-04-10 22:59:52,141 [INFO] Worker 2: FID 11 (4/5)
2026-04-10 23:00:24,754 [INFO] Worker 3: FID 327 done, 55 downloads
2026-04-10 23:00:24,783 [INFO] Worker 3: FID 142 (4/4)
2026-04-10 23:00:46,743 [INFO] Worker 3: FID 142 done, 9 downloads
2026-04-10 23:00:46,790 [INFO] Worker 3: finished. 13248 total completed.
2026-04-10 23:01:59,737 [INFO] Worker 1: FID 389 done, 72 downloads
2026-04-10 23:01:59,764 [INFO] Worker 1: FID 216 (5/5)
2026-04-10 23:02:20,144 [INFO] Worker 1: FID 216 done, 9 downloads
2026-04-10 23:02:20,185 [INFO] Worker 1: finished. 12026 total completed.
2026-04-10 23:03:03,242 [INFO] Worker 2: FID 11 done, 78 downloads
2026-04-10 23:03:03,244 [INFO] Worker 2: FID 161 (5/5)
2026-04-10 23:04:19,031 [INFO] Worker 2: FID 161 done, 31 downloads
2026-04-10 23:04:19,034 [INFO] Worker 2: finished. 200 total completed.
2026-04-10 23:08:34,116 [INFO] Worker 0: FID 382 done, 300 downloads
2026-04-10 23:08:34,148 [INFO] Worker 0: FID 273 (4/5)
2026-04-10 23:09:07,114 [INFO] Worker 0: FID 273 done, 13 downloads
2026-04-10 23:09:07,146 [INFO] Worker 0: FID 271 (5/5)
2026-04-10 23:09:53,177 [INFO] Worker 0: FID 271 done, 20 downloads
2026-04-10 23:09:53,232 [INFO] Worker 0: finished. 15671 total completed.
2026-04-10 23:09:53,309 [INFO] All workers finished. 41145 total completed downloads.
2026-04-10 23:09:53,309 [INFO] Output: /share/home/e2406749/thesis_tiles
