Nodo: sn1 | GPU: 0 | Inicio: ven. 26 juin 2026 11:06:53 CEST
[device] cuda
[csv] v1_images_s2_s1.csv
[ok joint] fid=140 evt -> 4 new .npy in /share/castor/home/e2406749/tropical_forest_disturbance/embeddings/joint/fid_140/evt/20230214T142711_20230214T143425_T20LNR__S1A_IW_GRDH_1SDV_20230214T094935_20230214T095000_047230_05AAD4_443E
[ok joint] fid=90 evt -> 2 new .npy in /share/castor/home/e2406749/tropical_forest_disturbance/embeddings/joint/fid_90/evt/20230301T142709_20230301T142737_T20LNR__S1A_IW_GRDH_1SDV_20230226T094935_20230226T095000_047405_05B0D3_E8BA
[ok joint] fid=267 bef -> 2 new .npy in /share/castor/home/e2406749/tropical_forest_disturbance/embeddings/joint/fid_267/bef/20230214T142711_20230214T143425_T20LMR__S1A_IW_GRDH_1SDV_20230214T094935_20230214T095000_047230_05AAD4_443E
[ok joint] fid=267 evt -> 2 new .npy in /share/castor/home/e2406749/tropical_forest_disturbance/embeddings/joint/fid_267/evt/20230301T142709_20230301T142737_T20LMR__S1A_IW_GRDH_1SDV_20230226T094935_20230226T095000_047405_05B0D3_E8BA
[ok joint] fid=141 evt -> 3 new .npy in /share/castor/home/e2406749/tropical_forest_disturbance/embeddings/joint/fid_141/evt/20230301T142709_20230301T142737_T20LNR__S1A_IW_GRDH_1SDV_20230226T094935_20230226T095000_047405_05B0D3_E8BA
[ok joint] fid=91 bef -> 3 new .npy in /share/castor/home/e2406749/tropical_forest_disturbance/embeddings/joint/fid_91/bef/20230214T142711_20230214T143425_T20LNR__S1A_IW_GRDH_1SDV_20230214T094935_20230214T095000_047230_05AAD4_443E
[ok joint] fid=269 bef -> 2 new .npy in /share/castor/home/e2406749/tropical_forest_disturbance/embeddings/joint/fid_269/bef/20230214T142711_20230214T143425_T20LNR__S1A_IW_GRDH_1SDV_20230214T094935_20230214T095000_047230_05AAD4_443E
[done joint] All embeddings already exist in /share/castor/home/e2406749/tropical_forest_disturbance/embeddings/joint/fid_270/bef/20230214T142711_20230214T143425_T20LNR__S1A_IW_GRDH_1SDV_20230214T094935_20230214T095000_047230_05AAD4_443E
[ok joint] fid=217 bef -> 5 new .npy in /share/castor/home/e2406749/tropical_forest_disturbance/embeddings/joint/fid_217/bef/20230301T142709_20230301T142737_T20LNR__S1A_IW_GRDH_1SDV_20230226T094935_20230226T095000_047405_05B0D3_E8BA
[ok joint] fid=215 bef -> 2 new .npy in /share/castor/home/e2406749/tropical_forest_disturbance/embeddings/joint/fid_215/bef/20230214T142711_20230214T143425_T20LNR__S1A_IW_GRDH_1SDV_20230214T094935_20230214T095000_047230_05AAD4_443E
[ok joint] fid=215 bef -> 2 new .npy in /share/castor/home/e2406749/tropical_forest_disturbance/embeddings/joint/fid_215/bef/20230125T142711_20230125T142709_T20LNR__S1A_IW_GRDH_1SDV_20230121T094935_20230121T095000_046880_059F24_7A3A
[done joint] All embeddings already exist in /share/castor/home/e2406749/tropical_forest_disturbance/embeddings/joint/fid_93/bef/20230214T142711_20230214T143425_T20LNR__S1A_IW_GRDH_1SDV_20230214T094935_20230214T095000_047230_05AAD4_443E
[ok joint] fid=95 bef -> 2 new .npy in /share/castor/home/e2406749/tropical_forest_disturbance/embeddings/joint/fid_95/bef/20230214T142711_20230214T143425_T20LNR__S1A_IW_GRDH_1SDV_20230214T094935_20230214T095000_047230_05AAD4_443E
[ok joint] fid=143 bef -> 2 new .npy in /share/castor/home/e2406749/tropical_forest_disturbance/embeddings/joint/fid_143/bef/20230214T142711_20230214T143425_T20LNR__S1A_IW_GRDH_1SDV_20230214T094935_20230214T095000_047230_05AAD4_443E
[ok joint] fid=144 bef -> 1 new .npy in /share/castor/home/e2406749/tropical_forest_disturbance/embeddings/joint/fid_144/bef/20230301T142709_20230301T142737_T20LNR__S1A_IW_GRDH_1SDV_20230226T094935_20230226T095000_047405_05B0D3_E8BA
[ok joint] fid=146 bef -> 1 new .npy in /share/castor/home/e2406749/tropical_forest_disturbance/embeddings/joint/fid_146/bef/20230214T142711_20230214T143425_T20LNR__S1A_IW_GRDH_1SDV_20230214T094935_20230214T095000_047230_05AAD4_443E
[done joint] All embeddings already exist in /share/castor/home/e2406749/tropical_forest_disturbance/embeddings/joint/fid_271/evt/20230301T142709_20230301T142737_T20LNR__S1A_IW_GRDH_1SDV_20230226T094935_20230226T095000_047405_05B0D3_E8BA
[ok joint] fid=142 bef -> 2 new .npy in /share/castor/home/e2406749/tropical_forest_disturbance/embeddings/joint/fid_142/bef/20230214T142711_20230214T143425_T20LNR__S1A_IW_GRDH_1SDV_20230214T094935_20230214T095000_047230_05AAD4_443E
[ok joint] fid=142 evt -> 2 new .npy in /share/castor/home/e2406749/tropical_forest_disturbance/embeddings/joint/fid_142/evt/20230301T142709_20230301T142737_T20LNR__S1A_IW_GRDH_1SDV_20230226T094935_20230226T095000_047405_05B0D3_E8BA
[ok joint] fid=272 bef -> 1 new .npy in /share/castor/home/e2406749/tropical_forest_disturbance/embeddings/joint/fid_272/bef/20230214T142711_20230214T143425_T20LNR__S1A_IW_GRDH_1SDV_20230214T094935_20230214T095000_047230_05AAD4_443E
[ok joint] fid=275 bef -> 2 new .npy in /share/castor/home/e2406749/tropical_forest_disturbance/embeddings/joint/fid_275/bef/20230214T142711_20230214T143425_T20LNR__S1A_IW_GRDH_1SDV_20230214T094935_20230214T095000_047230_05AAD4_443E
[ok joint] fid=275 bef -> 2 new .npy in /share/castor/home/e2406749/tropical_forest_disturbance/embeddings/joint/fid_275/bef/20230301T142709_20230301T142737_T20LNR__S1A_IW_GRDH_1SDV_20230226T094935_20230226T095000_047405_05B0D3_E8BA
[ok joint] fid=275 bef -> 2 new .npy in /share/castor/home/e2406749/tropical_forest_disturbance/embeddings/joint/fid_275/bef/20230125T142711_20230125T142709_T20LNR__S1A_IW_GRDH_1SDV_20230121T094935_20230121T095000_046880_059F24_7A3A
[ok joint] fid=127 bef -> 1 new .npy in /share/castor/home/e2406749/tropical_forest_disturbance/embeddings/joint/fid_127/bef/20230214T142711_20230214T143425_T20LNR__S1A_IW_GRDH_1SDV_20230214T094935_20230214T095000_047230_05AAD4_443E
[ok joint] fid=127 bef -> 1 new .npy in /share/castor/home/e2406749/tropical_forest_disturbance/embeddings/joint/fid_127/bef/20230709T142719_20230709T142938_T20LNR__S1A_IW_GRDH_1SDV_20230708T094940_20230708T095005_049330_05EE9A_BD21
[ok joint] fid=127 bef -> 1 new .npy in /share/castor/home/e2406749/tropical_forest_disturbance/embeddings/joint/fid_127/bef/20230604T142721_20230604T142716_T20LNR__S1A_IW_GRDH_1SDV_20230602T094938_20230602T095003_048805_05DE8B_61F1
[ok joint] fid=127 bef -> 1 new .npy in /share/castor/home/e2406749/tropical_forest_disturbance/embeddings/joint/fid_127/bef/20230301T142709_20230301T142737_T20LNR__S1A_IW_GRDH_1SDV_20230226T094935_20230226T095000_047405_05B0D3_E8BA
[ok joint] fid=127 bef -> 1 new .npy in /share/castor/home/e2406749/tropical_forest_disturbance/embeddings/joint/fid_127/bef/20230629T142719_20230629T143340_T20LNR__S1A_IW_GRDH_1SDV_20230626T094939_20230626T095004_049155_05E932_87DB
[ok joint] fid=127 bef -> 1 new .npy in /share/castor/home/e2406749/tropical_forest_disturbance/embeddings/joint/fid_127/bef/20230326T142711_20230326T142710_T20LNR__S1A_IW_GRDH_1SDV_20230322T094935_20230322T095000_047755_05BCAD_A5E4
[ok joint] fid=127 bef -> 1 new .npy in /share/castor/home/e2406749/tropical_forest_disturbance/embeddings/joint/fid_127/bef/20230609T142719_20230609T142938_T20LNR__S1A_IW_GRDH_1SDV_20230614T094938_20230614T095003_048980_05E3E7_B37E
[ok joint] fid=127 bef -> 1 new .npy in /share/castor/home/e2406749/tropical_forest_disturbance/embeddings/joint/fid_127/bef/20230515T142711_20230515T142713_T20LNR__S1A_IW_GRDH_1SDV_20230509T094937_20230509T095002_048455_05D42C_4A7D
[ok joint] fid=127 evt -> 1 new .npy in /share/castor/home/e2406749/tropical_forest_disturbance/embeddings/joint/fid_127/evt/20230719T142719_20230719T142939_T20LNR__S1A_IW_GRDH_1SDV_20230720T094940_20230720T095005_049505_05F3ED_61B1
[ok joint] fid=200 bef -> 1 new .npy in /share/castor/home/e2406749/tropical_forest_disturbance/embeddings/joint/fid_200/bef/20230214T142711_20230214T143425_T20LNR__S1A_IW_GRDH_1SDV_20230214T094935_20230214T095000_047230_05AAD4_443E
[ok joint] fid=200 bef -> 1 new .npy in /share/castor/home/e2406749/tropical_forest_disturbance/embeddings/joint/fid_200/bef/20230709T142719_20230709T142938_T20LNR__S1A_IW_GRDH_1SDV_20230708T094940_20230708T095005_049330_05EE9A_BD21
[ok joint] fid=200 bef -> 1 new .npy in /share/castor/home/e2406749/tropical_forest_disturbance/embeddings/joint/fid_200/bef/20230604T142721_20230604T142716_T20LNR__S1A_IW_GRDH_1SDV_20230602T094938_20230602T095003_048805_05DE8B_61F1
[ok joint] fid=200 bef -> 1 new .npy in /share/castor/home/e2406749/tropical_forest_disturbance/embeddings/joint/fid_200/bef/20230301T142709_20230301T142737_T20LNR__S1A_IW_GRDH_1SDV_20230226T094935_20230226T095000_047405_05B0D3_E8BA
[ok joint] fid=200 bef -> 1 new .npy in /share/castor/home/e2406749/tropical_forest_disturbance/embeddings/joint/fid_200/bef/20230629T142719_20230629T143340_T20LNR__S1A_IW_GRDH_1SDV_20230626T094939_20230626T095004_049155_05E932_87DB
[ok joint] fid=200 bef -> 1 new .npy in /share/castor/home/e2406749/tropical_forest_disturbance/embeddings/joint/fid_200/bef/20230326T142711_20230326T142710_T20LNR__S1A_IW_GRDH_1SDV_20230322T094935_20230322T095000_047755_05BCAD_A5E4
[ok joint] fid=200 bef -> 1 new .npy in /share/castor/home/e2406749/tropical_forest_disturbance/embeddings/joint/fid_200/bef/20230609T142719_20230609T142938_T20LNR__S1A_IW_GRDH_1SDV_20230614T094938_20230614T095003_048980_05E3E7_B37E
[ok joint] fid=200 bef -> 1 new .npy in /share/castor/home/e2406749/tropical_forest_disturbance/embeddings/joint/fid_200/bef/20230115T142711_20230115T142817_T20LNR__S1A_IW_GRDH_1SDV_20230109T094936_20230109T095001_046705_05993A_763B
[ok joint] fid=200 bef -> 1 new .npy in /share/castor/home/e2406749/tropical_forest_disturbance/embeddings/joint/fid_200/bef/20230515T142711_20230515T142713_T20LNR__S1A_IW_GRDH_1SDV_20230509T094937_20230509T095002_048455_05D42C_4A7D
[ok joint] fid=200 evt -> 1 new .npy in /share/castor/home/e2406749/tropical_forest_disturbance/embeddings/joint/fid_200/evt/20230719T142719_20230719T142939_T20LNR__S1A_IW_GRDH_1SDV_20230720T094940_20230720T095005_049505_05F3ED_61B1
[ok joint] fid=53 bef -> 4 new .npy in /share/castor/home/e2406749/tropical_forest_disturbance/embeddings/joint/fid_53/bef/20230214T142711_20230214T143425_T20LNR__S1A_IW_GRDH_1SDV_20230214T094910_20230214T094935_047230_05AAD4_E27D
[ok joint] fid=53 bef -> 4 new .npy in /share/castor/home/e2406749/tropical_forest_disturbance/embeddings/joint/fid_53/bef/20230510T142719_20230510T142819_T20LNR__S1A_IW_GRDH_1SDV_20230509T094912_20230509T094937_048455_05D42C_BB80
[ok joint] fid=53 bef -> 4 new .npy in /share/castor/home/e2406749/tropical_forest_disturbance/embeddings/joint/fid_53/bef/20230709T142719_20230709T142938_T20LNR__S1A_IW_GRDH_1SDV_20230708T094915_20230708T094940_049330_05EE9A_201B
[ok joint] fid=53 bef -> 4 new .npy in /share/castor/home/e2406749/tropical_forest_disturbance/embeddings/joint/fid_53/bef/20230719T142719_20230719T142939_T20LNR__S1A_IW_GRDH_1SDV_20230720T094915_20230720T094940_049505_05F3ED_2372
[ok joint] fid=53 bef -> 4 new .npy in /share/castor/home/e2406749/tropical_forest_disturbance/embeddings/joint/fid_53/bef/20230604T142721_20230604T142716_T20LNR__S1A_IW_GRDH_1SDV_20230602T094913_20230602T094938_048805_05DE8B_7193
[ok joint] fid=53 bef -> 4 new .npy in /share/castor/home/e2406749/tropical_forest_disturbance/embeddings/joint/fid_53/bef/20230624T142721_20230624T142715_T20LNR__S1A_IW_GRDH_1SDV_20230626T094914_20230626T094939_049155_05E932_8E24
[ok joint] fid=53 bef -> 4 new .npy in /share/castor/home/e2406749/tropical_forest_disturbance/embeddings/joint/fid_53/bef/20230803T142721_20230803T143434_T20LNR__S1A_IW_GRDH_1SDV_20230801T094916_20230801T094941_049680_05F959_E6F2
[ok joint] fid=53 bef -> 4 new .npy in /share/castor/home/e2406749/tropical_forest_disturbance/embeddings/joint/fid_53/bef/20230609T142719_20230609T142938_T20LNR__S1A_IW_GRDH_1SDV_20230614T094913_20230614T094938_048980_05E3E7_6485
[ok joint] fid=53 bef -> 4 new .npy in /share/castor/home/e2406749/tropical_forest_disturbance/embeddings/joint/fid_53/bef/20230818T142719_20230818T143227_T20LNR__S1A_IW_GRDH_1SDV_20230813T094917_20230813T094942_049855_05FF04_E952
[ok joint] fid=53 bef -> 4 new .npy in /share/castor/home/e2406749/tropical_forest_disturbance/embeddings/joint/fid_53/bef/20230515T142711_20230515T142713_T20LNR__S1A_IW_GRDH_1SDV_20230521T094912_20230521T094937_048630_05D957_8539
[ok joint] fid=53 evt -> 4 new .npy in /share/castor/home/e2406749/tropical_forest_disturbance/embeddings/joint/fid_53/evt/20230823T142721_20230823T143116_T20LNR__S1A_IW_GRDH_1SDV_20230825T094918_20230825T094943_050030_0604F6_59F6
[ok joint] fid=381 bef -> 4 new .npy in /share/castor/home/e2406749/tropical_forest_disturbance/embeddings/joint/fid_381/bef/20230709T142719_20230709T142938_T20LNR__S1A_IW_GRDH_1SDV_20230708T094915_20230708T094940_049330_05EE9A_201B
[ok joint] fid=381 bef -> 4 new .npy in /share/castor/home/e2406749/tropical_forest_disturbance/embeddings/joint/fid_381/bef/20230719T142719_20230719T142939_T20LNR__S1A_IW_GRDH_1SDV_20230720T094915_20230720T094940_049505_05F3ED_2372
[ok joint] fid=381 bef -> 4 new .npy in /share/castor/home/e2406749/tropical_forest_disturbance/embeddings/joint/fid_381/bef/20230604T142721_20230604T142716_T20LNR__S1A_IW_GRDH_1SDV_20230602T094913_20230602T094938_048805_05DE8B_7193
[ok joint] fid=381 bef -> 4 new .npy in /share/castor/home/e2406749/tropical_forest_disturbance/embeddings/joint/fid_381/bef/20230624T142721_20230624T142715_T20LNR__S1A_IW_GRDH_1SDV_20230626T094914_20230626T094939_049155_05E932_8E24
[ok joint] fid=381 bef -> 4 new .npy in /share/castor/home/e2406749/tropical_forest_disturbance/embeddings/joint/fid_381/bef/20230803T142721_20230803T143434_T20LNR__S1A_IW_GRDH_1SDV_20230801T094916_20230801T094941_049680_05F959_E6F2
[ok joint] fid=381 bef -> 4 new .npy in /share/castor/home/e2406749/tropical_forest_disturbance/embeddings/joint/fid_381/bef/20230823T142721_20230823T143116_T20LNR__S1A_IW_GRDH_1SDV_20230825T094918_20230825T094943_050030_0604F6_59F6
[ok joint] fid=381 bef -> 4 new .npy in /share/castor/home/e2406749/tropical_forest_disturbance/embeddings/joint/fid_381/bef/20230525T142721_20230525T142853_T20LNR__S1A_IW_GRDH_1SDV_20230521T094912_20230521T094937_048630_05D957_8539
[ok joint] fid=381 bef -> 4 new .npy in /share/castor/home/e2406749/tropical_forest_disturbance/embeddings/joint/fid_381/bef/20230420T142719_20230420T142714_T20LNR__S1A_IW_GRDH_1SDV_20230415T094911_20230415T094936_048105_05C876_50BE
[ok joint] fid=381 bef -> 4 new .npy in /share/castor/home/e2406749/tropical_forest_disturbance/embeddings/joint/fid_381/bef/20230609T142719_20230609T142938_T20LNR__S1A_IW_GRDH_1SDV_20230614T094913_20230614T094938_048980_05E3E7_6485
[ok joint] fid=381 bef -> 4 new .npy in /share/castor/home/e2406749/tropical_forest_disturbance/embeddings/joint/fid_381/bef/20230808T142719_20230808T143119_T20LNR__S1A_IW_GRDH_1SDV_20230813T094917_20230813T094942_049855_05FF04_E952
[ok joint] fid=381 bef -> 4 new .npy in /share/castor/home/e2406749/tropical_forest_disturbance/embeddings/joint/fid_381/bef/20230515T142711_20230515T142713_T20LNR__S1A_IW_GRDH_1SDV_20230509T094912_20230509T094937_048455_05D42C_BB80
[ok joint] fid=381 bef -> 4 new .npy in /share/castor/home/e2406749/tropical_forest_disturbance/embeddings/joint/fid_381/bef/20230912T142721_20230912T143158_T20LNR__S1A_IW_GRDH_1SDV_20230906T094918_20230906T094943_050205_060AF4_C05C
[ok joint] fid=1 bef -> 2 new .npy in /share/castor/home/e2406749/tropical_forest_disturbance/embeddings/joint/fid_1/bef/20230709T142719_20230709T142938_T20LNR__S1A_IW_GRDH_1SDV_20230708T094915_20230708T094940_049330_05EE9A_201B
[ok joint] fid=1 bef -> 2 new .npy in /share/castor/home/e2406749/tropical_forest_disturbance/embeddings/joint/fid_1/bef/20230604T142721_20230604T142716_T20LNR__S1A_IW_GRDH_1SDV_20230602T094913_20230602T094938_048805_05DE8B_7193
[ok joint] fid=1 bef -> 2 new .npy in /share/castor/home/e2406749/tropical_forest_disturbance/embeddings/joint/fid_1/bef/20230624T142721_20230624T142715_T20LNR__S1A_IW_GRDH_1SDV_20230626T094914_20230626T094939_049155_05E932_8E24
[ok joint] fid=1 bef -> 2 new .npy in /share/castor/home/e2406749/tropical_forest_disturbance/embeddings/joint/fid_1/bef/20230803T142721_20230803T143434_T20LNR__S1A_IW_GRDH_1SDV_20230801T094916_20230801T094941_049680_05F959_E6F2
[ok joint] fid=1 bef -> 2 new .npy in /share/castor/home/e2406749/tropical_forest_disturbance/embeddings/joint/fid_1/bef/20230823T142721_20230823T143116_T20LNR__S1A_IW_GRDH_1SDV_20230825T094918_20230825T094943_050030_0604F6_59F6
[ok joint] fid=1 bef -> 2 new .npy in /share/castor/home/e2406749/tropical_forest_disturbance/embeddings/joint/fid_1/bef/20230724T142721_20230724T142717_T20LNR__S1A_IW_GRDH_1SDV_20230720T094915_20230720T094940_049505_05F3ED_2372
[ok joint] fid=1 bef -> 2 new .npy in /share/castor/home/e2406749/tropical_forest_disturbance/embeddings/joint/fid_1/bef/20230609T142719_20230609T142938_T20LNR__S1A_IW_GRDH_1SDV_20230614T094913_20230614T094938_048980_05E3E7_6485
[ok joint] fid=1 bef -> 2 new .npy in /share/castor/home/e2406749/tropical_forest_disturbance/embeddings/joint/fid_1/bef/20230808T142719_20230808T143119_T20LNR__S1A_IW_GRDH_1SDV_20230813T094917_20230813T094942_049855_05FF04_E952
[ok joint] fid=1 bef -> 2 new .npy in /share/castor/home/e2406749/tropical_forest_disturbance/embeddings/joint/fid_1/bef/20230515T142711_20230515T142713_T20LNR__S1A_IW_GRDH_1SDV_20230509T094912_20230509T094937_048455_05D42C_BB80
[ok joint] fid=1 bef -> 2 new .npy in /share/castor/home/e2406749/tropical_forest_disturbance/embeddings/joint/fid_1/bef/20230912T142721_20230912T143158_T20LNR__S1A_IW_GRDH_1SDV_20230906T094918_20230906T094943_050205_060AF4_C05C
[ok joint] fid=1 evt -> 2 new .npy in /share/castor/home/e2406749/tropical_forest_disturbance/embeddings/joint/fid_1/evt/20231002T142711_20231002T143108_T20LNR__S1A_IW_GRDH_1SDV_20230930T094919_20230930T094944_050555_0616E4_C554
[ok joint] fid=6 bef -> 3 new .npy in /share/castor/home/e2406749/tropical_forest_disturbance/embeddings/joint/fid_6/bef/20230709T142719_20230709T142938_T20LNR__S1A_IW_GRDH_1SDV_20230708T094915_20230708T094940_049330_05EE9A_201B
[ok joint] fid=6 bef -> 3 new .npy in /share/castor/home/e2406749/tropical_forest_disturbance/embeddings/joint/fid_6/bef/20230604T142721_20230604T142716_T20LNR__S1A_IW_GRDH_1SDV_20230602T094913_20230602T094938_048805_05DE8B_7193
[ok joint] fid=6 bef -> 3 new .npy in /share/castor/home/e2406749/tropical_forest_disturbance/embeddings/joint/fid_6/bef/20230624T142721_20230624T142715_T20LNR__S1A_IW_GRDH_1SDV_20230626T094914_20230626T094939_049155_05E932_8E24
[ok joint] fid=6 bef -> 3 new .npy in /share/castor/home/e2406749/tropical_forest_disturbance/embeddings/joint/fid_6/bef/20230803T142721_20230803T143434_T20LNR__S1A_IW_GRDH_1SDV_20230801T094916_20230801T094941_049680_05F959_E6F2
[ok joint] fid=6 bef -> 3 new .npy in /share/castor/home/e2406749/tropical_forest_disturbance/embeddings/joint/fid_6/bef/20230823T142721_20230823T143116_T20LNR__S1A_IW_GRDH_1SDV_20230825T094918_20230825T094943_050030_0604F6_59F6
[ok joint] fid=6 bef -> 3 new .npy in /share/castor/home/e2406749/tropical_forest_disturbance/embeddings/joint/fid_6/bef/20230724T142721_20230724T142717_T20LNR__S1A_IW_GRDH_1SDV_20230720T094915_20230720T094940_049505_05F3ED_2372
[ok joint] fid=6 bef -> 3 new .npy in /share/castor/home/e2406749/tropical_forest_disturbance/embeddings/joint/fid_6/bef/20230420T142719_20230420T142714_T20LNR__S1A_IW_GRDH_1SDV_20230415T094911_20230415T094936_048105_05C876_50BE
[ok joint] fid=6 bef -> 3 new .npy in /share/castor/home/e2406749/tropical_forest_disturbance/embeddings/joint/fid_6/bef/20230609T142719_20230609T142938_T20LNR__S1A_IW_GRDH_1SDV_20230614T094913_20230614T094938_048980_05E3E7_6485
[ok joint] fid=6 bef -> 3 new .npy in /share/castor/home/e2406749/tropical_forest_disturbance/embeddings/joint/fid_6/bef/20230808T142719_20230808T143119_T20LNR__S1A_IW_GRDH_1SDV_20230813T094917_20230813T094942_049855_05FF04_E952
[ok joint] fid=6 bef -> 3 new .npy in /share/castor/home/e2406749/tropical_forest_disturbance/embeddings/joint/fid_6/bef/20230515T142711_20230515T142713_T20LNR__S1A_IW_GRDH_1SDV_20230509T094912_20230509T094937_048455_05D42C_BB80
[ok joint] fid=6 bef -> 3 new .npy in /share/castor/home/e2406749/tropical_forest_disturbance/embeddings/joint/fid_6/bef/20230912T142721_20230912T143158_T20LNR__S1A_IW_GRDH_1SDV_20230906T094918_20230906T094943_050205_060AF4_C05C
[ok joint] fid=6 evt -> 3 new .npy in /share/castor/home/e2406749/tropical_forest_disturbance/embeddings/joint/fid_6/evt/20231002T142711_20231002T143108_T20LNR__S1A_IW_GRDH_1SDV_20230930T094919_20230930T094944_050555_0616E4_C554
[ok joint] fid=7 bef -> 2 new .npy in /share/castor/home/e2406749/tropical_forest_disturbance/embeddings/joint/fid_7/bef/20230214T142711_20230214T143425_T20LNR__S1A_IW_GRDH_1SDV_20230214T094910_20230214T094935_047230_05AAD4_E27D
[ok joint] fid=7 bef -> 2 new .npy in /share/castor/home/e2406749/tropical_forest_disturbance/embeddings/joint/fid_7/bef/20230709T142719_20230709T142938_T20LNR__S1A_IW_GRDH_1SDV_20230708T094915_20230708T094940_049330_05EE9A_201B
[ok joint] fid=7 bef -> 2 new .npy in /share/castor/home/e2406749/tropical_forest_disturbance/embeddings/joint/fid_7/bef/20230719T142719_20230719T142939_T20LNR__S1A_IW_GRDH_1SDV_20230720T094915_20230720T094940_049505_05F3ED_2372
[ok joint] fid=7 bef -> 2 new .npy in /share/castor/home/e2406749/tropical_forest_disturbance/embeddings/joint/fid_7/bef/20230604T142721_20230604T142716_T20LNR__S1A_IW_GRDH_1SDV_20230602T094913_20230602T094938_048805_05DE8B_7193
[ok joint] fid=7 bef -> 2 new .npy in /share/castor/home/e2406749/tropical_forest_disturbance/embeddings/joint/fid_7/bef/20230624T142721_20230624T142715_T20LNR__S1A_IW_GRDH_1SDV_20230626T094914_20230626T094939_049155_05E932_8E24
[ok joint] fid=7 bef -> 2 new .npy in /share/castor/home/e2406749/tropical_forest_disturbance/embeddings/joint/fid_7/bef/20230803T142721_20230803T143434_T20LNR__S1A_IW_GRDH_1SDV_20230801T094916_20230801T094941_049680_05F959_E6F2
[ok joint] fid=7 bef -> 2 new .npy in /share/castor/home/e2406749/tropical_forest_disturbance/embeddings/joint/fid_7/bef/20230823T142721_20230823T143116_T20LNR__S1A_IW_GRDH_1SDV_20230825T094918_20230825T094943_050030_0604F6_59F6
[ok joint] fid=7 bef -> 2 new .npy in /share/castor/home/e2406749/tropical_forest_disturbance/embeddings/joint/fid_7/bef/20230525T142721_20230525T142853_T20LNR__S1A_IW_GRDH_1SDV_20230521T094912_20230521T094937_048630_05D957_8539
[ok joint] fid=7 bef -> 2 new .npy in /share/castor/home/e2406749/tropical_forest_disturbance/embeddings/joint/fid_7/bef/20230609T142719_20230609T142938_T20LNR__S1A_IW_GRDH_1SDV_20230614T094913_20230614T094938_048980_05E3E7_6485
[ok joint] fid=7 bef -> 2 new .npy in /share/castor/home/e2406749/tropical_forest_disturbance/embeddings/joint/fid_7/bef/20230808T142719_20230808T143119_T20LNR__S1A_IW_GRDH_1SDV_20230813T094917_20230813T094942_049855_05FF04_E952
[ok joint] fid=7 bef -> 2 new .npy in /share/castor/home/e2406749/tropical_forest_disturbance/embeddings/joint/fid_7/bef/20230515T142711_20230515T142713_T20LNR__S1A_IW_GRDH_1SDV_20230509T094912_20230509T094937_048455_05D42C_BB80
[ok joint] fid=7 bef -> 2 new .npy in /share/castor/home/e2406749/tropical_forest_disturbance/embeddings/joint/fid_7/bef/20230912T142721_20230912T143158_T20LNR__S1A_IW_GRDH_1SDV_20230906T094918_20230906T094943_050205_060AF4_C05C
[ok joint] fid=7 evt -> 2 new .npy in /share/castor/home/e2406749/tropical_forest_disturbance/embeddings/joint/fid_7/evt/20231002T142711_20231002T143108_T20LNR__S1A_IW_GRDH_1SDV_20230930T094919_20230930T094944_050555_0616E4_C554
[ok joint] fid=353 bef -> 3 new .npy in /share/castor/home/e2406749/tropical_forest_disturbance/embeddings/joint/fid_353/bef/20230709T142719_20230709T142938_T20LNR__S1A_IW_GRDH_1SDV_20230708T094915_20230708T094940_049330_05EE9A_201B
[ok joint] fid=353 bef -> 3 new .npy in /share/castor/home/e2406749/tropical_forest_disturbance/embeddings/joint/fid_353/bef/20230604T142721_20230604T142716_T20LNR__S1A_IW_GRDH_1SDV_20230602T094913_20230602T094938_048805_05DE8B_7193
[ok joint] fid=353 bef -> 3 new .npy in /share/castor/home/e2406749/tropical_forest_disturbance/embeddings/joint/fid_353/bef/20230624T142721_20230624T142715_T20LNR__S1A_IW_GRDH_1SDV_20230626T094914_20230626T094939_049155_05E932_8E24
[ok joint] fid=353 bef -> 3 new .npy in /share/castor/home/e2406749/tropical_forest_disturbance/embeddings/joint/fid_353/bef/20230803T142721_20230803T143434_T20LNR__S1A_IW_GRDH_1SDV_20230801T094916_20230801T094941_049680_05F959_E6F2
[ok joint] fid=353 bef -> 3 new .npy in /share/castor/home/e2406749/tropical_forest_disturbance/embeddings/joint/fid_353/bef/20230823T142721_20230823T143116_T20LNR__S1A_IW_GRDH_1SDV_20230825T094918_20230825T094943_050030_0604F6_59F6
[ok joint] fid=353 bef -> 3 new .npy in /share/castor/home/e2406749/tropical_forest_disturbance/embeddings/joint/fid_353/bef/20230301T142709_20230301T142737_T20LNR__S1A_IW_GRDH_1SDV_20230226T094910_20230226T094935_047405_05B0D3_9DE4
[ok joint] fid=353 bef -> 3 new .npy in /share/castor/home/e2406749/tropical_forest_disturbance/embeddings/joint/fid_353/bef/20230430T142719_20230430T142714_T20LNR__S1A_IW_GRDH_1SDV_20230427T094911_20230427T094936_048280_05CE51_9F1D
[ok joint] fid=353 bef -> 3 new .npy in /share/castor/home/e2406749/tropical_forest_disturbance/embeddings/joint/fid_353/bef/20230724T142721_20230724T142717_T20LNR__S1A_IW_GRDH_1SDV_20230720T094915_20230720T094940_049505_05F3ED_2372
[ok joint] fid=353 bef -> 3 new .npy in /share/castor/home/e2406749/tropical_forest_disturbance/embeddings/joint/fid_353/bef/20230609T142719_20230609T142938_T20LNR__S1A_IW_GRDH_1SDV_20230614T094913_20230614T094938_048980_05E3E7_6485
[ok joint] fid=353 bef -> 3 new .npy in /share/castor/home/e2406749/tropical_forest_disturbance/embeddings/joint/fid_353/bef/20230515T142711_20230515T142713_T20LNR__S1A_IW_GRDH_1SDV_20230509T094912_20230509T094937_048455_05D42C_BB80
[ok joint] fid=353 bef -> 3 new .npy in /share/castor/home/e2406749/tropical_forest_disturbance/embeddings/joint/fid_353/bef/20230912T142721_20230912T143158_T20LNR__S1A_IW_GRDH_1SDV_20230906T094918_20230906T094943_050205_060AF4_C05C
[ok joint] fid=355 bef -> 2 new .npy in /share/castor/home/e2406749/tropical_forest_disturbance/embeddings/joint/fid_355/bef/20230214T142711_20230214T143425_T20LNR__S1A_IW_GRDH_1SDV_20230214T094910_20230214T094935_047230_05AAD4_E27D
[ok joint] fid=355 bef -> 2 new .npy in /share/castor/home/e2406749/tropical_forest_disturbance/embeddings/joint/fid_355/bef/20230709T142719_20230709T142938_T20LNR__S1A_IW_GRDH_1SDV_20230708T094915_20230708T094940_049330_05EE9A_201B
[ok joint] fid=355 bef -> 2 new .npy in /share/castor/home/e2406749/tropical_forest_disturbance/embeddings/joint/fid_355/bef/20230719T142719_20230719T142939_T20LNR__S1A_IW_GRDH_1SDV_20230720T094915_20230720T094940_049505_05F3ED_2372
[ok joint] fid=355 bef -> 2 new .npy in /share/castor/home/e2406749/tropical_forest_disturbance/embeddings/joint/fid_355/bef/20230604T142721_20230604T142716_T20LNR__S1A_IW_GRDH_1SDV_20230602T094913_20230602T094938_048805_05DE8B_7193
[ok joint] fid=355 bef -> 2 new .npy in /share/castor/home/e2406749/tropical_forest_disturbance/embeddings/joint/fid_355/bef/20230624T142721_20230624T142715_T20LNR__S1A_IW_GRDH_1SDV_20230626T094914_20230626T094939_049155_05E932_8E24
[ok joint] fid=355 bef -> 2 new .npy in /share/castor/home/e2406749/tropical_forest_disturbance/embeddings/joint/fid_355/bef/20230803T142721_20230803T143434_T20LNR__S1A_IW_GRDH_1SDV_20230801T094916_20230801T094941_049680_05F959_E6F2
[ok joint] fid=355 bef -> 2 new .npy in /share/castor/home/e2406749/tropical_forest_disturbance/embeddings/joint/fid_355/bef/20230823T142721_20230823T143116_T20LNR__S1A_IW_GRDH_1SDV_20230825T094918_20230825T094943_050030_0604F6_59F6
[ok joint] fid=355 bef -> 2 new .npy in /share/castor/home/e2406749/tropical_forest_disturbance/embeddings/joint/fid_355/bef/20230420T142719_20230420T142714_T20LNR__S1A_IW_GRDH_1SDV_20230415T094911_20230415T094936_048105_05C876_50BE
[ok joint] fid=355 bef -> 2 new .npy in /share/castor/home/e2406749/tropical_forest_disturbance/embeddings/joint/fid_355/bef/20230609T142719_20230609T142938_T20LNR__S1A_IW_GRDH_1SDV_20230614T094913_20230614T094938_048980_05E3E7_6485
[ok joint] fid=355 bef -> 2 new .npy in /share/castor/home/e2406749/tropical_forest_disturbance/embeddings/joint/fid_355/bef/20230808T142719_20230808T143119_T20LNR__S1A_IW_GRDH_1SDV_20230813T094917_20230813T094942_049855_05FF04_E952
[ok joint] fid=355 bef -> 2 new .npy in /share/castor/home/e2406749/tropical_forest_disturbance/embeddings/joint/fid_355/bef/20230515T142711_20230515T142713_T20LNR__S1A_IW_GRDH_1SDV_20230509T094912_20230509T094937_048455_05D42C_BB80
[ok joint] fid=355 evt -> 2 new .npy in /share/castor/home/e2406749/tropical_forest_disturbance/embeddings/joint/fid_355/evt/20231002T142711_20231002T143108_T20LNR__S1A_IW_GRDH_1SDV_20230930T094919_20230930T094944_050555_0616E4_C554
[ok joint] fid=14 bef -> 1 new .npy in /share/castor/home/e2406749/tropical_forest_disturbance/embeddings/joint/fid_14/bef/20230709T142719_20230709T142938_T20LNR__S1A_IW_GRDH_1SDV_20230708T094940_20230708T095005_049330_05EE9A_BD21
[ok joint] fid=14 bef -> 1 new .npy in /share/castor/home/e2406749/tropical_forest_disturbance/embeddings/joint/fid_14/bef/20230719T142719_20230719T142939_T20LNR__S1A_IW_GRDH_1SDV_20230720T094940_20230720T095005_049505_05F3ED_61B1
[ok joint] fid=14 bef -> 1 new .npy in /share/castor/home/e2406749/tropical_forest_disturbance/embeddings/joint/fid_14/bef/20230604T142721_20230604T142716_T20LNR__S1A_IW_GRDH_1SDV_20230602T094938_20230602T095003_048805_05DE8B_61F1
[ok joint] fid=14 bef -> 1 new .npy in /share/castor/home/e2406749/tropical_forest_disturbance/embeddings/joint/fid_14/bef/20230624T142721_20230624T142715_T20LNR__S1A_IW_GRDH_1SDV_20230626T094939_20230626T095004_049155_05E932_87DB
[ok joint] fid=14 bef -> 1 new .npy in /share/castor/home/e2406749/tropical_forest_disturbance/embeddings/joint/fid_14/bef/20230803T142721_20230803T143434_T20LNR__S1A_IW_GRDH_1SDV_20230801T094941_20230801T095006_049680_05F959_7E64
[ok joint] fid=14 bef -> 1 new .npy in /share/castor/home/e2406749/tropical_forest_disturbance/embeddings/joint/fid_14/bef/20230301T142709_20230301T142737_T20LNR__S1A_IW_GRDH_1SDV_20230226T094935_20230226T095000_047405_05B0D3_E8BA
[ok joint] fid=14 bef -> 1 new .npy in /share/castor/home/e2406749/tropical_forest_disturbance/embeddings/joint/fid_14/bef/20230430T142719_20230430T142714_T20LNR__S1A_IW_GRDH_1SDV_20230427T094936_20230427T095001_048280_05CE51_C3AC
[ok joint] fid=14 bef -> 1 new .npy in /share/castor/home/e2406749/tropical_forest_disturbance/embeddings/joint/fid_14/bef/20230927T142719_20230927T142849_T20LNR__S1A_IW_GRDH_1SDV_20230930T094944_20230930T095009_050555_0616E4_8B83
[ok joint] fid=14 bef -> 1 new .npy in /share/castor/home/e2406749/tropical_forest_disturbance/embeddings/joint/fid_14/bef/20230609T142719_20230609T142938_T20LNR__S1A_IW_GRDH_1SDV_20230614T094938_20230614T095003_048980_05E3E7_B37E
[ok joint] fid=14 bef -> 1 new .npy in /share/castor/home/e2406749/tropical_forest_disturbance/embeddings/joint/fid_14/bef/20230818T142719_20230818T143227_T20LNR__S1A_IW_GRDH_1SDV_20230813T094942_20230813T095007_049855_05FF04_F481
[ok joint] fid=14 bef -> 1 new .npy in /share/castor/home/e2406749/tropical_forest_disturbance/embeddings/joint/fid_14/bef/20230515T142711_20230515T142713_T20LNR__S1A_IW_GRDH_1SDV_20230509T094937_20230509T095002_048455_05D42C_4A7D
[ok joint] fid=14 evt -> 1 new .npy in /share/castor/home/e2406749/tropical_forest_disturbance/embeddings/joint/fid_14/evt/20231012T142711_20231012T143437_T20LNR__S1A_IW_GRDH_1SDV_20231012T094943_20231012T095008_050730_061CE6_B0FB
[ok joint] fid=15 bef -> 2 new .npy in /share/castor/home/e2406749/tropical_forest_disturbance/embeddings/joint/fid_15/bef/20230709T142719_20230709T142938_T20LNR__S1A_IW_GRDH_1SDV_20230708T094940_20230708T095005_049330_05EE9A_BD21
[ok joint] fid=15 bef -> 2 new .npy in /share/castor/home/e2406749/tropical_forest_disturbance/embeddings/joint/fid_15/bef/20230719T142719_20230719T142939_T20LNR__S1A_IW_GRDH_1SDV_20230720T094940_20230720T095005_049505_05F3ED_61B1
[ok joint] fid=15 bef -> 2 new .npy in /share/castor/home/e2406749/tropical_forest_disturbance/embeddings/joint/fid_15/bef/20230604T142721_20230604T142716_T20LNR__S1A_IW_GRDH_1SDV_20230602T094938_20230602T095003_048805_05DE8B_61F1
[ok joint] fid=15 bef -> 2 new .npy in /share/castor/home/e2406749/tropical_forest_disturbance/embeddings/joint/fid_15/bef/20230624T142721_20230624T142715_T20LNR__S1A_IW_GRDH_1SDV_20230626T094939_20230626T095004_049155_05E932_87DB
[ok joint] fid=15 bef -> 2 new .npy in /share/castor/home/e2406749/tropical_forest_disturbance/embeddings/joint/fid_15/bef/20230803T142721_20230803T143434_T20LNR__S1A_IW_GRDH_1SDV_20230801T094941_20230801T095006_049680_05F959_7E64
[ok joint] fid=15 bef -> 2 new .npy in /share/castor/home/e2406749/tropical_forest_disturbance/embeddings/joint/fid_15/bef/20230823T142721_20230823T143116_T20LNR__S1A_IW_GRDH_1SDV_20230825T094943_20230825T095008_050030_0604F6_5B1D
[ok joint] fid=15 bef -> 2 new .npy in /share/castor/home/e2406749/tropical_forest_disturbance/embeddings/joint/fid_15/bef/20230301T142709_20230301T142737_T20LNR__S1A_IW_GRDH_1SDV_20230226T094935_20230226T095000_047405_05B0D3_E8BA
[ok joint] fid=15 bef -> 2 new .npy in /share/castor/home/e2406749/tropical_forest_disturbance/embeddings/joint/fid_15/bef/20230430T142719_20230430T142714_T20LNR__S1A_IW_GRDH_1SDV_20230427T094936_20230427T095001_048280_05CE51_C3AC
[ok joint] fid=15 bef -> 2 new .npy in /share/castor/home/e2406749/tropical_forest_disturbance/embeddings/joint/fid_15/bef/20230927T142719_20230927T142849_T20LNR__S1A_IW_GRDH_1SDV_20230930T094944_20230930T095009_050555_0616E4_8B83
[ok joint] fid=15 bef -> 2 new .npy in /share/castor/home/e2406749/tropical_forest_disturbance/embeddings/joint/fid_15/bef/20230609T142719_20230609T142938_T20LNR__S1A_IW_GRDH_1SDV_20230614T094938_20230614T095003_048980_05E3E7_B37E
[ok joint] fid=15 bef -> 2 new .npy in /share/castor/home/e2406749/tropical_forest_disturbance/embeddings/joint/fid_15/bef/20230818T142719_20230818T143227_T20LNR__S1A_IW_GRDH_1SDV_20230813T094942_20230813T095007_049855_05FF04_F481
[ok joint] fid=15 bef -> 2 new .npy in /share/castor/home/e2406749/tropical_forest_disturbance/embeddings/joint/fid_15/bef/20230515T142711_20230515T142713_T20LNR__S1A_IW_GRDH_1SDV_20230509T094937_20230509T095002_048455_05D42C_4A7D
[ok joint] fid=15 evt -> 2 new .npy in /share/castor/home/e2406749/tropical_forest_disturbance/embeddings/joint/fid_15/evt/20231012T142711_20231012T143437_T20LNR__S1A_IW_GRDH_1SDV_20231012T094943_20231012T095008_050730_061CE6_B0FB
[ok joint] fid=16 bef -> 3 new .npy in /share/castor/home/e2406749/tropical_forest_disturbance/embeddings/joint/fid_16/bef/20230214T142711_20230214T143425_T20LNR__S1A_IW_GRDH_1SDV_20230214T094935_20230214T095000_047230_05AAD4_443E
[ok joint] fid=16 bef -> 3 new .npy in /share/castor/home/e2406749/tropical_forest_disturbance/embeddings/joint/fid_16/bef/20230709T142719_20230709T142938_T20LNR__S1A_IW_GRDH_1SDV_20230708T094940_20230708T095005_049330_05EE9A_BD21
[ok joint] fid=16 bef -> 3 new .npy in /share/castor/home/e2406749/tropical_forest_disturbance/embeddings/joint/fid_16/bef/20230719T142719_20230719T142939_T20LNR__S1A_IW_GRDH_1SDV_20230720T094940_20230720T095005_049505_05F3ED_61B1
[ok joint] fid=16 bef -> 3 new .npy in /share/castor/home/e2406749/tropical_forest_disturbance/embeddings/joint/fid_16/bef/20230624T142721_20230624T142715_T20LNR__S1A_IW_GRDH_1SDV_20230626T094939_20230626T095004_049155_05E932_87DB
[ok joint] fid=16 bef -> 3 new .npy in /share/castor/home/e2406749/tropical_forest_disturbance/embeddings/joint/fid_16/bef/20230803T142721_20230803T143434_T20LNR__S1A_IW_GRDH_1SDV_20230801T094941_20230801T095006_049680_05F959_7E64
[ok joint] fid=16 bef -> 3 new .npy in /share/castor/home/e2406749/tropical_forest_disturbance/embeddings/joint/fid_16/bef/20230301T142709_20230301T142737_T20LNR__S1A_IW_GRDH_1SDV_20230226T094935_20230226T095000_047405_05B0D3_E8BA
[ok joint] fid=16 bef -> 3 new .npy in /share/castor/home/e2406749/tropical_forest_disturbance/embeddings/joint/fid_16/bef/20230430T142719_20230430T142714_T20LNR__S1A_IW_GRDH_1SDV_20230427T094936_20230427T095001_048280_05CE51_C3AC
[ok joint] fid=16 bef -> 3 new .npy in /share/castor/home/e2406749/tropical_forest_disturbance/embeddings/joint/fid_16/bef/20230828T142719_20230828T142716_T20LNR__S1A_IW_GRDH_1SDV_20230825T094943_20230825T095008_050030_0604F6_5B1D
[ok joint] fid=16 bef -> 3 new .npy in /share/castor/home/e2406749/tropical_forest_disturbance/embeddings/joint/fid_16/bef/20230326T142711_20230326T142710_T20LNR__S1A_IW_GRDH_1SDV_20230322T094935_20230322T095000_047755_05BCAD_A5E4
[ok joint] fid=16 bef -> 3 new .npy in /share/castor/home/e2406749/tropical_forest_disturbance/embeddings/joint/fid_16/bef/20230609T142719_20230609T142938_T20LNR__S1A_IW_GRDH_1SDV_20230614T094938_20230614T095003_048980_05E3E7_B37E
[ok joint] fid=16 bef -> 3 new .npy in /share/castor/home/e2406749/tropical_forest_disturbance/embeddings/joint/fid_16/bef/20230808T142719_20230808T143119_T20LNR__S1A_IW_GRDH_1SDV_20230813T094942_20230813T095007_049855_05FF04_F481
[ok joint] fid=16 bef -> 3 new .npy in /share/castor/home/e2406749/tropical_forest_disturbance/embeddings/joint/fid_16/bef/20230515T142711_20230515T142713_T20LNR__S1A_IW_GRDH_1SDV_20230509T094937_20230509T095002_048455_05D42C_4A7D
[ok joint] fid=16 evt -> 3 new .npy in /share/castor/home/e2406749/tropical_forest_disturbance/embeddings/joint/fid_16/evt/20231012T142711_20231012T143437_T20LNR__S1A_IW_GRDH_1SDV_20231012T094943_20231012T095008_050730_061CE6_B0FB
[ok joint] fid=17 bef -> 4 new .npy in /share/castor/home/e2406749/tropical_forest_disturbance/embeddings/joint/fid_17/bef/20230709T142719_20230709T142938_T20LNR__S1A_IW_GRDH_1SDV_20230708T094940_20230708T095005_049330_05EE9A_BD21
[ok joint] fid=17 bef -> 4 new .npy in /share/castor/home/e2406749/tropical_forest_disturbance/embeddings/joint/fid_17/bef/20230719T142719_20230719T142939_T20LNR__S1A_IW_GRDH_1SDV_20230720T094940_20230720T095005_049505_05F3ED_61B1
[ok joint] fid=17 bef -> 4 new .npy in /share/castor/home/e2406749/tropical_forest_disturbance/embeddings/joint/fid_17/bef/20230624T142721_20230624T142715_T20LNR__S1A_IW_GRDH_1SDV_20230626T094939_20230626T095004_049155_05E932_87DB
[ok joint] fid=17 bef -> 4 new .npy in /share/castor/home/e2406749/tropical_forest_disturbance/embeddings/joint/fid_17/bef/20230803T142721_20230803T143434_T20LNR__S1A_IW_GRDH_1SDV_20230801T094941_20230801T095006_049680_05F959_7E64
[ok joint] fid=17 bef -> 4 new .npy in /share/castor/home/e2406749/tropical_forest_disturbance/embeddings/joint/fid_17/bef/20230301T142709_20230301T142737_T20LNR__S1A_IW_GRDH_1SDV_20230226T094935_20230226T095000_047405_05B0D3_E8BA
[ok joint] fid=17 bef -> 4 new .npy in /share/castor/home/e2406749/tropical_forest_disturbance/embeddings/joint/fid_17/bef/20230430T142719_20230430T142714_T20LNR__S1A_IW_GRDH_1SDV_20230427T094936_20230427T095001_048280_05CE51_C3AC
[ok joint] fid=17 bef -> 4 new .npy in /share/castor/home/e2406749/tropical_forest_disturbance/embeddings/joint/fid_17/bef/20230828T142719_20230828T142716_T20LNR__S1A_IW_GRDH_1SDV_20230825T094943_20230825T095008_050030_0604F6_5B1D
[ok joint] fid=17 bef -> 4 new .npy in /share/castor/home/e2406749/tropical_forest_disturbance/embeddings/joint/fid_17/bef/20230609T142719_20230609T142938_T20LNR__S1A_IW_GRDH_1SDV_20230614T094938_20230614T095003_048980_05E3E7_B37E
[ok joint] fid=17 bef -> 4 new .npy in /share/castor/home/e2406749/tropical_forest_disturbance/embeddings/joint/fid_17/bef/20230818T142719_20230818T143227_T20LNR__S1A_IW_GRDH_1SDV_20230813T094942_20230813T095007_049855_05FF04_F481
[ok joint] fid=17 bef -> 4 new .npy in /share/castor/home/e2406749/tropical_forest_disturbance/embeddings/joint/fid_17/bef/20230515T142711_20230515T142713_T20LNR__S1A_IW_GRDH_1SDV_20230509T094937_20230509T095002_048455_05D42C_4A7D
[ok joint] fid=17 evt -> 4 new .npy in /share/castor/home/e2406749/tropical_forest_disturbance/embeddings/joint/fid_17/evt/20231012T142711_20231012T143437_T20LNR__S1A_IW_GRDH_1SDV_20231012T094943_20231012T095008_050730_061CE6_B0FB
[ok joint] fid=18 bef -> 2 new .npy in /share/castor/home/e2406749/tropical_forest_disturbance/embeddings/joint/fid_18/bef/20230214T142711_20230214T143425_T20LNR__S1A_IW_GRDH_1SDV_20230214T094935_20230214T095000_047230_05AAD4_443E
[ok joint] fid=18 bef -> 2 new .npy in /share/castor/home/e2406749/tropical_forest_disturbance/embeddings/joint/fid_18/bef/20230709T142719_20230709T142938_T20LNR__S1A_IW_GRDH_1SDV_20230708T094940_20230708T095005_049330_05EE9A_BD21
[ok joint] fid=18 bef -> 2 new .npy in /share/castor/home/e2406749/tropical_forest_disturbance/embeddings/joint/fid_18/bef/20230719T142719_20230719T142939_T20LNR__S1A_IW_GRDH_1SDV_20230720T094940_20230720T095005_049505_05F3ED_61B1
[ok joint] fid=18 bef -> 2 new .npy in /share/castor/home/e2406749/tropical_forest_disturbance/embeddings/joint/fid_18/bef/20230624T142721_20230624T142715_T20LNR__S1A_IW_GRDH_1SDV_20230626T094939_20230626T095004_049155_05E932_87DB
[ok joint] fid=18 bef -> 2 new .npy in /share/castor/home/e2406749/tropical_forest_disturbance/embeddings/joint/fid_18/bef/20230803T142721_20230803T143434_T20LNR__S1A_IW_GRDH_1SDV_20230801T094941_20230801T095006_049680_05F959_7E64
[ok joint] fid=18 bef -> 2 new .npy in /share/castor/home/e2406749/tropical_forest_disturbance/embeddings/joint/fid_18/bef/20230301T142709_20230301T142737_T20LNR__S1A_IW_GRDH_1SDV_20230226T094935_20230226T095000_047405_05B0D3_E8BA
[ok joint] fid=18 bef -> 2 new .npy in /share/castor/home/e2406749/tropical_forest_disturbance/embeddings/joint/fid_18/bef/20230430T142719_20230430T142714_T20LNR__S1A_IW_GRDH_1SDV_20230427T094936_20230427T095001_048280_05CE51_C3AC
[ok joint] fid=18 bef -> 2 new .npy in /share/castor/home/e2406749/tropical_forest_disturbance/embeddings/joint/fid_18/bef/20230828T142719_20230828T142716_T20LNR__S1A_IW_GRDH_1SDV_20230825T094943_20230825T095008_050030_0604F6_5B1D
[ok joint] fid=18 bef -> 2 new .npy in /share/castor/home/e2406749/tropical_forest_disturbance/embeddings/joint/fid_18/bef/20230326T142711_20230326T142710_T20LNR__S1A_IW_GRDH_1SDV_20230322T094935_20230322T095000_047755_05BCAD_A5E4
[ok joint] fid=18 bef -> 2 new .npy in /share/castor/home/e2406749/tropical_forest_disturbance/embeddings/joint/fid_18/bef/20230609T142719_20230609T142938_T20LNR__S1A_IW_GRDH_1SDV_20230614T094938_20230614T095003_048980_05E3E7_B37E
[ok joint] fid=18 bef -> 2 new .npy in /share/castor/home/e2406749/tropical_forest_disturbance/embeddings/joint/fid_18/bef/20230808T142719_20230808T143119_T20LNR__S1A_IW_GRDH_1SDV_20230813T094942_20230813T095007_049855_05FF04_F481
[ok joint] fid=18 bef -> 2 new .npy in /share/castor/home/e2406749/tropical_forest_disturbance/embeddings/joint/fid_18/bef/20230515T142711_20230515T142713_T20LNR__S1A_IW_GRDH_1SDV_20230509T094937_20230509T095002_048455_05D42C_4A7D
[ok joint] fid=18 evt -> 2 new .npy in /share/castor/home/e2406749/tropical_forest_disturbance/embeddings/joint/fid_18/evt/20231012T142711_20231012T143437_T20LNR__S1A_IW_GRDH_1SDV_20231012T094943_20231012T095008_050730_061CE6_B0FB
[ok joint] fid=19 bef -> 9 new .npy in /share/castor/home/e2406749/tropical_forest_disturbance/embeddings/joint/fid_19/bef/20230709T142719_20230709T142938_T20LNR__S1A_IW_GRDH_1SDV_20230708T094940_20230708T095005_049330_05EE9A_BD21
[ok joint] fid=19 bef -> 9 new .npy in /share/castor/home/e2406749/tropical_forest_disturbance/embeddings/joint/fid_19/bef/20230719T142719_20230719T142939_T20LNR__S1A_IW_GRDH_1SDV_20230720T094940_20230720T095005_049505_05F3ED_61B1
[ok joint] fid=19 bef -> 9 new .npy in /share/castor/home/e2406749/tropical_forest_disturbance/embeddings/joint/fid_19/bef/20230604T142721_20230604T142716_T20LNR__S1A_IW_GRDH_1SDV_20230602T094938_20230602T095003_048805_05DE8B_61F1
[ok joint] fid=19 bef -> 9 new .npy in /share/castor/home/e2406749/tropical_forest_disturbance/embeddings/joint/fid_19/bef/20230624T142721_20230624T142715_T20LNR__S1A_IW_GRDH_1SDV_20230626T094939_20230626T095004_049155_05E932_87DB
[ok joint] fid=19 bef -> 9 new .npy in /share/castor/home/e2406749/tropical_forest_disturbance/embeddings/joint/fid_19/bef/20230803T142721_20230803T143434_T20LNR__S1A_IW_GRDH_1SDV_20230801T094941_20230801T095006_049680_05F959_7E64
[ok joint] fid=19 bef -> 9 new .npy in /share/castor/home/e2406749/tropical_forest_disturbance/embeddings/joint/fid_19/bef/20230301T142709_20230301T142737_T20LNR__S1A_IW_GRDH_1SDV_20230226T094935_20230226T095000_047405_05B0D3_E8BA
[ok joint] fid=19 bef -> 9 new .npy in /share/castor/home/e2406749/tropical_forest_disturbance/embeddings/joint/fid_19/bef/20230430T142719_20230430T142714_T20LNR__S1A_IW_GRDH_1SDV_20230427T094936_20230427T095001_048280_05CE51_C3AC
[ok joint] fid=19 bef -> 9 new .npy in /share/castor/home/e2406749/tropical_forest_disturbance/embeddings/joint/fid_19/bef/20230828T142719_20230828T142716_T20LNR__S1A_IW_GRDH_1SDV_20230825T094943_20230825T095008_050030_0604F6_5B1D
[ok joint] fid=19 bef -> 9 new .npy in /share/castor/home/e2406749/tropical_forest_disturbance/embeddings/joint/fid_19/bef/20230609T142719_20230609T142938_T20LNR__S1A_IW_GRDH_1SDV_20230614T094938_20230614T095003_048980_05E3E7_B37E
[ok joint] fid=19 bef -> 9 new .npy in /share/castor/home/e2406749/tropical_forest_disturbance/embeddings/joint/fid_19/bef/20230818T142719_20230818T143227_T20LNR__S1A_IW_GRDH_1SDV_20230813T094942_20230813T095007_049855_05FF04_F481
[ok joint] fid=19 bef -> 9 new .npy in /share/castor/home/e2406749/tropical_forest_disturbance/embeddings/joint/fid_19/bef/20230515T142711_20230515T142713_T20LNR__S1A_IW_GRDH_1SDV_20230509T094937_20230509T095002_048455_05D42C_4A7D
[ok joint] fid=19 evt -> 9 new .npy in /share/castor/home/e2406749/tropical_forest_disturbance/embeddings/joint/fid_19/evt/20231012T142711_20231012T143437_T20LNR__S1A_IW_GRDH_1SDV_20231012T094943_20231012T095008_050730_061CE6_B0FB
[ok joint] fid=32 bef -> 3 new .npy in /share/castor/home/e2406749/tropical_forest_disturbance/embeddings/joint/fid_32/bef/20230214T142711_20230214T143425_T20LNR__S1A_IW_GRDH_1SDV_20230214T094935_20230214T095000_047230_05AAD4_443E
[ok joint] fid=32 bef -> 3 new .npy in /share/castor/home/e2406749/tropical_forest_disturbance/embeddings/joint/fid_32/bef/20230709T142719_20230709T142938_T20LNR__S1A_IW_GRDH_1SDV_20230708T094940_20230708T095005_049330_05EE9A_BD21
[ok joint] fid=32 bef -> 3 new .npy in /share/castor/home/e2406749/tropical_forest_disturbance/embeddings/joint/fid_32/bef/20230604T142721_20230604T142716_T20LNR__S1A_IW_GRDH_1SDV_20230602T094938_20230602T095003_048805_05DE8B_61F1
[ok joint] fid=32 bef -> 3 new .npy in /share/castor/home/e2406749/tropical_forest_disturbance/embeddings/joint/fid_32/bef/20230624T142721_20230624T142715_T20LNR__S1A_IW_GRDH_1SDV_20230626T094939_20230626T095004_049155_05E932_87DB
[ok joint] fid=32 bef -> 3 new .npy in /share/castor/home/e2406749/tropical_forest_disturbance/embeddings/joint/fid_32/bef/20230803T142721_20230803T143434_T20LNR__S1A_IW_GRDH_1SDV_20230801T094941_20230801T095006_049680_05F959_7E64
[ok joint] fid=32 bef -> 3 new .npy in /share/castor/home/e2406749/tropical_forest_disturbance/embeddings/joint/fid_32/bef/20230823T142721_20230823T143116_T20LNR__S1A_IW_GRDH_1SDV_20230825T094943_20230825T095008_050030_0604F6_5B1D
[ok joint] fid=32 bef -> 3 new .npy in /share/castor/home/e2406749/tropical_forest_disturbance/embeddings/joint/fid_32/bef/20231002T142711_20231002T143108_T20LNR__S1A_IW_GRDH_1SDV_20230930T094944_20230930T095009_050555_0616E4_8B83
[ok joint] fid=32 bef -> 3 new .npy in /share/castor/home/e2406749/tropical_forest_disturbance/embeddings/joint/fid_32/bef/20230430T142719_20230430T142714_T20LNR__S1A_IW_GRDH_1SDV_20230427T094936_20230427T095001_048280_05CE51_C3AC
[ok joint] fid=32 bef -> 3 new .npy in /share/castor/home/e2406749/tropical_forest_disturbance/embeddings/joint/fid_32/bef/20230724T142721_20230724T142717_T20LNR__S1A_IW_GRDH_1SDV_20230720T094940_20230720T095005_049505_05F3ED_61B1
[ok joint] fid=32 bef -> 3 new .npy in /share/castor/home/e2406749/tropical_forest_disturbance/embeddings/joint/fid_32/bef/20230609T142719_20230609T142938_T20LNR__S1A_IW_GRDH_1SDV_20230614T094938_20230614T095003_048980_05E3E7_B37E
[ok joint] fid=32 bef -> 3 new .npy in /share/castor/home/e2406749/tropical_forest_disturbance/embeddings/joint/fid_32/bef/20230808T142719_20230808T143119_T20LNR__S1A_IW_GRDH_1SDV_20230813T094942_20230813T095007_049855_05FF04_F481
[ok joint] fid=32 bef -> 3 new .npy in /share/castor/home/e2406749/tropical_forest_disturbance/embeddings/joint/fid_32/bef/20230515T142711_20230515T142713_T20LNR__S1A_IW_GRDH_1SDV_20230509T094937_20230509T095002_048455_05D42C_4A7D
[ok joint] fid=32 evt -> 3 new .npy in /share/castor/home/e2406749/tropical_forest_disturbance/embeddings/joint/fid_32/evt/20231012T142711_20231012T143437_T20LNR__S1A_IW_GRDH_1SDV_20231012T094943_20231012T095008_050730_061CE6_B0FB
[ok joint] fid=40 bef -> 3 new .npy in /share/castor/home/e2406749/tropical_forest_disturbance/embeddings/joint/fid_40/bef/20230214T142711_20230214T143425_T20LNR__S1A_IW_GRDH_1SDV_20230214T094910_20230214T094935_047230_05AAD4_E27D
[ok joint] fid=40 bef -> 3 new .npy in /share/castor/home/e2406749/tropical_forest_disturbance/embeddings/joint/fid_40/bef/20231012T142711_20231012T143437_T20LNR__S1A_IW_GRDH_1SDV_20231012T094918_20231012T094943_050730_061CE6_51C0
[ok joint] fid=40 bef -> 3 new .npy in /share/castor/home/e2406749/tropical_forest_disturbance/embeddings/joint/fid_40/bef/20230709T142719_20230709T142938_T20LNR__S1A_IW_GRDH_1SDV_20230708T094915_20230708T094940_049330_05EE9A_201B
[ok joint] fid=40 bef -> 3 new .npy in /share/castor/home/e2406749/tropical_forest_disturbance/embeddings/joint/fid_40/bef/20230624T142721_20230624T142715_T20LNR__S1A_IW_GRDH_1SDV_20230626T094914_20230626T094939_049155_05E932_8E24
[ok joint] fid=40 bef -> 3 new .npy in /share/castor/home/e2406749/tropical_forest_disturbance/embeddings/joint/fid_40/bef/20230803T142721_20230803T143434_T20LNR__S1A_IW_GRDH_1SDV_20230801T094916_20230801T094941_049680_05F959_E6F2
[ok joint] fid=40 bef -> 3 new .npy in /share/castor/home/e2406749/tropical_forest_disturbance/embeddings/joint/fid_40/bef/20230823T142721_20230823T143116_T20LNR__S1A_IW_GRDH_1SDV_20230825T094918_20230825T094943_050030_0604F6_59F6
[ok joint] fid=40 bef -> 3 new .npy in /share/castor/home/e2406749/tropical_forest_disturbance/embeddings/joint/fid_40/bef/20230927T142719_20230927T142849_T20LNR__S1A_IW_GRDH_1SDV_20230930T094919_20230930T094944_050555_0616E4_C554
[ok joint] fid=40 bef -> 3 new .npy in /share/castor/home/e2406749/tropical_forest_disturbance/embeddings/joint/fid_40/bef/20230724T142721_20230724T142717_T20LNR__S1A_IW_GRDH_1SDV_20230720T094915_20230720T094940_049505_05F3ED_2372
[ok joint] fid=40 bef -> 3 new .npy in /share/castor/home/e2406749/tropical_forest_disturbance/embeddings/joint/fid_40/bef/20230609T142719_20230609T142938_T20LNR__S1A_IW_GRDH_1SDV_20230614T094913_20230614T094938_048980_05E3E7_6485
[ok joint] fid=40 bef -> 3 new .npy in /share/castor/home/e2406749/tropical_forest_disturbance/embeddings/joint/fid_40/bef/20230818T142719_20230818T143227_T20LNR__S1A_IW_GRDH_1SDV_20230813T094917_20230813T094942_049855_05FF04_E952
[ok joint] fid=40 bef -> 3 new .npy in /share/castor/home/e2406749/tropical_forest_disturbance/embeddings/joint/fid_40/bef/20230515T142711_20230515T142713_T20LNR__S1A_IW_GRDH_1SDV_20230509T094912_20230509T094937_048455_05D42C_BB80
[ok joint] fid=40 bef -> 3 new .npy in /share/castor/home/e2406749/tropical_forest_disturbance/embeddings/joint/fid_40/bef/20230912T142721_20230912T143158_T20LNR__S1A_IW_GRDH_1SDV_20230906T094918_20230906T094943_050205_060AF4_C05C
[ok joint] fid=40 evt -> 3 new .npy in /share/castor/home/e2406749/tropical_forest_disturbance/embeddings/joint/fid_40/evt/20231116T142709_20231116T143044_T20LNR__S1A_IW_GRDH_1SDV_20231117T094918_20231117T094943_051255_062EE9_CAEE
[ok joint] fid=41 bef -> 3 new .npy in /share/castor/home/e2406749/tropical_forest_disturbance/embeddings/joint/fid_41/bef/20230709T142719_20230709T142938_T20LNR__S1A_IW_GRDH_1SDV_20230708T094915_20230708T094940_049330_05EE9A_201B
[ok joint] fid=41 bef -> 3 new .npy in /share/castor/home/e2406749/tropical_forest_disturbance/embeddings/joint/fid_41/bef/20230719T142719_20230719T142939_T20LNR__S1A_IW_GRDH_1SDV_20230720T094915_20230720T094940_049505_05F3ED_2372
[ok joint] fid=41 bef -> 3 new .npy in /share/castor/home/e2406749/tropical_forest_disturbance/embeddings/joint/fid_41/bef/20230624T142721_20230624T142715_T20LNR__S1A_IW_GRDH_1SDV_20230626T094914_20230626T094939_049155_05E932_8E24
[ok joint] fid=41 bef -> 3 new .npy in /share/castor/home/e2406749/tropical_forest_disturbance/embeddings/joint/fid_41/bef/20230803T142721_20230803T143434_T20LNR__S1A_IW_GRDH_1SDV_20230801T094916_20230801T094941_049680_05F959_E6F2
[ok joint] fid=41 bef -> 3 new .npy in /share/castor/home/e2406749/tropical_forest_disturbance/embeddings/joint/fid_41/bef/20230823T142721_20230823T143116_T20LNR__S1A_IW_GRDH_1SDV_20230825T094918_20230825T094943_050030_0604F6_59F6
[ok joint] fid=41 bef -> 3 new .npy in /share/castor/home/e2406749/tropical_forest_disturbance/embeddings/joint/fid_41/bef/20230420T142719_20230420T142714_T20LNR__S1A_IW_GRDH_1SDV_20230415T094911_20230415T094936_048105_05C876_50BE
[ok joint] fid=41 bef -> 3 new .npy in /share/castor/home/e2406749/tropical_forest_disturbance/embeddings/joint/fid_41/bef/20230609T142719_20230609T142938_T20LNR__S1A_IW_GRDH_1SDV_20230614T094913_20230614T094938_048980_05E3E7_6485
[ok joint] fid=41 bef -> 3 new .npy in /share/castor/home/e2406749/tropical_forest_disturbance/embeddings/joint/fid_41/bef/20230808T142719_20230808T143119_T20LNR__S1A_IW_GRDH_1SDV_20230813T094917_20230813T094942_049855_05FF04_E952
[ok joint] fid=41 bef -> 3 new .npy in /share/castor/home/e2406749/tropical_forest_disturbance/embeddings/joint/fid_41/bef/20230515T142711_20230515T142713_T20LNR__S1A_IW_GRDH_1SDV_20230509T094912_20230509T094937_048455_05D42C_BB80
[ok joint] fid=41 bef -> 3 new .npy in /share/castor/home/e2406749/tropical_forest_disturbance/embeddings/joint/fid_41/bef/20230912T142721_20230912T143158_T20LNR__S1A_IW_GRDH_1SDV_20230906T094918_20230906T094943_050205_060AF4_C05C
[ok joint] fid=41 evt -> 3 new .npy in /share/castor/home/e2406749/tropical_forest_disturbance/embeddings/joint/fid_41/evt/20231111T142711_20231111T142711_T20LNR__S1A_IW_GRDH_1SDV_20231117T094918_20231117T094943_051255_062EE9_CAEE
[ok joint] fid=42 bef -> 1 new .npy in /share/castor/home/e2406749/tropical_forest_disturbance/embeddings/joint/fid_42/bef/20231012T142711_20231012T143437_T20LNR__S1A_IW_GRDH_1SDV_20231012T094943_20231012T095008_050730_061CE6_B0FB
[ok joint] fid=42 bef -> 1 new .npy in /share/castor/home/e2406749/tropical_forest_disturbance/embeddings/joint/fid_42/bef/20230709T142719_20230709T142938_T20LNR__S1A_IW_GRDH_1SDV_20230708T094940_20230708T095005_049330_05EE9A_BD21
[ok joint] fid=42 bef -> 1 new .npy in /share/castor/home/e2406749/tropical_forest_disturbance/embeddings/joint/fid_42/bef/20230719T142719_20230719T142939_T20LNR__S1A_IW_GRDH_1SDV_20230720T094940_20230720T095005_049505_05F3ED_61B1
[ok joint] fid=42 bef -> 1 new .npy in /share/castor/home/e2406749/tropical_forest_disturbance/embeddings/joint/fid_42/bef/20231116T142709_20231116T143044_T20LNR__S1A_IW_GRDH_1SDV_20231117T094943_20231117T095008_051255_062EE9_3725
[ok joint] fid=42 bef -> 1 new .npy in /share/castor/home/e2406749/tropical_forest_disturbance/embeddings/joint/fid_42/bef/20230604T142721_20230604T142716_T20LNR__S1A_IW_GRDH_1SDV_20230602T094938_20230602T095003_048805_05DE8B_61F1
[ok joint] fid=42 bef -> 1 new .npy in /share/castor/home/e2406749/tropical_forest_disturbance/embeddings/joint/fid_42/bef/20230624T142721_20230624T142715_T20LNR__S1A_IW_GRDH_1SDV_20230626T094939_20230626T095004_049155_05E932_87DB
[ok joint] fid=42 bef -> 1 new .npy in /share/castor/home/e2406749/tropical_forest_disturbance/embeddings/joint/fid_42/bef/20230803T142721_20230803T143434_T20LNR__S1A_IW_GRDH_1SDV_20230801T094941_20230801T095006_049680_05F959_7E64
[ok joint] fid=42 bef -> 1 new .npy in /share/castor/home/e2406749/tropical_forest_disturbance/embeddings/joint/fid_42/bef/20230823T142721_20230823T143116_T20LNR__S1A_IW_GRDH_1SDV_20230825T094943_20230825T095008_050030_0604F6_5B1D
[ok joint] fid=42 bef -> 1 new .npy in /share/castor/home/e2406749/tropical_forest_disturbance/embeddings/joint/fid_42/bef/20230301T142709_20230301T142737_T20LNR__S1A_IW_GRDH_1SDV_20230226T094935_20230226T095000_047405_05B0D3_E8BA
[ok joint] fid=42 bef -> 1 new .npy in /share/castor/home/e2406749/tropical_forest_disturbance/embeddings/joint/fid_42/bef/20230430T142719_20230430T142714_T20LNR__S1A_IW_GRDH_1SDV_20230427T094936_20230427T095001_048280_05CE51_C3AC
[ok joint] fid=42 bef -> 1 new .npy in /share/castor/home/e2406749/tropical_forest_disturbance/embeddings/joint/fid_42/bef/20230125T142711_20230125T142709_T20LNR__S1A_IW_GRDH_1SDV_20230121T094935_20230121T095000_046880_059F24_7A3A
[ok joint] fid=42 bef -> 1 new .npy in /share/castor/home/e2406749/tropical_forest_disturbance/embeddings/joint/fid_42/bef/20230609T142719_20230609T142938_T20LNR__S1A_IW_GRDH_1SDV_20230614T094938_20230614T095003_048980_05E3E7_B37E
[ok joint] fid=42 bef -> 1 new .npy in /share/castor/home/e2406749/tropical_forest_disturbance/embeddings/joint/fid_42/bef/20230818T142719_20230818T143227_T20LNR__S1A_IW_GRDH_1SDV_20230813T094942_20230813T095007_049855_05FF04_F481
[ok joint] fid=42 bef -> 1 new .npy in /share/castor/home/e2406749/tropical_forest_disturbance/embeddings/joint/fid_42/bef/20230515T142711_20230515T142713_T20LNR__S1A_IW_GRDH_1SDV_20230509T094937_20230509T095002_048455_05D42C_4A7D
[ok joint] fid=42 bef -> 1 new .npy in /share/castor/home/e2406749/tropical_forest_disturbance/embeddings/joint/fid_42/bef/20231111T142711_20231111T142711_T20LNR__S1A_IW_GRDH_1SDV_20231105T094944_20231105T095009_051080_0628DA_EC5A
[ok joint] fid=42 bef -> 1 new .npy in /share/castor/home/e2406749/tropical_forest_disturbance/embeddings/joint/fid_42/bef/20231007T142709_20231007T142929_T20LNR__S1A_IW_GRDH_1SDV_20230930T094944_20230930T095009_050555_0616E4_8B83
[ok joint] fid=43 bef -> 4 new .npy in /share/castor/home/e2406749/tropical_forest_disturbance/embeddings/joint/fid_43/bef/20230214T142711_20230214T143425_T20LNR__S1A_IW_GRDH_1SDV_20230214T094935_20230214T095000_047230_05AAD4_443E
[ok joint] fid=43 bef -> 4 new .npy in /share/castor/home/e2406749/tropical_forest_disturbance/embeddings/joint/fid_43/bef/20231012T142711_20231012T143437_T20LNR__S1A_IW_GRDH_1SDV_20231012T094943_20231012T095008_050730_061CE6_B0FB
[ok joint] fid=43 bef -> 4 new .npy in /share/castor/home/e2406749/tropical_forest_disturbance/embeddings/joint/fid_43/bef/20230709T142719_20230709T142938_T20LNR__S1A_IW_GRDH_1SDV_20230708T094940_20230708T095005_049330_05EE9A_BD21
[ok joint] fid=43 bef -> 4 new .npy in /share/castor/home/e2406749/tropical_forest_disturbance/embeddings/joint/fid_43/bef/20231116T142709_20231116T143044_T20LNR__S1A_IW_GRDH_1SDV_20231117T094943_20231117T095008_051255_062EE9_3725
[ok joint] fid=43 bef -> 4 new .npy in /share/castor/home/e2406749/tropical_forest_disturbance/embeddings/joint/fid_43/bef/20230604T142721_20230604T142716_T20LNR__S1A_IW_GRDH_1SDV_20230602T094938_20230602T095003_048805_05DE8B_61F1
[ok joint] fid=43 bef -> 4 new .npy in /share/castor/home/e2406749/tropical_forest_disturbance/embeddings/joint/fid_43/bef/20230624T142721_20230624T142715_T20LNR__S1A_IW_GRDH_1SDV_20230626T094939_20230626T095004_049155_05E932_87DB
[ok joint] fid=43 bef -> 4 new .npy in /share/castor/home/e2406749/tropical_forest_disturbance/embeddings/joint/fid_43/bef/20230803T142721_20230803T143434_T20LNR__S1A_IW_GRDH_1SDV_20230801T094941_20230801T095006_049680_05F959_7E64
[ok joint] fid=43 bef -> 4 new .npy in /share/castor/home/e2406749/tropical_forest_disturbance/embeddings/joint/fid_43/bef/20230823T142721_20230823T143116_T20LNR__S1A_IW_GRDH_1SDV_20230825T094943_20230825T095008_050030_0604F6_5B1D
[ok joint] fid=43 bef -> 4 new .npy in /share/castor/home/e2406749/tropical_forest_disturbance/embeddings/joint/fid_43/bef/20231002T142711_20231002T143108_T20LNR__S1A_IW_GRDH_1SDV_20230930T094944_20230930T095009_050555_0616E4_8B83
[ok joint] fid=43 bef -> 4 new .npy in /share/castor/home/e2406749/tropical_forest_disturbance/embeddings/joint/fid_43/bef/20230430T142719_20230430T142714_T20LNR__S1A_IW_GRDH_1SDV_20230427T094936_20230427T095001_048280_05CE51_C3AC
[ok joint] fid=43 bef -> 4 new .npy in /share/castor/home/e2406749/tropical_forest_disturbance/embeddings/joint/fid_43/bef/20230525T142721_20230525T142853_T20LNR__S1A_IW_GRDH_1SDV_20230521T094937_20230521T095002_048630_05D957_8119
[ok joint] fid=43 bef -> 4 new .npy in /share/castor/home/e2406749/tropical_forest_disturbance/embeddings/joint/fid_43/bef/20230724T142721_20230724T142717_T20LNR__S1A_IW_GRDH_1SDV_20230720T094940_20230720T095005_049505_05F3ED_61B1
[ok joint] fid=43 bef -> 4 new .npy in /share/castor/home/e2406749/tropical_forest_disturbance/embeddings/joint/fid_43/bef/20230609T142719_20230609T142938_T20LNR__S1A_IW_GRDH_1SDV_20230614T094938_20230614T095003_048980_05E3E7_B37E
[ok joint] fid=43 bef -> 4 new .npy in /share/castor/home/e2406749/tropical_forest_disturbance/embeddings/joint/fid_43/bef/20230818T142719_20230818T143227_T20LNR__S1A_IW_GRDH_1SDV_20230813T094942_20230813T095007_049855_05FF04_F481
[ok joint] fid=43 bef -> 4 new .npy in /share/castor/home/e2406749/tropical_forest_disturbance/embeddings/joint/fid_43/bef/20230515T142711_20230515T142713_T20LNR__S1A_IW_GRDH_1SDV_20230509T094937_20230509T095002_048455_05D42C_4A7D
[ok joint] fid=43 bef -> 4 new .npy in /share/castor/home/e2406749/tropical_forest_disturbance/embeddings/joint/fid_43/bef/20231111T142711_20231111T142711_T20LNR__S1A_IW_GRDH_1SDV_20231105T094944_20231105T095009_051080_0628DA_EC5A
[ok joint] fid=44 bef -> 2 new .npy in /share/castor/home/e2406749/tropical_forest_disturbance/embeddings/joint/fid_44/bef/20230214T142711_20230214T143425_T20LMR__S1A_IW_GRDH_1SDV_20230214T094935_20230214T095000_047230_05AAD4_443E
[ok joint] fid=44 bef -> 2 new .npy in /share/castor/home/e2406749/tropical_forest_disturbance/embeddings/joint/fid_44/bef/20231012T142711_20231012T143437_T20LMR__S1A_IW_GRDH_1SDV_20231012T094943_20231012T095008_050730_061CE6_B0FB
[ok joint] fid=44 bef -> 2 new .npy in /share/castor/home/e2406749/tropical_forest_disturbance/embeddings/joint/fid_44/bef/20230709T142719_20230709T142938_T20LMR__S1A_IW_GRDH_1SDV_20230708T094940_20230708T095005_049330_05EE9A_BD21
[ok joint] fid=44 bef -> 2 new .npy in /share/castor/home/e2406749/tropical_forest_disturbance/embeddings/joint/fid_44/bef/20230719T142719_20230719T142939_T20LMR__S1A_IW_GRDH_1SDV_20230720T094940_20230720T095005_049505_05F3ED_61B1
[ok joint] fid=44 bef -> 2 new .npy in /share/castor/home/e2406749/tropical_forest_disturbance/embeddings/joint/fid_44/bef/20231106T142719_20231106T142726_T20LMR__S1A_IW_GRDH_1SDV_20231105T094944_20231105T095009_051080_0628DA_EC5A
[ok joint] fid=44 bef -> 2 new .npy in /share/castor/home/e2406749/tropical_forest_disturbance/embeddings/joint/fid_44/bef/20231116T142709_20231116T143044_T20LMR__S1A_IW_GRDH_1SDV_20231117T094943_20231117T095008_051255_062EE9_3725
[ok joint] fid=44 bef -> 2 new .npy in /share/castor/home/e2406749/tropical_forest_disturbance/embeddings/joint/fid_44/bef/20230224T142711_20230224T143045_T20LNR__S1A_IW_GRDH_1SDV_20230226T094935_20230226T095000_047405_05B0D3_E8BA
[ok joint] fid=44 bef -> 2 new .npy in /share/castor/home/e2406749/tropical_forest_disturbance/embeddings/joint/fid_44/bef/20230604T142721_20230604T142716_T20LMR__S1A_IW_GRDH_1SDV_20230602T094938_20230602T095003_048805_05DE8B_61F1
[ok joint] fid=44 bef -> 2 new .npy in /share/castor/home/e2406749/tropical_forest_disturbance/embeddings/joint/fid_44/bef/20230624T142721_20230624T142715_T20LMR__S1A_IW_GRDH_1SDV_20230626T094939_20230626T095004_049155_05E932_87DB
[ok joint] fid=44 bef -> 2 new .npy in /share/castor/home/e2406749/tropical_forest_disturbance/embeddings/joint/fid_44/bef/20230823T142721_20230823T143116_T20LMR__S1A_IW_GRDH_1SDV_20230825T094943_20230825T095008_050030_0604F6_5B1D
[ok joint] fid=44 bef -> 2 new .npy in /share/castor/home/e2406749/tropical_forest_disturbance/embeddings/joint/fid_44/bef/20231002T142711_20231002T143108_T20LMR__S1A_IW_GRDH_1SDV_20230930T094944_20230930T095009_050555_0616E4_8B83
[ok joint] fid=44 bef -> 2 new .npy in /share/castor/home/e2406749/tropical_forest_disturbance/embeddings/joint/fid_44/bef/20230430T142719_20230430T142714_T20LMR__S1A_IW_GRDH_1SDV_20230427T094936_20230427T095001_048280_05CE51_C3AC
[ok joint] fid=44 bef -> 2 new .npy in /share/castor/home/e2406749/tropical_forest_disturbance/embeddings/joint/fid_44/bef/20230729T142719_20230729T142718_T20LMR__S1A_IW_GRDH_1SDV_20230801T094941_20230801T095006_049680_05F959_7E64
[ok joint] fid=44 bef -> 2 new .npy in /share/castor/home/e2406749/tropical_forest_disturbance/embeddings/joint/fid_44/bef/20230326T142711_20230326T142710_T20LMR__S1A_IW_GRDH_1SDV_20230322T094935_20230322T095000_047755_05BCAD_A5E4
[ok joint] fid=44 bef -> 2 new .npy in /share/castor/home/e2406749/tropical_forest_disturbance/embeddings/joint/fid_44/bef/20230609T142719_20230609T142938_T20LMR__S1A_IW_GRDH_1SDV_20230614T094938_20230614T095003_048980_05E3E7_B37E
[ok joint] fid=44 bef -> 2 new .npy in /share/castor/home/e2406749/tropical_forest_disturbance/embeddings/joint/fid_44/bef/20230808T142719_20230808T143119_T20LMR__S1A_IW_GRDH_1SDV_20230813T094942_20230813T095007_049855_05FF04_F481
[ok joint] fid=44 bef -> 2 new .npy in /share/castor/home/e2406749/tropical_forest_disturbance/embeddings/joint/fid_44/bef/20230115T142711_20230115T142817_T20LMR__S1A_IW_GRDH_1SDV_20230109T094936_20230109T095001_046705_05993A_763B
[ok joint] fid=44 bef -> 2 new .npy in /share/castor/home/e2406749/tropical_forest_disturbance/embeddings/joint/fid_44/bef/20230515T142711_20230515T142713_T20LMR__S1A_IW_GRDH_1SDV_20230509T094937_20230509T095002_048455_05D42C_4A7D
[ok joint] fid=273 bef -> 2 new .npy in /share/castor/home/e2406749/tropical_forest_disturbance/embeddings/joint/fid_273/bef/20230214T142711_20230214T143425_T20LNR__S1A_IW_GRDH_1SDV_20230214T094935_20230214T095000_047230_05AAD4_443E
[ok joint] fid=273 bef -> 2 new .npy in /share/castor/home/e2406749/tropical_forest_disturbance/embeddings/joint/fid_273/bef/20230301T142709_20230301T142737_T20LNR__S1A_IW_GRDH_1SDV_20230226T094935_20230226T095000_047405_05B0D3_E8BA
[ok joint] fid=273 bef -> 2 new .npy in /share/castor/home/e2406749/tropical_forest_disturbance/embeddings/joint/fid_273/bef/20230125T142711_20230125T142709_T20LNR__S1A_IW_GRDH_1SDV_20230121T094935_20230121T095000_046880_059F24_7A3A
[ok joint] fid=274 bef -> 2 new .npy in /share/castor/home/e2406749/tropical_forest_disturbance/embeddings/joint/fid_274/bef/20230214T142711_20230214T143425_T20LNR__S1A_IW_GRDH_1SDV_20230214T094935_20230214T095000_047230_05AAD4_443E
[ok joint] fid=274 bef -> 2 new .npy in /share/castor/home/e2406749/tropical_forest_disturbance/embeddings/joint/fid_274/bef/20230301T142709_20230301T142737_T20LNR__S1A_IW_GRDH_1SDV_20230226T094935_20230226T095000_047405_05B0D3_E8BA
[ok joint] fid=274 bef -> 2 new .npy in /share/castor/home/e2406749/tropical_forest_disturbance/embeddings/joint/fid_274/bef/20230115T142711_20230115T142817_T20LNR__S1A_IW_GRDH_1SDV_20230109T094936_20230109T095001_046705_05993A_763B
[ok joint] fid=216 bef -> 4 new .npy in /share/castor/home/e2406749/tropical_forest_disturbance/embeddings/joint/fid_216/bef/20230214T142711_20230214T143425_T20LNR__S1A_IW_GRDH_1SDV_20230214T094935_20230214T095000_047230_05AAD4_443E
[ok joint] fid=145 bef -> 4 new .npy in /share/castor/home/e2406749/tropical_forest_disturbance/embeddings/joint/fid_145/bef/20230214T142711_20230214T143425_T20LNR__S1A_IW_GRDH_1SDV_20230214T094910_20230214T094935_047230_05AAD4_E27D
[ok joint] fid=222 bef -> 1 new .npy in /share/castor/home/e2406749/tropical_forest_disturbance/embeddings/joint/fid_222/bef/20230214T142711_20230214T143425_T20LNR__S1A_IW_GRDH_1SDV_20230214T094935_20230214T095000_047230_05AAD4_443E
[ok joint] fid=222 bef -> 1 new .npy in /share/castor/home/e2406749/tropical_forest_disturbance/embeddings/joint/fid_222/bef/20230224T142711_20230224T143045_T20LNR__S1A_IW_GRDH_1SDV_20230226T094935_20230226T095000_047405_05B0D3_E8BA
[ok joint] fid=222 bef -> 1 new .npy in /share/castor/home/e2406749/tropical_forest_disturbance/embeddings/joint/fid_222/bef/20230115T142711_20230115T142817_T20LNR__S1A_IW_GRDH_1SDV_20230109T094936_20230109T095001_046705_05993A_763B
[ok joint] fid=222 aft -> 1 new .npy in /share/castor/home/e2406749/tropical_forest_disturbance/embeddings/joint/fid_222/aft/20230430T142719_20230430T142714_T20LNR__S1A_IW_GRDH_1SDV_20230427T094936_20230427T095001_048280_05CE51_C3AC
[ok joint] fid=150 bef -> 4 new .npy in /share/castor/home/e2406749/tropical_forest_disturbance/embeddings/joint/fid_150/bef/20230301T142709_20230301T142737_T20LNR__S1A_IW_GRDH_1SDV_20230226T094935_20230226T095000_047405_05B0D3_E8BA
[ok joint] fid=150 aft -> 4 new .npy in /share/castor/home/e2406749/tropical_forest_disturbance/embeddings/joint/fid_150/aft/20230430T142719_20230430T142714_T20LNR__S1A_IW_GRDH_1SDV_20230427T094936_20230427T095001_048280_05CE51_C3AC
[ok joint] fid=221 aft -> 4 new .npy in /share/castor/home/e2406749/tropical_forest_disturbance/embeddings/joint/fid_221/aft/20230430T142719_20230430T142714_T20LNR__S1A_IW_GRDH_1SDV_20230427T094936_20230427T095001_048280_05CE51_C3AC
[ok joint] fid=164 bef -> 2 new .npy in /share/castor/home/e2406749/tropical_forest_disturbance/embeddings/joint/fid_164/bef/20230214T142711_20230214T143425_T20LNR__S1A_IW_GRDH_1SDV_20230214T094910_20230214T094935_047230_05AAD4_E27D
[ok joint] fid=164 bef -> 2 new .npy in /share/castor/home/e2406749/tropical_forest_disturbance/embeddings/joint/fid_164/bef/20230125T142711_20230125T142709_T20LNR__S1A_IW_GRDH_1SDV_20230121T094910_20230121T094935_046880_059F24_ED7C
[ok joint] fid=164 bef -> 2 new .npy in /share/castor/home/e2406749/tropical_forest_disturbance/embeddings/joint/fid_164/bef/20230326T142711_20230326T142710_T20LNR__S1A_IW_GRDH_1SDV_20230322T094910_20230322T094935_047755_05BCAD_F524
[ok joint] fid=164 bef -> 2 new .npy in /share/castor/home/e2406749/tropical_forest_disturbance/embeddings/joint/fid_164/bef/20230420T142719_20230420T142714_T20LNR__S1A_IW_GRDH_1SDV_20230415T094911_20230415T094936_048105_05C876_50BE
[ok joint] fid=164 evt -> 2 new .npy in /share/castor/home/e2406749/tropical_forest_disturbance/embeddings/joint/fid_164/evt/20230515T142711_20230515T142713_T20LNR__S1A_IW_GRDH_1SDV_20230509T094912_20230509T094937_048455_05D42C_BB80
[ok joint] fid=164 aft -> 2 new .npy in /share/castor/home/e2406749/tropical_forest_disturbance/embeddings/joint/fid_164/aft/20230609T142719_20230609T142938_T20LNR__S1A_IW_GRDH_1SDV_20230602T094913_20230602T094938_048805_05DE8B_7193
[ok joint] fid=34 bef -> 2 new .npy in /share/castor/home/e2406749/tropical_forest_disturbance/embeddings/joint/fid_34/bef/20230214T142711_20230214T143425_T20LNR__S1A_IW_GRDH_1SDV_20230214T094935_20230214T095000_047230_05AAD4_443E
[ok joint] fid=34 bef -> 2 new .npy in /share/castor/home/e2406749/tropical_forest_disturbance/embeddings/joint/fid_34/bef/20230520T142719_20230520T142902_T20LNR__S1A_IW_GRDH_1SDV_20230521T094937_20230521T095002_048630_05D957_8119
[ok joint] fid=34 bef -> 2 new .npy in /share/castor/home/e2406749/tropical_forest_disturbance/embeddings/joint/fid_34/bef/20230709T142719_20230709T142938_T20LNR__S1A_IW_GRDH_1SDV_20230708T094940_20230708T095005_049330_05EE9A_BD21
[ok joint] fid=34 bef -> 2 new .npy in /share/castor/home/e2406749/tropical_forest_disturbance/embeddings/joint/fid_34/bef/20230719T142719_20230719T142939_T20LNR__S1A_IW_GRDH_1SDV_20230720T094940_20230720T095005_049505_05F3ED_61B1
[ok joint] fid=34 bef -> 2 new .npy in /share/castor/home/e2406749/tropical_forest_disturbance/embeddings/joint/fid_34/bef/20230604T142721_20230604T142716_T20LNR__S1A_IW_GRDH_1SDV_20230602T094938_20230602T095003_048805_05DE8B_61F1
[ok joint] fid=34 bef -> 2 new .npy in /share/castor/home/e2406749/tropical_forest_disturbance/embeddings/joint/fid_34/bef/20230624T142721_20230624T142715_T20LNR__S1A_IW_GRDH_1SDV_20230626T094939_20230626T095004_049155_05E932_87DB
[ok joint] fid=34 bef -> 2 new .npy in /share/castor/home/e2406749/tropical_forest_disturbance/embeddings/joint/fid_34/bef/20230430T142719_20230430T142714_T20LNR__S1A_IW_GRDH_1SDV_20230427T094936_20230427T095001_048280_05CE51_C3AC
[ok joint] fid=34 bef -> 2 new .npy in /share/castor/home/e2406749/tropical_forest_disturbance/embeddings/joint/fid_34/bef/20230729T142719_20230729T142718_T20LNR__S1A_IW_GRDH_1SDV_20230801T094941_20230801T095006_049680_05F959_7E64
[ok joint] fid=34 bef -> 2 new .npy in /share/castor/home/e2406749/tropical_forest_disturbance/embeddings/joint/fid_34/bef/20230420T142719_20230420T142714_T20LNR__S1A_IW_GRDH_1SDV_20230415T094936_20230415T095001_048105_05C876_7D01
[ok joint] fid=34 bef -> 2 new .npy in /share/castor/home/e2406749/tropical_forest_disturbance/embeddings/joint/fid_34/bef/20230609T142719_20230609T142938_T20LNR__S1A_IW_GRDH_1SDV_20230614T094938_20230614T095003_048980_05E3E7_B37E
[ok joint] fid=34 bef -> 2 new .npy in /share/castor/home/e2406749/tropical_forest_disturbance/embeddings/joint/fid_34/bef/20230515T142711_20230515T142713_T20LNR__S1A_IW_GRDH_1SDV_20230509T094937_20230509T095002_048455_05D42C_4A7D
[ok joint] fid=34 evt -> 2 new .npy in /share/castor/home/e2406749/tropical_forest_disturbance/embeddings/joint/fid_34/evt/20230818T142719_20230818T143227_T20LNR__S1A_IW_GRDH_1SDV_20230813T094942_20230813T095007_049855_05FF04_F481
[ok joint] fid=49 bef -> 2 new .npy in /share/castor/home/e2406749/tropical_forest_disturbance/embeddings/joint/fid_49/bef/20230214T142711_20230214T143425_T20LNR__S1A_IW_GRDH_1SDV_20230214T094935_20230214T095000_047230_05AAD4_443E
[ok joint] fid=49 bef -> 2 new .npy in /share/castor/home/e2406749/tropical_forest_disturbance/embeddings/joint/fid_49/bef/20230520T142719_20230520T142902_T20LNR__S1A_IW_GRDH_1SDV_20230521T094937_20230521T095002_048630_05D957_8119
[ok joint] fid=49 bef -> 2 new .npy in /share/castor/home/e2406749/tropical_forest_disturbance/embeddings/joint/fid_49/bef/20230709T142719_20230709T142938_T20LNR__S1A_IW_GRDH_1SDV_20230708T094940_20230708T095005_049330_05EE9A_BD21
[ok joint] fid=49 bef -> 2 new .npy in /share/castor/home/e2406749/tropical_forest_disturbance/embeddings/joint/fid_49/bef/20230719T142719_20230719T142939_T20LNR__S1A_IW_GRDH_1SDV_20230720T094940_20230720T095005_049505_05F3ED_61B1
[ok joint] fid=49 bef -> 2 new .npy in /share/castor/home/e2406749/tropical_forest_disturbance/embeddings/joint/fid_49/bef/20230604T142721_20230604T142716_T20LNR__S1A_IW_GRDH_1SDV_20230602T094938_20230602T095003_048805_05DE8B_61F1
[ok joint] fid=49 bef -> 2 new .npy in /share/castor/home/e2406749/tropical_forest_disturbance/embeddings/joint/fid_49/bef/20230624T142721_20230624T142715_T20LNR__S1A_IW_GRDH_1SDV_20230626T094939_20230626T095004_049155_05E932_87DB
[ok joint] fid=49 bef -> 2 new .npy in /share/castor/home/e2406749/tropical_forest_disturbance/embeddings/joint/fid_49/bef/20230430T142719_20230430T142714_T20LNR__S1A_IW_GRDH_1SDV_20230427T094936_20230427T095001_048280_05CE51_C3AC
[ok joint] fid=49 bef -> 2 new .npy in /share/castor/home/e2406749/tropical_forest_disturbance/embeddings/joint/fid_49/bef/20230729T142719_20230729T142718_T20LNR__S1A_IW_GRDH_1SDV_20230801T094941_20230801T095006_049680_05F959_7E64
[ok joint] fid=49 bef -> 2 new .npy in /share/castor/home/e2406749/tropical_forest_disturbance/embeddings/joint/fid_49/bef/20230420T142719_20230420T142714_T20LNR__S1A_IW_GRDH_1SDV_20230415T094936_20230415T095001_048105_05C876_7D01
[ok joint] fid=49 bef -> 2 new .npy in /share/castor/home/e2406749/tropical_forest_disturbance/embeddings/joint/fid_49/bef/20230609T142719_20230609T142938_T20LNR__S1A_IW_GRDH_1SDV_20230614T094938_20230614T095003_048980_05E3E7_B37E
[ok joint] fid=49 bef -> 2 new .npy in /share/castor/home/e2406749/tropical_forest_disturbance/embeddings/joint/fid_49/bef/20230515T142711_20230515T142713_T20LNR__S1A_IW_GRDH_1SDV_20230509T094937_20230509T095002_048455_05D42C_4A7D
[ok joint] fid=49 evt -> 2 new .npy in /share/castor/home/e2406749/tropical_forest_disturbance/embeddings/joint/fid_49/evt/20230823T142721_20230823T143116_T20LNR__S1A_IW_GRDH_1SDV_20230825T094943_20230825T095008_050030_0604F6_5B1D
[ok joint] fid=82 bef -> 2 new .npy in /share/castor/home/e2406749/tropical_forest_disturbance/embeddings/joint/fid_82/bef/20230709T142719_20230709T142938_T20LNR__S1A_IW_GRDH_1SDV_20230708T094940_20230708T095005_049330_05EE9A_BD21
[ok joint] fid=82 bef -> 2 new .npy in /share/castor/home/e2406749/tropical_forest_disturbance/embeddings/joint/fid_82/bef/20230719T142719_20230719T142939_T20LNR__S1A_IW_GRDH_1SDV_20230720T094940_20230720T095005_049505_05F3ED_61B1
[ok joint] fid=82 bef -> 2 new .npy in /share/castor/home/e2406749/tropical_forest_disturbance/embeddings/joint/fid_82/bef/20230604T142721_20230604T142716_T20LNR__S1A_IW_GRDH_1SDV_20230602T094938_20230602T095003_048805_05DE8B_61F1
[ok joint] fid=82 bef -> 2 new .npy in /share/castor/home/e2406749/tropical_forest_disturbance/embeddings/joint/fid_82/bef/20230624T142721_20230624T142715_T20LNR__S1A_IW_GRDH_1SDV_20230626T094939_20230626T095004_049155_05E932_87DB
[ok joint] fid=82 bef -> 2 new .npy in /share/castor/home/e2406749/tropical_forest_disturbance/embeddings/joint/fid_82/bef/20230803T142721_20230803T143434_T20LNR__S1A_IW_GRDH_1SDV_20230801T094941_20230801T095006_049680_05F959_7E64
[ok joint] fid=82 bef -> 2 new .npy in /share/castor/home/e2406749/tropical_forest_disturbance/embeddings/joint/fid_82/bef/20230301T142709_20230301T142737_T20LNR__S1A_IW_GRDH_1SDV_20230226T094935_20230226T095000_047405_05B0D3_E8BA
[ok joint] fid=82 bef -> 2 new .npy in /share/castor/home/e2406749/tropical_forest_disturbance/embeddings/joint/fid_82/bef/20230430T142719_20230430T142714_T20LNR__S1A_IW_GRDH_1SDV_20230427T094936_20230427T095001_048280_05CE51_C3AC
[ok joint] fid=82 bef -> 2 new .npy in /share/castor/home/e2406749/tropical_forest_disturbance/embeddings/joint/fid_82/bef/20230828T142719_20230828T142716_T20LNR__S1A_IW_GRDH_1SDV_20230825T094943_20230825T095008_050030_0604F6_5B1D
[ok joint] fid=82 bef -> 2 new .npy in /share/castor/home/e2406749/tropical_forest_disturbance/embeddings/joint/fid_82/bef/20230326T142711_20230326T142710_T20LNR__S1A_IW_GRDH_1SDV_20230322T094935_20230322T095000_047755_05BCAD_A5E4
[ok joint] fid=82 bef -> 2 new .npy in /share/castor/home/e2406749/tropical_forest_disturbance/embeddings/joint/fid_82/bef/20230525T142721_20230525T142853_T20LNR__S1A_IW_GRDH_1SDV_20230521T094937_20230521T095002_048630_05D957_8119
[ok joint] fid=82 bef -> 2 new .npy in /share/castor/home/e2406749/tropical_forest_disturbance/embeddings/joint/fid_82/bef/20230609T142719_20230609T142938_T20LNR__S1A_IW_GRDH_1SDV_20230614T094938_20230614T095003_048980_05E3E7_B37E
[ok joint] fid=82 bef -> 2 new .npy in /share/castor/home/e2406749/tropical_forest_disturbance/embeddings/joint/fid_82/bef/20230808T142719_20230808T143119_T20LNR__S1A_IW_GRDH_1SDV_20230813T094942_20230813T095007_049855_05FF04_F481
[ok joint] fid=82 bef -> 2 new .npy in /share/castor/home/e2406749/tropical_forest_disturbance/embeddings/joint/fid_82/bef/20230515T142711_20230515T142713_T20LNR__S1A_IW_GRDH_1SDV_20230509T094937_20230509T095002_048455_05D42C_4A7D
[ok joint] fid=84 bef -> 3 new .npy in /share/castor/home/e2406749/tropical_forest_disturbance/embeddings/joint/fid_84/bef/20230709T142719_20230709T142938_T20LNR__S1A_IW_GRDH_1SDV_20230708T094940_20230708T095005_049330_05EE9A_BD21
[ok joint] fid=84 bef -> 3 new .npy in /share/castor/home/e2406749/tropical_forest_disturbance/embeddings/joint/fid_84/bef/20230719T142719_20230719T142939_T20LNR__S1A_IW_GRDH_1SDV_20230720T094940_20230720T095005_049505_05F3ED_61B1
[ok joint] fid=84 bef -> 3 new .npy in /share/castor/home/e2406749/tropical_forest_disturbance/embeddings/joint/fid_84/bef/20230624T142721_20230624T142715_T20LNR__S1A_IW_GRDH_1SDV_20230626T094939_20230626T095004_049155_05E932_87DB
[ok joint] fid=84 bef -> 3 new .npy in /share/castor/home/e2406749/tropical_forest_disturbance/embeddings/joint/fid_84/bef/20230803T142721_20230803T143434_T20LNR__S1A_IW_GRDH_1SDV_20230801T094941_20230801T095006_049680_05F959_7E64
[ok joint] fid=84 bef -> 3 new .npy in /share/castor/home/e2406749/tropical_forest_disturbance/embeddings/joint/fid_84/bef/20230301T142709_20230301T142737_T20LNR__S1A_IW_GRDH_1SDV_20230226T094935_20230226T095000_047405_05B0D3_E8BA
[ok joint] fid=84 bef -> 3 new .npy in /share/castor/home/e2406749/tropical_forest_disturbance/embeddings/joint/fid_84/bef/20230430T142719_20230430T142714_T20LNR__S1A_IW_GRDH_1SDV_20230427T094936_20230427T095001_048280_05CE51_C3AC
[ok joint] fid=84 bef -> 3 new .npy in /share/castor/home/e2406749/tropical_forest_disturbance/embeddings/joint/fid_84/bef/20230828T142719_20230828T142716_T20LNR__S1A_IW_GRDH_1SDV_20230825T094943_20230825T095008_050030_0604F6_5B1D
[ok joint] fid=84 bef -> 3 new .npy in /share/castor/home/e2406749/tropical_forest_disturbance/embeddings/joint/fid_84/bef/20230609T142719_20230609T142938_T20LNR__S1A_IW_GRDH_1SDV_20230614T094938_20230614T095003_048980_05E3E7_B37E
[ok joint] fid=84 bef -> 3 new .npy in /share/castor/home/e2406749/tropical_forest_disturbance/embeddings/joint/fid_84/bef/20230818T142719_20230818T143227_T20LNR__S1A_IW_GRDH_1SDV_20230813T094942_20230813T095007_049855_05FF04_F481
[ok joint] fid=84 bef -> 3 new .npy in /share/castor/home/e2406749/tropical_forest_disturbance/embeddings/joint/fid_84/bef/20230515T142711_20230515T142713_T20LNR__S1A_IW_GRDH_1SDV_20230509T094937_20230509T095002_048455_05D42C_4A7D
[ok joint] fid=84 aft -> 3 new .npy in /share/castor/home/e2406749/tropical_forest_disturbance/embeddings/joint/fid_84/aft/20231007T142709_20231007T142929_T20LNR__S1A_IW_GRDH_1SDV_20230930T094944_20230930T095009_050555_0616E4_8B83
[ok joint] fid=22 bef -> 2 new .npy in /share/castor/home/e2406749/tropical_forest_disturbance/embeddings/joint/fid_22/bef/20230709T142719_20230709T142938_T20LNR__S1A_IW_GRDH_1SDV_20230708T094940_20230708T095005_049330_05EE9A_BD21
[ok joint] fid=22 bef -> 2 new .npy in /share/castor/home/e2406749/tropical_forest_disturbance/embeddings/joint/fid_22/bef/20230719T142719_20230719T142939_T20LNR__S1A_IW_GRDH_1SDV_20230720T094940_20230720T095005_049505_05F3ED_61B1
[ok joint] fid=22 bef -> 2 new .npy in /share/castor/home/e2406749/tropical_forest_disturbance/embeddings/joint/fid_22/bef/20230604T142721_20230604T142716_T20LNR__S1A_IW_GRDH_1SDV_20230602T094938_20230602T095003_048805_05DE8B_61F1
[ok joint] fid=22 bef -> 2 new .npy in /share/castor/home/e2406749/tropical_forest_disturbance/embeddings/joint/fid_22/bef/20230624T142721_20230624T142715_T20LNR__S1A_IW_GRDH_1SDV_20230626T094939_20230626T095004_049155_05E932_87DB
[ok joint] fid=22 bef -> 2 new .npy in /share/castor/home/e2406749/tropical_forest_disturbance/embeddings/joint/fid_22/bef/20230803T142721_20230803T143434_T20LNR__S1A_IW_GRDH_1SDV_20230801T094941_20230801T095006_049680_05F959_7E64
[ok joint] fid=22 bef -> 2 new .npy in /share/castor/home/e2406749/tropical_forest_disturbance/embeddings/joint/fid_22/bef/20230823T142721_20230823T143116_T20LNR__S1A_IW_GRDH_1SDV_20230825T094943_20230825T095008_050030_0604F6_5B1D
[ok joint] fid=22 bef -> 2 new .npy in /share/castor/home/e2406749/tropical_forest_disturbance/embeddings/joint/fid_22/bef/20230430T142719_20230430T142714_T20LNR__S1A_IW_GRDH_1SDV_20230427T094936_20230427T095001_048280_05CE51_C3AC
[ok joint] fid=22 bef -> 2 new .npy in /share/castor/home/e2406749/tropical_forest_disturbance/embeddings/joint/fid_22/bef/20230609T142719_20230609T142938_T20LNR__S1A_IW_GRDH_1SDV_20230614T094938_20230614T095003_048980_05E3E7_B37E
[ok joint] fid=22 bef -> 2 new .npy in /share/castor/home/e2406749/tropical_forest_disturbance/embeddings/joint/fid_22/bef/20230818T142719_20230818T143227_T20LNR__S1A_IW_GRDH_1SDV_20230813T094942_20230813T095007_049855_05FF04_F481
[ok joint] fid=22 bef -> 2 new .npy in /share/castor/home/e2406749/tropical_forest_disturbance/embeddings/joint/fid_22/bef/20230515T142711_20230515T142713_T20LNR__S1A_IW_GRDH_1SDV_20230509T094937_20230509T095002_048455_05D42C_4A7D
[ok joint] fid=22 bef -> 2 new .npy in /share/castor/home/e2406749/tropical_forest_disturbance/embeddings/joint/fid_22/bef/20231007T142709_20231007T142929_T20LNR__S1A_IW_GRDH_1SDV_20230930T094944_20230930T095009_050555_0616E4_8B83
[ok joint] fid=22 evt -> 2 new .npy in /share/castor/home/e2406749/tropical_forest_disturbance/embeddings/joint/fid_22/evt/20231012T142711_20231012T143437_T20LNR__S1A_IW_GRDH_1SDV_20231012T094943_20231012T095008_050730_061CE6_B0FB
[ok joint] fid=22 aft -> 2 new .npy in /share/castor/home/e2406749/tropical_forest_disturbance/embeddings/joint/fid_22/aft/20231106T142719_20231106T142726_T20LNR__S1A_IW_GRDH_1SDV_20231105T094944_20231105T095009_051080_0628DA_EC5A
[done joint] All embeddings already exist in /share/castor/home/e2406749/tropical_forest_disturbance/embeddings/joint/fid_23/bef/20230709T142719_20230709T142938_T20LNR__S1A_IW_GRDH_1SDV_20230708T094940_20230708T095005_049330_05EE9A_BD21
[done joint] All embeddings already exist in /share/castor/home/e2406749/tropical_forest_disturbance/embeddings/joint/fid_23/bef/20230719T142719_20230719T142939_T20LNR__S1A_IW_GRDH_1SDV_20230720T094940_20230720T095005_049505_05F3ED_61B1
[done joint] All embeddings already exist in /share/castor/home/e2406749/tropical_forest_disturbance/embeddings/joint/fid_23/bef/20230604T142721_20230604T142716_T20LNR__S1A_IW_GRDH_1SDV_20230602T094938_20230602T095003_048805_05DE8B_61F1
[done joint] All embeddings already exist in /share/castor/home/e2406749/tropical_forest_disturbance/embeddings/joint/fid_23/bef/20230624T142721_20230624T142715_T20LNR__S1A_IW_GRDH_1SDV_20230626T094939_20230626T095004_049155_05E932_87DB
[done joint] All embeddings already exist in /share/castor/home/e2406749/tropical_forest_disturbance/embeddings/joint/fid_23/bef/20230803T142721_20230803T143434_T20LNR__S1A_IW_GRDH_1SDV_20230801T094941_20230801T095006_049680_05F959_7E64
[done joint] All embeddings already exist in /share/castor/home/e2406749/tropical_forest_disturbance/embeddings/joint/fid_23/bef/20230823T142721_20230823T143116_T20LNR__S1A_IW_GRDH_1SDV_20230825T094943_20230825T095008_050030_0604F6_5B1D
[done joint] All embeddings already exist in /share/castor/home/e2406749/tropical_forest_disturbance/embeddings/joint/fid_23/bef/20231002T142711_20231002T143108_T20LNR__S1A_IW_GRDH_1SDV_20230930T094944_20230930T095009_050555_0616E4_8B83
[done joint] All embeddings already exist in /share/castor/home/e2406749/tropical_forest_disturbance/embeddings/joint/fid_23/bef/20230301T142709_20230301T142737_T20LNR__S1A_IW_GRDH_1SDV_20230226T094935_20230226T095000_047405_05B0D3_E8BA
[done joint] All embeddings already exist in /share/castor/home/e2406749/tropical_forest_disturbance/embeddings/joint/fid_23/bef/20230430T142719_20230430T142714_T20LNR__S1A_IW_GRDH_1SDV_20230427T094936_20230427T095001_048280_05CE51_C3AC
[done joint] All embeddings already exist in /share/castor/home/e2406749/tropical_forest_disturbance/embeddings/joint/fid_23/bef/20230125T142711_20230125T142709_T20LNR__S1A_IW_GRDH_1SDV_20230121T094935_20230121T095000_046880_059F24_7A3A
[done joint] All embeddings already exist in /share/castor/home/e2406749/tropical_forest_disturbance/embeddings/joint/fid_23/bef/20230609T142719_20230609T142938_T20LNR__S1A_IW_GRDH_1SDV_20230614T094938_20230614T095003_048980_05E3E7_B37E
[done joint] All embeddings already exist in /share/castor/home/e2406749/tropical_forest_disturbance/embeddings/joint/fid_23/bef/20230818T142719_20230818T143227_T20LNR__S1A_IW_GRDH_1SDV_20230813T094942_20230813T095007_049855_05FF04_F481
[done joint] All embeddings already exist in /share/castor/home/e2406749/tropical_forest_disturbance/embeddings/joint/fid_23/bef/20230515T142711_20230515T142713_T20LNR__S1A_IW_GRDH_1SDV_20230509T094937_20230509T095002_048455_05D42C_4A7D
[done joint] All embeddings already exist in /share/castor/home/e2406749/tropical_forest_disturbance/embeddings/joint/fid_23/evt/20231012T142711_20231012T143437_T20LNR__S1A_IW_GRDH_1SDV_20231012T094943_20231012T095008_050730_061CE6_B0FB
[done joint] All embeddings already exist in /share/castor/home/e2406749/tropical_forest_disturbance/embeddings/joint/fid_23/aft/20231111T142711_20231111T142711_T20LNR__S1A_IW_GRDH_1SDV_20231105T094944_20231105T095009_051080_0628DA_EC5A
[ok joint] fid=24 bef -> 1 new .npy in /share/castor/home/e2406749/tropical_forest_disturbance/embeddings/joint/fid_24/bef/20230214T142711_20230214T143425_T20LNR__S1A_IW_GRDH_1SDV_20230214T094935_20230214T095000_047230_05AAD4_443E
[ok joint] fid=24 bef -> 1 new .npy in /share/castor/home/e2406749/tropical_forest_disturbance/embeddings/joint/fid_24/bef/20230709T142719_20230709T142938_T20LNR__S1A_IW_GRDH_1SDV_20230708T094940_20230708T095005_049330_05EE9A_BD21
[ok joint] fid=24 bef -> 1 new .npy in /share/castor/home/e2406749/tropical_forest_disturbance/embeddings/joint/fid_24/bef/20230719T142719_20230719T142939_T20LNR__S1A_IW_GRDH_1SDV_20230720T094940_20230720T095005_049505_05F3ED_61B1
[ok joint] fid=24 bef -> 1 new .npy in /share/castor/home/e2406749/tropical_forest_disturbance/embeddings/joint/fid_24/bef/20230604T142721_20230604T142716_T20LNR__S1A_IW_GRDH_1SDV_20230602T094938_20230602T095003_048805_05DE8B_61F1
[ok joint] fid=24 bef -> 1 new .npy in /share/castor/home/e2406749/tropical_forest_disturbance/embeddings/joint/fid_24/bef/20230624T142721_20230624T142715_T20LNR__S1A_IW_GRDH_1SDV_20230626T094939_20230626T095004_049155_05E932_87DB
[ok joint] fid=24 bef -> 1 new .npy in /share/castor/home/e2406749/tropical_forest_disturbance/embeddings/joint/fid_24/bef/20230803T142721_20230803T143434_T20LNR__S1A_IW_GRDH_1SDV_20230801T094941_20230801T095006_049680_05F959_7E64
[ok joint] fid=24 bef -> 1 new .npy in /share/castor/home/e2406749/tropical_forest_disturbance/embeddings/joint/fid_24/bef/20230823T142721_20230823T143116_T20LNR__S1A_IW_GRDH_1SDV_20230825T094943_20230825T095008_050030_0604F6_5B1D
[ok joint] fid=24 bef -> 1 new .npy in /share/castor/home/e2406749/tropical_forest_disturbance/embeddings/joint/fid_24/bef/20231002T142711_20231002T143108_T20LNR__S1A_IW_GRDH_1SDV_20230930T094944_20230930T095009_050555_0616E4_8B83
[ok joint] fid=24 bef -> 1 new .npy in /share/castor/home/e2406749/tropical_forest_disturbance/embeddings/joint/fid_24/bef/20230301T142709_20230301T142737_T20LNR__S1A_IW_GRDH_1SDV_20230226T094935_20230226T095000_047405_05B0D3_E8BA
[ok joint] fid=24 bef -> 1 new .npy in /share/castor/home/e2406749/tropical_forest_disturbance/embeddings/joint/fid_24/bef/20230430T142719_20230430T142714_T20LNR__S1A_IW_GRDH_1SDV_20230427T094936_20230427T095001_048280_05CE51_C3AC
[ok joint] fid=24 bef -> 1 new .npy in /share/castor/home/e2406749/tropical_forest_disturbance/embeddings/joint/fid_24/bef/20230306T142711_20230306T143243_T20LNR__S1A_IW_GRDH_1SDV_20230310T094935_20230310T095000_047580_05B6BD_B228
[ok joint] fid=24 bef -> 1 new .npy in /share/castor/home/e2406749/tropical_forest_disturbance/embeddings/joint/fid_24/bef/20230609T142719_20230609T142938_T20LNR__S1A_IW_GRDH_1SDV_20230614T094938_20230614T095003_048980_05E3E7_B37E
[ok joint] fid=24 bef -> 1 new .npy in /share/castor/home/e2406749/tropical_forest_disturbance/embeddings/joint/fid_24/bef/20230515T142711_20230515T142713_T20LNR__S1A_IW_GRDH_1SDV_20230509T094937_20230509T095002_048455_05D42C_4A7D
[ok joint] fid=24 evt -> 1 new .npy in /share/castor/home/e2406749/tropical_forest_disturbance/embeddings/joint/fid_24/evt/20231012T142711_20231012T143437_T20LNR__S1A_IW_GRDH_1SDV_20231012T094943_20231012T095008_050730_061CE6_B0FB
[ok joint] fid=24 aft -> 1 new .npy in /share/castor/home/e2406749/tropical_forest_disturbance/embeddings/joint/fid_24/aft/20231111T142711_20231111T142711_T20LNR__S1A_IW_GRDH_1SDV_20231105T094944_20231105T095009_051080_0628DA_EC5A
[done joint] All embeddings already exist in /share/castor/home/e2406749/tropical_forest_disturbance/embeddings/joint/fid_27/bef/20230214T142711_20230214T143425_T20LNR__S1A_IW_GRDH_1SDV_20230214T094935_20230214T095000_047230_05AAD4_443E
[done joint] All embeddings already exist in /share/castor/home/e2406749/tropical_forest_disturbance/embeddings/joint/fid_27/bef/20230709T142719_20230709T142938_T20LNR__S1A_IW_GRDH_1SDV_20230708T094940_20230708T095005_049330_05EE9A_BD21
[done joint] All embeddings already exist in /share/castor/home/e2406749/tropical_forest_disturbance/embeddings/joint/fid_27/bef/20230719T142719_20230719T142939_T20LNR__S1A_IW_GRDH_1SDV_20230720T094940_20230720T095005_049505_05F3ED_61B1
[done joint] All embeddings already exist in /share/castor/home/e2406749/tropical_forest_disturbance/embeddings/joint/fid_27/bef/20230604T142721_20230604T142716_T20LNR__S1A_IW_GRDH_1SDV_20230602T094938_20230602T095003_048805_05DE8B_61F1
[done joint] All embeddings already exist in /share/castor/home/e2406749/tropical_forest_disturbance/embeddings/joint/fid_27/bef/20230624T142721_20230624T142715_T20LNR__S1A_IW_GRDH_1SDV_20230626T094939_20230626T095004_049155_05E932_87DB
[done joint] All embeddings already exist in /share/castor/home/e2406749/tropical_forest_disturbance/embeddings/joint/fid_27/bef/20230803T142721_20230803T143434_T20LNR__S1A_IW_GRDH_1SDV_20230801T094941_20230801T095006_049680_05F959_7E64
[done joint] All embeddings already exist in /share/castor/home/e2406749/tropical_forest_disturbance/embeddings/joint/fid_27/bef/20230823T142721_20230823T143116_T20LNR__S1A_IW_GRDH_1SDV_20230825T094943_20230825T095008_050030_0604F6_5B1D
[done joint] All embeddings already exist in /share/castor/home/e2406749/tropical_forest_disturbance/embeddings/joint/fid_27/bef/20231002T142711_20231002T143108_T20LNR__S1A_IW_GRDH_1SDV_20230930T094944_20230930T095009_050555_0616E4_8B83
[done joint] All embeddings already exist in /share/castor/home/e2406749/tropical_forest_disturbance/embeddings/joint/fid_27/bef/20230301T142709_20230301T142737_T20LNR__S1A_IW_GRDH_1SDV_20230226T094935_20230226T095000_047405_05B0D3_E8BA
[done joint] All embeddings already exist in /share/castor/home/e2406749/tropical_forest_disturbance/embeddings/joint/fid_27/bef/20230430T142719_20230430T142714_T20LNR__S1A_IW_GRDH_1SDV_20230427T094936_20230427T095001_048280_05CE51_C3AC
[done joint] All embeddings already exist in /share/castor/home/e2406749/tropical_forest_disturbance/embeddings/joint/fid_27/bef/20230609T142719_20230609T142938_T20LNR__S1A_IW_GRDH_1SDV_20230614T094938_20230614T095003_048980_05E3E7_B37E
[done joint] All embeddings already exist in /share/castor/home/e2406749/tropical_forest_disturbance/embeddings/joint/fid_27/bef/20230818T142719_20230818T143227_T20LNR__S1A_IW_GRDH_1SDV_20230813T094942_20230813T095007_049855_05FF04_F481
[done joint] All embeddings already exist in /share/castor/home/e2406749/tropical_forest_disturbance/embeddings/joint/fid_27/bef/20230515T142711_20230515T142713_T20LNR__S1A_IW_GRDH_1SDV_20230509T094937_20230509T095002_048455_05D42C_4A7D
[done joint] All embeddings already exist in /share/castor/home/e2406749/tropical_forest_disturbance/embeddings/joint/fid_27/evt/20231012T142711_20231012T143437_T20LNR__S1A_IW_GRDH_1SDV_20231012T094943_20231012T095008_050730_061CE6_B0FB
[done joint] All embeddings already exist in /share/castor/home/e2406749/tropical_forest_disturbance/embeddings/joint/fid_27/aft/20231111T142711_20231111T142711_T20LNR__S1A_IW_GRDH_1SDV_20231105T094944_20231105T095009_051080_0628DA_EC5A
[done joint] All embeddings already exist in /share/castor/home/e2406749/tropical_forest_disturbance/embeddings/joint/fid_334/bef/20230214T142711_20230214T143425_T20LNR__S1A_IW_GRDH_1SDV_20230214T094935_20230214T095000_047230_05AAD4_443E
[done joint] All embeddings already exist in /share/castor/home/e2406749/tropical_forest_disturbance/embeddings/joint/fid_334/bef/20230709T142719_20230709T142938_T20LNR__S1A_IW_GRDH_1SDV_20230708T094940_20230708T095005_049330_05EE9A_BD21
[done joint] All embeddings already exist in /share/castor/home/e2406749/tropical_forest_disturbance/embeddings/joint/fid_334/bef/20230719T142719_20230719T142939_T20LNR__S1A_IW_GRDH_1SDV_20230720T094940_20230720T095005_049505_05F3ED_61B1
[done joint] All embeddings already exist in /share/castor/home/e2406749/tropical_forest_disturbance/embeddings/joint/fid_334/bef/20230604T142721_20230604T142716_T20LNR__S1A_IW_GRDH_1SDV_20230602T094938_20230602T095003_048805_05DE8B_61F1
[done joint] All embeddings already exist in /share/castor/home/e2406749/tropical_forest_disturbance/embeddings/joint/fid_334/bef/20230624T142721_20230624T142715_T20LNR__S1A_IW_GRDH_1SDV_20230626T094939_20230626T095004_049155_05E932_87DB
[done joint] All embeddings already exist in /share/castor/home/e2406749/tropical_forest_disturbance/embeddings/joint/fid_334/bef/20230803T142721_20230803T143434_T20LNR__S1A_IW_GRDH_1SDV_20230801T094941_20230801T095006_049680_05F959_7E64
[done joint] All embeddings already exist in /share/castor/home/e2406749/tropical_forest_disturbance/embeddings/joint/fid_334/bef/20230301T142709_20230301T142737_T20LNR__S1A_IW_GRDH_1SDV_20230226T094935_20230226T095000_047405_05B0D3_E8BA
[done joint] All embeddings already exist in /share/castor/home/e2406749/tropical_forest_disturbance/embeddings/joint/fid_334/bef/20230430T142719_20230430T142714_T20LNR__S1A_IW_GRDH_1SDV_20230427T094936_20230427T095001_048280_05CE51_C3AC
[done joint] All embeddings already exist in /share/castor/home/e2406749/tropical_forest_disturbance/embeddings/joint/fid_334/bef/20230828T142719_20230828T142716_T20LNR__S1A_IW_GRDH_1SDV_20230825T094943_20230825T095008_050030_0604F6_5B1D
[done joint] All embeddings already exist in /share/castor/home/e2406749/tropical_forest_disturbance/embeddings/joint/fid_334/bef/20230609T142719_20230609T142938_T20LNR__S1A_IW_GRDH_1SDV_20230614T094938_20230614T095003_048980_05E3E7_B37E
[done joint] All embeddings already exist in /share/castor/home/e2406749/tropical_forest_disturbance/embeddings/joint/fid_334/bef/20230808T142719_20230808T143119_T20LNR__S1A_IW_GRDH_1SDV_20230813T094942_20230813T095007_049855_05FF04_F481
[done joint] All embeddings already exist in /share/castor/home/e2406749/tropical_forest_disturbance/embeddings/joint/fid_334/bef/20230515T142711_20230515T142713_T20LNR__S1A_IW_GRDH_1SDV_20230509T094937_20230509T095002_048455_05D42C_4A7D
[done joint] All embeddings already exist in /share/castor/home/e2406749/tropical_forest_disturbance/embeddings/joint/fid_334/evt/20231012T142711_20231012T143437_T20LNR__S1A_IW_GRDH_1SDV_20231012T094943_20231012T095008_050730_061CE6_B0FB
[done joint] All embeddings already exist in /share/castor/home/e2406749/tropical_forest_disturbance/embeddings/joint/fid_334/aft/20231111T142711_20231111T142711_T20LNR__S1A_IW_GRDH_1SDV_20231105T094944_20231105T095009_051080_0628DA_EC5A
[ok joint] fid=219 bef -> 2 new .npy in /share/castor/home/e2406749/tropical_forest_disturbance/embeddings/joint/fid_219/bef/20230214T142711_20230214T143425_T20LNR__S1A_IW_GRDH_1SDV_20230214T094935_20230214T095000_047230_05AAD4_443E
[ok joint] fid=219 bef -> 2 new .npy in /share/castor/home/e2406749/tropical_forest_disturbance/embeddings/joint/fid_219/bef/20230301T142709_20230301T142737_T20LNR__S1A_IW_GRDH_1SDV_20230226T094935_20230226T095000_047405_05B0D3_E8BA
[ok joint] fid=219 aft -> 2 new .npy in /share/castor/home/e2406749/tropical_forest_disturbance/embeddings/joint/fid_219/aft/20230430T142719_20230430T142714_T20LNR__S1A_IW_GRDH_1SDV_20230427T094936_20230427T095001_048280_05CE51_C3AC
[ok joint] fid=242 bef -> 1 new .npy in /share/castor/home/e2406749/tropical_forest_disturbance/embeddings/joint/fid_242/bef/20230214T142711_20230214T143425_T20LNR__S1A_IW_GRDH_1SDV_20230214T094935_20230214T095000_047230_05AAD4_443E
[ok joint] fid=242 aft -> 1 new .npy in /share/castor/home/e2406749/tropical_forest_disturbance/embeddings/joint/fid_242/aft/20230430T142719_20230430T142714_T20LNR__S1A_IW_GRDH_1SDV_20230427T094936_20230427T095001_048280_05CE51_C3AC
[ok joint] fid=148 bef -> 3 new .npy in /share/castor/home/e2406749/tropical_forest_disturbance/embeddings/joint/fid_148/bef/20230214T142711_20230214T143425_T20LNR__S1A_IW_GRDH_1SDV_20230214T094935_20230214T095000_047230_05AAD4_443E
[ok joint] fid=148 aft -> 3 new .npy in /share/castor/home/e2406749/tropical_forest_disturbance/embeddings/joint/fid_148/aft/20230430T142719_20230430T142714_T20LNR__S1A_IW_GRDH_1SDV_20230427T094936_20230427T095001_048280_05CE51_C3AC
[ok joint] fid=220 bef -> 3 new .npy in /share/castor/home/e2406749/tropical_forest_disturbance/embeddings/joint/fid_220/bef/20230214T142711_20230214T143425_T20LNR__S1A_IW_GRDH_1SDV_20230214T094935_20230214T095000_047230_05AAD4_443E
[ok joint] fid=220 bef -> 3 new .npy in /share/castor/home/e2406749/tropical_forest_disturbance/embeddings/joint/fid_220/bef/20230301T142709_20230301T142737_T20LNR__S1A_IW_GRDH_1SDV_20230226T094935_20230226T095000_047405_05B0D3_E8BA
[ok joint] fid=220 aft -> 3 new .npy in /share/castor/home/e2406749/tropical_forest_disturbance/embeddings/joint/fid_220/aft/20230430T142719_20230430T142714_T20LNR__S1A_IW_GRDH_1SDV_20230427T094936_20230427T095001_048280_05CE51_C3AC
[ok joint] fid=98 bef -> 2 new .npy in /share/castor/home/e2406749/tropical_forest_disturbance/embeddings/joint/fid_98/bef/20230214T142711_20230214T143425_T20LNR__S1A_IW_GRDH_1SDV_20230214T094910_20230214T094935_047230_05AAD4_E27D
[ok joint] fid=98 bef -> 2 new .npy in /share/castor/home/e2406749/tropical_forest_disturbance/embeddings/joint/fid_98/bef/20230326T142711_20230326T142710_T20LNR__S1A_IW_GRDH_1SDV_20230322T094910_20230322T094935_047755_05BCAD_F524
[ok joint] fid=98 bef -> 2 new .npy in /share/castor/home/e2406749/tropical_forest_disturbance/embeddings/joint/fid_98/bef/20230420T142719_20230420T142714_T20LNR__S1A_IW_GRDH_1SDV_20230415T094911_20230415T094936_048105_05C876_50BE
[ok joint] fid=98 aft -> 2 new .npy in /share/castor/home/e2406749/tropical_forest_disturbance/embeddings/joint/fid_98/aft/20230515T142711_20230515T142713_T20LNR__S1A_IW_GRDH_1SDV_20230509T094912_20230509T094937_048455_05D42C_BB80
[ok joint] fid=226 bef -> 2 new .npy in /share/castor/home/e2406749/tropical_forest_disturbance/embeddings/joint/fid_226/bef/20230214T142711_20230214T143425_T20LNR__S1A_IW_GRDH_1SDV_20230214T094910_20230214T094935_047230_05AAD4_E27D
[ok joint] fid=226 bef -> 2 new .npy in /share/castor/home/e2406749/tropical_forest_disturbance/embeddings/joint/fid_226/bef/20230326T142711_20230326T142710_T20LNR__S1A_IW_GRDH_1SDV_20230322T094910_20230322T094935_047755_05BCAD_F524
[ok joint] fid=226 bef -> 2 new .npy in /share/castor/home/e2406749/tropical_forest_disturbance/embeddings/joint/fid_226/bef/20230420T142719_20230420T142714_T20LNR__S1A_IW_GRDH_1SDV_20230415T094911_20230415T094936_048105_05C876_50BE
[ok joint] fid=226 aft -> 2 new .npy in /share/castor/home/e2406749/tropical_forest_disturbance/embeddings/joint/fid_226/aft/20230515T142711_20230515T142713_T20LNR__S1A_IW_GRDH_1SDV_20230509T094912_20230509T094937_048455_05D42C_BB80
[ok joint] fid=278 bef -> 1 new .npy in /share/castor/home/e2406749/tropical_forest_disturbance/embeddings/joint/fid_278/bef/20230214T142711_20230214T143425_T20LNR__S1A_IW_GRDH_1SDV_20230214T094910_20230214T094935_047230_05AAD4_E27D
[ok joint] fid=278 bef -> 1 new .npy in /share/castor/home/e2406749/tropical_forest_disturbance/embeddings/joint/fid_278/bef/20230420T142719_20230420T142714_T20LNR__S1A_IW_GRDH_1SDV_20230415T094911_20230415T094936_048105_05C876_50BE
[ok joint] fid=278 aft -> 1 new .npy in /share/castor/home/e2406749/tropical_forest_disturbance/embeddings/joint/fid_278/aft/20230515T142711_20230515T142713_T20LNR__S1A_IW_GRDH_1SDV_20230509T094912_20230509T094937_048455_05D42C_BB80
[ok joint] fid=159 bef -> 5 new .npy in /share/castor/home/e2406749/tropical_forest_disturbance/embeddings/joint/fid_159/bef/20230326T142711_20230326T142710_T20LNR__S1A_IW_GRDH_1SDV_20230322T094910_20230322T094935_047755_05BCAD_F524
[ok joint] fid=159 bef -> 5 new .npy in /share/castor/home/e2406749/tropical_forest_disturbance/embeddings/joint/fid_159/bef/20230420T142719_20230420T142714_T20LNR__S1A_IW_GRDH_1SDV_20230415T094911_20230415T094936_048105_05C876_50BE
[ok joint] fid=159 aft -> 5 new .npy in /share/castor/home/e2406749/tropical_forest_disturbance/embeddings/joint/fid_159/aft/20230609T142719_20230609T142938_T20LNR__S1A_IW_GRDH_1SDV_20230602T094913_20230602T094938_048805_05DE8B_7193
[done joint] All embeddings already exist in /share/castor/home/e2406749/tropical_forest_disturbance/embeddings/joint/fid_228/bef/20230214T142711_20230214T143425_T20LNR__S1A_IW_GRDH_1SDV_20230214T094910_20230214T094935_047230_05AAD4_E27D
[done joint] All embeddings already exist in /share/castor/home/e2406749/tropical_forest_disturbance/embeddings/joint/fid_228/bef/20230420T142719_20230420T142714_T20LNR__S1A_IW_GRDH_1SDV_20230415T094911_20230415T094936_048105_05C876_50BE
[done joint] All embeddings already exist in /share/castor/home/e2406749/tropical_forest_disturbance/embeddings/joint/fid_228/evt/20230515T142711_20230515T142713_T20LNR__S1A_IW_GRDH_1SDV_20230509T094912_20230509T094937_048455_05D42C_BB80
[done joint] All embeddings already exist in /share/castor/home/e2406749/tropical_forest_disturbance/embeddings/joint/fid_228/aft/20230609T142719_20230609T142938_T20LNR__S1A_IW_GRDH_1SDV_20230602T094913_20230602T094938_048805_05DE8B_7193
[ok joint] fid=284 bef -> 2 new .npy in /share/castor/home/e2406749/tropical_forest_disturbance/embeddings/joint/fid_284/bef/20230214T142711_20230214T143425_T20LNR__S1A_IW_GRDH_1SDV_20230214T094910_20230214T094935_047230_05AAD4_E27D
[ok joint] fid=284 bef -> 2 new .npy in /share/castor/home/e2406749/tropical_forest_disturbance/embeddings/joint/fid_284/bef/20230301T142709_20230301T142737_T20LNR__S1A_IW_GRDH_1SDV_20230226T094910_20230226T094935_047405_05B0D3_9DE4
[ok joint] fid=284 bef -> 2 new .npy in /share/castor/home/e2406749/tropical_forest_disturbance/embeddings/joint/fid_284/bef/20230326T142711_20230326T142710_T20LNR__S1A_IW_GRDH_1SDV_20230322T094910_20230322T094935_047755_05BCAD_F524
[ok joint] fid=284 bef -> 2 new .npy in /share/castor/home/e2406749/tropical_forest_disturbance/embeddings/joint/fid_284/bef/20230420T142719_20230420T142714_T20LNR__S1A_IW_GRDH_1SDV_20230415T094911_20230415T094936_048105_05C876_50BE
[ok joint] fid=284 evt -> 2 new .npy in /share/castor/home/e2406749/tropical_forest_disturbance/embeddings/joint/fid_284/evt/20230515T142711_20230515T142713_T20LNR__S1A_IW_GRDH_1SDV_20230509T094912_20230509T094937_048455_05D42C_BB80
[ok joint] fid=284 aft -> 2 new .npy in /share/castor/home/e2406749/tropical_forest_disturbance/embeddings/joint/fid_284/aft/20230609T142719_20230609T142938_T20LNR__S1A_IW_GRDH_1SDV_20230602T094913_20230602T094938_048805_05DE8B_7193
[ok joint] fid=313 bef -> 5 new .npy in /share/castor/home/e2406749/tropical_forest_disturbance/embeddings/joint/fid_313/bef/20230709T142719_20230709T142938_T20LNR__S1A_IW_GRDH_1SDV_20230708T094940_20230708T095005_049330_05EE9A_BD21
[ok joint] fid=313 bef -> 5 new .npy in /share/castor/home/e2406749/tropical_forest_disturbance/embeddings/joint/fid_313/bef/20230604T142721_20230604T142716_T20LNR__S1A_IW_GRDH_1SDV_20230602T094938_20230602T095003_048805_05DE8B_61F1
[ok joint] fid=313 bef -> 5 new .npy in /share/castor/home/e2406749/tropical_forest_disturbance/embeddings/joint/fid_313/bef/20230624T142721_20230624T142715_T20LNR__S1A_IW_GRDH_1SDV_20230626T094939_20230626T095004_049155_05E932_87DB
[ok joint] fid=313 bef -> 5 new .npy in /share/castor/home/e2406749/tropical_forest_disturbance/embeddings/joint/fid_313/bef/20230609T142719_20230609T142938_T20LNR__S1A_IW_GRDH_1SDV_20230614T094938_20230614T095003_048980_05E3E7_B37E
[ok joint] fid=313 bef -> 5 new .npy in /share/castor/home/e2406749/tropical_forest_disturbance/embeddings/joint/fid_313/bef/20230515T142711_20230515T142713_T20LNR__S1A_IW_GRDH_1SDV_20230509T094937_20230509T095002_048455_05D42C_4A7D
[ok joint] fid=313 evt -> 5 new .npy in /share/castor/home/e2406749/tropical_forest_disturbance/embeddings/joint/fid_313/evt/20230719T142719_20230719T142939_T20LNR__S1A_IW_GRDH_1SDV_20230720T094940_20230720T095005_049505_05F3ED_61B1
[ok joint] fid=313 aft -> 5 new .npy in /share/castor/home/e2406749/tropical_forest_disturbance/embeddings/joint/fid_313/aft/20230803T142721_20230803T143434_T20LNR__S1A_IW_GRDH_1SDV_20230801T094941_20230801T095006_049680_05F959_7E64
[ok joint] fid=201 bef -> 1 new .npy in /share/castor/home/e2406749/tropical_forest_disturbance/embeddings/joint/fid_201/bef/20230214T142711_20230214T143425_T20LNR__S1A_IW_GRDH_1SDV_20230214T094935_20230214T095000_047230_05AAD4_443E
[ok joint] fid=201 bef -> 1 new .npy in /share/castor/home/e2406749/tropical_forest_disturbance/embeddings/joint/fid_201/bef/20230520T142719_20230520T142902_T20LNR__S1A_IW_GRDH_1SDV_20230521T094937_20230521T095002_048630_05D957_8119
[ok joint] fid=201 bef -> 1 new .npy in /share/castor/home/e2406749/tropical_forest_disturbance/embeddings/joint/fid_201/bef/20230709T142719_20230709T142938_T20LNR__S1A_IW_GRDH_1SDV_20230708T094940_20230708T095005_049330_05EE9A_BD21
[ok joint] fid=201 bef -> 1 new .npy in /share/castor/home/e2406749/tropical_forest_disturbance/embeddings/joint/fid_201/bef/20230224T142711_20230224T143045_T20LNR__S1A_IW_GRDH_1SDV_20230226T094935_20230226T095000_047405_05B0D3_E8BA
[ok joint] fid=201 bef -> 1 new .npy in /share/castor/home/e2406749/tropical_forest_disturbance/embeddings/joint/fid_201/bef/20230604T142721_20230604T142716_T20LNR__S1A_IW_GRDH_1SDV_20230602T094938_20230602T095003_048805_05DE8B_61F1
[ok joint] fid=201 bef -> 1 new .npy in /share/castor/home/e2406749/tropical_forest_disturbance/embeddings/joint/fid_201/bef/20230624T142721_20230624T142715_T20LNR__S1A_IW_GRDH_1SDV_20230626T094939_20230626T095004_049155_05E932_87DB
[ok joint] fid=201 bef -> 1 new .npy in /share/castor/home/e2406749/tropical_forest_disturbance/embeddings/joint/fid_201/bef/20230326T142711_20230326T142710_T20LNR__S1A_IW_GRDH_1SDV_20230322T094935_20230322T095000_047755_05BCAD_A5E4
[ok joint] fid=201 bef -> 1 new .npy in /share/castor/home/e2406749/tropical_forest_disturbance/embeddings/joint/fid_201/bef/20230609T142719_20230609T142938_T20LNR__S1A_IW_GRDH_1SDV_20230614T094938_20230614T095003_048980_05E3E7_B37E
[ok joint] fid=201 bef -> 1 new .npy in /share/castor/home/e2406749/tropical_forest_disturbance/embeddings/joint/fid_201/bef/20230115T142711_20230115T142817_T20LNR__S1A_IW_GRDH_1SDV_20230109T094936_20230109T095001_046705_05993A_763B
[ok joint] fid=201 bef -> 1 new .npy in /share/castor/home/e2406749/tropical_forest_disturbance/embeddings/joint/fid_201/bef/20230515T142711_20230515T142713_T20LNR__S1A_IW_GRDH_1SDV_20230509T094937_20230509T095002_048455_05D42C_4A7D
[ok joint] fid=201 evt -> 1 new .npy in /share/castor/home/e2406749/tropical_forest_disturbance/embeddings/joint/fid_201/evt/20230719T142719_20230719T142939_T20LNR__S1A_IW_GRDH_1SDV_20230720T094940_20230720T095005_049505_05F3ED_61B1
[ok joint] fid=201 aft -> 1 new .npy in /share/castor/home/e2406749/tropical_forest_disturbance/embeddings/joint/fid_201/aft/20230808T142719_20230808T143119_T20LNR__S1A_IW_GRDH_1SDV_20230813T094942_20230813T095007_049855_05FF04_F481
[ok joint] fid=316 bef -> 2 new .npy in /share/castor/home/e2406749/tropical_forest_disturbance/embeddings/joint/fid_316/bef/20230214T142711_20230214T143425_T20LNR__S1A_IW_GRDH_1SDV_20230214T094935_20230214T095000_047230_05AAD4_443E
[ok joint] fid=316 bef -> 2 new .npy in /share/castor/home/e2406749/tropical_forest_disturbance/embeddings/joint/fid_316/bef/20230520T142719_20230520T142902_T20LNR__S1A_IW_GRDH_1SDV_20230521T094937_20230521T095002_048630_05D957_8119
[ok joint] fid=316 bef -> 2 new .npy in /share/castor/home/e2406749/tropical_forest_disturbance/embeddings/joint/fid_316/bef/20230709T142719_20230709T142938_T20LNR__S1A_IW_GRDH_1SDV_20230708T094940_20230708T095005_049330_05EE9A_BD21
[ok joint] fid=316 bef -> 2 new .npy in /share/castor/home/e2406749/tropical_forest_disturbance/embeddings/joint/fid_316/bef/20230604T142721_20230604T142716_T20LNR__S1A_IW_GRDH_1SDV_20230602T094938_20230602T095003_048805_05DE8B_61F1
[ok joint] fid=316 bef -> 2 new .npy in /share/castor/home/e2406749/tropical_forest_disturbance/embeddings/joint/fid_316/bef/20230624T142721_20230624T142715_T20LNR__S1A_IW_GRDH_1SDV_20230626T094939_20230626T095004_049155_05E932_87DB
[ok joint] fid=316 bef -> 2 new .npy in /share/castor/home/e2406749/tropical_forest_disturbance/embeddings/joint/fid_316/bef/20230301T142709_20230301T142737_T20LNR__S1A_IW_GRDH_1SDV_20230226T094935_20230226T095000_047405_05B0D3_E8BA
[ok joint] fid=316 bef -> 2 new .npy in /share/castor/home/e2406749/tropical_forest_disturbance/embeddings/joint/fid_316/bef/20230430T142719_20230430T142714_T20LNR__S1A_IW_GRDH_1SDV_20230427T094936_20230427T095001_048280_05CE51_C3AC
[ok joint] fid=316 bef -> 2 new .npy in /share/castor/home/e2406749/tropical_forest_disturbance/embeddings/joint/fid_316/bef/20230326T142711_20230326T142710_T20LNR__S1A_IW_GRDH_1SDV_20230322T094935_20230322T095000_047755_05BCAD_A5E4
[ok joint] fid=316 bef -> 2 new .npy in /share/castor/home/e2406749/tropical_forest_disturbance/embeddings/joint/fid_316/bef/20230609T142719_20230609T142938_T20LNR__S1A_IW_GRDH_1SDV_20230614T094938_20230614T095003_048980_05E3E7_B37E
[ok joint] fid=316 bef -> 2 new .npy in /share/castor/home/e2406749/tropical_forest_disturbance/embeddings/joint/fid_316/bef/20230115T142711_20230115T142817_T20LNR__S1A_IW_GRDH_1SDV_20230109T094936_20230109T095001_046705_05993A_763B
[ok joint] fid=316 bef -> 2 new .npy in /share/castor/home/e2406749/tropical_forest_disturbance/embeddings/joint/fid_316/bef/20230515T142711_20230515T142713_T20LNR__S1A_IW_GRDH_1SDV_20230509T094937_20230509T095002_048455_05D42C_4A7D
[ok joint] fid=316 evt -> 2 new .npy in /share/castor/home/e2406749/tropical_forest_disturbance/embeddings/joint/fid_316/evt/20230719T142719_20230719T142939_T20LNR__S1A_IW_GRDH_1SDV_20230720T094940_20230720T095005_049505_05F3ED_61B1
[ok joint] fid=316 aft -> 2 new .npy in /share/castor/home/e2406749/tropical_forest_disturbance/embeddings/joint/fid_316/aft/20230808T142719_20230808T143119_T20LNR__S1A_IW_GRDH_1SDV_20230813T094942_20230813T095007_049855_05FF04_F481
[ok joint] fid=317 bef -> 2 new .npy in /share/castor/home/e2406749/tropical_forest_disturbance/embeddings/joint/fid_317/bef/20230709T142719_20230709T142938_T20LNR__S1A_IW_GRDH_1SDV_20230708T094940_20230708T095005_049330_05EE9A_BD21
[ok joint] fid=317 bef -> 2 new .npy in /share/castor/home/e2406749/tropical_forest_disturbance/embeddings/joint/fid_317/bef/20230604T142721_20230604T142716_T20LNR__S1A_IW_GRDH_1SDV_20230602T094938_20230602T095003_048805_05DE8B_61F1
[ok joint] fid=317 bef -> 2 new .npy in /share/castor/home/e2406749/tropical_forest_disturbance/embeddings/joint/fid_317/bef/20230624T142721_20230624T142715_T20LNR__S1A_IW_GRDH_1SDV_20230626T094939_20230626T095004_049155_05E932_87DB
[ok joint] fid=317 bef -> 2 new .npy in /share/castor/home/e2406749/tropical_forest_disturbance/embeddings/joint/fid_317/bef/20230301T142709_20230301T142737_T20LNR__S1A_IW_GRDH_1SDV_20230226T094935_20230226T095000_047405_05B0D3_E8BA
[ok joint] fid=317 bef -> 2 new .npy in /share/castor/home/e2406749/tropical_forest_disturbance/embeddings/joint/fid_317/bef/20230430T142719_20230430T142714_T20LNR__S1A_IW_GRDH_1SDV_20230427T094936_20230427T095001_048280_05CE51_C3AC
[ok joint] fid=317 bef -> 2 new .npy in /share/castor/home/e2406749/tropical_forest_disturbance/embeddings/joint/fid_317/bef/20230525T142721_20230525T142853_T20LNR__S1A_IW_GRDH_1SDV_20230521T094937_20230521T095002_048630_05D957_8119
[ok joint] fid=317 bef -> 2 new .npy in /share/castor/home/e2406749/tropical_forest_disturbance/embeddings/joint/fid_317/bef/20230609T142719_20230609T142938_T20LNR__S1A_IW_GRDH_1SDV_20230614T094938_20230614T095003_048980_05E3E7_B37E
[ok joint] fid=317 bef -> 2 new .npy in /share/castor/home/e2406749/tropical_forest_disturbance/embeddings/joint/fid_317/bef/20230515T142711_20230515T142713_T20LNR__S1A_IW_GRDH_1SDV_20230509T094937_20230509T095002_048455_05D42C_4A7D
[ok joint] fid=317 evt -> 2 new .npy in /share/castor/home/e2406749/tropical_forest_disturbance/embeddings/joint/fid_317/evt/20230719T142719_20230719T142939_T20LNR__S1A_IW_GRDH_1SDV_20230720T094940_20230720T095005_049505_05F3ED_61B1
[ok joint] fid=260 bef -> 12 new .npy in /share/castor/home/e2406749/tropical_forest_disturbance/embeddings/joint/fid_260/bef/20230709T142719_20230709T142938_T20LNR__S1A_IW_GRDH_1SDV_20230708T094940_20230708T095005_049330_05EE9A_BD21
[ok joint] fid=260 bef -> 12 new .npy in /share/castor/home/e2406749/tropical_forest_disturbance/embeddings/joint/fid_260/bef/20230624T142721_20230624T142715_T20LNR__S1A_IW_GRDH_1SDV_20230626T094939_20230626T095004_049155_05E932_87DB
[ok joint] fid=260 bef -> 12 new .npy in /share/castor/home/e2406749/tropical_forest_disturbance/embeddings/joint/fid_260/bef/20230430T142719_20230430T142714_T20LNR__S1A_IW_GRDH_1SDV_20230427T094936_20230427T095001_048280_05CE51_C3AC
[ok joint] fid=260 bef -> 12 new .npy in /share/castor/home/e2406749/tropical_forest_disturbance/embeddings/joint/fid_260/bef/20230609T142719_20230609T142938_T20LNR__S1A_IW_GRDH_1SDV_20230614T094938_20230614T095003_048980_05E3E7_B37E
[ok joint] fid=260 bef -> 12 new .npy in /share/castor/home/e2406749/tropical_forest_disturbance/embeddings/joint/fid_260/bef/20230515T142711_20230515T142713_T20LNR__S1A_IW_GRDH_1SDV_20230509T094937_20230509T095002_048455_05D42C_4A7D
[ok joint] fid=260 evt -> 12 new .npy in /share/castor/home/e2406749/tropical_forest_disturbance/embeddings/joint/fid_260/evt/20230719T142719_20230719T142939_T20LNR__S1A_IW_GRDH_1SDV_20230720T094940_20230720T095005_049505_05F3ED_61B1
[ok joint] fid=260 aft -> 12 new .npy in /share/castor/home/e2406749/tropical_forest_disturbance/embeddings/joint/fid_260/aft/20230818T142719_20230818T143227_T20LNR__S1A_IW_GRDH_1SDV_20230813T094942_20230813T095007_049855_05FF04_F481
[ok joint] fid=209 bef -> 2 new .npy in /share/castor/home/e2406749/tropical_forest_disturbance/embeddings/joint/fid_209/bef/20230214T142711_20230214T143425_T20LNR__S1A_IW_GRDH_1SDV_20230214T094935_20230214T095000_047230_05AAD4_443E
[ok joint] fid=209 bef -> 2 new .npy in /share/castor/home/e2406749/tropical_forest_disturbance/embeddings/joint/fid_209/bef/20230520T142719_20230520T142902_T20LNR__S1A_IW_GRDH_1SDV_20230521T094937_20230521T095002_048630_05D957_8119
[ok joint] fid=209 bef -> 2 new .npy in /share/castor/home/e2406749/tropical_forest_disturbance/embeddings/joint/fid_209/bef/20230709T142719_20230709T142938_T20LNR__S1A_IW_GRDH_1SDV_20230708T094940_20230708T095005_049330_05EE9A_BD21
[ok joint] fid=209 bef -> 2 new .npy in /share/castor/home/e2406749/tropical_forest_disturbance/embeddings/joint/fid_209/bef/20230719T142719_20230719T142939_T20LNR__S1A_IW_GRDH_1SDV_20230720T094940_20230720T095005_049505_05F3ED_61B1
[ok joint] fid=209 bef -> 2 new .npy in /share/castor/home/e2406749/tropical_forest_disturbance/embeddings/joint/fid_209/bef/20230604T142721_20230604T142716_T20LNR__S1A_IW_GRDH_1SDV_20230602T094938_20230602T095003_048805_05DE8B_61F1
[ok joint] fid=209 bef -> 2 new .npy in /share/castor/home/e2406749/tropical_forest_disturbance/embeddings/joint/fid_209/bef/20230624T142721_20230624T142715_T20LNR__S1A_IW_GRDH_1SDV_20230626T094939_20230626T095004_049155_05E932_87DB
[ok joint] fid=209 bef -> 2 new .npy in /share/castor/home/e2406749/tropical_forest_disturbance/embeddings/joint/fid_209/bef/20230430T142719_20230430T142714_T20LNR__S1A_IW_GRDH_1SDV_20230427T094936_20230427T095001_048280_05CE51_C3AC
[ok joint] fid=209 bef -> 2 new .npy in /share/castor/home/e2406749/tropical_forest_disturbance/embeddings/joint/fid_209/bef/20230609T142719_20230609T142938_T20LNR__S1A_IW_GRDH_1SDV_20230614T094938_20230614T095003_048980_05E3E7_B37E
[ok joint] fid=209 bef -> 2 new .npy in /share/castor/home/e2406749/tropical_forest_disturbance/embeddings/joint/fid_209/bef/20230515T142711_20230515T142713_T20LNR__S1A_IW_GRDH_1SDV_20230509T094937_20230509T095002_048455_05D42C_4A7D
[ok joint] fid=209 evt -> 2 new .npy in /share/castor/home/e2406749/tropical_forest_disturbance/embeddings/joint/fid_209/evt/20230803T142721_20230803T143434_T20LNR__S1A_IW_GRDH_1SDV_20230801T094941_20230801T095006_049680_05F959_7E64
[ok joint] fid=209 aft -> 2 new .npy in /share/castor/home/e2406749/tropical_forest_disturbance/embeddings/joint/fid_209/aft/20230818T142719_20230818T143227_T20LNR__S1A_IW_GRDH_1SDV_20230813T094942_20230813T095007_049855_05FF04_F481
[ok joint] fid=135 bef -> 1 new .npy in /share/castor/home/e2406749/tropical_forest_disturbance/embeddings/joint/fid_135/bef/20230214T142711_20230214T143425_T20LNR__S1A_IW_GRDH_1SDV_20230214T094910_20230214T094935_047230_05AAD4_E27D
[ok joint] fid=135 bef -> 1 new .npy in /share/castor/home/e2406749/tropical_forest_disturbance/embeddings/joint/fid_135/bef/20230510T142719_20230510T142819_T20LNR__S1A_IW_GRDH_1SDV_20230509T094912_20230509T094937_048455_05D42C_BB80
[ok joint] fid=135 bef -> 1 new .npy in /share/castor/home/e2406749/tropical_forest_disturbance/embeddings/joint/fid_135/bef/20230709T142719_20230709T142938_T20LNR__S1A_IW_GRDH_1SDV_20230708T094915_20230708T094940_049330_05EE9A_201B
[ok joint] fid=135 bef -> 1 new .npy in /share/castor/home/e2406749/tropical_forest_disturbance/embeddings/joint/fid_135/bef/20230719T142719_20230719T142939_T20LNR__S1A_IW_GRDH_1SDV_20230720T094915_20230720T094940_049505_05F3ED_2372
[ok joint] fid=135 bef -> 1 new .npy in /share/castor/home/e2406749/tropical_forest_disturbance/embeddings/joint/fid_135/bef/20230624T142721_20230624T142715_T20LNR__S1A_IW_GRDH_1SDV_20230626T094914_20230626T094939_049155_05E932_8E24
[ok joint] fid=135 bef -> 1 new .npy in /share/castor/home/e2406749/tropical_forest_disturbance/embeddings/joint/fid_135/bef/20230803T142721_20230803T143434_T20LNR__S1A_IW_GRDH_1SDV_20230801T094916_20230801T094941_049680_05F959_E6F2
[ok joint] fid=135 bef -> 1 new .npy in /share/castor/home/e2406749/tropical_forest_disturbance/embeddings/joint/fid_135/bef/20230430T142719_20230430T142714_T20LNR__S1A_IW_GRDH_1SDV_20230427T094911_20230427T094936_048280_05CE51_9F1D
[ok joint] fid=135 bef -> 1 new .npy in /share/castor/home/e2406749/tropical_forest_disturbance/embeddings/joint/fid_135/bef/20230525T142721_20230525T142853_T20LNR__S1A_IW_GRDH_1SDV_20230521T094912_20230521T094937_048630_05D957_8539
[ok joint] fid=135 bef -> 1 new .npy in /share/castor/home/e2406749/tropical_forest_disturbance/embeddings/joint/fid_135/bef/20230609T142719_20230609T142938_T20LNR__S1A_IW_GRDH_1SDV_20230614T094913_20230614T094938_048980_05E3E7_6485
[ok joint] fid=135 evt -> 1 new .npy in /share/castor/home/e2406749/tropical_forest_disturbance/embeddings/joint/fid_135/evt/20230823T142721_20230823T143116_T20LNR__S1A_IW_GRDH_1SDV_20230825T094918_20230825T094943_050030_0604F6_59F6
[ok joint] fid=135 evt -> 1 new .npy in /share/castor/home/e2406749/tropical_forest_disturbance/embeddings/joint/fid_135/evt/20230818T142719_20230818T143227_T20LNR__S1A_IW_GRDH_1SDV_20230813T094917_20230813T094942_049855_05FF04_E952
[ok joint] fid=45 bef -> 2 new .npy in /share/castor/home/e2406749/tropical_forest_disturbance/embeddings/joint/fid_45/bef/20230709T142719_20230709T142938_T20LNR__S1A_IW_GRDH_1SDV_20230708T094940_20230708T095005_049330_05EE9A_BD21
[ok joint] fid=45 bef -> 2 new .npy in /share/castor/home/e2406749/tropical_forest_disturbance/embeddings/joint/fid_45/bef/20230719T142719_20230719T142939_T20LNR__S1A_IW_GRDH_1SDV_20230720T094940_20230720T095005_049505_05F3ED_61B1
[ok joint] fid=45 bef -> 2 new .npy in /share/castor/home/e2406749/tropical_forest_disturbance/embeddings/joint/fid_45/bef/20230604T142721_20230604T142716_T20LNR__S1A_IW_GRDH_1SDV_20230602T094938_20230602T095003_048805_05DE8B_61F1
[ok joint] fid=45 bef -> 2 new .npy in /share/castor/home/e2406749/tropical_forest_disturbance/embeddings/joint/fid_45/bef/20230624T142721_20230624T142715_T20LNR__S1A_IW_GRDH_1SDV_20230626T094939_20230626T095004_049155_05E932_87DB
[ok joint] fid=45 bef -> 2 new .npy in /share/castor/home/e2406749/tropical_forest_disturbance/embeddings/joint/fid_45/bef/20230430T142719_20230430T142714_T20LNR__S1A_IW_GRDH_1SDV_20230427T094936_20230427T095001_048280_05CE51_C3AC
[ok joint] fid=45 bef -> 2 new .npy in /share/castor/home/e2406749/tropical_forest_disturbance/embeddings/joint/fid_45/bef/20230729T142719_20230729T142718_T20LNR__S1A_IW_GRDH_1SDV_20230801T094941_20230801T095006_049680_05F959_7E64
[ok joint] fid=45 bef -> 2 new .npy in /share/castor/home/e2406749/tropical_forest_disturbance/embeddings/joint/fid_45/bef/20230525T142721_20230525T142853_T20LNR__S1A_IW_GRDH_1SDV_20230521T094937_20230521T095002_048630_05D957_8119
[ok joint] fid=45 bef -> 2 new .npy in /share/castor/home/e2406749/tropical_forest_disturbance/embeddings/joint/fid_45/bef/20230420T142719_20230420T142714_T20LNR__S1A_IW_GRDH_1SDV_20230415T094936_20230415T095001_048105_05C876_7D01
[ok joint] fid=45 bef -> 2 new .npy in /share/castor/home/e2406749/tropical_forest_disturbance/embeddings/joint/fid_45/bef/20230609T142719_20230609T142938_T20LNR__S1A_IW_GRDH_1SDV_20230614T094938_20230614T095003_048980_05E3E7_B37E
[ok joint] fid=45 bef -> 2 new .npy in /share/castor/home/e2406749/tropical_forest_disturbance/embeddings/joint/fid_45/bef/20230808T142719_20230808T143119_T20LNR__S1A_IW_GRDH_1SDV_20230813T094942_20230813T095007_049855_05FF04_F481
[ok joint] fid=45 bef -> 2 new .npy in /share/castor/home/e2406749/tropical_forest_disturbance/embeddings/joint/fid_45/bef/20230115T142711_20230115T142817_T20LNR__S1A_IW_GRDH_1SDV_20230109T094936_20230109T095001_046705_05993A_763B
[ok joint] fid=45 bef -> 2 new .npy in /share/castor/home/e2406749/tropical_forest_disturbance/embeddings/joint/fid_45/bef/20230515T142711_20230515T142713_T20LNR__S1A_IW_GRDH_1SDV_20230509T094937_20230509T095002_048455_05D42C_4A7D
[ok joint] fid=45 evt -> 2 new .npy in /share/castor/home/e2406749/tropical_forest_disturbance/embeddings/joint/fid_45/evt/20230823T142721_20230823T143116_T20LNR__S1A_IW_GRDH_1SDV_20230825T094943_20230825T095008_050030_0604F6_5B1D
[ok joint] fid=46 bef -> 8 new .npy in /share/castor/home/e2406749/tropical_forest_disturbance/embeddings/joint/fid_46/bef/20230709T142719_20230709T142938_T20LNR__S1A_IW_GRDH_1SDV_20230708T094940_20230708T095005_049330_05EE9A_BD21
[ok joint] fid=46 bef -> 8 new .npy in /share/castor/home/e2406749/tropical_forest_disturbance/embeddings/joint/fid_46/bef/20230719T142719_20230719T142939_T20LNR__S1A_IW_GRDH_1SDV_20230720T094940_20230720T095005_049505_05F3ED_61B1
[ok joint] fid=46 bef -> 8 new .npy in /share/castor/home/e2406749/tropical_forest_disturbance/embeddings/joint/fid_46/bef/20230604T142721_20230604T142716_T20LNR__S1A_IW_GRDH_1SDV_20230602T094938_20230602T095003_048805_05DE8B_61F1
[ok joint] fid=46 bef -> 8 new .npy in /share/castor/home/e2406749/tropical_forest_disturbance/embeddings/joint/fid_46/bef/20230624T142721_20230624T142715_T20LNR__S1A_IW_GRDH_1SDV_20230626T094939_20230626T095004_049155_05E932_87DB
[ok joint] fid=46 bef -> 8 new .npy in /share/castor/home/e2406749/tropical_forest_disturbance/embeddings/joint/fid_46/bef/20230301T142709_20230301T142737_T20LNR__S1A_IW_GRDH_1SDV_20230226T094935_20230226T095000_047405_05B0D3_E8BA
[ok joint] fid=46 bef -> 8 new .npy in /share/castor/home/e2406749/tropical_forest_disturbance/embeddings/joint/fid_46/bef/20230430T142719_20230430T142714_T20LNR__S1A_IW_GRDH_1SDV_20230427T094936_20230427T095001_048280_05CE51_C3AC
[ok joint] fid=46 bef -> 8 new .npy in /share/castor/home/e2406749/tropical_forest_disturbance/embeddings/joint/fid_46/bef/20230729T142719_20230729T142718_T20LNR__S1A_IW_GRDH_1SDV_20230801T094941_20230801T095006_049680_05F959_7E64
[ok joint] fid=46 bef -> 8 new .npy in /share/castor/home/e2406749/tropical_forest_disturbance/embeddings/joint/fid_46/bef/20230609T142719_20230609T142938_T20LNR__S1A_IW_GRDH_1SDV_20230614T094938_20230614T095003_048980_05E3E7_B37E
[ok joint] fid=46 bef -> 8 new .npy in /share/castor/home/e2406749/tropical_forest_disturbance/embeddings/joint/fid_46/bef/20230808T142719_20230808T143119_T20LNR__S1A_IW_GRDH_1SDV_20230813T094942_20230813T095007_049855_05FF04_F481
[ok joint] fid=46 bef -> 8 new .npy in /share/castor/home/e2406749/tropical_forest_disturbance/embeddings/joint/fid_46/bef/20230515T142711_20230515T142713_T20LNR__S1A_IW_GRDH_1SDV_20230509T094937_20230509T095002_048455_05D42C_4A7D
[ok joint] fid=46 evt -> 8 new .npy in /share/castor/home/e2406749/tropical_forest_disturbance/embeddings/joint/fid_46/evt/20230823T142721_20230823T143116_T20LNR__S1A_IW_GRDH_1SDV_20230825T094943_20230825T095008_050030_0604F6_5B1D
[ok joint] fid=47 bef -> 3 new .npy in /share/castor/home/e2406749/tropical_forest_disturbance/embeddings/joint/fid_47/bef/20230709T142719_20230709T142938_T20LNR__S1A_IW_GRDH_1SDV_20230708T094915_20230708T094940_049330_05EE9A_201B
[ok joint] fid=47 bef -> 3 new .npy in /share/castor/home/e2406749/tropical_forest_disturbance/embeddings/joint/fid_47/bef/20230719T142719_20230719T142939_T20LNR__S1A_IW_GRDH_1SDV_20230720T094915_20230720T094940_049505_05F3ED_2372
[ok joint] fid=47 bef -> 3 new .npy in /share/castor/home/e2406749/tropical_forest_disturbance/embeddings/joint/fid_47/bef/20230624T142721_20230624T142715_T20LNR__S1A_IW_GRDH_1SDV_20230626T094914_20230626T094939_049155_05E932_8E24
[ok joint] fid=47 bef -> 3 new .npy in /share/castor/home/e2406749/tropical_forest_disturbance/embeddings/joint/fid_47/bef/20230803T142721_20230803T143434_T20LNR__S1A_IW_GRDH_1SDV_20230801T094916_20230801T094941_049680_05F959_E6F2
[ok joint] fid=47 bef -> 3 new .npy in /share/castor/home/e2406749/tropical_forest_disturbance/embeddings/joint/fid_47/bef/20230420T142719_20230420T142714_T20LNR__S1A_IW_GRDH_1SDV_20230415T094911_20230415T094936_048105_05C876_50BE
[ok joint] fid=47 bef -> 3 new .npy in /share/castor/home/e2406749/tropical_forest_disturbance/embeddings/joint/fid_47/bef/20230609T142719_20230609T142938_T20LNR__S1A_IW_GRDH_1SDV_20230614T094913_20230614T094938_048980_05E3E7_6485
[ok joint] fid=47 bef -> 3 new .npy in /share/castor/home/e2406749/tropical_forest_disturbance/embeddings/joint/fid_47/bef/20230515T142711_20230515T142713_T20LNR__S1A_IW_GRDH_1SDV_20230509T094912_20230509T094937_048455_05D42C_BB80
[ok joint] fid=47 evt -> 3 new .npy in /share/castor/home/e2406749/tropical_forest_disturbance/embeddings/joint/fid_47/evt/20230823T142721_20230823T143116_T20LNR__S1A_IW_GRDH_1SDV_20230825T094918_20230825T094943_050030_0604F6_59F6
[ok joint] fid=263 bef -> 1 new .npy in /share/castor/home/e2406749/tropical_forest_disturbance/embeddings/joint/fid_263/bef/20230520T142719_20230520T142902_T20LNR__S1A_IW_GRDH_1SDV_20230521T094937_20230521T095002_048630_05D957_8119
[ok joint] fid=263 bef -> 1 new .npy in /share/castor/home/e2406749/tropical_forest_disturbance/embeddings/joint/fid_263/bef/20230709T142719_20230709T142938_T20LNR__S1A_IW_GRDH_1SDV_20230708T094940_20230708T095005_049330_05EE9A_BD21
[ok joint] fid=263 bef -> 1 new .npy in /share/castor/home/e2406749/tropical_forest_disturbance/embeddings/joint/fid_263/bef/20230719T142719_20230719T142939_T20LNR__S1A_IW_GRDH_1SDV_20230720T094940_20230720T095005_049505_05F3ED_61B1
[ok joint] fid=263 bef -> 1 new .npy in /share/castor/home/e2406749/tropical_forest_disturbance/embeddings/joint/fid_263/bef/20230604T142721_20230604T142716_T20LNR__S1A_IW_GRDH_1SDV_20230602T094938_20230602T095003_048805_05DE8B_61F1
[ok joint] fid=263 bef -> 1 new .npy in /share/castor/home/e2406749/tropical_forest_disturbance/embeddings/joint/fid_263/bef/20230624T142721_20230624T142715_T20LNR__S1A_IW_GRDH_1SDV_20230626T094939_20230626T095004_049155_05E932_87DB
[ok joint] fid=263 bef -> 1 new .npy in /share/castor/home/e2406749/tropical_forest_disturbance/embeddings/joint/fid_263/bef/20230803T142721_20230803T143434_T20LNR__S1A_IW_GRDH_1SDV_20230801T094941_20230801T095006_049680_05F959_7E64
[ok joint] fid=263 bef -> 1 new .npy in /share/castor/home/e2406749/tropical_forest_disturbance/embeddings/joint/fid_263/bef/20230430T142719_20230430T142714_T20LNR__S1A_IW_GRDH_1SDV_20230427T094936_20230427T095001_048280_05CE51_C3AC
[ok joint] fid=263 bef -> 1 new .npy in /share/castor/home/e2406749/tropical_forest_disturbance/embeddings/joint/fid_263/bef/20230609T142719_20230609T142938_T20LNR__S1A_IW_GRDH_1SDV_20230614T094938_20230614T095003_048980_05E3E7_B37E
[ok joint] fid=263 bef -> 1 new .npy in /share/castor/home/e2406749/tropical_forest_disturbance/embeddings/joint/fid_263/bef/20230818T142719_20230818T143227_T20LNR__S1A_IW_GRDH_1SDV_20230813T094942_20230813T095007_049855_05FF04_F481
[ok joint] fid=263 bef -> 1 new .npy in /share/castor/home/e2406749/tropical_forest_disturbance/embeddings/joint/fid_263/bef/20230515T142711_20230515T142713_T20LNR__S1A_IW_GRDH_1SDV_20230509T094937_20230509T095002_048455_05D42C_4A7D
[ok joint] fid=263 evt -> 1 new .npy in /share/castor/home/e2406749/tropical_forest_disturbance/embeddings/joint/fid_263/evt/20230823T142721_20230823T143116_T20LNR__S1A_IW_GRDH_1SDV_20230825T094943_20230825T095008_050030_0604F6_5B1D
[ok joint] fid=341 bef -> 2 new .npy in /share/castor/home/e2406749/tropical_forest_disturbance/embeddings/joint/fid_341/bef/20230709T142719_20230709T142938_T20LNR__S1A_IW_GRDH_1SDV_20230708T094940_20230708T095005_049330_05EE9A_BD21
[ok joint] fid=341 bef -> 2 new .npy in /share/castor/home/e2406749/tropical_forest_disturbance/embeddings/joint/fid_341/bef/20230719T142719_20230719T142939_T20LNR__S1A_IW_GRDH_1SDV_20230720T094940_20230720T095005_049505_05F3ED_61B1
[ok joint] fid=341 bef -> 2 new .npy in /share/castor/home/e2406749/tropical_forest_disturbance/embeddings/joint/fid_341/bef/20230604T142721_20230604T142716_T20LNR__S1A_IW_GRDH_1SDV_20230602T094938_20230602T095003_048805_05DE8B_61F1
[ok joint] fid=341 bef -> 2 new .npy in /share/castor/home/e2406749/tropical_forest_disturbance/embeddings/joint/fid_341/bef/20230624T142721_20230624T142715_T20LNR__S1A_IW_GRDH_1SDV_20230626T094939_20230626T095004_049155_05E932_87DB
[ok joint] fid=341 bef -> 2 new .npy in /share/castor/home/e2406749/tropical_forest_disturbance/embeddings/joint/fid_341/bef/20230803T142721_20230803T143434_T20LNR__S1A_IW_GRDH_1SDV_20230801T094941_20230801T095006_049680_05F959_7E64
[ok joint] fid=341 bef -> 2 new .npy in /share/castor/home/e2406749/tropical_forest_disturbance/embeddings/joint/fid_341/bef/20230301T142709_20230301T142737_T20LNR__S1A_IW_GRDH_1SDV_20230226T094935_20230226T095000_047405_05B0D3_E8BA
[ok joint] fid=341 bef -> 2 new .npy in /share/castor/home/e2406749/tropical_forest_disturbance/embeddings/joint/fid_341/bef/20230430T142719_20230430T142714_T20LNR__S1A_IW_GRDH_1SDV_20230427T094936_20230427T095001_048280_05CE51_C3AC
[ok joint] fid=341 bef -> 2 new .npy in /share/castor/home/e2406749/tropical_forest_disturbance/embeddings/joint/fid_341/bef/20230525T142721_20230525T142853_T20LNR__S1A_IW_GRDH_1SDV_20230521T094937_20230521T095002_048630_05D957_8119
[ok joint] fid=341 bef -> 2 new .npy in /share/castor/home/e2406749/tropical_forest_disturbance/embeddings/joint/fid_341/bef/20230609T142719_20230609T142938_T20LNR__S1A_IW_GRDH_1SDV_20230614T094938_20230614T095003_048980_05E3E7_B37E
[ok joint] fid=341 bef -> 2 new .npy in /share/castor/home/e2406749/tropical_forest_disturbance/embeddings/joint/fid_341/bef/20230818T142719_20230818T143227_T20LNR__S1A_IW_GRDH_1SDV_20230813T094942_20230813T095007_049855_05FF04_F481
[ok joint] fid=341 bef -> 2 new .npy in /share/castor/home/e2406749/tropical_forest_disturbance/embeddings/joint/fid_341/bef/20230515T142711_20230515T142713_T20LNR__S1A_IW_GRDH_1SDV_20230509T094937_20230509T095002_048455_05D42C_4A7D
[ok joint] fid=341 evt -> 2 new .npy in /share/castor/home/e2406749/tropical_forest_disturbance/embeddings/joint/fid_341/evt/20230823T142721_20230823T143116_T20LNR__S1A_IW_GRDH_1SDV_20230825T094943_20230825T095008_050030_0604F6_5B1D
[ok joint] fid=74 bef -> 2 new .npy in /share/castor/home/e2406749/tropical_forest_disturbance/embeddings/joint/fid_74/bef/20230709T142719_20230709T142938_T20LNR__S1A_IW_GRDH_1SDV_20230708T094940_20230708T095005_049330_05EE9A_BD21
[ok joint] fid=74 bef -> 2 new .npy in /share/castor/home/e2406749/tropical_forest_disturbance/embeddings/joint/fid_74/bef/20230719T142719_20230719T142939_T20LNR__S1A_IW_GRDH_1SDV_20230720T094940_20230720T095005_049505_05F3ED_61B1
[ok joint] fid=74 bef -> 2 new .npy in /share/castor/home/e2406749/tropical_forest_disturbance/embeddings/joint/fid_74/bef/20230604T142721_20230604T142716_T20LNR__S1A_IW_GRDH_1SDV_20230602T094938_20230602T095003_048805_05DE8B_61F1
[ok joint] fid=74 bef -> 2 new .npy in /share/castor/home/e2406749/tropical_forest_disturbance/embeddings/joint/fid_74/bef/20230624T142721_20230624T142715_T20LNR__S1A_IW_GRDH_1SDV_20230626T094939_20230626T095004_049155_05E932_87DB
[ok joint] fid=74 bef -> 2 new .npy in /share/castor/home/e2406749/tropical_forest_disturbance/embeddings/joint/fid_74/bef/20230803T142721_20230803T143434_T20LNR__S1A_IW_GRDH_1SDV_20230801T094941_20230801T095006_049680_05F959_7E64
[ok joint] fid=74 bef -> 2 new .npy in /share/castor/home/e2406749/tropical_forest_disturbance/embeddings/joint/fid_74/bef/20230301T142709_20230301T142737_T20LNR__S1A_IW_GRDH_1SDV_20230226T094935_20230226T095000_047405_05B0D3_E8BA
[ok joint] fid=74 bef -> 2 new .npy in /share/castor/home/e2406749/tropical_forest_disturbance/embeddings/joint/fid_74/bef/20230430T142719_20230430T142714_T20LNR__S1A_IW_GRDH_1SDV_20230427T094936_20230427T095001_048280_05CE51_C3AC
[ok joint] fid=74 bef -> 2 new .npy in /share/castor/home/e2406749/tropical_forest_disturbance/embeddings/joint/fid_74/bef/20230828T142719_20230828T142716_T20LNR__S1A_IW_GRDH_1SDV_20230825T094943_20230825T095008_050030_0604F6_5B1D
[ok joint] fid=74 bef -> 2 new .npy in /share/castor/home/e2406749/tropical_forest_disturbance/embeddings/joint/fid_74/bef/20230609T142719_20230609T142938_T20LNR__S1A_IW_GRDH_1SDV_20230614T094938_20230614T095003_048980_05E3E7_B37E
[ok joint] fid=74 bef -> 2 new .npy in /share/castor/home/e2406749/tropical_forest_disturbance/embeddings/joint/fid_74/bef/20230818T142719_20230818T143227_T20LNR__S1A_IW_GRDH_1SDV_20230813T094942_20230813T095007_049855_05FF04_F481
[ok joint] fid=74 bef -> 2 new .npy in /share/castor/home/e2406749/tropical_forest_disturbance/embeddings/joint/fid_74/bef/20230515T142711_20230515T142713_T20LNR__S1A_IW_GRDH_1SDV_20230509T094937_20230509T095002_048455_05D42C_4A7D
[ok joint] fid=68 bef -> 2 new .npy in /share/castor/home/e2406749/tropical_forest_disturbance/embeddings/joint/fid_68/bef/20230709T142719_20230709T142938_T20LNR__S1A_IW_GRDH_1SDV_20230708T094915_20230708T094940_049330_05EE9A_201B
[ok joint] fid=68 bef -> 2 new .npy in /share/castor/home/e2406749/tropical_forest_disturbance/embeddings/joint/fid_68/bef/20230719T142719_20230719T142939_T20LNR__S1A_IW_GRDH_1SDV_20230720T094915_20230720T094940_049505_05F3ED_2372
[ok joint] fid=68 bef -> 2 new .npy in /share/castor/home/e2406749/tropical_forest_disturbance/embeddings/joint/fid_68/bef/20230604T142721_20230604T142716_T20LNR__S1A_IW_GRDH_1SDV_20230602T094913_20230602T094938_048805_05DE8B_7193
[ok joint] fid=68 bef -> 2 new .npy in /share/castor/home/e2406749/tropical_forest_disturbance/embeddings/joint/fid_68/bef/20230624T142721_20230624T142715_T20LNR__S1A_IW_GRDH_1SDV_20230626T094914_20230626T094939_049155_05E932_8E24
[ok joint] fid=68 bef -> 2 new .npy in /share/castor/home/e2406749/tropical_forest_disturbance/embeddings/joint/fid_68/bef/20230803T142721_20230803T143434_T20LNR__S1A_IW_GRDH_1SDV_20230801T094916_20230801T094941_049680_05F959_E6F2
[ok joint] fid=68 bef -> 2 new .npy in /share/castor/home/e2406749/tropical_forest_disturbance/embeddings/joint/fid_68/bef/20230823T142721_20230823T143116_T20LNR__S1A_IW_GRDH_1SDV_20230825T094918_20230825T094943_050030_0604F6_59F6
[ok joint] fid=68 bef -> 2 new .npy in /share/castor/home/e2406749/tropical_forest_disturbance/embeddings/joint/fid_68/bef/20230525T142721_20230525T142853_T20LNR__S1A_IW_GRDH_1SDV_20230521T094912_20230521T094937_048630_05D957_8539
[ok joint] fid=68 bef -> 2 new .npy in /share/castor/home/e2406749/tropical_forest_disturbance/embeddings/joint/fid_68/bef/20230609T142719_20230609T142938_T20LNR__S1A_IW_GRDH_1SDV_20230614T094913_20230614T094938_048980_05E3E7_6485
[ok joint] fid=68 bef -> 2 new .npy in /share/castor/home/e2406749/tropical_forest_disturbance/embeddings/joint/fid_68/bef/20230808T142719_20230808T143119_T20LNR__S1A_IW_GRDH_1SDV_20230813T094917_20230813T094942_049855_05FF04_E952
[ok joint] fid=68 bef -> 2 new .npy in /share/castor/home/e2406749/tropical_forest_disturbance/embeddings/joint/fid_68/bef/20230515T142711_20230515T142713_T20LNR__S1A_IW_GRDH_1SDV_20230509T094912_20230509T094937_048455_05D42C_BB80
[ok joint] fid=68 evt -> 2 new .npy in /share/castor/home/e2406749/tropical_forest_disturbance/embeddings/joint/fid_68/evt/20230912T142721_20230912T143158_T20LNR__S1A_IW_GRDH_1SDV_20230906T094918_20230906T094943_050205_060AF4_C05C
[ok joint] fid=69 bef -> 4 new .npy in /share/castor/home/e2406749/tropical_forest_disturbance/embeddings/joint/fid_69/bef/20230214T142711_20230214T143425_T20LNR__S1A_IW_GRDH_1SDV_20230214T094935_20230214T095000_047230_05AAD4_443E
[ok joint] fid=69 bef -> 4 new .npy in /share/castor/home/e2406749/tropical_forest_disturbance/embeddings/joint/fid_69/bef/20230709T142719_20230709T142938_T20LNR__S1A_IW_GRDH_1SDV_20230708T094940_20230708T095005_049330_05EE9A_BD21
[ok joint] fid=69 bef -> 4 new .npy in /share/castor/home/e2406749/tropical_forest_disturbance/embeddings/joint/fid_69/bef/20230719T142719_20230719T142939_T20LNR__S1A_IW_GRDH_1SDV_20230720T094940_20230720T095005_049505_05F3ED_61B1
[ok joint] fid=69 bef -> 4 new .npy in /share/castor/home/e2406749/tropical_forest_disturbance/embeddings/joint/fid_69/bef/20230624T142721_20230624T142715_T20LNR__S1A_IW_GRDH_1SDV_20230626T094939_20230626T095004_049155_05E932_87DB
[ok joint] fid=69 bef -> 4 new .npy in /share/castor/home/e2406749/tropical_forest_disturbance/embeddings/joint/fid_69/bef/20230729T142719_20230729T142718_T20LNR__S1A_IW_GRDH_1SDV_20230801T094941_20230801T095006_049680_05F959_7E64
[ok joint] fid=69 bef -> 4 new .npy in /share/castor/home/e2406749/tropical_forest_disturbance/embeddings/joint/fid_69/bef/20230828T142719_20230828T142716_T20LNR__S1A_IW_GRDH_1SDV_20230825T094943_20230825T095008_050030_0604F6_5B1D
[ok joint] fid=69 bef -> 4 new .npy in /share/castor/home/e2406749/tropical_forest_disturbance/embeddings/joint/fid_69/bef/20230609T142719_20230609T142938_T20LNR__S1A_IW_GRDH_1SDV_20230614T094938_20230614T095003_048980_05E3E7_B37E
[ok joint] fid=69 bef -> 4 new .npy in /share/castor/home/e2406749/tropical_forest_disturbance/embeddings/joint/fid_69/bef/20230808T142719_20230808T143119_T20LNR__S1A_IW_GRDH_1SDV_20230813T094942_20230813T095007_049855_05FF04_F481
[ok joint] fid=69 bef -> 4 new .npy in /share/castor/home/e2406749/tropical_forest_disturbance/embeddings/joint/fid_69/bef/20230515T142711_20230515T142713_T20LNR__S1A_IW_GRDH_1SDV_20230509T094937_20230509T095002_048455_05D42C_4A7D
[ok joint] fid=69 evt -> 4 new .npy in /share/castor/home/e2406749/tropical_forest_disturbance/embeddings/joint/fid_69/evt/20230912T142721_20230912T143158_T20LNR__S1A_IW_GRDH_1SDV_20230906T094943_20230906T095008_050205_060AF4_E713
[done joint] All embeddings already exist in /share/castor/home/e2406749/tropical_forest_disturbance/embeddings/joint/fid_125/bef/20230709T142719_20230709T142938_T20LNR__S1A_IW_GRDH_1SDV_20230708T094915_20230708T094940_049330_05EE9A_201B
[done joint] All embeddings already exist in /share/castor/home/e2406749/tropical_forest_disturbance/embeddings/joint/fid_125/bef/20230719T142719_20230719T142939_T20LNR__S1A_IW_GRDH_1SDV_20230720T094915_20230720T094940_049505_05F3ED_2372
[done joint] All embeddings already exist in /share/castor/home/e2406749/tropical_forest_disturbance/embeddings/joint/fid_125/bef/20230604T142721_20230604T142716_T20LNR__S1A_IW_GRDH_1SDV_20230602T094913_20230602T094938_048805_05DE8B_7193
[done joint] All embeddings already exist in /share/castor/home/e2406749/tropical_forest_disturbance/embeddings/joint/fid_125/bef/20230624T142721_20230624T142715_T20LNR__S1A_IW_GRDH_1SDV_20230626T094914_20230626T094939_049155_05E932_8E24
[done joint] All embeddings already exist in /share/castor/home/e2406749/tropical_forest_disturbance/embeddings/joint/fid_125/bef/20230803T142721_20230803T143434_T20LNR__S1A_IW_GRDH_1SDV_20230801T094916_20230801T094941_049680_05F959_E6F2
[done joint] All embeddings already exist in /share/castor/home/e2406749/tropical_forest_disturbance/embeddings/joint/fid_125/bef/20230823T142721_20230823T143116_T20LNR__S1A_IW_GRDH_1SDV_20230825T094918_20230825T094943_050030_0604F6_59F6
[done joint] All embeddings already exist in /share/castor/home/e2406749/tropical_forest_disturbance/embeddings/joint/fid_125/bef/20230125T142711_20230125T142709_T20LNR__S1A_IW_GRDH_1SDV_20230121T094910_20230121T094935_046880_059F24_ED7C
[done joint] All embeddings already exist in /share/castor/home/e2406749/tropical_forest_disturbance/embeddings/joint/fid_125/bef/20230420T142719_20230420T142714_T20LNR__S1A_IW_GRDH_1SDV_20230415T094911_20230415T094936_048105_05C876_50BE
[done joint] All embeddings already exist in /share/castor/home/e2406749/tropical_forest_disturbance/embeddings/joint/fid_125/bef/20230609T142719_20230609T142938_T20LNR__S1A_IW_GRDH_1SDV_20230614T094913_20230614T094938_048980_05E3E7_6485
[done joint] All embeddings already exist in /share/castor/home/e2406749/tropical_forest_disturbance/embeddings/joint/fid_125/bef/20230808T142719_20230808T143119_T20LNR__S1A_IW_GRDH_1SDV_20230813T094917_20230813T094942_049855_05FF04_E952
[done joint] All embeddings already exist in /share/castor/home/e2406749/tropical_forest_disturbance/embeddings/joint/fid_125/bef/20230515T142711_20230515T142713_T20LNR__S1A_IW_GRDH_1SDV_20230509T094912_20230509T094937_048455_05D42C_BB80
[ok joint] fid=374 bef -> 1 new .npy in /share/castor/home/e2406749/tropical_forest_disturbance/embeddings/joint/fid_374/bef/20230214T142711_20230214T143425_T20LNR__S1A_IW_GRDH_1SDV_20230214T094935_20230214T095000_047230_05AAD4_443E
[ok joint] fid=374 bef -> 1 new .npy in /share/castor/home/e2406749/tropical_forest_disturbance/embeddings/joint/fid_374/bef/20230520T142719_20230520T142902_T20LNR__S1A_IW_GRDH_1SDV_20230521T094937_20230521T095002_048630_05D957_8119
[ok joint] fid=374 bef -> 1 new .npy in /share/castor/home/e2406749/tropical_forest_disturbance/embeddings/joint/fid_374/bef/20230709T142719_20230709T142938_T20LNR__S1A_IW_GRDH_1SDV_20230708T094940_20230708T095005_049330_05EE9A_BD21
[ok joint] fid=374 bef -> 1 new .npy in /share/castor/home/e2406749/tropical_forest_disturbance/embeddings/joint/fid_374/bef/20230719T142719_20230719T142939_T20LNR__S1A_IW_GRDH_1SDV_20230720T094940_20230720T095005_049505_05F3ED_61B1
[ok joint] fid=374 bef -> 1 new .npy in /share/castor/home/e2406749/tropical_forest_disturbance/embeddings/joint/fid_374/bef/20230604T142721_20230604T142716_T20LNR__S1A_IW_GRDH_1SDV_20230602T094938_20230602T095003_048805_05DE8B_61F1
[ok joint] fid=374 bef -> 1 new .npy in /share/castor/home/e2406749/tropical_forest_disturbance/embeddings/joint/fid_374/bef/20230624T142721_20230624T142715_T20LNR__S1A_IW_GRDH_1SDV_20230626T094939_20230626T095004_049155_05E932_87DB
[ok joint] fid=374 bef -> 1 new .npy in /share/castor/home/e2406749/tropical_forest_disturbance/embeddings/joint/fid_374/bef/20230823T142721_20230823T143116_T20LNR__S1A_IW_GRDH_1SDV_20230825T094943_20230825T095008_050030_0604F6_5B1D
[ok joint] fid=374 bef -> 1 new .npy in /share/castor/home/e2406749/tropical_forest_disturbance/embeddings/joint/fid_374/bef/20230301T142709_20230301T142737_T20LNR__S1A_IW_GRDH_1SDV_20230226T094935_20230226T095000_047405_05B0D3_E8BA
[ok joint] fid=374 bef -> 1 new .npy in /share/castor/home/e2406749/tropical_forest_disturbance/embeddings/joint/fid_374/bef/20230430T142719_20230430T142714_T20LNR__S1A_IW_GRDH_1SDV_20230427T094936_20230427T095001_048280_05CE51_C3AC
[ok joint] fid=374 bef -> 1 new .npy in /share/castor/home/e2406749/tropical_forest_disturbance/embeddings/joint/fid_374/bef/20230729T142719_20230729T142718_T20LNR__S1A_IW_GRDH_1SDV_20230801T094941_20230801T095006_049680_05F959_7E64
[ok joint] fid=374 bef -> 1 new .npy in /share/castor/home/e2406749/tropical_forest_disturbance/embeddings/joint/fid_374/bef/20230125T142711_20230125T142709_T20LNR__S1A_IW_GRDH_1SDV_20230121T094935_20230121T095000_046880_059F24_7A3A
[ok joint] fid=374 bef -> 1 new .npy in /share/castor/home/e2406749/tropical_forest_disturbance/embeddings/joint/fid_374/bef/20230609T142719_20230609T142938_T20LNR__S1A_IW_GRDH_1SDV_20230614T094938_20230614T095003_048980_05E3E7_B37E
[ok joint] fid=374 bef -> 1 new .npy in /share/castor/home/e2406749/tropical_forest_disturbance/embeddings/joint/fid_374/bef/20230808T142719_20230808T143119_T20LNR__S1A_IW_GRDH_1SDV_20230813T094942_20230813T095007_049855_05FF04_F481
[ok joint] fid=374 bef -> 1 new .npy in /share/castor/home/e2406749/tropical_forest_disturbance/embeddings/joint/fid_374/bef/20230115T142711_20230115T142817_T20LNR__S1A_IW_GRDH_1SDV_20230109T094936_20230109T095001_046705_05993A_763B
[ok joint] fid=374 bef -> 1 new .npy in /share/castor/home/e2406749/tropical_forest_disturbance/embeddings/joint/fid_374/bef/20230515T142711_20230515T142713_T20LNR__S1A_IW_GRDH_1SDV_20230509T094937_20230509T095002_048455_05D42C_4A7D
[ok joint] fid=374 aft -> 1 new .npy in /share/castor/home/e2406749/tropical_forest_disturbance/embeddings/joint/fid_374/aft/20231007T142709_20231007T142929_T20LNR__S1A_IW_GRDH_1SDV_20231012T094943_20231012T095008_050730_061CE6_B0FB
[ok joint] fid=376 bef -> 2 new .npy in /share/castor/home/e2406749/tropical_forest_disturbance/embeddings/joint/fid_376/bef/20230214T142711_20230214T143425_T20LNR__S1A_IW_GRDH_1SDV_20230214T094935_20230214T095000_047230_05AAD4_443E
[ok joint] fid=376 bef -> 2 new .npy in /share/castor/home/e2406749/tropical_forest_disturbance/embeddings/joint/fid_376/bef/20230520T142719_20230520T142902_T20LNR__S1A_IW_GRDH_1SDV_20230521T094937_20230521T095002_048630_05D957_8119
[ok joint] fid=376 bef -> 2 new .npy in /share/castor/home/e2406749/tropical_forest_disturbance/embeddings/joint/fid_376/bef/20230709T142719_20230709T142938_T20LNR__S1A_IW_GRDH_1SDV_20230708T094940_20230708T095005_049330_05EE9A_BD21
[ok joint] fid=376 bef -> 2 new .npy in /share/castor/home/e2406749/tropical_forest_disturbance/embeddings/joint/fid_376/bef/20230719T142719_20230719T142939_T20LNR__S1A_IW_GRDH_1SDV_20230720T094940_20230720T095005_049505_05F3ED_61B1
[ok joint] fid=376 bef -> 2 new .npy in /share/castor/home/e2406749/tropical_forest_disturbance/embeddings/joint/fid_376/bef/20230604T142721_20230604T142716_T20LNR__S1A_IW_GRDH_1SDV_20230602T094938_20230602T095003_048805_05DE8B_61F1
[ok joint] fid=376 bef -> 2 new .npy in /share/castor/home/e2406749/tropical_forest_disturbance/embeddings/joint/fid_376/bef/20230624T142721_20230624T142715_T20LNR__S1A_IW_GRDH_1SDV_20230626T094939_20230626T095004_049155_05E932_87DB
[ok joint] fid=376 bef -> 2 new .npy in /share/castor/home/e2406749/tropical_forest_disturbance/embeddings/joint/fid_376/bef/20230803T142721_20230803T143434_T20LNR__S1A_IW_GRDH_1SDV_20230801T094941_20230801T095006_049680_05F959_7E64
[ok joint] fid=376 bef -> 2 new .npy in /share/castor/home/e2406749/tropical_forest_disturbance/embeddings/joint/fid_376/bef/20230823T142721_20230823T143116_T20LNR__S1A_IW_GRDH_1SDV_20230825T094943_20230825T095008_050030_0604F6_5B1D
[ok joint] fid=376 bef -> 2 new .npy in /share/castor/home/e2406749/tropical_forest_disturbance/embeddings/joint/fid_376/bef/20230430T142719_20230430T142714_T20LNR__S1A_IW_GRDH_1SDV_20230427T094936_20230427T095001_048280_05CE51_C3AC
[ok joint] fid=376 bef -> 2 new .npy in /share/castor/home/e2406749/tropical_forest_disturbance/embeddings/joint/fid_376/bef/20230609T142719_20230609T142938_T20LNR__S1A_IW_GRDH_1SDV_20230614T094938_20230614T095003_048980_05E3E7_B37E
[ok joint] fid=376 bef -> 2 new .npy in /share/castor/home/e2406749/tropical_forest_disturbance/embeddings/joint/fid_376/bef/20230808T142719_20230808T143119_T20LNR__S1A_IW_GRDH_1SDV_20230813T094942_20230813T095007_049855_05FF04_F481
[ok joint] fid=376 bef -> 2 new .npy in /share/castor/home/e2406749/tropical_forest_disturbance/embeddings/joint/fid_376/bef/20230515T142711_20230515T142713_T20LNR__S1A_IW_GRDH_1SDV_20230509T094937_20230509T095002_048455_05D42C_4A7D
[ok joint] fid=376 aft -> 2 new .npy in /share/castor/home/e2406749/tropical_forest_disturbance/embeddings/joint/fid_376/aft/20231007T142709_20231007T142929_T20LNR__S1A_IW_GRDH_1SDV_20231012T094943_20231012T095008_050730_061CE6_B0FB
[ok joint] fid=137 bef -> 4 new .npy in /share/castor/home/e2406749/tropical_forest_disturbance/embeddings/joint/fid_137/bef/20230214T142711_20230214T143425_T20LNR__S1A_IW_GRDH_1SDV_20230214T094935_20230214T095000_047230_05AAD4_443E
[ok joint] fid=137 bef -> 4 new .npy in /share/castor/home/e2406749/tropical_forest_disturbance/embeddings/joint/fid_137/bef/20230520T142719_20230520T142902_T20LNR__S1A_IW_GRDH_1SDV_20230521T094937_20230521T095002_048630_05D957_8119
[ok joint] fid=137 bef -> 4 new .npy in /share/castor/home/e2406749/tropical_forest_disturbance/embeddings/joint/fid_137/bef/20230709T142719_20230709T142938_T20LNR__S1A_IW_GRDH_1SDV_20230708T094940_20230708T095005_049330_05EE9A_BD21
[ok joint] fid=137 bef -> 4 new .npy in /share/castor/home/e2406749/tropical_forest_disturbance/embeddings/joint/fid_137/bef/20230719T142719_20230719T142939_T20LNR__S1A_IW_GRDH_1SDV_20230720T094940_20230720T095005_049505_05F3ED_61B1
[ok joint] fid=137 bef -> 4 new .npy in /share/castor/home/e2406749/tropical_forest_disturbance/embeddings/joint/fid_137/bef/20230604T142721_20230604T142716_T20LNR__S1A_IW_GRDH_1SDV_20230602T094938_20230602T095003_048805_05DE8B_61F1
[ok joint] fid=137 bef -> 4 new .npy in /share/castor/home/e2406749/tropical_forest_disturbance/embeddings/joint/fid_137/bef/20230624T142721_20230624T142715_T20LNR__S1A_IW_GRDH_1SDV_20230626T094939_20230626T095004_049155_05E932_87DB
[ok joint] fid=137 bef -> 4 new .npy in /share/castor/home/e2406749/tropical_forest_disturbance/embeddings/joint/fid_137/bef/20230823T142721_20230823T143116_T20LNR__S1A_IW_GRDH_1SDV_20230825T094943_20230825T095008_050030_0604F6_5B1D
[ok joint] fid=137 bef -> 4 new .npy in /share/castor/home/e2406749/tropical_forest_disturbance/embeddings/joint/fid_137/bef/20230301T142709_20230301T142737_T20LNR__S1A_IW_GRDH_1SDV_20230226T094935_20230226T095000_047405_05B0D3_E8BA
[ok joint] fid=137 bef -> 4 new .npy in /share/castor/home/e2406749/tropical_forest_disturbance/embeddings/joint/fid_137/bef/20230430T142719_20230430T142714_T20LNR__S1A_IW_GRDH_1SDV_20230427T094936_20230427T095001_048280_05CE51_C3AC
[ok joint] fid=137 bef -> 4 new .npy in /share/castor/home/e2406749/tropical_forest_disturbance/embeddings/joint/fid_137/bef/20230729T142719_20230729T142718_T20LNR__S1A_IW_GRDH_1SDV_20230801T094941_20230801T095006_049680_05F959_7E64
[ok joint] fid=137 bef -> 4 new .npy in /share/castor/home/e2406749/tropical_forest_disturbance/embeddings/joint/fid_137/bef/20230609T142719_20230609T142938_T20LNR__S1A_IW_GRDH_1SDV_20230614T094938_20230614T095003_048980_05E3E7_B37E
[ok joint] fid=137 bef -> 4 new .npy in /share/castor/home/e2406749/tropical_forest_disturbance/embeddings/joint/fid_137/bef/20230808T142719_20230808T143119_T20LNR__S1A_IW_GRDH_1SDV_20230813T094942_20230813T095007_049855_05FF04_F481
[ok joint] fid=137 bef -> 4 new .npy in /share/castor/home/e2406749/tropical_forest_disturbance/embeddings/joint/fid_137/bef/20230515T142711_20230515T142713_T20LNR__S1A_IW_GRDH_1SDV_20230509T094937_20230509T095002_048455_05D42C_4A7D
[ok joint] fid=137 evt -> 4 new .npy in /share/castor/home/e2406749/tropical_forest_disturbance/embeddings/joint/fid_137/evt/20231002T142711_20231002T143108_T20LNR__S1A_IW_GRDH_1SDV_20230930T094944_20230930T095009_050555_0616E4_8B83
[ok joint] fid=137 aft -> 4 new .npy in /share/castor/home/e2406749/tropical_forest_disturbance/embeddings/joint/fid_137/aft/20231007T142709_20231007T142929_T20LNR__S1A_IW_GRDH_1SDV_20231012T094943_20231012T095008_050730_061CE6_B0FB
[ok joint] fid=214 bef -> 2 new .npy in /share/castor/home/e2406749/tropical_forest_disturbance/embeddings/joint/fid_214/bef/20230214T142711_20230214T143425_T20LNR__S1A_IW_GRDH_1SDV_20230214T094935_20230214T095000_047230_05AAD4_443E
[ok joint] fid=214 bef -> 2 new .npy in /share/castor/home/e2406749/tropical_forest_disturbance/embeddings/joint/fid_214/bef/20230520T142719_20230520T142902_T20LNR__S1A_IW_GRDH_1SDV_20230521T094937_20230521T095002_048630_05D957_8119
[ok joint] fid=214 bef -> 2 new .npy in /share/castor/home/e2406749/tropical_forest_disturbance/embeddings/joint/fid_214/bef/20230709T142719_20230709T142938_T20LNR__S1A_IW_GRDH_1SDV_20230708T094940_20230708T095005_049330_05EE9A_BD21
[ok joint] fid=214 bef -> 2 new .npy in /share/castor/home/e2406749/tropical_forest_disturbance/embeddings/joint/fid_214/bef/20230719T142719_20230719T142939_T20LNR__S1A_IW_GRDH_1SDV_20230720T094940_20230720T095005_049505_05F3ED_61B1
[ok joint] fid=214 bef -> 2 new .npy in /share/castor/home/e2406749/tropical_forest_disturbance/embeddings/joint/fid_214/bef/20230604T142721_20230604T142716_T20LNR__S1A_IW_GRDH_1SDV_20230602T094938_20230602T095003_048805_05DE8B_61F1
[ok joint] fid=214 bef -> 2 new .npy in /share/castor/home/e2406749/tropical_forest_disturbance/embeddings/joint/fid_214/bef/20230624T142721_20230624T142715_T20LNR__S1A_IW_GRDH_1SDV_20230626T094939_20230626T095004_049155_05E932_87DB
[ok joint] fid=214 bef -> 2 new .npy in /share/castor/home/e2406749/tropical_forest_disturbance/embeddings/joint/fid_214/bef/20230823T142721_20230823T143116_T20LNR__S1A_IW_GRDH_1SDV_20230825T094943_20230825T095008_050030_0604F6_5B1D
[ok joint] fid=214 bef -> 2 new .npy in /share/castor/home/e2406749/tropical_forest_disturbance/embeddings/joint/fid_214/bef/20230301T142709_20230301T142737_T20LNR__S1A_IW_GRDH_1SDV_20230226T094935_20230226T095000_047405_05B0D3_E8BA
[ok joint] fid=214 bef -> 2 new .npy in /share/castor/home/e2406749/tropical_forest_disturbance/embeddings/joint/fid_214/bef/20230430T142719_20230430T142714_T20LNR__S1A_IW_GRDH_1SDV_20230427T094936_20230427T095001_048280_05CE51_C3AC
[ok joint] fid=214 bef -> 2 new .npy in /share/castor/home/e2406749/tropical_forest_disturbance/embeddings/joint/fid_214/bef/20230729T142719_20230729T142718_T20LNR__S1A_IW_GRDH_1SDV_20230801T094941_20230801T095006_049680_05F959_7E64
[ok joint] fid=214 bef -> 2 new .npy in /share/castor/home/e2406749/tropical_forest_disturbance/embeddings/joint/fid_214/bef/20230326T142711_20230326T142710_T20LNR__S1A_IW_GRDH_1SDV_20230322T094935_20230322T095000_047755_05BCAD_A5E4
[ok joint] fid=214 bef -> 2 new .npy in /share/castor/home/e2406749/tropical_forest_disturbance/embeddings/joint/fid_214/bef/20230609T142719_20230609T142938_T20LNR__S1A_IW_GRDH_1SDV_20230614T094938_20230614T095003_048980_05E3E7_B37E
[ok joint] fid=214 bef -> 2 new .npy in /share/castor/home/e2406749/tropical_forest_disturbance/embeddings/joint/fid_214/bef/20230808T142719_20230808T143119_T20LNR__S1A_IW_GRDH_1SDV_20230813T094942_20230813T095007_049855_05FF04_F481
[ok joint] fid=214 bef -> 2 new .npy in /share/castor/home/e2406749/tropical_forest_disturbance/embeddings/joint/fid_214/bef/20230115T142711_20230115T142817_T20LNR__S1A_IW_GRDH_1SDV_20230109T094936_20230109T095001_046705_05993A_763B
[ok joint] fid=214 bef -> 2 new .npy in /share/castor/home/e2406749/tropical_forest_disturbance/embeddings/joint/fid_214/bef/20230515T142711_20230515T142713_T20LNR__S1A_IW_GRDH_1SDV_20230509T094937_20230509T095002_048455_05D42C_4A7D
[ok joint] fid=214 bef -> 2 new .npy in /share/castor/home/e2406749/tropical_forest_disturbance/embeddings/joint/fid_214/bef/20230912T142721_20230912T143158_T20LNR__S1A_IW_GRDH_1SDV_20230906T094943_20230906T095008_050205_060AF4_E713
[ok joint] fid=214 evt -> 2 new .npy in /share/castor/home/e2406749/tropical_forest_disturbance/embeddings/joint/fid_214/evt/20231002T142711_20231002T143108_T20LNR__S1A_IW_GRDH_1SDV_20230930T094944_20230930T095009_050555_0616E4_8B83
[ok joint] fid=214 aft -> 2 new .npy in /share/castor/home/e2406749/tropical_forest_disturbance/embeddings/joint/fid_214/aft/20231007T142709_20231007T142929_T20LNR__S1A_IW_GRDH_1SDV_20231012T094943_20231012T095008_050730_061CE6_B0FB
[ok joint] fid=333 bef -> 2 new .npy in /share/castor/home/e2406749/tropical_forest_disturbance/embeddings/joint/fid_333/bef/20230214T142711_20230214T143425_T20LNR__S1A_IW_GRDH_1SDV_20230214T094935_20230214T095000_047230_05AAD4_443E
[ok joint] fid=333 bef -> 2 new .npy in /share/castor/home/e2406749/tropical_forest_disturbance/embeddings/joint/fid_333/bef/20230520T142719_20230520T142902_T20LNR__S1A_IW_GRDH_1SDV_20230521T094937_20230521T095002_048630_05D957_8119
[ok joint] fid=333 bef -> 2 new .npy in /share/castor/home/e2406749/tropical_forest_disturbance/embeddings/joint/fid_333/bef/20230709T142719_20230709T142938_T20LNR__S1A_IW_GRDH_1SDV_20230708T094940_20230708T095005_049330_05EE9A_BD21
[ok joint] fid=333 bef -> 2 new .npy in /share/castor/home/e2406749/tropical_forest_disturbance/embeddings/joint/fid_333/bef/20230719T142719_20230719T142939_T20LNR__S1A_IW_GRDH_1SDV_20230720T094940_20230720T095005_049505_05F3ED_61B1
[ok joint] fid=333 bef -> 2 new .npy in /share/castor/home/e2406749/tropical_forest_disturbance/embeddings/joint/fid_333/bef/20230604T142721_20230604T142716_T20LNR__S1A_IW_GRDH_1SDV_20230602T094938_20230602T095003_048805_05DE8B_61F1
[ok joint] fid=333 bef -> 2 new .npy in /share/castor/home/e2406749/tropical_forest_disturbance/embeddings/joint/fid_333/bef/20230624T142721_20230624T142715_T20LNR__S1A_IW_GRDH_1SDV_20230626T094939_20230626T095004_049155_05E932_87DB
[ok joint] fid=333 bef -> 2 new .npy in /share/castor/home/e2406749/tropical_forest_disturbance/embeddings/joint/fid_333/bef/20230301T142709_20230301T142737_T20LNR__S1A_IW_GRDH_1SDV_20230226T094935_20230226T095000_047405_05B0D3_E8BA
[ok joint] fid=333 bef -> 2 new .npy in /share/castor/home/e2406749/tropical_forest_disturbance/embeddings/joint/fid_333/bef/20230430T142719_20230430T142714_T20LNR__S1A_IW_GRDH_1SDV_20230427T094936_20230427T095001_048280_05CE51_C3AC
[ok joint] fid=333 bef -> 2 new .npy in /share/castor/home/e2406749/tropical_forest_disturbance/embeddings/joint/fid_333/bef/20230729T142719_20230729T142718_T20LNR__S1A_IW_GRDH_1SDV_20230801T094941_20230801T095006_049680_05F959_7E64
[ok joint] fid=333 bef -> 2 new .npy in /share/castor/home/e2406749/tropical_forest_disturbance/embeddings/joint/fid_333/bef/20230828T142719_20230828T142716_T20LNR__S1A_IW_GRDH_1SDV_20230825T094943_20230825T095008_050030_0604F6_5B1D
[ok joint] fid=333 bef -> 2 new .npy in /share/castor/home/e2406749/tropical_forest_disturbance/embeddings/joint/fid_333/bef/20230902T142721_20230902T143115_T20LNR__S1A_IW_GRDH_1SDV_20230906T094943_20230906T095008_050205_060AF4_E713
[ok joint] fid=333 bef -> 2 new .npy in /share/castor/home/e2406749/tropical_forest_disturbance/embeddings/joint/fid_333/bef/20230609T142719_20230609T142938_T20LNR__S1A_IW_GRDH_1SDV_20230614T094938_20230614T095003_048980_05E3E7_B37E
[ok joint] fid=333 bef -> 2 new .npy in /share/castor/home/e2406749/tropical_forest_disturbance/embeddings/joint/fid_333/bef/20230808T142719_20230808T143119_T20LNR__S1A_IW_GRDH_1SDV_20230813T094942_20230813T095007_049855_05FF04_F481
[ok joint] fid=333 bef -> 2 new .npy in /share/castor/home/e2406749/tropical_forest_disturbance/embeddings/joint/fid_333/bef/20230115T142711_20230115T142817_T20LNR__S1A_IW_GRDH_1SDV_20230109T094936_20230109T095001_046705_05993A_763B
[ok joint] fid=333 bef -> 2 new .npy in /share/castor/home/e2406749/tropical_forest_disturbance/embeddings/joint/fid_333/bef/20230515T142711_20230515T142713_T20LNR__S1A_IW_GRDH_1SDV_20230509T094937_20230509T095002_048455_05D42C_4A7D
[ok joint] fid=333 evt -> 2 new .npy in /share/castor/home/e2406749/tropical_forest_disturbance/embeddings/joint/fid_333/evt/20230927T142719_20230927T142849_T20LNR__S1A_IW_GRDH_1SDV_20230930T094944_20230930T095009_050555_0616E4_8B83
[ok joint] fid=333 aft -> 2 new .npy in /share/castor/home/e2406749/tropical_forest_disturbance/embeddings/joint/fid_333/aft/20231007T142709_20231007T142929_T20LNR__S1A_IW_GRDH_1SDV_20231012T094943_20231012T095008_050730_061CE6_B0FB
[ok joint] fid=351 bef -> 2 new .npy in /share/castor/home/e2406749/tropical_forest_disturbance/embeddings/joint/fid_351/bef/20230214T142711_20230214T143425_T20LNR__S1A_IW_GRDH_1SDV_20230214T094935_20230214T095000_047230_05AAD4_443E
[ok joint] fid=351 bef -> 2 new .npy in /share/castor/home/e2406749/tropical_forest_disturbance/embeddings/joint/fid_351/bef/20230520T142719_20230520T142902_T20LNR__S1A_IW_GRDH_1SDV_20230521T094937_20230521T095002_048630_05D957_8119
[ok joint] fid=351 bef -> 2 new .npy in /share/castor/home/e2406749/tropical_forest_disturbance/embeddings/joint/fid_351/bef/20230709T142719_20230709T142938_T20LNR__S1A_IW_GRDH_1SDV_20230708T094940_20230708T095005_049330_05EE9A_BD21
[ok joint] fid=351 bef -> 2 new .npy in /share/castor/home/e2406749/tropical_forest_disturbance/embeddings/joint/fid_351/bef/20230719T142719_20230719T142939_T20LNR__S1A_IW_GRDH_1SDV_20230720T094940_20230720T095005_049505_05F3ED_61B1
[ok joint] fid=351 bef -> 2 new .npy in /share/castor/home/e2406749/tropical_forest_disturbance/embeddings/joint/fid_351/bef/20230604T142721_20230604T142716_T20LNR__S1A_IW_GRDH_1SDV_20230602T094938_20230602T095003_048805_05DE8B_61F1
[ok joint] fid=351 bef -> 2 new .npy in /share/castor/home/e2406749/tropical_forest_disturbance/embeddings/joint/fid_351/bef/20230624T142721_20230624T142715_T20LNR__S1A_IW_GRDH_1SDV_20230626T094939_20230626T095004_049155_05E932_87DB
[ok joint] fid=351 bef -> 2 new .npy in /share/castor/home/e2406749/tropical_forest_disturbance/embeddings/joint/fid_351/bef/20230823T142721_20230823T143116_T20LNR__S1A_IW_GRDH_1SDV_20230825T094943_20230825T095008_050030_0604F6_5B1D
[ok joint] fid=351 bef -> 2 new .npy in /share/castor/home/e2406749/tropical_forest_disturbance/embeddings/joint/fid_351/bef/20230301T142709_20230301T142737_T20LNR__S1A_IW_GRDH_1SDV_20230226T094935_20230226T095000_047405_05B0D3_E8BA
[ok joint] fid=351 bef -> 2 new .npy in /share/castor/home/e2406749/tropical_forest_disturbance/embeddings/joint/fid_351/bef/20230430T142719_20230430T142714_T20LNR__S1A_IW_GRDH_1SDV_20230427T094936_20230427T095001_048280_05CE51_C3AC
[ok joint] fid=351 bef -> 2 new .npy in /share/castor/home/e2406749/tropical_forest_disturbance/embeddings/joint/fid_351/bef/20230729T142719_20230729T142718_T20LNR__S1A_IW_GRDH_1SDV_20230801T094941_20230801T095006_049680_05F959_7E64
[ok joint] fid=351 bef -> 2 new .npy in /share/castor/home/e2406749/tropical_forest_disturbance/embeddings/joint/fid_351/bef/20230609T142719_20230609T142938_T20LNR__S1A_IW_GRDH_1SDV_20230614T094938_20230614T095003_048980_05E3E7_B37E
[ok joint] fid=351 bef -> 2 new .npy in /share/castor/home/e2406749/tropical_forest_disturbance/embeddings/joint/fid_351/bef/20230808T142719_20230808T143119_T20LNR__S1A_IW_GRDH_1SDV_20230813T094942_20230813T095007_049855_05FF04_F481
[ok joint] fid=351 bef -> 2 new .npy in /share/castor/home/e2406749/tropical_forest_disturbance/embeddings/joint/fid_351/bef/20230515T142711_20230515T142713_T20LNR__S1A_IW_GRDH_1SDV_20230509T094937_20230509T095002_048455_05D42C_4A7D
[ok joint] fid=351 evt -> 2 new .npy in /share/castor/home/e2406749/tropical_forest_disturbance/embeddings/joint/fid_351/evt/20230927T142719_20230927T142849_T20LNR__S1A_IW_GRDH_1SDV_20230930T094944_20230930T095009_050555_0616E4_8B83
[ok joint] fid=351 aft -> 2 new .npy in /share/castor/home/e2406749/tropical_forest_disturbance/embeddings/joint/fid_351/aft/20231007T142709_20231007T142929_T20LNR__S1A_IW_GRDH_1SDV_20231012T094943_20231012T095008_050730_061CE6_B0FB
[ok joint] fid=2 bef -> 25 new .npy in /share/castor/home/e2406749/tropical_forest_disturbance/embeddings/joint/fid_2/bef/20230709T142719_20230709T142938_T20LNR__S1A_IW_GRDH_1SDV_20230708T094940_20230708T095005_049330_05EE9A_BD21
[ok joint] fid=2 bef -> 25 new .npy in /share/castor/home/e2406749/tropical_forest_disturbance/embeddings/joint/fid_2/bef/20230604T142721_20230604T142716_T20LNR__S1A_IW_GRDH_1SDV_20230602T094938_20230602T095003_048805_05DE8B_61F1
[ok joint] fid=2 bef -> 25 new .npy in /share/castor/home/e2406749/tropical_forest_disturbance/embeddings/joint/fid_2/bef/20230624T142721_20230624T142715_T20LNR__S1A_IW_GRDH_1SDV_20230626T094939_20230626T095004_049155_05E932_87DB
[ok joint] fid=2 bef -> 25 new .npy in /share/castor/home/e2406749/tropical_forest_disturbance/embeddings/joint/fid_2/bef/20230823T142721_20230823T143116_T20LNR__S1A_IW_GRDH_1SDV_20230825T094943_20230825T095008_050030_0604F6_5B1D
[ok joint] fid=2 bef -> 25 new .npy in /share/castor/home/e2406749/tropical_forest_disturbance/embeddings/joint/fid_2/bef/20230430T142719_20230430T142714_T20LNR__S1A_IW_GRDH_1SDV_20230427T094936_20230427T095001_048280_05CE51_C3AC
[ok joint] fid=2 bef -> 25 new .npy in /share/castor/home/e2406749/tropical_forest_disturbance/embeddings/joint/fid_2/bef/20230729T142719_20230729T142718_T20LNR__S1A_IW_GRDH_1SDV_20230801T094941_20230801T095006_049680_05F959_7E64
[ok joint] fid=2 bef -> 25 new .npy in /share/castor/home/e2406749/tropical_forest_disturbance/embeddings/joint/fid_2/bef/20230724T142721_20230724T142717_T20LNR__S1A_IW_GRDH_1SDV_20230720T094940_20230720T095005_049505_05F3ED_61B1
[ok joint] fid=2 bef -> 25 new .npy in /share/castor/home/e2406749/tropical_forest_disturbance/embeddings/joint/fid_2/bef/20230609T142719_20230609T142938_T20LNR__S1A_IW_GRDH_1SDV_20230614T094938_20230614T095003_048980_05E3E7_B37E
[ok joint] fid=2 bef -> 25 new .npy in /share/castor/home/e2406749/tropical_forest_disturbance/embeddings/joint/fid_2/bef/20230808T142719_20230808T143119_T20LNR__S1A_IW_GRDH_1SDV_20230813T094942_20230813T095007_049855_05FF04_F481
[ok joint] fid=2 bef -> 25 new .npy in /share/castor/home/e2406749/tropical_forest_disturbance/embeddings/joint/fid_2/bef/20230515T142711_20230515T142713_T20LNR__S1A_IW_GRDH_1SDV_20230509T094937_20230509T095002_048455_05D42C_4A7D
[ok joint] fid=2 evt -> 25 new .npy in /share/castor/home/e2406749/tropical_forest_disturbance/embeddings/joint/fid_2/evt/20231002T142711_20231002T143108_T20LNR__S1A_IW_GRDH_1SDV_20230930T094944_20230930T095009_050555_0616E4_8B83
[ok joint] fid=2 aft -> 25 new .npy in /share/castor/home/e2406749/tropical_forest_disturbance/embeddings/joint/fid_2/aft/20231007T142709_20231007T142929_T20LNR__S1A_IW_GRDH_1SDV_20231012T094943_20231012T095008_050730_061CE6_B0FB
[done joint] All embeddings already exist in /share/castor/home/e2406749/tropical_forest_disturbance/embeddings/joint/fid_3/bef/20230709T142719_20230709T142938_T20LNR__S1A_IW_GRDH_1SDV_20230708T094940_20230708T095005_049330_05EE9A_BD21
[done joint] All embeddings already exist in /share/castor/home/e2406749/tropical_forest_disturbance/embeddings/joint/fid_3/bef/20230224T142711_20230224T143045_T20LNR__S1A_IW_GRDH_1SDV_20230226T094935_20230226T095000_047405_05B0D3_E8BA
[done joint] All embeddings already exist in /share/castor/home/e2406749/tropical_forest_disturbance/embeddings/joint/fid_3/bef/20230604T142721_20230604T142716_T20LNR__S1A_IW_GRDH_1SDV_20230602T094938_20230602T095003_048805_05DE8B_61F1
[done joint] All embeddings already exist in /share/castor/home/e2406749/tropical_forest_disturbance/embeddings/joint/fid_3/bef/20230624T142721_20230624T142715_T20LNR__S1A_IW_GRDH_1SDV_20230626T094939_20230626T095004_049155_05E932_87DB
[done joint] All embeddings already exist in /share/castor/home/e2406749/tropical_forest_disturbance/embeddings/joint/fid_3/bef/20230823T142721_20230823T143116_T20LNR__S1A_IW_GRDH_1SDV_20230825T094943_20230825T095008_050030_0604F6_5B1D
[done joint] All embeddings already exist in /share/castor/home/e2406749/tropical_forest_disturbance/embeddings/joint/fid_3/bef/20230430T142719_20230430T142714_T20LNR__S1A_IW_GRDH_1SDV_20230427T094936_20230427T095001_048280_05CE51_C3AC
[done joint] All embeddings already exist in /share/castor/home/e2406749/tropical_forest_disturbance/embeddings/joint/fid_3/bef/20230729T142719_20230729T142718_T20LNR__S1A_IW_GRDH_1SDV_20230801T094941_20230801T095006_049680_05F959_7E64
[done joint] All embeddings already exist in /share/castor/home/e2406749/tropical_forest_disturbance/embeddings/joint/fid_3/bef/20230724T142721_20230724T142717_T20LNR__S1A_IW_GRDH_1SDV_20230720T094940_20230720T095005_049505_05F3ED_61B1
[done joint] All embeddings already exist in /share/castor/home/e2406749/tropical_forest_disturbance/embeddings/joint/fid_3/bef/20230609T142719_20230609T142938_T20LNR__S1A_IW_GRDH_1SDV_20230614T094938_20230614T095003_048980_05E3E7_B37E
[done joint] All embeddings already exist in /share/castor/home/e2406749/tropical_forest_disturbance/embeddings/joint/fid_3/bef/20230808T142719_20230808T143119_T20LNR__S1A_IW_GRDH_1SDV_20230813T094942_20230813T095007_049855_05FF04_F481
[done joint] All embeddings already exist in /share/castor/home/e2406749/tropical_forest_disturbance/embeddings/joint/fid_3/bef/20230115T142711_20230115T142817_T20LNR__S1A_IW_GRDH_1SDV_20230109T094936_20230109T095001_046705_05993A_763B
[done joint] All embeddings already exist in /share/castor/home/e2406749/tropical_forest_disturbance/embeddings/joint/fid_3/bef/20230515T142711_20230515T142713_T20LNR__S1A_IW_GRDH_1SDV_20230509T094937_20230509T095002_048455_05D42C_4A7D
[done joint] All embeddings already exist in /share/castor/home/e2406749/tropical_forest_disturbance/embeddings/joint/fid_3/evt/20231002T142711_20231002T143108_T20LNR__S1A_IW_GRDH_1SDV_20230930T094944_20230930T095009_050555_0616E4_8B83
[done joint] All embeddings already exist in /share/castor/home/e2406749/tropical_forest_disturbance/embeddings/joint/fid_3/aft/20231007T142709_20231007T142929_T20LNR__S1A_IW_GRDH_1SDV_20231012T094943_20231012T095008_050730_061CE6_B0FB
[ok joint] fid=4 bef -> 2 new .npy in /share/castor/home/e2406749/tropical_forest_disturbance/embeddings/joint/fid_4/bef/20230510T142719_20230510T142819_T20LNR__S1A_IW_GRDH_1SDV_20230509T094912_20230509T094937_048455_05D42C_BB80
[ok joint] fid=4 bef -> 2 new .npy in /share/castor/home/e2406749/tropical_forest_disturbance/embeddings/joint/fid_4/bef/20230520T142719_20230520T142902_T20LNR__S1A_IW_GRDH_1SDV_20230521T094912_20230521T094937_048630_05D957_8539
[ok joint] fid=4 bef -> 2 new .npy in /share/castor/home/e2406749/tropical_forest_disturbance/embeddings/joint/fid_4/bef/20230709T142719_20230709T142938_T20LNR__S1A_IW_GRDH_1SDV_20230708T094915_20230708T094940_049330_05EE9A_201B
[ok joint] fid=4 bef -> 2 new .npy in /share/castor/home/e2406749/tropical_forest_disturbance/embeddings/joint/fid_4/bef/20230604T142721_20230604T142716_T20LNR__S1A_IW_GRDH_1SDV_20230602T094913_20230602T094938_048805_05DE8B_7193
[ok joint] fid=4 bef -> 2 new .npy in /share/castor/home/e2406749/tropical_forest_disturbance/embeddings/joint/fid_4/bef/20230624T142721_20230624T142715_T20LNR__S1A_IW_GRDH_1SDV_20230626T094914_20230626T094939_049155_05E932_8E24
[ok joint] fid=4 bef -> 2 new .npy in /share/castor/home/e2406749/tropical_forest_disturbance/embeddings/joint/fid_4/bef/20230803T142721_20230803T143434_T20LNR__S1A_IW_GRDH_1SDV_20230801T094916_20230801T094941_049680_05F959_E6F2
[ok joint] fid=4 bef -> 2 new .npy in /share/castor/home/e2406749/tropical_forest_disturbance/embeddings/joint/fid_4/bef/20230823T142721_20230823T143116_T20LNR__S1A_IW_GRDH_1SDV_20230825T094918_20230825T094943_050030_0604F6_59F6
[ok joint] fid=4 bef -> 2 new .npy in /share/castor/home/e2406749/tropical_forest_disturbance/embeddings/joint/fid_4/bef/20230724T142721_20230724T142717_T20LNR__S1A_IW_GRDH_1SDV_20230720T094915_20230720T094940_049505_05F3ED_2372
[ok joint] fid=4 bef -> 2 new .npy in /share/castor/home/e2406749/tropical_forest_disturbance/embeddings/joint/fid_4/bef/20230420T142719_20230420T142714_T20LNR__S1A_IW_GRDH_1SDV_20230415T094911_20230415T094936_048105_05C876_50BE
[ok joint] fid=4 bef -> 2 new .npy in /share/castor/home/e2406749/tropical_forest_disturbance/embeddings/joint/fid_4/bef/20230609T142719_20230609T142938_T20LNR__S1A_IW_GRDH_1SDV_20230614T094913_20230614T094938_048980_05E3E7_6485
[ok joint] fid=4 bef -> 2 new .npy in /share/castor/home/e2406749/tropical_forest_disturbance/embeddings/joint/fid_4/bef/20230808T142719_20230808T143119_T20LNR__S1A_IW_GRDH_1SDV_20230813T094917_20230813T094942_049855_05FF04_E952
[ok joint] fid=4 aft -> 2 new .npy in /share/castor/home/e2406749/tropical_forest_disturbance/embeddings/joint/fid_4/aft/20231012T142711_20231012T143437_T20LNR__S1A_IW_GRDH_1SDV_20231012T094918_20231012T094943_050730_061CE6_51C0
[ok joint] fid=5 bef -> 2 new .npy in /share/castor/home/e2406749/tropical_forest_disturbance/embeddings/joint/fid_5/bef/20230520T142719_20230520T142902_T20LNR__S1A_IW_GRDH_1SDV_20230521T094912_20230521T094937_048630_05D957_8539
[ok joint] fid=5 bef -> 2 new .npy in /share/castor/home/e2406749/tropical_forest_disturbance/embeddings/joint/fid_5/bef/20230709T142719_20230709T142938_T20LNR__S1A_IW_GRDH_1SDV_20230708T094915_20230708T094940_049330_05EE9A_201B
[ok joint] fid=5 bef -> 2 new .npy in /share/castor/home/e2406749/tropical_forest_disturbance/embeddings/joint/fid_5/bef/20230719T142719_20230719T142939_T20LNR__S1A_IW_GRDH_1SDV_20230720T094915_20230720T094940_049505_05F3ED_2372
[ok joint] fid=5 bef -> 2 new .npy in /share/castor/home/e2406749/tropical_forest_disturbance/embeddings/joint/fid_5/bef/20230604T142721_20230604T142716_T20LNR__S1A_IW_GRDH_1SDV_20230602T094913_20230602T094938_048805_05DE8B_7193
[ok joint] fid=5 bef -> 2 new .npy in /share/castor/home/e2406749/tropical_forest_disturbance/embeddings/joint/fid_5/bef/20230624T142721_20230624T142715_T20LNR__S1A_IW_GRDH_1SDV_20230626T094914_20230626T094939_049155_05E932_8E24
[ok joint] fid=5 bef -> 2 new .npy in /share/castor/home/e2406749/tropical_forest_disturbance/embeddings/joint/fid_5/bef/20230803T142721_20230803T143434_T20LNR__S1A_IW_GRDH_1SDV_20230801T094916_20230801T094941_049680_05F959_E6F2
[ok joint] fid=5 bef -> 2 new .npy in /share/castor/home/e2406749/tropical_forest_disturbance/embeddings/joint/fid_5/bef/20230823T142721_20230823T143116_T20LNR__S1A_IW_GRDH_1SDV_20230825T094918_20230825T094943_050030_0604F6_59F6
[ok joint] fid=5 bef -> 2 new .npy in /share/castor/home/e2406749/tropical_forest_disturbance/embeddings/joint/fid_5/bef/20230326T142711_20230326T142710_T20LNR__S1A_IW_GRDH_1SDV_20230322T094910_20230322T094935_047755_05BCAD_F524
[ok joint] fid=5 bef -> 2 new .npy in /share/castor/home/e2406749/tropical_forest_disturbance/embeddings/joint/fid_5/bef/20230609T142719_20230609T142938_T20LNR__S1A_IW_GRDH_1SDV_20230614T094913_20230614T094938_048980_05E3E7_6485
[ok joint] fid=5 bef -> 2 new .npy in /share/castor/home/e2406749/tropical_forest_disturbance/embeddings/joint/fid_5/bef/20230808T142719_20230808T143119_T20LNR__S1A_IW_GRDH_1SDV_20230813T094917_20230813T094942_049855_05FF04_E952
[ok joint] fid=5 bef -> 2 new .npy in /share/castor/home/e2406749/tropical_forest_disturbance/embeddings/joint/fid_5/bef/20230515T142711_20230515T142713_T20LNR__S1A_IW_GRDH_1SDV_20230509T094912_20230509T094937_048455_05D42C_BB80
[ok joint] fid=5 bef -> 2 new .npy in /share/castor/home/e2406749/tropical_forest_disturbance/embeddings/joint/fid_5/bef/20230912T142721_20230912T143158_T20LNR__S1A_IW_GRDH_1SDV_20230906T094918_20230906T094943_050205_060AF4_C05C
[ok joint] fid=5 aft -> 2 new .npy in /share/castor/home/e2406749/tropical_forest_disturbance/embeddings/joint/fid_5/aft/20231012T142711_20231012T143437_T20LNR__S1A_IW_GRDH_1SDV_20231012T094918_20231012T094943_050730_061CE6_51C0
[ok joint] fid=8 bef -> 2 new .npy in /share/castor/home/e2406749/tropical_forest_disturbance/embeddings/joint/fid_8/bef/20230520T142719_20230520T142902_T20LNR__S1A_IW_GRDH_1SDV_20230521T094912_20230521T094937_048630_05D957_8539
[ok joint] fid=8 bef -> 2 new .npy in /share/castor/home/e2406749/tropical_forest_disturbance/embeddings/joint/fid_8/bef/20230709T142719_20230709T142938_T20LNR__S1A_IW_GRDH_1SDV_20230708T094915_20230708T094940_049330_05EE9A_201B
[ok joint] fid=8 bef -> 2 new .npy in /share/castor/home/e2406749/tropical_forest_disturbance/embeddings/joint/fid_8/bef/20230719T142719_20230719T142939_T20LNR__S1A_IW_GRDH_1SDV_20230720T094915_20230720T094940_049505_05F3ED_2372
[ok joint] fid=8 bef -> 2 new .npy in /share/castor/home/e2406749/tropical_forest_disturbance/embeddings/joint/fid_8/bef/20230624T142721_20230624T142715_T20LNR__S1A_IW_GRDH_1SDV_20230626T094914_20230626T094939_049155_05E932_8E24
[ok joint] fid=8 bef -> 2 new .npy in /share/castor/home/e2406749/tropical_forest_disturbance/embeddings/joint/fid_8/bef/20230803T142721_20230803T143434_T20LNR__S1A_IW_GRDH_1SDV_20230801T094916_20230801T094941_049680_05F959_E6F2
[ok joint] fid=8 bef -> 2 new .npy in /share/castor/home/e2406749/tropical_forest_disturbance/embeddings/joint/fid_8/bef/20230823T142721_20230823T143116_T20LNR__S1A_IW_GRDH_1SDV_20230825T094918_20230825T094943_050030_0604F6_59F6
[ok joint] fid=8 bef -> 2 new .npy in /share/castor/home/e2406749/tropical_forest_disturbance/embeddings/joint/fid_8/bef/20230609T142719_20230609T142938_T20LNR__S1A_IW_GRDH_1SDV_20230614T094913_20230614T094938_048980_05E3E7_6485
[ok joint] fid=8 bef -> 2 new .npy in /share/castor/home/e2406749/tropical_forest_disturbance/embeddings/joint/fid_8/bef/20230808T142719_20230808T143119_T20LNR__S1A_IW_GRDH_1SDV_20230813T094917_20230813T094942_049855_05FF04_E952
[ok joint] fid=8 bef -> 2 new .npy in /share/castor/home/e2406749/tropical_forest_disturbance/embeddings/joint/fid_8/bef/20230515T142711_20230515T142713_T20LNR__S1A_IW_GRDH_1SDV_20230509T094912_20230509T094937_048455_05D42C_BB80
[ok joint] fid=8 bef -> 2 new .npy in /share/castor/home/e2406749/tropical_forest_disturbance/embeddings/joint/fid_8/bef/20230912T142721_20230912T143158_T20LNR__S1A_IW_GRDH_1SDV_20230906T094918_20230906T094943_050205_060AF4_C05C
[ok joint] fid=8 aft -> 2 new .npy in /share/castor/home/e2406749/tropical_forest_disturbance/embeddings/joint/fid_8/aft/20231012T142711_20231012T143437_T20LNR__S1A_IW_GRDH_1SDV_20231012T094918_20231012T094943_050730_061CE6_51C0
[done joint] All embeddings already exist in /share/castor/home/e2406749/tropical_forest_disturbance/embeddings/joint/fid_354/bef/20230214T142711_20230214T143425_T20LNR__S1A_IW_GRDH_1SDV_20230214T094910_20230214T094935_047230_05AAD4_E27D
[done joint] All embeddings already exist in /share/castor/home/e2406749/tropical_forest_disturbance/embeddings/joint/fid_354/bef/20230709T142719_20230709T142938_T20LNR__S1A_IW_GRDH_1SDV_20230708T094915_20230708T094940_049330_05EE9A_201B
[done joint] All embeddings already exist in /share/castor/home/e2406749/tropical_forest_disturbance/embeddings/joint/fid_354/bef/20230604T142721_20230604T142716_T20LNR__S1A_IW_GRDH_1SDV_20230602T094913_20230602T094938_048805_05DE8B_7193
[done joint] All embeddings already exist in /share/castor/home/e2406749/tropical_forest_disturbance/embeddings/joint/fid_354/bef/20230624T142721_20230624T142715_T20LNR__S1A_IW_GRDH_1SDV_20230626T094914_20230626T094939_049155_05E932_8E24
[done joint] All embeddings already exist in /share/castor/home/e2406749/tropical_forest_disturbance/embeddings/joint/fid_354/bef/20230803T142721_20230803T143434_T20LNR__S1A_IW_GRDH_1SDV_20230801T094916_20230801T094941_049680_05F959_E6F2
[done joint] All embeddings already exist in /share/castor/home/e2406749/tropical_forest_disturbance/embeddings/joint/fid_354/bef/20230823T142721_20230823T143116_T20LNR__S1A_IW_GRDH_1SDV_20230825T094918_20230825T094943_050030_0604F6_59F6
[done joint] All embeddings already exist in /share/castor/home/e2406749/tropical_forest_disturbance/embeddings/joint/fid_354/bef/20230326T142711_20230326T142710_T20LNR__S1A_IW_GRDH_1SDV_20230322T094910_20230322T094935_047755_05BCAD_F524
[done joint] All embeddings already exist in /share/castor/home/e2406749/tropical_forest_disturbance/embeddings/joint/fid_354/bef/20230724T142721_20230724T142717_T20LNR__S1A_IW_GRDH_1SDV_20230720T094915_20230720T094940_049505_05F3ED_2372
[done joint] All embeddings already exist in /share/castor/home/e2406749/tropical_forest_disturbance/embeddings/joint/fid_354/bef/20230420T142719_20230420T142714_T20LNR__S1A_IW_GRDH_1SDV_20230415T094911_20230415T094936_048105_05C876_50BE
[done joint] All embeddings already exist in /share/castor/home/e2406749/tropical_forest_disturbance/embeddings/joint/fid_354/bef/20230609T142719_20230609T142938_T20LNR__S1A_IW_GRDH_1SDV_20230614T094913_20230614T094938_048980_05E3E7_6485
[done joint] All embeddings already exist in /share/castor/home/e2406749/tropical_forest_disturbance/embeddings/joint/fid_354/bef/20230808T142719_20230808T143119_T20LNR__S1A_IW_GRDH_1SDV_20230813T094917_20230813T094942_049855_05FF04_E952
[done joint] All embeddings already exist in /share/castor/home/e2406749/tropical_forest_disturbance/embeddings/joint/fid_354/bef/20230515T142711_20230515T142713_T20LNR__S1A_IW_GRDH_1SDV_20230509T094912_20230509T094937_048455_05D42C_BB80
[done joint] All embeddings already exist in /share/castor/home/e2406749/tropical_forest_disturbance/embeddings/joint/fid_354/bef/20230912T142721_20230912T143158_T20LNR__S1A_IW_GRDH_1SDV_20230906T094918_20230906T094943_050205_060AF4_C05C
[done joint] All embeddings already exist in /share/castor/home/e2406749/tropical_forest_disturbance/embeddings/joint/fid_354/evt/20231002T142711_20231002T143108_T20LNR__S1A_IW_GRDH_1SDV_20230930T094919_20230930T094944_050555_0616E4_C554
[done joint] All embeddings already exist in /share/castor/home/e2406749/tropical_forest_disturbance/embeddings/joint/fid_354/aft/20231012T142711_20231012T143437_T20LNR__S1A_IW_GRDH_1SDV_20231012T094918_20231012T094943_050730_061CE6_51C0
[done joint] All embeddings already exist in /share/castor/home/e2406749/tropical_forest_disturbance/embeddings/joint/fid_13/bef/20230520T142719_20230520T142902_T20LNR__S1A_IW_GRDH_1SDV_20230521T094912_20230521T094937_048630_05D957_8539
[done joint] All embeddings already exist in /share/castor/home/e2406749/tropical_forest_disturbance/embeddings/joint/fid_13/bef/20230709T142719_20230709T142938_T20LNR__S1A_IW_GRDH_1SDV_20230708T094915_20230708T094940_049330_05EE9A_201B
[done joint] All embeddings already exist in /share/castor/home/e2406749/tropical_forest_disturbance/embeddings/joint/fid_13/bef/20230719T142719_20230719T142939_T20LNR__S1A_IW_GRDH_1SDV_20230720T094915_20230720T094940_049505_05F3ED_2372
[done joint] All embeddings already exist in /share/castor/home/e2406749/tropical_forest_disturbance/embeddings/joint/fid_13/bef/20230604T142721_20230604T142716_T20LNR__S1A_IW_GRDH_1SDV_20230602T094913_20230602T094938_048805_05DE8B_7193
[done joint] All embeddings already exist in /share/castor/home/e2406749/tropical_forest_disturbance/embeddings/joint/fid_13/bef/20230624T142721_20230624T142715_T20LNR__S1A_IW_GRDH_1SDV_20230626T094914_20230626T094939_049155_05E932_8E24
[done joint] All embeddings already exist in /share/castor/home/e2406749/tropical_forest_disturbance/embeddings/joint/fid_13/bef/20230803T142721_20230803T143434_T20LNR__S1A_IW_GRDH_1SDV_20230801T094916_20230801T094941_049680_05F959_E6F2
[done joint] All embeddings already exist in /share/castor/home/e2406749/tropical_forest_disturbance/embeddings/joint/fid_13/bef/20230823T142721_20230823T143116_T20LNR__S1A_IW_GRDH_1SDV_20230825T094918_20230825T094943_050030_0604F6_59F6
[done joint] All embeddings already exist in /share/castor/home/e2406749/tropical_forest_disturbance/embeddings/joint/fid_13/bef/20230326T142711_20230326T142710_T20LNR__S1A_IW_GRDH_1SDV_20230322T094910_20230322T094935_047755_05BCAD_F524
[done joint] All embeddings already exist in /share/castor/home/e2406749/tropical_forest_disturbance/embeddings/joint/fid_13/bef/20230609T142719_20230609T142938_T20LNR__S1A_IW_GRDH_1SDV_20230614T094913_20230614T094938_048980_05E3E7_6485
[done joint] All embeddings already exist in /share/castor/home/e2406749/tropical_forest_disturbance/embeddings/joint/fid_13/bef/20230808T142719_20230808T143119_T20LNR__S1A_IW_GRDH_1SDV_20230813T094917_20230813T094942_049855_05FF04_E952
[done joint] All embeddings already exist in /share/castor/home/e2406749/tropical_forest_disturbance/embeddings/joint/fid_13/bef/20230515T142711_20230515T142713_T20LNR__S1A_IW_GRDH_1SDV_20230509T094912_20230509T094937_048455_05D42C_BB80
[done joint] All embeddings already exist in /share/castor/home/e2406749/tropical_forest_disturbance/embeddings/joint/fid_13/bef/20230912T142721_20230912T143158_T20LNR__S1A_IW_GRDH_1SDV_20230906T094918_20230906T094943_050205_060AF4_C05C
[done joint] All embeddings already exist in /share/castor/home/e2406749/tropical_forest_disturbance/embeddings/joint/fid_13/aft/20231012T142711_20231012T143437_T20LNR__S1A_IW_GRDH_1SDV_20231012T094918_20231012T094943_050730_061CE6_51C0
[ok joint] fid=28 bef -> 4 new .npy in /share/castor/home/e2406749/tropical_forest_disturbance/embeddings/joint/fid_28/bef/20230709T142719_20230709T142938_T20LNR__S1A_IW_GRDH_1SDV_20230708T094940_20230708T095005_049330_05EE9A_BD21
[ok joint] fid=28 bef -> 4 new .npy in /share/castor/home/e2406749/tropical_forest_disturbance/embeddings/joint/fid_28/bef/20230719T142719_20230719T142939_T20LNR__S1A_IW_GRDH_1SDV_20230720T094940_20230720T095005_049505_05F3ED_61B1
[ok joint] fid=28 bef -> 4 new .npy in /share/castor/home/e2406749/tropical_forest_disturbance/embeddings/joint/fid_28/bef/20230604T142721_20230604T142716_T20LNR__S1A_IW_GRDH_1SDV_20230602T094938_20230602T095003_048805_05DE8B_61F1
[ok joint] fid=28 bef -> 4 new .npy in /share/castor/home/e2406749/tropical_forest_disturbance/embeddings/joint/fid_28/bef/20230624T142721_20230624T142715_T20LNR__S1A_IW_GRDH_1SDV_20230626T094939_20230626T095004_049155_05E932_87DB
[ok joint] fid=28 bef -> 4 new .npy in /share/castor/home/e2406749/tropical_forest_disturbance/embeddings/joint/fid_28/bef/20230823T142721_20230823T143116_T20LNR__S1A_IW_GRDH_1SDV_20230825T094943_20230825T095008_050030_0604F6_5B1D
[ok joint] fid=28 bef -> 4 new .npy in /share/castor/home/e2406749/tropical_forest_disturbance/embeddings/joint/fid_28/bef/20231002T142711_20231002T143108_T20LNR__S1A_IW_GRDH_1SDV_20230930T094944_20230930T095009_050555_0616E4_8B83
[ok joint] fid=28 bef -> 4 new .npy in /share/castor/home/e2406749/tropical_forest_disturbance/embeddings/joint/fid_28/bef/20230301T142709_20230301T142737_T20LNR__S1A_IW_GRDH_1SDV_20230226T094935_20230226T095000_047405_05B0D3_E8BA
[ok joint] fid=28 bef -> 4 new .npy in /share/castor/home/e2406749/tropical_forest_disturbance/embeddings/joint/fid_28/bef/20230430T142719_20230430T142714_T20LNR__S1A_IW_GRDH_1SDV_20230427T094936_20230427T095001_048280_05CE51_C3AC
[ok joint] fid=28 bef -> 4 new .npy in /share/castor/home/e2406749/tropical_forest_disturbance/embeddings/joint/fid_28/bef/20230729T142719_20230729T142718_T20LNR__S1A_IW_GRDH_1SDV_20230801T094941_20230801T095006_049680_05F959_7E64
[ok joint] fid=28 bef -> 4 new .npy in /share/castor/home/e2406749/tropical_forest_disturbance/embeddings/joint/fid_28/bef/20230609T142719_20230609T142938_T20LNR__S1A_IW_GRDH_1SDV_20230614T094938_20230614T095003_048980_05E3E7_B37E
[ok joint] fid=28 bef -> 4 new .npy in /share/castor/home/e2406749/tropical_forest_disturbance/embeddings/joint/fid_28/bef/20230808T142719_20230808T143119_T20LNR__S1A_IW_GRDH_1SDV_20230813T094942_20230813T095007_049855_05FF04_F481
[ok joint] fid=28 bef -> 4 new .npy in /share/castor/home/e2406749/tropical_forest_disturbance/embeddings/joint/fid_28/bef/20230515T142711_20230515T142713_T20LNR__S1A_IW_GRDH_1SDV_20230509T094937_20230509T095002_048455_05D42C_4A7D
[ok joint] fid=28 aft -> 4 new .npy in /share/castor/home/e2406749/tropical_forest_disturbance/embeddings/joint/fid_28/aft/20231111T142711_20231111T142711_T20LNR__S1A_IW_GRDH_1SDV_20231105T094944_20231105T095009_051080_0628DA_EC5A
[done joint] All embeddings already exist in /share/castor/home/e2406749/tropical_forest_disturbance/embeddings/joint/fid_29/bef/20230214T142711_20230214T143425_T20LNR__S1A_IW_GRDH_1SDV_20230214T094935_20230214T095000_047230_05AAD4_443E
[done joint] All embeddings already exist in /share/castor/home/e2406749/tropical_forest_disturbance/embeddings/joint/fid_29/bef/20230709T142719_20230709T142938_T20LNR__S1A_IW_GRDH_1SDV_20230708T094940_20230708T095005_049330_05EE9A_BD21
[done joint] All embeddings already exist in /share/castor/home/e2406749/tropical_forest_disturbance/embeddings/joint/fid_29/bef/20230719T142719_20230719T142939_T20LNR__S1A_IW_GRDH_1SDV_20230720T094940_20230720T095005_049505_05F3ED_61B1
[done joint] All embeddings already exist in /share/castor/home/e2406749/tropical_forest_disturbance/embeddings/joint/fid_29/bef/20230604T142721_20230604T142716_T20LNR__S1A_IW_GRDH_1SDV_20230602T094938_20230602T095003_048805_05DE8B_61F1
[done joint] All embeddings already exist in /share/castor/home/e2406749/tropical_forest_disturbance/embeddings/joint/fid_29/bef/20230624T142721_20230624T142715_T20LNR__S1A_IW_GRDH_1SDV_20230626T094939_20230626T095004_049155_05E932_87DB
[done joint] All embeddings already exist in /share/castor/home/e2406749/tropical_forest_disturbance/embeddings/joint/fid_29/bef/20230823T142721_20230823T143116_T20LNR__S1A_IW_GRDH_1SDV_20230825T094943_20230825T095008_050030_0604F6_5B1D
[done joint] All embeddings already exist in /share/castor/home/e2406749/tropical_forest_disturbance/embeddings/joint/fid_29/bef/20231002T142711_20231002T143108_T20LNR__S1A_IW_GRDH_1SDV_20230930T094944_20230930T095009_050555_0616E4_8B83
[done joint] All embeddings already exist in /share/castor/home/e2406749/tropical_forest_disturbance/embeddings/joint/fid_29/bef/20230430T142719_20230430T142714_T20LNR__S1A_IW_GRDH_1SDV_20230427T094936_20230427T095001_048280_05CE51_C3AC
[done joint] All embeddings already exist in /share/castor/home/e2406749/tropical_forest_disturbance/embeddings/joint/fid_29/bef/20230729T142719_20230729T142718_T20LNR__S1A_IW_GRDH_1SDV_20230801T094941_20230801T095006_049680_05F959_7E64
[done joint] All embeddings already exist in /share/castor/home/e2406749/tropical_forest_disturbance/embeddings/joint/fid_29/bef/20230609T142719_20230609T142938_T20LNR__S1A_IW_GRDH_1SDV_20230614T094938_20230614T095003_048980_05E3E7_B37E
[done joint] All embeddings already exist in /share/castor/home/e2406749/tropical_forest_disturbance/embeddings/joint/fid_29/bef/20230818T142719_20230818T143227_T20LNR__S1A_IW_GRDH_1SDV_20230813T094942_20230813T095007_049855_05FF04_F481
[done joint] All embeddings already exist in /share/castor/home/e2406749/tropical_forest_disturbance/embeddings/joint/fid_29/bef/20230515T142711_20230515T142713_T20LNR__S1A_IW_GRDH_1SDV_20230509T094937_20230509T095002_048455_05D42C_4A7D
[done joint] All embeddings already exist in /share/castor/home/e2406749/tropical_forest_disturbance/embeddings/joint/fid_29/aft/20231111T142711_20231111T142711_T20LNR__S1A_IW_GRDH_1SDV_20231105T094944_20231105T095009_051080_0628DA_EC5A
[ok joint] fid=62 bef -> 13 new .npy in /share/castor/home/e2406749/tropical_forest_disturbance/embeddings/joint/fid_62/bef/20230214T142711_20230214T143425_T20LNR__S1A_IW_GRDH_1SDV_20230214T094935_20230214T095000_047230_05AAD4_443E
[ok joint] fid=62 bef -> 13 new .npy in /share/castor/home/e2406749/tropical_forest_disturbance/embeddings/joint/fid_62/bef/20230709T142719_20230709T142938_T20LNR__S1A_IW_GRDH_1SDV_20230708T094940_20230708T095005_049330_05EE9A_BD21
[ok joint] fid=62 bef -> 13 new .npy in /share/castor/home/e2406749/tropical_forest_disturbance/embeddings/joint/fid_62/bef/20230719T142719_20230719T142939_T20LNR__S1A_IW_GRDH_1SDV_20230720T094940_20230720T095005_049505_05F3ED_61B1
[ok joint] fid=62 bef -> 13 new .npy in /share/castor/home/e2406749/tropical_forest_disturbance/embeddings/joint/fid_62/bef/20230604T142721_20230604T142716_T20LNR__S1A_IW_GRDH_1SDV_20230602T094938_20230602T095003_048805_05DE8B_61F1
[ok joint] fid=62 bef -> 13 new .npy in /share/castor/home/e2406749/tropical_forest_disturbance/embeddings/joint/fid_62/bef/20230624T142721_20230624T142715_T20LNR__S1A_IW_GRDH_1SDV_20230626T094939_20230626T095004_049155_05E932_87DB
[ok joint] fid=62 bef -> 13 new .npy in /share/castor/home/e2406749/tropical_forest_disturbance/embeddings/joint/fid_62/bef/20230823T142721_20230823T143116_T20LNR__S1A_IW_GRDH_1SDV_20230825T094943_20230825T095008_050030_0604F6_5B1D
[ok joint] fid=62 bef -> 13 new .npy in /share/castor/home/e2406749/tropical_forest_disturbance/embeddings/joint/fid_62/bef/20231002T142711_20231002T143108_T20LNR__S1A_IW_GRDH_1SDV_20230930T094944_20230930T095009_050555_0616E4_8B83
[ok joint] fid=62 bef -> 13 new .npy in /share/castor/home/e2406749/tropical_forest_disturbance/embeddings/joint/fid_62/bef/20230430T142719_20230430T142714_T20LNR__S1A_IW_GRDH_1SDV_20230427T094936_20230427T095001_048280_05CE51_C3AC
[ok joint] fid=62 bef -> 13 new .npy in /share/castor/home/e2406749/tropical_forest_disturbance/embeddings/joint/fid_62/bef/20230729T142719_20230729T142718_T20LNR__S1A_IW_GRDH_1SDV_20230801T094941_20230801T095006_049680_05F959_7E64
[ok joint] fid=62 bef -> 13 new .npy in /share/castor/home/e2406749/tropical_forest_disturbance/embeddings/joint/fid_62/bef/20230609T142719_20230609T142938_T20LNR__S1A_IW_GRDH_1SDV_20230614T094938_20230614T095003_048980_05E3E7_B37E
[ok joint] fid=62 bef -> 13 new .npy in /share/castor/home/e2406749/tropical_forest_disturbance/embeddings/joint/fid_62/bef/20230818T142719_20230818T143227_T20LNR__S1A_IW_GRDH_1SDV_20230813T094942_20230813T095007_049855_05FF04_F481
[ok joint] fid=62 bef -> 13 new .npy in /share/castor/home/e2406749/tropical_forest_disturbance/embeddings/joint/fid_62/bef/20230515T142711_20230515T142713_T20LNR__S1A_IW_GRDH_1SDV_20230509T094937_20230509T095002_048455_05D42C_4A7D
[ok joint] fid=62 aft -> 13 new .npy in /share/castor/home/e2406749/tropical_forest_disturbance/embeddings/joint/fid_62/aft/20231111T142711_20231111T142711_T20LNR__S1A_IW_GRDH_1SDV_20231105T094944_20231105T095009_051080_0628DA_EC5A
[ok joint] fid=39 bef -> 2 new .npy in /share/castor/home/e2406749/tropical_forest_disturbance/embeddings/joint/fid_39/bef/20231012T142711_20231012T143437_T20LNR__S1A_IW_GRDH_1SDV_20231012T094943_20231012T095008_050730_061CE6_B0FB
[ok joint] fid=39 bef -> 2 new .npy in /share/castor/home/e2406749/tropical_forest_disturbance/embeddings/joint/fid_39/bef/20230520T142719_20230520T142902_T20LNR__S1A_IW_GRDH_1SDV_20230521T094937_20230521T095002_048630_05D957_8119
[ok joint] fid=39 bef -> 2 new .npy in /share/castor/home/e2406749/tropical_forest_disturbance/embeddings/joint/fid_39/bef/20230709T142719_20230709T142938_T20LNR__S1A_IW_GRDH_1SDV_20230708T094940_20230708T095005_049330_05EE9A_BD21
[ok joint] fid=39 bef -> 2 new .npy in /share/castor/home/e2406749/tropical_forest_disturbance/embeddings/joint/fid_39/bef/20230719T142719_20230719T142939_T20LNR__S1A_IW_GRDH_1SDV_20230720T094940_20230720T095005_049505_05F3ED_61B1
[ok joint] fid=39 bef -> 2 new .npy in /share/castor/home/e2406749/tropical_forest_disturbance/embeddings/joint/fid_39/bef/20230604T142721_20230604T142716_T20LNR__S1A_IW_GRDH_1SDV_20230602T094938_20230602T095003_048805_05DE8B_61F1
[ok joint] fid=39 bef -> 2 new .npy in /share/castor/home/e2406749/tropical_forest_disturbance/embeddings/joint/fid_39/bef/20230624T142721_20230624T142715_T20LNR__S1A_IW_GRDH_1SDV_20230626T094939_20230626T095004_049155_05E932_87DB
[ok joint] fid=39 bef -> 2 new .npy in /share/castor/home/e2406749/tropical_forest_disturbance/embeddings/joint/fid_39/bef/20230803T142721_20230803T143434_T20LNR__S1A_IW_GRDH_1SDV_20230801T094941_20230801T095006_049680_05F959_7E64
[ok joint] fid=39 bef -> 2 new .npy in /share/castor/home/e2406749/tropical_forest_disturbance/embeddings/joint/fid_39/bef/20230823T142721_20230823T143116_T20LNR__S1A_IW_GRDH_1SDV_20230825T094943_20230825T095008_050030_0604F6_5B1D
[ok joint] fid=39 bef -> 2 new .npy in /share/castor/home/e2406749/tropical_forest_disturbance/embeddings/joint/fid_39/bef/20231002T142711_20231002T143108_T20LNR__S1A_IW_GRDH_1SDV_20230930T094944_20230930T095009_050555_0616E4_8B83
[ok joint] fid=39 bef -> 2 new .npy in /share/castor/home/e2406749/tropical_forest_disturbance/embeddings/joint/fid_39/bef/20230301T142709_20230301T142737_T20LNR__S1A_IW_GRDH_1SDV_20230226T094935_20230226T095000_047405_05B0D3_E8BA
[ok joint] fid=39 bef -> 2 new .npy in /share/castor/home/e2406749/tropical_forest_disturbance/embeddings/joint/fid_39/bef/20230430T142719_20230430T142714_T20LNR__S1A_IW_GRDH_1SDV_20230427T094936_20230427T095001_048280_05CE51_C3AC
[ok joint] fid=39 bef -> 2 new .npy in /share/castor/home/e2406749/tropical_forest_disturbance/embeddings/joint/fid_39/bef/20230609T142719_20230609T142938_T20LNR__S1A_IW_GRDH_1SDV_20230614T094938_20230614T095003_048980_05E3E7_B37E
[ok joint] fid=39 bef -> 2 new .npy in /share/castor/home/e2406749/tropical_forest_disturbance/embeddings/joint/fid_39/bef/20230808T142719_20230808T143119_T20LNR__S1A_IW_GRDH_1SDV_20230813T094942_20230813T095007_049855_05FF04_F481
[ok joint] fid=39 bef -> 2 new .npy in /share/castor/home/e2406749/tropical_forest_disturbance/embeddings/joint/fid_39/bef/20230115T142711_20230115T142817_T20LNR__S1A_IW_GRDH_1SDV_20230109T094936_20230109T095001_046705_05993A_763B
[ok joint] fid=39 evt -> 2 new .npy in /share/castor/home/e2406749/tropical_forest_disturbance/embeddings/joint/fid_39/evt/20231111T142711_20231111T142711_T20LNR__S1A_IW_GRDH_1SDV_20231105T094944_20231105T095009_051080_0628DA_EC5A
[ok joint] fid=39 aft -> 2 new .npy in /share/castor/home/e2406749/tropical_forest_disturbance/embeddings/joint/fid_39/aft/20231116T142709_20231116T143044_T20LNR__S1A_IW_GRDH_1SDV_20231117T094943_20231117T095008_051255_062EE9_3725
[ok joint] fid=360 bef -> 2 new .npy in /share/castor/home/e2406749/tropical_forest_disturbance/embeddings/joint/fid_360/bef/20231012T142711_20231012T143437_T20LNR__S1A_IW_GRDH_1SDV_20231012T094943_20231012T095008_050730_061CE6_B0FB
[ok joint] fid=360 bef -> 2 new .npy in /share/castor/home/e2406749/tropical_forest_disturbance/embeddings/joint/fid_360/bef/20230709T142719_20230709T142938_T20LNR__S1A_IW_GRDH_1SDV_20230708T094940_20230708T095005_049330_05EE9A_BD21
[ok joint] fid=360 bef -> 2 new .npy in /share/castor/home/e2406749/tropical_forest_disturbance/embeddings/joint/fid_360/bef/20230719T142719_20230719T142939_T20LNR__S1A_IW_GRDH_1SDV_20230720T094940_20230720T095005_049505_05F3ED_61B1
[ok joint] fid=360 bef -> 2 new .npy in /share/castor/home/e2406749/tropical_forest_disturbance/embeddings/joint/fid_360/bef/20230604T142721_20230604T142716_T20LNR__S1A_IW_GRDH_1SDV_20230602T094938_20230602T095003_048805_05DE8B_61F1
[ok joint] fid=360 bef -> 2 new .npy in /share/castor/home/e2406749/tropical_forest_disturbance/embeddings/joint/fid_360/bef/20230624T142721_20230624T142715_T20LNR__S1A_IW_GRDH_1SDV_20230626T094939_20230626T095004_049155_05E932_87DB
[ok joint] fid=360 bef -> 2 new .npy in /share/castor/home/e2406749/tropical_forest_disturbance/embeddings/joint/fid_360/bef/20230803T142721_20230803T143434_T20LNR__S1A_IW_GRDH_1SDV_20230801T094941_20230801T095006_049680_05F959_7E64
[ok joint] fid=360 bef -> 2 new .npy in /share/castor/home/e2406749/tropical_forest_disturbance/embeddings/joint/fid_360/bef/20230823T142721_20230823T143116_T20LNR__S1A_IW_GRDH_1SDV_20230825T094943_20230825T095008_050030_0604F6_5B1D
[ok joint] fid=360 bef -> 2 new .npy in /share/castor/home/e2406749/tropical_forest_disturbance/embeddings/joint/fid_360/bef/20231002T142711_20231002T143108_T20LNR__S1A_IW_GRDH_1SDV_20230930T094944_20230930T095009_050555_0616E4_8B83
[ok joint] fid=360 bef -> 2 new .npy in /share/castor/home/e2406749/tropical_forest_disturbance/embeddings/joint/fid_360/bef/20230301T142709_20230301T142737_T20LNR__S1A_IW_GRDH_1SDV_20230226T094935_20230226T095000_047405_05B0D3_E8BA
[ok joint] fid=360 bef -> 2 new .npy in /share/castor/home/e2406749/tropical_forest_disturbance/embeddings/joint/fid_360/bef/20230430T142719_20230430T142714_T20LNR__S1A_IW_GRDH_1SDV_20230427T094936_20230427T095001_048280_05CE51_C3AC
[ok joint] fid=360 bef -> 2 new .npy in /share/castor/home/e2406749/tropical_forest_disturbance/embeddings/joint/fid_360/bef/20230609T142719_20230609T142938_T20LNR__S1A_IW_GRDH_1SDV_20230614T094938_20230614T095003_048980_05E3E7_B37E
[ok joint] fid=360 bef -> 2 new .npy in /share/castor/home/e2406749/tropical_forest_disturbance/embeddings/joint/fid_360/bef/20230515T142711_20230515T142713_T20LNR__S1A_IW_GRDH_1SDV_20230509T094937_20230509T095002_048455_05D42C_4A7D
[ok joint] fid=360 evt -> 2 new .npy in /share/castor/home/e2406749/tropical_forest_disturbance/embeddings/joint/fid_360/evt/20231111T142711_20231111T142711_T20LNR__S1A_IW_GRDH_1SDV_20231117T094943_20231117T095008_051255_062EE9_3725
[ok joint] fid=360 aft -> 2 new .npy in /share/castor/home/e2406749/tropical_forest_disturbance/embeddings/joint/fid_360/aft/20231206T142709_20231206T142709_T20LNR__S1A_IW_GRDH_1SDV_20231129T094943_20231129T095008_051430_0634F3_73EE
[done joint] All embeddings already exist in /share/castor/home/e2406749/tropical_forest_disturbance/embeddings/joint/fid_92/bef/20230301T142709_20230301T142737_T20LMR__S1A_IW_GRDH_1SDV_20230226T094935_20230226T095000_047405_05B0D3_E8BA
[ok joint] fid=151 bef -> 2 new .npy in /share/castor/home/e2406749/tropical_forest_disturbance/embeddings/joint/fid_151/bef/20230301T142709_20230301T142737_T20LNR__S1A_IW_GRDH_1SDV_20230226T094935_20230226T095000_047405_05B0D3_E8BA
[ok joint] fid=151 aft -> 2 new .npy in /share/castor/home/e2406749/tropical_forest_disturbance/embeddings/joint/fid_151/aft/20230430T142719_20230430T142714_T20LNR__S1A_IW_GRDH_1SDV_20230427T094936_20230427T095001_048280_05CE51_C3AC
[ok joint] fid=151 aft -> 2 new .npy in /share/castor/home/e2406749/tropical_forest_disturbance/embeddings/joint/fid_151/aft/20230515T142711_20230515T142713_T20LNR__S1A_IW_GRDH_1SDV_20230509T094937_20230509T095002_048455_05D42C_4A7D
[done joint] All embeddings already exist in /share/castor/home/e2406749/tropical_forest_disturbance/embeddings/joint/fid_161/bef/20230214T142711_20230214T143425_T20LNR__S1A_IW_GRDH_1SDV_20230214T094935_20230214T095000_047230_05AAD4_443E
[done joint] All embeddings already exist in /share/castor/home/e2406749/tropical_forest_disturbance/embeddings/joint/fid_161/bef/20230301T142709_20230301T142737_T20LNR__S1A_IW_GRDH_1SDV_20230226T094935_20230226T095000_047405_05B0D3_E8BA
[done joint] All embeddings already exist in /share/castor/home/e2406749/tropical_forest_disturbance/embeddings/joint/fid_161/bef/20230430T142719_20230430T142714_T20LNR__S1A_IW_GRDH_1SDV_20230427T094936_20230427T095001_048280_05CE51_C3AC
[done joint] All embeddings already exist in /share/castor/home/e2406749/tropical_forest_disturbance/embeddings/joint/fid_161/bef/20230420T142719_20230420T142714_T20LNR__S1A_IW_GRDH_1SDV_20230415T094936_20230415T095001_048105_05C876_7D01
[done joint] All embeddings already exist in /share/castor/home/e2406749/tropical_forest_disturbance/embeddings/joint/fid_161/bef/20230115T142711_20230115T142817_T20LNR__S1A_IW_GRDH_1SDV_20230109T094936_20230109T095001_046705_05993A_763B
[done joint] All embeddings already exist in /share/castor/home/e2406749/tropical_forest_disturbance/embeddings/joint/fid_161/evt/20230520T142719_20230520T142902_T20LNR__S1A_IW_GRDH_1SDV_20230521T094937_20230521T095002_048630_05D957_8119
[done joint] All embeddings already exist in /share/castor/home/e2406749/tropical_forest_disturbance/embeddings/joint/fid_161/evt/20230515T142711_20230515T142713_T20LNR__S1A_IW_GRDH_1SDV_20230509T094937_20230509T095002_048455_05D42C_4A7D
[done joint] All embeddings already exist in /share/castor/home/e2406749/tropical_forest_disturbance/embeddings/joint/fid_161/aft/20230604T142721_20230604T142716_T20LNR__S1A_IW_GRDH_1SDV_20230602T094938_20230602T095003_048805_05DE8B_61F1
[ok joint] fid=167 bef -> 3 new .npy in /share/castor/home/e2406749/tropical_forest_disturbance/embeddings/joint/fid_167/bef/20230214T142711_20230214T143425_T20LNR__S1A_IW_GRDH_1SDV_20230214T094935_20230214T095000_047230_05AAD4_443E
[ok joint] fid=167 bef -> 3 new .npy in /share/castor/home/e2406749/tropical_forest_disturbance/embeddings/joint/fid_167/bef/20230430T142719_20230430T142714_T20LNR__S1A_IW_GRDH_1SDV_20230427T094936_20230427T095001_048280_05CE51_C3AC
[ok joint] fid=167 evt -> 3 new .npy in /share/castor/home/e2406749/tropical_forest_disturbance/embeddings/joint/fid_167/evt/20230520T142719_20230520T142902_T20LNR__S1A_IW_GRDH_1SDV_20230521T094937_20230521T095002_048630_05D957_8119
[ok joint] fid=167 evt -> 3 new .npy in /share/castor/home/e2406749/tropical_forest_disturbance/embeddings/joint/fid_167/evt/20230515T142711_20230515T142713_T20LNR__S1A_IW_GRDH_1SDV_20230509T094937_20230509T095002_048455_05D42C_4A7D
[ok joint] fid=167 aft -> 3 new .npy in /share/castor/home/e2406749/tropical_forest_disturbance/embeddings/joint/fid_167/aft/20230604T142721_20230604T142716_T20LNR__S1A_IW_GRDH_1SDV_20230602T094938_20230602T095003_048805_05DE8B_61F1
[ok joint] fid=168 bef -> 4 new .npy in /share/castor/home/e2406749/tropical_forest_disturbance/embeddings/joint/fid_168/bef/20230214T142711_20230214T143425_T20LNR__S1A_IW_GRDH_1SDV_20230214T094935_20230214T095000_047230_05AAD4_443E
[ok joint] fid=168 bef -> 4 new .npy in /share/castor/home/e2406749/tropical_forest_disturbance/embeddings/joint/fid_168/bef/20230301T142709_20230301T142737_T20LNR__S1A_IW_GRDH_1SDV_20230226T094935_20230226T095000_047405_05B0D3_E8BA
[ok joint] fid=168 bef -> 4 new .npy in /share/castor/home/e2406749/tropical_forest_disturbance/embeddings/joint/fid_168/bef/20230430T142719_20230430T142714_T20LNR__S1A_IW_GRDH_1SDV_20230427T094936_20230427T095001_048280_05CE51_C3AC
[ok joint] fid=168 evt -> 4 new .npy in /share/castor/home/e2406749/tropical_forest_disturbance/embeddings/joint/fid_168/evt/20230520T142719_20230520T142902_T20LNR__S1A_IW_GRDH_1SDV_20230521T094937_20230521T095002_048630_05D957_8119
[ok joint] fid=168 evt -> 4 new .npy in /share/castor/home/e2406749/tropical_forest_disturbance/embeddings/joint/fid_168/evt/20230515T142711_20230515T142713_T20LNR__S1A_IW_GRDH_1SDV_20230509T094937_20230509T095002_048455_05D42C_4A7D
[ok joint] fid=168 aft -> 4 new .npy in /share/castor/home/e2406749/tropical_forest_disturbance/embeddings/joint/fid_168/aft/20230604T142721_20230604T142716_T20LNR__S1A_IW_GRDH_1SDV_20230602T094938_20230602T095003_048805_05DE8B_61F1
[ok joint] fid=195 bef -> 2 new .npy in /share/castor/home/e2406749/tropical_forest_disturbance/embeddings/joint/fid_195/bef/20230624T142721_20230624T142715_T20LNR__S1A_IW_GRDH_1SDV_20230626T094939_20230626T095004_049155_05E932_87DB
[ok joint] fid=195 bef -> 2 new .npy in /share/castor/home/e2406749/tropical_forest_disturbance/embeddings/joint/fid_195/bef/20230301T142709_20230301T142737_T20LNR__S1A_IW_GRDH_1SDV_20230226T094935_20230226T095000_047405_05B0D3_E8BA
[ok joint] fid=195 bef -> 2 new .npy in /share/castor/home/e2406749/tropical_forest_disturbance/embeddings/joint/fid_195/bef/20230430T142719_20230430T142714_T20LNR__S1A_IW_GRDH_1SDV_20230427T094936_20230427T095001_048280_05CE51_C3AC
[ok joint] fid=195 bef -> 2 new .npy in /share/castor/home/e2406749/tropical_forest_disturbance/embeddings/joint/fid_195/bef/20230125T142711_20230125T142709_T20LNR__S1A_IW_GRDH_1SDV_20230121T094935_20230121T095000_046880_059F24_7A3A
[ok joint] fid=195 bef -> 2 new .npy in /share/castor/home/e2406749/tropical_forest_disturbance/embeddings/joint/fid_195/bef/20230609T142719_20230609T142938_T20LNR__S1A_IW_GRDH_1SDV_20230614T094938_20230614T095003_048980_05E3E7_B37E
[ok joint] fid=195 bef -> 2 new .npy in /share/castor/home/e2406749/tropical_forest_disturbance/embeddings/joint/fid_195/bef/20230515T142711_20230515T142713_T20LNR__S1A_IW_GRDH_1SDV_20230509T094937_20230509T095002_048455_05D42C_4A7D
[ok joint] fid=195 evt -> 2 new .npy in /share/castor/home/e2406749/tropical_forest_disturbance/embeddings/joint/fid_195/evt/20230709T142719_20230709T142938_T20LNR__S1A_IW_GRDH_1SDV_20230708T094940_20230708T095005_049330_05EE9A_BD21
[ok joint] fid=195 aft -> 2 new .npy in /share/castor/home/e2406749/tropical_forest_disturbance/embeddings/joint/fid_195/aft/20230719T142719_20230719T142939_T20LNR__S1A_IW_GRDH_1SDV_20230720T094940_20230720T095005_049505_05F3ED_61B1
[ok joint] fid=325 bef -> 2 new .npy in /share/castor/home/e2406749/tropical_forest_disturbance/embeddings/joint/fid_325/bef/20230709T142719_20230709T142938_T20LNR__S1A_IW_GRDH_1SDV_20230708T094915_20230708T094940_049330_05EE9A_201B
[ok joint] fid=325 bef -> 2 new .npy in /share/castor/home/e2406749/tropical_forest_disturbance/embeddings/joint/fid_325/bef/20230604T142721_20230604T142716_T20LNR__S1A_IW_GRDH_1SDV_20230602T094913_20230602T094938_048805_05DE8B_7193
[ok joint] fid=325 bef -> 2 new .npy in /share/castor/home/e2406749/tropical_forest_disturbance/embeddings/joint/fid_325/bef/20230624T142721_20230624T142715_T20LNR__S1A_IW_GRDH_1SDV_20230626T094914_20230626T094939_049155_05E932_8E24
[ok joint] fid=325 bef -> 2 new .npy in /share/castor/home/e2406749/tropical_forest_disturbance/embeddings/joint/fid_325/bef/20230301T142709_20230301T142737_T20LNR__S1A_IW_GRDH_1SDV_20230226T094910_20230226T094935_047405_05B0D3_9DE4
[ok joint] fid=325 bef -> 2 new .npy in /share/castor/home/e2406749/tropical_forest_disturbance/embeddings/joint/fid_325/bef/20230724T142721_20230724T142717_T20LNR__S1A_IW_GRDH_1SDV_20230720T094915_20230720T094940_049505_05F3ED_2372
[ok joint] fid=325 bef -> 2 new .npy in /share/castor/home/e2406749/tropical_forest_disturbance/embeddings/joint/fid_325/bef/20230420T142719_20230420T142714_T20LNR__S1A_IW_GRDH_1SDV_20230415T094911_20230415T094936_048105_05C876_50BE
[ok joint] fid=325 bef -> 2 new .npy in /share/castor/home/e2406749/tropical_forest_disturbance/embeddings/joint/fid_325/bef/20230609T142719_20230609T142938_T20LNR__S1A_IW_GRDH_1SDV_20230614T094913_20230614T094938_048980_05E3E7_6485
[ok joint] fid=325 bef -> 2 new .npy in /share/castor/home/e2406749/tropical_forest_disturbance/embeddings/joint/fid_325/bef/20230515T142711_20230515T142713_T20LNR__S1A_IW_GRDH_1SDV_20230509T094912_20230509T094937_048455_05D42C_BB80
[ok joint] fid=325 evt -> 2 new .npy in /share/castor/home/e2406749/tropical_forest_disturbance/embeddings/joint/fid_325/evt/20230803T142721_20230803T143434_T20LNR__S1A_IW_GRDH_1SDV_20230801T094916_20230801T094941_049680_05F959_E6F2
[ok joint] fid=325 aft -> 2 new .npy in /share/castor/home/e2406749/tropical_forest_disturbance/embeddings/joint/fid_325/aft/20230823T142721_20230823T143116_T20LNR__S1A_IW_GRDH_1SDV_20230825T094918_20230825T094943_050030_0604F6_59F6
[ok joint] fid=339 bef -> 3 new .npy in /share/castor/home/e2406749/tropical_forest_disturbance/embeddings/joint/fid_339/bef/20230520T142719_20230520T142902_T20LNR__S1A_IW_GRDH_1SDV_20230521T094937_20230521T095002_048630_05D957_8119
[ok joint] fid=339 bef -> 3 new .npy in /share/castor/home/e2406749/tropical_forest_disturbance/embeddings/joint/fid_339/bef/20230709T142719_20230709T142938_T20LNR__S1A_IW_GRDH_1SDV_20230708T094940_20230708T095005_049330_05EE9A_BD21
[ok joint] fid=339 bef -> 3 new .npy in /share/castor/home/e2406749/tropical_forest_disturbance/embeddings/joint/fid_339/bef/20230719T142719_20230719T142939_T20LNR__S1A_IW_GRDH_1SDV_20230720T094940_20230720T095005_049505_05F3ED_61B1
[ok joint] fid=339 bef -> 3 new .npy in /share/castor/home/e2406749/tropical_forest_disturbance/embeddings/joint/fid_339/bef/20230604T142721_20230604T142716_T20LNR__S1A_IW_GRDH_1SDV_20230602T094938_20230602T095003_048805_05DE8B_61F1
[ok joint] fid=339 bef -> 3 new .npy in /share/castor/home/e2406749/tropical_forest_disturbance/embeddings/joint/fid_339/bef/20230301T142709_20230301T142737_T20LNR__S1A_IW_GRDH_1SDV_20230226T094935_20230226T095000_047405_05B0D3_E8BA
[ok joint] fid=339 bef -> 3 new .npy in /share/castor/home/e2406749/tropical_forest_disturbance/embeddings/joint/fid_339/bef/20230629T142719_20230629T143340_T20LNR__S1A_IW_GRDH_1SDV_20230626T094939_20230626T095004_049155_05E932_87DB
[ok joint] fid=339 bef -> 3 new .npy in /share/castor/home/e2406749/tropical_forest_disturbance/embeddings/joint/fid_339/bef/20230729T142719_20230729T142718_T20LNR__S1A_IW_GRDH_1SDV_20230801T094941_20230801T095006_049680_05F959_7E64
[ok joint] fid=339 bef -> 3 new .npy in /share/castor/home/e2406749/tropical_forest_disturbance/embeddings/joint/fid_339/bef/20230609T142719_20230609T142938_T20LNR__S1A_IW_GRDH_1SDV_20230614T094938_20230614T095003_048980_05E3E7_B37E
[ok joint] fid=339 bef -> 3 new .npy in /share/castor/home/e2406749/tropical_forest_disturbance/embeddings/joint/fid_339/bef/20230808T142719_20230808T143119_T20LNR__S1A_IW_GRDH_1SDV_20230813T094942_20230813T095007_049855_05FF04_F481
[ok joint] fid=339 bef -> 3 new .npy in /share/castor/home/e2406749/tropical_forest_disturbance/embeddings/joint/fid_339/bef/20230515T142711_20230515T142713_T20LNR__S1A_IW_GRDH_1SDV_20230509T094937_20230509T095002_048455_05D42C_4A7D
[ok joint] fid=339 evt -> 3 new .npy in /share/castor/home/e2406749/tropical_forest_disturbance/embeddings/joint/fid_339/evt/20230823T142721_20230823T143116_T20LNR__S1A_IW_GRDH_1SDV_20230825T094943_20230825T095008_050030_0604F6_5B1D
[ok joint] fid=343 bef -> 2 new .npy in /share/castor/home/e2406749/tropical_forest_disturbance/embeddings/joint/fid_343/bef/20230214T142711_20230214T143425_T20LNR__S1A_IW_GRDH_1SDV_20230214T094935_20230214T095000_047230_05AAD4_443E
[ok joint] fid=343 bef -> 2 new .npy in /share/castor/home/e2406749/tropical_forest_disturbance/embeddings/joint/fid_343/bef/20230709T142719_20230709T142938_T20LNR__S1A_IW_GRDH_1SDV_20230708T094940_20230708T095005_049330_05EE9A_BD21
[ok joint] fid=343 bef -> 2 new .npy in /share/castor/home/e2406749/tropical_forest_disturbance/embeddings/joint/fid_343/bef/20230719T142719_20230719T142939_T20LNR__S1A_IW_GRDH_1SDV_20230720T094940_20230720T095005_049505_05F3ED_61B1
[ok joint] fid=343 bef -> 2 new .npy in /share/castor/home/e2406749/tropical_forest_disturbance/embeddings/joint/fid_343/bef/20230604T142721_20230604T142716_T20LNR__S1A_IW_GRDH_1SDV_20230602T094938_20230602T095003_048805_05DE8B_61F1
[ok joint] fid=343 bef -> 2 new .npy in /share/castor/home/e2406749/tropical_forest_disturbance/embeddings/joint/fid_343/bef/20230624T142721_20230624T142715_T20LNR__S1A_IW_GRDH_1SDV_20230626T094939_20230626T095004_049155_05E932_87DB
[ok joint] fid=343 bef -> 2 new .npy in /share/castor/home/e2406749/tropical_forest_disturbance/embeddings/joint/fid_343/bef/20230803T142721_20230803T143434_T20LNR__S1A_IW_GRDH_1SDV_20230801T094941_20230801T095006_049680_05F959_7E64
[ok joint] fid=343 bef -> 2 new .npy in /share/castor/home/e2406749/tropical_forest_disturbance/embeddings/joint/fid_343/bef/20230301T142709_20230301T142737_T20LNR__S1A_IW_GRDH_1SDV_20230226T094935_20230226T095000_047405_05B0D3_E8BA
[ok joint] fid=343 bef -> 2 new .npy in /share/castor/home/e2406749/tropical_forest_disturbance/embeddings/joint/fid_343/bef/20230430T142719_20230430T142714_T20LNR__S1A_IW_GRDH_1SDV_20230427T094936_20230427T095001_048280_05CE51_C3AC
[ok joint] fid=343 bef -> 2 new .npy in /share/castor/home/e2406749/tropical_forest_disturbance/embeddings/joint/fid_343/bef/20230125T142711_20230125T142709_T20LNR__S1A_IW_GRDH_1SDV_20230121T094935_20230121T095000_046880_059F24_7A3A
[ok joint] fid=343 bef -> 2 new .npy in /share/castor/home/e2406749/tropical_forest_disturbance/embeddings/joint/fid_343/bef/20230609T142719_20230609T142938_T20LNR__S1A_IW_GRDH_1SDV_20230614T094938_20230614T095003_048980_05E3E7_B37E
[ok joint] fid=343 bef -> 2 new .npy in /share/castor/home/e2406749/tropical_forest_disturbance/embeddings/joint/fid_343/bef/20230808T142719_20230808T143119_T20LNR__S1A_IW_GRDH_1SDV_20230813T094942_20230813T095007_049855_05FF04_F481
[ok joint] fid=343 bef -> 2 new .npy in /share/castor/home/e2406749/tropical_forest_disturbance/embeddings/joint/fid_343/bef/20230515T142711_20230515T142713_T20LNR__S1A_IW_GRDH_1SDV_20230509T094937_20230509T095002_048455_05D42C_4A7D
[ok joint] fid=343 evt -> 2 new .npy in /share/castor/home/e2406749/tropical_forest_disturbance/embeddings/joint/fid_343/evt/20230828T142719_20230828T142716_T20LNR__S1A_IW_GRDH_1SDV_20230825T094943_20230825T095008_050030_0604F6_5B1D
[ok joint] fid=81 bef -> 4 new .npy in /share/castor/home/e2406749/tropical_forest_disturbance/embeddings/joint/fid_81/bef/20230214T142711_20230214T143425_T20LNR__S1A_IW_GRDH_1SDV_20230214T094935_20230214T095000_047230_05AAD4_443E
[ok joint] fid=81 bef -> 4 new .npy in /share/castor/home/e2406749/tropical_forest_disturbance/embeddings/joint/fid_81/bef/20230709T142719_20230709T142938_T20LNR__S1A_IW_GRDH_1SDV_20230708T094940_20230708T095005_049330_05EE9A_BD21
[ok joint] fid=81 bef -> 4 new .npy in /share/castor/home/e2406749/tropical_forest_disturbance/embeddings/joint/fid_81/bef/20230719T142719_20230719T142939_T20LNR__S1A_IW_GRDH_1SDV_20230720T094940_20230720T095005_049505_05F3ED_61B1
[ok joint] fid=81 bef -> 4 new .npy in /share/castor/home/e2406749/tropical_forest_disturbance/embeddings/joint/fid_81/bef/20230604T142721_20230604T142716_T20LNR__S1A_IW_GRDH_1SDV_20230602T094938_20230602T095003_048805_05DE8B_61F1
[ok joint] fid=81 bef -> 4 new .npy in /share/castor/home/e2406749/tropical_forest_disturbance/embeddings/joint/fid_81/bef/20230624T142721_20230624T142715_T20LNR__S1A_IW_GRDH_1SDV_20230626T094939_20230626T095004_049155_05E932_87DB
[ok joint] fid=81 bef -> 4 new .npy in /share/castor/home/e2406749/tropical_forest_disturbance/embeddings/joint/fid_81/bef/20230803T142721_20230803T143434_T20LNR__S1A_IW_GRDH_1SDV_20230801T094941_20230801T095006_049680_05F959_7E64
[ok joint] fid=81 bef -> 4 new .npy in /share/castor/home/e2406749/tropical_forest_disturbance/embeddings/joint/fid_81/bef/20230301T142709_20230301T142737_T20LNR__S1A_IW_GRDH_1SDV_20230226T094935_20230226T095000_047405_05B0D3_E8BA
[ok joint] fid=81 bef -> 4 new .npy in /share/castor/home/e2406749/tropical_forest_disturbance/embeddings/joint/fid_81/bef/20230430T142719_20230430T142714_T20LNR__S1A_IW_GRDH_1SDV_20230427T094936_20230427T095001_048280_05CE51_C3AC
[ok joint] fid=81 bef -> 4 new .npy in /share/castor/home/e2406749/tropical_forest_disturbance/embeddings/joint/fid_81/bef/20230828T142719_20230828T142716_T20LNR__S1A_IW_GRDH_1SDV_20230825T094943_20230825T095008_050030_0604F6_5B1D
[ok joint] fid=81 bef -> 4 new .npy in /share/castor/home/e2406749/tropical_forest_disturbance/embeddings/joint/fid_81/bef/20230525T142721_20230525T142853_T20LNR__S1A_IW_GRDH_1SDV_20230521T094937_20230521T095002_048630_05D957_8119
[ok joint] fid=81 bef -> 4 new .npy in /share/castor/home/e2406749/tropical_forest_disturbance/embeddings/joint/fid_81/bef/20230609T142719_20230609T142938_T20LNR__S1A_IW_GRDH_1SDV_20230614T094938_20230614T095003_048980_05E3E7_B37E
[ok joint] fid=81 bef -> 4 new .npy in /share/castor/home/e2406749/tropical_forest_disturbance/embeddings/joint/fid_81/bef/20230808T142719_20230808T143119_T20LNR__S1A_IW_GRDH_1SDV_20230813T094942_20230813T095007_049855_05FF04_F481
[ok joint] fid=81 bef -> 4 new .npy in /share/castor/home/e2406749/tropical_forest_disturbance/embeddings/joint/fid_81/bef/20230115T142711_20230115T142817_T20LNR__S1A_IW_GRDH_1SDV_20230109T094936_20230109T095001_046705_05993A_763B
[ok joint] fid=81 bef -> 4 new .npy in /share/castor/home/e2406749/tropical_forest_disturbance/embeddings/joint/fid_81/bef/20230515T142711_20230515T142713_T20LNR__S1A_IW_GRDH_1SDV_20230509T094937_20230509T095002_048455_05D42C_4A7D
[ok joint] fid=81 aft -> 4 new .npy in /share/castor/home/e2406749/tropical_forest_disturbance/embeddings/joint/fid_81/aft/20231007T142709_20231007T142929_T20LNR__S1A_IW_GRDH_1SDV_20230930T094944_20230930T095009_050555_0616E4_8B83
[ok joint] fid=86 bef -> 4 new .npy in /share/castor/home/e2406749/tropical_forest_disturbance/embeddings/joint/fid_86/bef/20230214T142711_20230214T143425_T20LNR__S1A_IW_GRDH_1SDV_20230214T094935_20230214T095000_047230_05AAD4_443E
[ok joint] fid=86 bef -> 4 new .npy in /share/castor/home/e2406749/tropical_forest_disturbance/embeddings/joint/fid_86/bef/20230709T142719_20230709T142938_T20LNR__S1A_IW_GRDH_1SDV_20230708T094940_20230708T095005_049330_05EE9A_BD21
[ok joint] fid=86 bef -> 4 new .npy in /share/castor/home/e2406749/tropical_forest_disturbance/embeddings/joint/fid_86/bef/20230719T142719_20230719T142939_T20LNR__S1A_IW_GRDH_1SDV_20230720T094940_20230720T095005_049505_05F3ED_61B1
[ok joint] fid=86 bef -> 4 new .npy in /share/castor/home/e2406749/tropical_forest_disturbance/embeddings/joint/fid_86/bef/20230624T142721_20230624T142715_T20LNR__S1A_IW_GRDH_1SDV_20230626T094939_20230626T095004_049155_05E932_87DB
[ok joint] fid=86 bef -> 4 new .npy in /share/castor/home/e2406749/tropical_forest_disturbance/embeddings/joint/fid_86/bef/20230803T142721_20230803T143434_T20LNR__S1A_IW_GRDH_1SDV_20230801T094941_20230801T095006_049680_05F959_7E64
[ok joint] fid=86 bef -> 4 new .npy in /share/castor/home/e2406749/tropical_forest_disturbance/embeddings/joint/fid_86/bef/20230301T142709_20230301T142737_T20LNR__S1A_IW_GRDH_1SDV_20230226T094935_20230226T095000_047405_05B0D3_E8BA
[ok joint] fid=86 bef -> 4 new .npy in /share/castor/home/e2406749/tropical_forest_disturbance/embeddings/joint/fid_86/bef/20230430T142719_20230430T142714_T20LNR__S1A_IW_GRDH_1SDV_20230427T094936_20230427T095001_048280_05CE51_C3AC
[ok joint] fid=86 bef -> 4 new .npy in /share/castor/home/e2406749/tropical_forest_disturbance/embeddings/joint/fid_86/bef/20230828T142719_20230828T142716_T20LNR__S1A_IW_GRDH_1SDV_20230825T094943_20230825T095008_050030_0604F6_5B1D
[ok joint] fid=86 bef -> 4 new .npy in /share/castor/home/e2406749/tropical_forest_disturbance/embeddings/joint/fid_86/bef/20230609T142719_20230609T142938_T20LNR__S1A_IW_GRDH_1SDV_20230614T094938_20230614T095003_048980_05E3E7_B37E
[ok joint] fid=86 bef -> 4 new .npy in /share/castor/home/e2406749/tropical_forest_disturbance/embeddings/joint/fid_86/bef/20230818T142719_20230818T143227_T20LNR__S1A_IW_GRDH_1SDV_20230813T094942_20230813T095007_049855_05FF04_F481
[ok joint] fid=86 bef -> 4 new .npy in /share/castor/home/e2406749/tropical_forest_disturbance/embeddings/joint/fid_86/bef/20230515T142711_20230515T142713_T20LNR__S1A_IW_GRDH_1SDV_20230509T094937_20230509T095002_048455_05D42C_4A7D
[ok joint] fid=86 aft -> 4 new .npy in /share/castor/home/e2406749/tropical_forest_disturbance/embeddings/joint/fid_86/aft/20230927T142719_20230927T142849_T20LNR__S1A_IW_GRDH_1SDV_20230930T094944_20230930T095009_050555_0616E4_8B83
[ok joint] fid=87 bef -> 1 new .npy in /share/castor/home/e2406749/tropical_forest_disturbance/embeddings/joint/fid_87/bef/20230214T142711_20230214T143425_T20LNR__S1A_IW_GRDH_1SDV_20230214T094935_20230214T095000_047230_05AAD4_443E
[ok joint] fid=87 bef -> 1 new .npy in /share/castor/home/e2406749/tropical_forest_disturbance/embeddings/joint/fid_87/bef/20230709T142719_20230709T142938_T20LNR__S1A_IW_GRDH_1SDV_20230708T094940_20230708T095005_049330_05EE9A_BD21
[ok joint] fid=87 bef -> 1 new .npy in /share/castor/home/e2406749/tropical_forest_disturbance/embeddings/joint/fid_87/bef/20230719T142719_20230719T142939_T20LNR__S1A_IW_GRDH_1SDV_20230720T094940_20230720T095005_049505_05F3ED_61B1
[ok joint] fid=87 bef -> 1 new .npy in /share/castor/home/e2406749/tropical_forest_disturbance/embeddings/joint/fid_87/bef/20230604T142721_20230604T142716_T20LNR__S1A_IW_GRDH_1SDV_20230602T094938_20230602T095003_048805_05DE8B_61F1
[ok joint] fid=87 bef -> 1 new .npy in /share/castor/home/e2406749/tropical_forest_disturbance/embeddings/joint/fid_87/bef/20230624T142721_20230624T142715_T20LNR__S1A_IW_GRDH_1SDV_20230626T094939_20230626T095004_049155_05E932_87DB
[ok joint] fid=87 bef -> 1 new .npy in /share/castor/home/e2406749/tropical_forest_disturbance/embeddings/joint/fid_87/bef/20230803T142721_20230803T143434_T20LNR__S1A_IW_GRDH_1SDV_20230801T094941_20230801T095006_049680_05F959_7E64
[ok joint] fid=87 bef -> 1 new .npy in /share/castor/home/e2406749/tropical_forest_disturbance/embeddings/joint/fid_87/bef/20230823T142721_20230823T143116_T20LNR__S1A_IW_GRDH_1SDV_20230825T094943_20230825T095008_050030_0604F6_5B1D
[ok joint] fid=87 bef -> 1 new .npy in /share/castor/home/e2406749/tropical_forest_disturbance/embeddings/joint/fid_87/bef/20230301T142709_20230301T142737_T20LNR__S1A_IW_GRDH_1SDV_20230226T094935_20230226T095000_047405_05B0D3_E8BA
[ok joint] fid=87 bef -> 1 new .npy in /share/castor/home/e2406749/tropical_forest_disturbance/embeddings/joint/fid_87/bef/20230430T142719_20230430T142714_T20LNR__S1A_IW_GRDH_1SDV_20230427T094936_20230427T095001_048280_05CE51_C3AC
[ok joint] fid=87 bef -> 1 new .npy in /share/castor/home/e2406749/tropical_forest_disturbance/embeddings/joint/fid_87/bef/20230609T142719_20230609T142938_T20LNR__S1A_IW_GRDH_1SDV_20230614T094938_20230614T095003_048980_05E3E7_B37E
[ok joint] fid=87 bef -> 1 new .npy in /share/castor/home/e2406749/tropical_forest_disturbance/embeddings/joint/fid_87/bef/20230818T142719_20230818T143227_T20LNR__S1A_IW_GRDH_1SDV_20230813T094942_20230813T095007_049855_05FF04_F481
[ok joint] fid=87 bef -> 1 new .npy in /share/castor/home/e2406749/tropical_forest_disturbance/embeddings/joint/fid_87/bef/20230515T142711_20230515T142713_T20LNR__S1A_IW_GRDH_1SDV_20230509T094937_20230509T095002_048455_05D42C_4A7D
[ok joint] fid=87 aft -> 1 new .npy in /share/castor/home/e2406749/tropical_forest_disturbance/embeddings/joint/fid_87/aft/20231002T142711_20231002T143108_T20LNR__S1A_IW_GRDH_1SDV_20230930T094944_20230930T095009_050555_0616E4_8B83
[ok joint] fid=332 bef -> 4 new .npy in /share/castor/home/e2406749/tropical_forest_disturbance/embeddings/joint/fid_332/bef/20230709T142719_20230709T142938_T20LNR__S1A_IW_GRDH_1SDV_20230708T094940_20230708T095005_049330_05EE9A_BD21
[ok joint] fid=332 bef -> 4 new .npy in /share/castor/home/e2406749/tropical_forest_disturbance/embeddings/joint/fid_332/bef/20230719T142719_20230719T142939_T20LNR__S1A_IW_GRDH_1SDV_20230720T094940_20230720T095005_049505_05F3ED_61B1
[ok joint] fid=332 bef -> 4 new .npy in /share/castor/home/e2406749/tropical_forest_disturbance/embeddings/joint/fid_332/bef/20230604T142721_20230604T142716_T20LNR__S1A_IW_GRDH_1SDV_20230602T094938_20230602T095003_048805_05DE8B_61F1
[ok joint] fid=332 bef -> 4 new .npy in /share/castor/home/e2406749/tropical_forest_disturbance/embeddings/joint/fid_332/bef/20230624T142721_20230624T142715_T20LNR__S1A_IW_GRDH_1SDV_20230626T094939_20230626T095004_049155_05E932_87DB
[ok joint] fid=332 bef -> 4 new .npy in /share/castor/home/e2406749/tropical_forest_disturbance/embeddings/joint/fid_332/bef/20230803T142721_20230803T143434_T20LNR__S1A_IW_GRDH_1SDV_20230801T094941_20230801T095006_049680_05F959_7E64
[ok joint] fid=332 bef -> 4 new .npy in /share/castor/home/e2406749/tropical_forest_disturbance/embeddings/joint/fid_332/bef/20230823T142721_20230823T143116_T20LNR__S1A_IW_GRDH_1SDV_20230825T094943_20230825T095008_050030_0604F6_5B1D
[ok joint] fid=332 bef -> 4 new .npy in /share/castor/home/e2406749/tropical_forest_disturbance/embeddings/joint/fid_332/bef/20230301T142709_20230301T142737_T20LNR__S1A_IW_GRDH_1SDV_20230226T094935_20230226T095000_047405_05B0D3_E8BA
[ok joint] fid=332 bef -> 4 new .npy in /share/castor/home/e2406749/tropical_forest_disturbance/embeddings/joint/fid_332/bef/20230430T142719_20230430T142714_T20LNR__S1A_IW_GRDH_1SDV_20230427T094936_20230427T095001_048280_05CE51_C3AC
[ok joint] fid=332 bef -> 4 new .npy in /share/castor/home/e2406749/tropical_forest_disturbance/embeddings/joint/fid_332/bef/20230326T142711_20230326T142710_T20LNR__S1A_IW_GRDH_1SDV_20230322T094935_20230322T095000_047755_05BCAD_A5E4
[ok joint] fid=332 bef -> 4 new .npy in /share/castor/home/e2406749/tropical_forest_disturbance/embeddings/joint/fid_332/bef/20230609T142719_20230609T142938_T20LNR__S1A_IW_GRDH_1SDV_20230614T094938_20230614T095003_048980_05E3E7_B37E
[ok joint] fid=332 bef -> 4 new .npy in /share/castor/home/e2406749/tropical_forest_disturbance/embeddings/joint/fid_332/bef/20230808T142719_20230808T143119_T20LNR__S1A_IW_GRDH_1SDV_20230813T094942_20230813T095007_049855_05FF04_F481
[ok joint] fid=332 bef -> 4 new .npy in /share/castor/home/e2406749/tropical_forest_disturbance/embeddings/joint/fid_332/bef/20230115T142711_20230115T142817_T20LNR__S1A_IW_GRDH_1SDV_20230109T094936_20230109T095001_046705_05993A_763B
[ok joint] fid=332 bef -> 4 new .npy in /share/castor/home/e2406749/tropical_forest_disturbance/embeddings/joint/fid_332/bef/20230515T142711_20230515T142713_T20LNR__S1A_IW_GRDH_1SDV_20230509T094937_20230509T095002_048455_05D42C_4A7D
[ok joint] fid=332 aft -> 4 new .npy in /share/castor/home/e2406749/tropical_forest_disturbance/embeddings/joint/fid_332/aft/20231002T142711_20231002T143108_T20LNR__S1A_IW_GRDH_1SDV_20230930T094944_20230930T095009_050555_0616E4_8B83
[ok joint] fid=89 bef -> 1 new .npy in /share/castor/home/e2406749/tropical_forest_disturbance/embeddings/joint/fid_89/bef/20230709T142719_20230709T142938_T20LNR__S1A_IW_GRDH_1SDV_20230708T094915_20230708T094940_049330_05EE9A_201B
[ok joint] fid=89 bef -> 1 new .npy in /share/castor/home/e2406749/tropical_forest_disturbance/embeddings/joint/fid_89/bef/20230719T142719_20230719T142939_T20LNR__S1A_IW_GRDH_1SDV_20230720T094915_20230720T094940_049505_05F3ED_2372
[ok joint] fid=89 bef -> 1 new .npy in /share/castor/home/e2406749/tropical_forest_disturbance/embeddings/joint/fid_89/bef/20230604T142721_20230604T142716_T20LNR__S1A_IW_GRDH_1SDV_20230602T094913_20230602T094938_048805_05DE8B_7193
[ok joint] fid=89 bef -> 1 new .npy in /share/castor/home/e2406749/tropical_forest_disturbance/embeddings/joint/fid_89/bef/20230624T142721_20230624T142715_T20LNR__S1A_IW_GRDH_1SDV_20230626T094914_20230626T094939_049155_05E932_8E24
[ok joint] fid=89 bef -> 1 new .npy in /share/castor/home/e2406749/tropical_forest_disturbance/embeddings/joint/fid_89/bef/20230803T142721_20230803T143434_T20LNR__S1A_IW_GRDH_1SDV_20230801T094916_20230801T094941_049680_05F959_E6F2
[ok joint] fid=89 bef -> 1 new .npy in /share/castor/home/e2406749/tropical_forest_disturbance/embeddings/joint/fid_89/bef/20230823T142721_20230823T143116_T20LNR__S1A_IW_GRDH_1SDV_20230825T094918_20230825T094943_050030_0604F6_59F6
[ok joint] fid=89 bef -> 1 new .npy in /share/castor/home/e2406749/tropical_forest_disturbance/embeddings/joint/fid_89/bef/20230430T142719_20230430T142714_T20LNR__S1A_IW_GRDH_1SDV_20230427T094911_20230427T094936_048280_05CE51_9F1D
[ok joint] fid=89 bef -> 1 new .npy in /share/castor/home/e2406749/tropical_forest_disturbance/embeddings/joint/fid_89/bef/20230525T142721_20230525T142853_T20LNR__S1A_IW_GRDH_1SDV_20230521T094912_20230521T094937_048630_05D957_8539
[ok joint] fid=89 bef -> 1 new .npy in /share/castor/home/e2406749/tropical_forest_disturbance/embeddings/joint/fid_89/bef/20230609T142719_20230609T142938_T20LNR__S1A_IW_GRDH_1SDV_20230614T094913_20230614T094938_048980_05E3E7_6485
[ok joint] fid=89 bef -> 1 new .npy in /share/castor/home/e2406749/tropical_forest_disturbance/embeddings/joint/fid_89/bef/20230808T142719_20230808T143119_T20LNR__S1A_IW_GRDH_1SDV_20230813T094917_20230813T094942_049855_05FF04_E952
[ok joint] fid=89 bef -> 1 new .npy in /share/castor/home/e2406749/tropical_forest_disturbance/embeddings/joint/fid_89/bef/20230515T142711_20230515T142713_T20LNR__S1A_IW_GRDH_1SDV_20230509T094912_20230509T094937_048455_05D42C_BB80
[ok joint] fid=89 aft -> 1 new .npy in /share/castor/home/e2406749/tropical_forest_disturbance/embeddings/joint/fid_89/aft/20231007T142709_20231007T142929_T20LNR__S1A_IW_GRDH_1SDV_20230930T094919_20230930T094944_050555_0616E4_C554
[ok joint] fid=348 bef -> 1 new .npy in /share/castor/home/e2406749/tropical_forest_disturbance/embeddings/joint/fid_348/bef/20230709T142719_20230709T142938_T20LNR__S1A_IW_GRDH_1SDV_20230708T094940_20230708T095005_049330_05EE9A_BD21
[ok joint] fid=348 bef -> 1 new .npy in /share/castor/home/e2406749/tropical_forest_disturbance/embeddings/joint/fid_348/bef/20230719T142719_20230719T142939_T20LNR__S1A_IW_GRDH_1SDV_20230720T094940_20230720T095005_049505_05F3ED_61B1
[ok joint] fid=348 bef -> 1 new .npy in /share/castor/home/e2406749/tropical_forest_disturbance/embeddings/joint/fid_348/bef/20230604T142721_20230604T142716_T20LNR__S1A_IW_GRDH_1SDV_20230602T094938_20230602T095003_048805_05DE8B_61F1
[ok joint] fid=348 bef -> 1 new .npy in /share/castor/home/e2406749/tropical_forest_disturbance/embeddings/joint/fid_348/bef/20230624T142721_20230624T142715_T20LNR__S1A_IW_GRDH_1SDV_20230626T094939_20230626T095004_049155_05E932_87DB
[ok joint] fid=348 bef -> 1 new .npy in /share/castor/home/e2406749/tropical_forest_disturbance/embeddings/joint/fid_348/bef/20230803T142721_20230803T143434_T20LNR__S1A_IW_GRDH_1SDV_20230801T094941_20230801T095006_049680_05F959_7E64
[ok joint] fid=348 bef -> 1 new .npy in /share/castor/home/e2406749/tropical_forest_disturbance/embeddings/joint/fid_348/bef/20230823T142721_20230823T143116_T20LNR__S1A_IW_GRDH_1SDV_20230825T094943_20230825T095008_050030_0604F6_5B1D
[ok joint] fid=348 bef -> 1 new .npy in /share/castor/home/e2406749/tropical_forest_disturbance/embeddings/joint/fid_348/bef/20230430T142719_20230430T142714_T20LNR__S1A_IW_GRDH_1SDV_20230427T094936_20230427T095001_048280_05CE51_C3AC
[ok joint] fid=348 bef -> 1 new .npy in /share/castor/home/e2406749/tropical_forest_disturbance/embeddings/joint/fid_348/bef/20230525T142721_20230525T142853_T20LNR__S1A_IW_GRDH_1SDV_20230521T094937_20230521T095002_048630_05D957_8119
[ok joint] fid=348 bef -> 1 new .npy in /share/castor/home/e2406749/tropical_forest_disturbance/embeddings/joint/fid_348/bef/20230609T142719_20230609T142938_T20LNR__S1A_IW_GRDH_1SDV_20230614T094938_20230614T095003_048980_05E3E7_B37E
[ok joint] fid=348 bef -> 1 new .npy in /share/castor/home/e2406749/tropical_forest_disturbance/embeddings/joint/fid_348/bef/20230818T142719_20230818T143227_T20LNR__S1A_IW_GRDH_1SDV_20230813T094942_20230813T095007_049855_05FF04_F481
[ok joint] fid=348 bef -> 1 new .npy in /share/castor/home/e2406749/tropical_forest_disturbance/embeddings/joint/fid_348/bef/20230515T142711_20230515T142713_T20LNR__S1A_IW_GRDH_1SDV_20230509T094937_20230509T095002_048455_05D42C_4A7D
[ok joint] fid=348 aft -> 1 new .npy in /share/castor/home/e2406749/tropical_forest_disturbance/embeddings/joint/fid_348/aft/20231002T142711_20231002T143108_T20LNR__S1A_IW_GRDH_1SDV_20230930T094944_20230930T095009_050555_0616E4_8B83
[ok joint] fid=348 aft -> 1 new .npy in /share/castor/home/e2406749/tropical_forest_disturbance/embeddings/joint/fid_348/aft/20231007T142709_20231007T142929_T20LNR__S1A_IW_GRDH_1SDV_20231012T094943_20231012T095008_050730_061CE6_B0FB
[ok joint] fid=349 bef -> 3 new .npy in /share/castor/home/e2406749/tropical_forest_disturbance/embeddings/joint/fid_349/bef/20230214T142711_20230214T143425_T20LNR__S1A_IW_GRDH_1SDV_20230214T094935_20230214T095000_047230_05AAD4_443E
[ok joint] fid=349 bef -> 3 new .npy in /share/castor/home/e2406749/tropical_forest_disturbance/embeddings/joint/fid_349/bef/20230709T142719_20230709T142938_T20LNR__S1A_IW_GRDH_1SDV_20230708T094940_20230708T095005_049330_05EE9A_BD21
[ok joint] fid=349 bef -> 3 new .npy in /share/castor/home/e2406749/tropical_forest_disturbance/embeddings/joint/fid_349/bef/20230719T142719_20230719T142939_T20LNR__S1A_IW_GRDH_1SDV_20230720T094940_20230720T095005_049505_05F3ED_61B1
[ok joint] fid=349 bef -> 3 new .npy in /share/castor/home/e2406749/tropical_forest_disturbance/embeddings/joint/fid_349/bef/20230624T142721_20230624T142715_T20LNR__S1A_IW_GRDH_1SDV_20230626T094939_20230626T095004_049155_05E932_87DB
[ok joint] fid=349 bef -> 3 new .npy in /share/castor/home/e2406749/tropical_forest_disturbance/embeddings/joint/fid_349/bef/20230803T142721_20230803T143434_T20LNR__S1A_IW_GRDH_1SDV_20230801T094941_20230801T095006_049680_05F959_7E64
[ok joint] fid=349 bef -> 3 new .npy in /share/castor/home/e2406749/tropical_forest_disturbance/embeddings/joint/fid_349/bef/20230823T142721_20230823T143116_T20LNR__S1A_IW_GRDH_1SDV_20230825T094943_20230825T095008_050030_0604F6_5B1D
[ok joint] fid=349 bef -> 3 new .npy in /share/castor/home/e2406749/tropical_forest_disturbance/embeddings/joint/fid_349/bef/20230301T142709_20230301T142737_T20LNR__S1A_IW_GRDH_1SDV_20230226T094935_20230226T095000_047405_05B0D3_E8BA
[ok joint] fid=349 bef -> 3 new .npy in /share/castor/home/e2406749/tropical_forest_disturbance/embeddings/joint/fid_349/bef/20230430T142719_20230430T142714_T20LNR__S1A_IW_GRDH_1SDV_20230427T094936_20230427T095001_048280_05CE51_C3AC
[ok joint] fid=349 bef -> 3 new .npy in /share/castor/home/e2406749/tropical_forest_disturbance/embeddings/joint/fid_349/bef/20230609T142719_20230609T142938_T20LNR__S1A_IW_GRDH_1SDV_20230614T094938_20230614T095003_048980_05E3E7_B37E
[ok joint] fid=349 bef -> 3 new .npy in /share/castor/home/e2406749/tropical_forest_disturbance/embeddings/joint/fid_349/bef/20230818T142719_20230818T143227_T20LNR__S1A_IW_GRDH_1SDV_20230813T094942_20230813T095007_049855_05FF04_F481
[ok joint] fid=349 bef -> 3 new .npy in /share/castor/home/e2406749/tropical_forest_disturbance/embeddings/joint/fid_349/bef/20230515T142711_20230515T142713_T20LNR__S1A_IW_GRDH_1SDV_20230509T094937_20230509T095002_048455_05D42C_4A7D
[ok joint] fid=349 aft -> 3 new .npy in /share/castor/home/e2406749/tropical_forest_disturbance/embeddings/joint/fid_349/aft/20231012T142711_20231012T143437_T20LNR__S1A_IW_GRDH_1SDV_20231012T094943_20231012T095008_050730_061CE6_B0FB
[ok joint] fid=349 aft -> 3 new .npy in /share/castor/home/e2406749/tropical_forest_disturbance/embeddings/joint/fid_349/aft/20231007T142709_20231007T142929_T20LNR__S1A_IW_GRDH_1SDV_20230930T094944_20230930T095009_050555_0616E4_8B83
[ok joint] fid=366 bef -> 2 new .npy in /share/castor/home/e2406749/tropical_forest_disturbance/embeddings/joint/fid_366/bef/20230214T142711_20230214T143425_T20LNR__S1A_IW_GRDH_1SDV_20230214T094935_20230214T095000_047230_05AAD4_443E
[ok joint] fid=366 bef -> 2 new .npy in /share/castor/home/e2406749/tropical_forest_disturbance/embeddings/joint/fid_366/bef/20230709T142719_20230709T142938_T20LNR__S1A_IW_GRDH_1SDV_20230708T094940_20230708T095005_049330_05EE9A_BD21
[ok joint] fid=366 bef -> 2 new .npy in /share/castor/home/e2406749/tropical_forest_disturbance/embeddings/joint/fid_366/bef/20230719T142719_20230719T142939_T20LNR__S1A_IW_GRDH_1SDV_20230720T094940_20230720T095005_049505_05F3ED_61B1
[ok joint] fid=366 bef -> 2 new .npy in /share/castor/home/e2406749/tropical_forest_disturbance/embeddings/joint/fid_366/bef/20230604T142721_20230604T142716_T20LNR__S1A_IW_GRDH_1SDV_20230602T094938_20230602T095003_048805_05DE8B_61F1
[ok joint] fid=366 bef -> 2 new .npy in /share/castor/home/e2406749/tropical_forest_disturbance/embeddings/joint/fid_366/bef/20230624T142721_20230624T142715_T20LNR__S1A_IW_GRDH_1SDV_20230626T094939_20230626T095004_049155_05E932_87DB
[ok joint] fid=366 bef -> 2 new .npy in /share/castor/home/e2406749/tropical_forest_disturbance/embeddings/joint/fid_366/bef/20230803T142721_20230803T143434_T20LNR__S1A_IW_GRDH_1SDV_20230801T094941_20230801T095006_049680_05F959_7E64
[ok joint] fid=366 bef -> 2 new .npy in /share/castor/home/e2406749/tropical_forest_disturbance/embeddings/joint/fid_366/bef/20230823T142721_20230823T143116_T20LNR__S1A_IW_GRDH_1SDV_20230825T094943_20230825T095008_050030_0604F6_5B1D
[ok joint] fid=366 bef -> 2 new .npy in /share/castor/home/e2406749/tropical_forest_disturbance/embeddings/joint/fid_366/bef/20230301T142709_20230301T142737_T20LNR__S1A_IW_GRDH_1SDV_20230226T094935_20230226T095000_047405_05B0D3_E8BA
[ok joint] fid=366 bef -> 2 new .npy in /share/castor/home/e2406749/tropical_forest_disturbance/embeddings/joint/fid_366/bef/20230430T142719_20230430T142714_T20LNR__S1A_IW_GRDH_1SDV_20230427T094936_20230427T095001_048280_05CE51_C3AC
[ok joint] fid=366 bef -> 2 new .npy in /share/castor/home/e2406749/tropical_forest_disturbance/embeddings/joint/fid_366/bef/20230326T142711_20230326T142710_T20LNR__S1A_IW_GRDH_1SDV_20230322T094935_20230322T095000_047755_05BCAD_A5E4
[ok joint] fid=366 bef -> 2 new .npy in /share/castor/home/e2406749/tropical_forest_disturbance/embeddings/joint/fid_366/bef/20230609T142719_20230609T142938_T20LNR__S1A_IW_GRDH_1SDV_20230614T094938_20230614T095003_048980_05E3E7_B37E
[ok joint] fid=366 bef -> 2 new .npy in /share/castor/home/e2406749/tropical_forest_disturbance/embeddings/joint/fid_366/bef/20230818T142719_20230818T143227_T20LNR__S1A_IW_GRDH_1SDV_20230813T094942_20230813T095007_049855_05FF04_F481
[ok joint] fid=366 bef -> 2 new .npy in /share/castor/home/e2406749/tropical_forest_disturbance/embeddings/joint/fid_366/bef/20230515T142711_20230515T142713_T20LNR__S1A_IW_GRDH_1SDV_20230509T094937_20230509T095002_048455_05D42C_4A7D
[ok joint] fid=366 aft -> 2 new .npy in /share/castor/home/e2406749/tropical_forest_disturbance/embeddings/joint/fid_366/aft/20231012T142711_20231012T143437_T20LNR__S1A_IW_GRDH_1SDV_20231012T094943_20231012T095008_050730_061CE6_B0FB
[ok joint] fid=366 aft -> 2 new .npy in /share/castor/home/e2406749/tropical_forest_disturbance/embeddings/joint/fid_366/aft/20231007T142709_20231007T142929_T20LNR__S1A_IW_GRDH_1SDV_20230930T094944_20230930T095009_050555_0616E4_8B83
[ok joint] fid=361 bef -> 4 new .npy in /share/castor/home/e2406749/tropical_forest_disturbance/embeddings/joint/fid_361/bef/20230520T142719_20230520T142902_T20LNR__S1A_IW_GRDH_1SDV_20230521T094937_20230521T095002_048630_05D957_8119
[ok joint] fid=361 bef -> 4 new .npy in /share/castor/home/e2406749/tropical_forest_disturbance/embeddings/joint/fid_361/bef/20230709T142719_20230709T142938_T20LNR__S1A_IW_GRDH_1SDV_20230708T094940_20230708T095005_049330_05EE9A_BD21
[ok joint] fid=361 bef -> 4 new .npy in /share/castor/home/e2406749/tropical_forest_disturbance/embeddings/joint/fid_361/bef/20230719T142719_20230719T142939_T20LNR__S1A_IW_GRDH_1SDV_20230720T094940_20230720T095005_049505_05F3ED_61B1
[ok joint] fid=361 bef -> 4 new .npy in /share/castor/home/e2406749/tropical_forest_disturbance/embeddings/joint/fid_361/bef/20230604T142721_20230604T142716_T20LNR__S1A_IW_GRDH_1SDV_20230602T094938_20230602T095003_048805_05DE8B_61F1
[ok joint] fid=361 bef -> 4 new .npy in /share/castor/home/e2406749/tropical_forest_disturbance/embeddings/joint/fid_361/bef/20230624T142721_20230624T142715_T20LNR__S1A_IW_GRDH_1SDV_20230626T094939_20230626T095004_049155_05E932_87DB
[ok joint] fid=361 bef -> 4 new .npy in /share/castor/home/e2406749/tropical_forest_disturbance/embeddings/joint/fid_361/bef/20230823T142721_20230823T143116_T20LNR__S1A_IW_GRDH_1SDV_20230825T094943_20230825T095008_050030_0604F6_5B1D
[ok joint] fid=361 bef -> 4 new .npy in /share/castor/home/e2406749/tropical_forest_disturbance/embeddings/joint/fid_361/bef/20230430T142719_20230430T142714_T20LNR__S1A_IW_GRDH_1SDV_20230427T094936_20230427T095001_048280_05CE51_C3AC
[ok joint] fid=361 bef -> 4 new .npy in /share/castor/home/e2406749/tropical_forest_disturbance/embeddings/joint/fid_361/bef/20230729T142719_20230729T142718_T20LNR__S1A_IW_GRDH_1SDV_20230801T094941_20230801T095006_049680_05F959_7E64
[ok joint] fid=361 bef -> 4 new .npy in /share/castor/home/e2406749/tropical_forest_disturbance/embeddings/joint/fid_361/bef/20230609T142719_20230609T142938_T20LNR__S1A_IW_GRDH_1SDV_20230614T094938_20230614T095003_048980_05E3E7_B37E
[ok joint] fid=361 bef -> 4 new .npy in /share/castor/home/e2406749/tropical_forest_disturbance/embeddings/joint/fid_361/bef/20230808T142719_20230808T143119_T20LNR__S1A_IW_GRDH_1SDV_20230813T094942_20230813T095007_049855_05FF04_F481
[ok joint] fid=361 bef -> 4 new .npy in /share/castor/home/e2406749/tropical_forest_disturbance/embeddings/joint/fid_361/bef/20230515T142711_20230515T142713_T20LNR__S1A_IW_GRDH_1SDV_20230509T094937_20230509T095002_048455_05D42C_4A7D
[ok joint] fid=361 aft -> 4 new .npy in /share/castor/home/e2406749/tropical_forest_disturbance/embeddings/joint/fid_361/aft/20230927T142719_20230927T142849_T20LNR__S1A_IW_GRDH_1SDV_20230930T094944_20230930T095009_050555_0616E4_8B83
[ok joint] fid=361 aft -> 4 new .npy in /share/castor/home/e2406749/tropical_forest_disturbance/embeddings/joint/fid_361/aft/20231007T142709_20231007T142929_T20LNR__S1A_IW_GRDH_1SDV_20231012T094943_20231012T095008_050730_061CE6_B0FB
[ok joint] fid=365 bef -> 5 new .npy in /share/castor/home/e2406749/tropical_forest_disturbance/embeddings/joint/fid_365/bef/20230214T142711_20230214T143425_T20LNR__S1A_IW_GRDH_1SDV_20230214T094935_20230214T095000_047230_05AAD4_443E
[ok joint] fid=365 bef -> 5 new .npy in /share/castor/home/e2406749/tropical_forest_disturbance/embeddings/joint/fid_365/bef/20230520T142719_20230520T142902_T20LNR__S1A_IW_GRDH_1SDV_20230521T094937_20230521T095002_048630_05D957_8119
[ok joint] fid=365 bef -> 5 new .npy in /share/castor/home/e2406749/tropical_forest_disturbance/embeddings/joint/fid_365/bef/20230709T142719_20230709T142938_T20LNR__S1A_IW_GRDH_1SDV_20230708T094940_20230708T095005_049330_05EE9A_BD21
[ok joint] fid=365 bef -> 5 new .npy in /share/castor/home/e2406749/tropical_forest_disturbance/embeddings/joint/fid_365/bef/20230719T142719_20230719T142939_T20LNR__S1A_IW_GRDH_1SDV_20230720T094940_20230720T095005_049505_05F3ED_61B1
[ok joint] fid=365 bef -> 5 new .npy in /share/castor/home/e2406749/tropical_forest_disturbance/embeddings/joint/fid_365/bef/20230604T142721_20230604T142716_T20LNR__S1A_IW_GRDH_1SDV_20230602T094938_20230602T095003_048805_05DE8B_61F1
[ok joint] fid=365 bef -> 5 new .npy in /share/castor/home/e2406749/tropical_forest_disturbance/embeddings/joint/fid_365/bef/20230624T142721_20230624T142715_T20LNR__S1A_IW_GRDH_1SDV_20230626T094939_20230626T095004_049155_05E932_87DB
[ok joint] fid=365 bef -> 5 new .npy in /share/castor/home/e2406749/tropical_forest_disturbance/embeddings/joint/fid_365/bef/20230823T142721_20230823T143116_T20LNR__S1A_IW_GRDH_1SDV_20230825T094943_20230825T095008_050030_0604F6_5B1D
[ok joint] fid=365 bef -> 5 new .npy in /share/castor/home/e2406749/tropical_forest_disturbance/embeddings/joint/fid_365/bef/20230430T142719_20230430T142714_T20LNR__S1A_IW_GRDH_1SDV_20230427T094936_20230427T095001_048280_05CE51_C3AC
[ok joint] fid=365 bef -> 5 new .npy in /share/castor/home/e2406749/tropical_forest_disturbance/embeddings/joint/fid_365/bef/20230729T142719_20230729T142718_T20LNR__S1A_IW_GRDH_1SDV_20230801T094941_20230801T095006_049680_05F959_7E64
[ok joint] fid=365 bef -> 5 new .npy in /share/castor/home/e2406749/tropical_forest_disturbance/embeddings/joint/fid_365/bef/20230609T142719_20230609T142938_T20LNR__S1A_IW_GRDH_1SDV_20230614T094938_20230614T095003_048980_05E3E7_B37E
[ok joint] fid=365 bef -> 5 new .npy in /share/castor/home/e2406749/tropical_forest_disturbance/embeddings/joint/fid_365/bef/20230818T142719_20230818T143227_T20LNR__S1A_IW_GRDH_1SDV_20230813T094942_20230813T095007_049855_05FF04_F481
[ok joint] fid=365 bef -> 5 new .npy in /share/castor/home/e2406749/tropical_forest_disturbance/embeddings/joint/fid_365/bef/20230515T142711_20230515T142713_T20LNR__S1A_IW_GRDH_1SDV_20230509T094937_20230509T095002_048455_05D42C_4A7D
[ok joint] fid=365 aft -> 5 new .npy in /share/castor/home/e2406749/tropical_forest_disturbance/embeddings/joint/fid_365/aft/20230927T142719_20230927T142849_T20LNR__S1A_IW_GRDH_1SDV_20230930T094944_20230930T095009_050555_0616E4_8B83
[ok joint] fid=365 aft -> 5 new .npy in /share/castor/home/e2406749/tropical_forest_disturbance/embeddings/joint/fid_365/aft/20231007T142709_20231007T142929_T20LNR__S1A_IW_GRDH_1SDV_20231012T094943_20231012T095008_050730_061CE6_B0FB
[ok joint] fid=20 bef -> 4 new .npy in /share/castor/home/e2406749/tropical_forest_disturbance/embeddings/joint/fid_20/bef/20230709T142719_20230709T142938_T20LNR__S1A_IW_GRDH_1SDV_20230708T094940_20230708T095005_049330_05EE9A_BD21
[ok joint] fid=20 bef -> 4 new .npy in /share/castor/home/e2406749/tropical_forest_disturbance/embeddings/joint/fid_20/bef/20230719T142719_20230719T142939_T20LNR__S1A_IW_GRDH_1SDV_20230720T094940_20230720T095005_049505_05F3ED_61B1
[ok joint] fid=20 bef -> 4 new .npy in /share/castor/home/e2406749/tropical_forest_disturbance/embeddings/joint/fid_20/bef/20230604T142721_20230604T142716_T20LNR__S1A_IW_GRDH_1SDV_20230602T094938_20230602T095003_048805_05DE8B_61F1
[ok joint] fid=20 bef -> 4 new .npy in /share/castor/home/e2406749/tropical_forest_disturbance/embeddings/joint/fid_20/bef/20230624T142721_20230624T142715_T20LNR__S1A_IW_GRDH_1SDV_20230626T094939_20230626T095004_049155_05E932_87DB
[ok joint] fid=20 bef -> 4 new .npy in /share/castor/home/e2406749/tropical_forest_disturbance/embeddings/joint/fid_20/bef/20230823T142721_20230823T143116_T20LNR__S1A_IW_GRDH_1SDV_20230825T094943_20230825T095008_050030_0604F6_5B1D
[ok joint] fid=20 bef -> 4 new .npy in /share/castor/home/e2406749/tropical_forest_disturbance/embeddings/joint/fid_20/bef/20230301T142709_20230301T142737_T20LNR__S1A_IW_GRDH_1SDV_20230226T094935_20230226T095000_047405_05B0D3_E8BA
[ok joint] fid=20 bef -> 4 new .npy in /share/castor/home/e2406749/tropical_forest_disturbance/embeddings/joint/fid_20/bef/20230430T142719_20230430T142714_T20LNR__S1A_IW_GRDH_1SDV_20230427T094936_20230427T095001_048280_05CE51_C3AC
[ok joint] fid=20 bef -> 4 new .npy in /share/castor/home/e2406749/tropical_forest_disturbance/embeddings/joint/fid_20/bef/20230609T142719_20230609T142938_T20LNR__S1A_IW_GRDH_1SDV_20230614T094938_20230614T095003_048980_05E3E7_B37E
[ok joint] fid=20 bef -> 4 new .npy in /share/castor/home/e2406749/tropical_forest_disturbance/embeddings/joint/fid_20/bef/20230515T142711_20230515T142713_T20LNR__S1A_IW_GRDH_1SDV_20230509T094937_20230509T095002_048455_05D42C_4A7D
[ok joint] fid=20 bef -> 4 new .npy in /share/castor/home/e2406749/tropical_forest_disturbance/embeddings/joint/fid_20/bef/20230912T142721_20230912T143158_T20LNR__S1A_IW_GRDH_1SDV_20230906T094943_20230906T095008_050205_060AF4_E713
[ok joint] fid=20 bef -> 4 new .npy in /share/castor/home/e2406749/tropical_forest_disturbance/embeddings/joint/fid_20/bef/20231007T142709_20231007T142929_T20LNR__S1A_IW_GRDH_1SDV_20230930T094944_20230930T095009_050555_0616E4_8B83
[ok joint] fid=20 evt -> 4 new .npy in /share/castor/home/e2406749/tropical_forest_disturbance/embeddings/joint/fid_20/evt/20231012T142711_20231012T143437_T20LNR__S1A_IW_GRDH_1SDV_20231012T094943_20231012T095008_050730_061CE6_B0FB
[ok joint] fid=20 aft -> 4 new .npy in /share/castor/home/e2406749/tropical_forest_disturbance/embeddings/joint/fid_20/aft/20231106T142719_20231106T142726_T20LNR__S1A_IW_GRDH_1SDV_20231105T094944_20231105T095009_051080_0628DA_EC5A
[ok joint] fid=21 bef -> 1 new .npy in /share/castor/home/e2406749/tropical_forest_disturbance/embeddings/joint/fid_21/bef/20230214T142711_20230214T143425_T20LNR__S1A_IW_GRDH_1SDV_20230214T094935_20230214T095000_047230_05AAD4_443E
[ok joint] fid=21 bef -> 1 new .npy in /share/castor/home/e2406749/tropical_forest_disturbance/embeddings/joint/fid_21/bef/20230520T142719_20230520T142902_T20LNR__S1A_IW_GRDH_1SDV_20230521T094937_20230521T095002_048630_05D957_8119
[ok joint] fid=21 bef -> 1 new .npy in /share/castor/home/e2406749/tropical_forest_disturbance/embeddings/joint/fid_21/bef/20230709T142719_20230709T142938_T20LNR__S1A_IW_GRDH_1SDV_20230708T094940_20230708T095005_049330_05EE9A_BD21
[ok joint] fid=21 bef -> 1 new .npy in /share/castor/home/e2406749/tropical_forest_disturbance/embeddings/joint/fid_21/bef/20230719T142719_20230719T142939_T20LNR__S1A_IW_GRDH_1SDV_20230720T094940_20230720T095005_049505_05F3ED_61B1
[ok joint] fid=21 bef -> 1 new .npy in /share/castor/home/e2406749/tropical_forest_disturbance/embeddings/joint/fid_21/bef/20230604T142721_20230604T142716_T20LNR__S1A_IW_GRDH_1SDV_20230602T094938_20230602T095003_048805_05DE8B_61F1
[ok joint] fid=21 bef -> 1 new .npy in /share/castor/home/e2406749/tropical_forest_disturbance/embeddings/joint/fid_21/bef/20230624T142721_20230624T142715_T20LNR__S1A_IW_GRDH_1SDV_20230626T094939_20230626T095004_049155_05E932_87DB
[ok joint] fid=21 bef -> 1 new .npy in /share/castor/home/e2406749/tropical_forest_disturbance/embeddings/joint/fid_21/bef/20230803T142721_20230803T143434_T20LNR__S1A_IW_GRDH_1SDV_20230801T094941_20230801T095006_049680_05F959_7E64
[ok joint] fid=21 bef -> 1 new .npy in /share/castor/home/e2406749/tropical_forest_disturbance/embeddings/joint/fid_21/bef/20230301T142709_20230301T142737_T20LNR__S1A_IW_GRDH_1SDV_20230226T094935_20230226T095000_047405_05B0D3_E8BA
[ok joint] fid=21 bef -> 1 new .npy in /share/castor/home/e2406749/tropical_forest_disturbance/embeddings/joint/fid_21/bef/20230430T142719_20230430T142714_T20LNR__S1A_IW_GRDH_1SDV_20230427T094936_20230427T095001_048280_05CE51_C3AC
[ok joint] fid=21 bef -> 1 new .npy in /share/castor/home/e2406749/tropical_forest_disturbance/embeddings/joint/fid_21/bef/20230828T142719_20230828T142716_T20LNR__S1A_IW_GRDH_1SDV_20230825T094943_20230825T095008_050030_0604F6_5B1D
[ok joint] fid=21 bef -> 1 new .npy in /share/castor/home/e2406749/tropical_forest_disturbance/embeddings/joint/fid_21/bef/20230927T142719_20230927T142849_T20LNR__S1A_IW_GRDH_1SDV_20230930T094944_20230930T095009_050555_0616E4_8B83
[ok joint] fid=21 bef -> 1 new .npy in /share/castor/home/e2406749/tropical_forest_disturbance/embeddings/joint/fid_21/bef/20230609T142719_20230609T142938_T20LNR__S1A_IW_GRDH_1SDV_20230614T094938_20230614T095003_048980_05E3E7_B37E
[ok joint] fid=21 bef -> 1 new .npy in /share/castor/home/e2406749/tropical_forest_disturbance/embeddings/joint/fid_21/bef/20230808T142719_20230808T143119_T20LNR__S1A_IW_GRDH_1SDV_20230813T094942_20230813T095007_049855_05FF04_F481
[ok joint] fid=21 bef -> 1 new .npy in /share/castor/home/e2406749/tropical_forest_disturbance/embeddings/joint/fid_21/bef/20230515T142711_20230515T142713_T20LNR__S1A_IW_GRDH_1SDV_20230509T094937_20230509T095002_048455_05D42C_4A7D
[ok joint] fid=21 evt -> 1 new .npy in /share/castor/home/e2406749/tropical_forest_disturbance/embeddings/joint/fid_21/evt/20231012T142711_20231012T143437_T20LNR__S1A_IW_GRDH_1SDV_20231012T094943_20231012T095008_050730_061CE6_B0FB
[ok joint] fid=21 aft -> 1 new .npy in /share/castor/home/e2406749/tropical_forest_disturbance/embeddings/joint/fid_21/aft/20231106T142719_20231106T142726_T20LNR__S1A_IW_GRDH_1SDV_20231105T094944_20231105T095009_051080_0628DA_EC5A
[ok joint] fid=25 bef -> 1 new .npy in /share/castor/home/e2406749/tropical_forest_disturbance/embeddings/joint/fid_25/bef/20230709T142719_20230709T142938_T20LNR__S1A_IW_GRDH_1SDV_20230708T094940_20230708T095005_049330_05EE9A_BD21
[ok joint] fid=25 bef -> 1 new .npy in /share/castor/home/e2406749/tropical_forest_disturbance/embeddings/joint/fid_25/bef/20230719T142719_20230719T142939_T20LNR__S1A_IW_GRDH_1SDV_20230720T094940_20230720T095005_049505_05F3ED_61B1
[ok joint] fid=25 bef -> 1 new .npy in /share/castor/home/e2406749/tropical_forest_disturbance/embeddings/joint/fid_25/bef/20230604T142721_20230604T142716_T20LNR__S1A_IW_GRDH_1SDV_20230602T094938_20230602T095003_048805_05DE8B_61F1
[ok joint] fid=25 bef -> 1 new .npy in /share/castor/home/e2406749/tropical_forest_disturbance/embeddings/joint/fid_25/bef/20230624T142721_20230624T142715_T20LNR__S1A_IW_GRDH_1SDV_20230626T094939_20230626T095004_049155_05E932_87DB
[ok joint] fid=25 bef -> 1 new .npy in /share/castor/home/e2406749/tropical_forest_disturbance/embeddings/joint/fid_25/bef/20230803T142721_20230803T143434_T20LNR__S1A_IW_GRDH_1SDV_20230801T094941_20230801T095006_049680_05F959_7E64
[ok joint] fid=25 bef -> 1 new .npy in /share/castor/home/e2406749/tropical_forest_disturbance/embeddings/joint/fid_25/bef/20231002T142711_20231002T143108_T20LNR__S1A_IW_GRDH_1SDV_20230930T094944_20230930T095009_050555_0616E4_8B83
[ok joint] fid=25 bef -> 1 new .npy in /share/castor/home/e2406749/tropical_forest_disturbance/embeddings/joint/fid_25/bef/20230301T142709_20230301T142737_T20LNR__S1A_IW_GRDH_1SDV_20230226T094935_20230226T095000_047405_05B0D3_E8BA
[ok joint] fid=25 bef -> 1 new .npy in /share/castor/home/e2406749/tropical_forest_disturbance/embeddings/joint/fid_25/bef/20230430T142719_20230430T142714_T20LNR__S1A_IW_GRDH_1SDV_20230427T094936_20230427T095001_048280_05CE51_C3AC
[ok joint] fid=25 bef -> 1 new .npy in /share/castor/home/e2406749/tropical_forest_disturbance/embeddings/joint/fid_25/bef/20230828T142719_20230828T142716_T20LNR__S1A_IW_GRDH_1SDV_20230825T094943_20230825T095008_050030_0604F6_5B1D
[ok joint] fid=25 bef -> 1 new .npy in /share/castor/home/e2406749/tropical_forest_disturbance/embeddings/joint/fid_25/bef/20230125T142711_20230125T142709_T20LNR__S1A_IW_GRDH_1SDV_20230121T094935_20230121T095000_046880_059F24_7A3A
[ok joint] fid=25 bef -> 1 new .npy in /share/castor/home/e2406749/tropical_forest_disturbance/embeddings/joint/fid_25/bef/20230306T142711_20230306T143243_T20LNR__S1A_IW_GRDH_1SDV_20230310T094935_20230310T095000_047580_05B6BD_B228
[ok joint] fid=25 bef -> 1 new .npy in /share/castor/home/e2406749/tropical_forest_disturbance/embeddings/joint/fid_25/bef/20230326T142711_20230326T142710_T20LNR__S1A_IW_GRDH_1SDV_20230322T094935_20230322T095000_047755_05BCAD_A5E4
[ok joint] fid=25 bef -> 1 new .npy in /share/castor/home/e2406749/tropical_forest_disturbance/embeddings/joint/fid_25/bef/20230525T142721_20230525T142853_T20LNR__S1A_IW_GRDH_1SDV_20230521T094937_20230521T095002_048630_05D957_8119
[ok joint] fid=25 bef -> 1 new .npy in /share/castor/home/e2406749/tropical_forest_disturbance/embeddings/joint/fid_25/bef/20230609T142719_20230609T142938_T20LNR__S1A_IW_GRDH_1SDV_20230614T094938_20230614T095003_048980_05E3E7_B37E
[ok joint] fid=25 bef -> 1 new .npy in /share/castor/home/e2406749/tropical_forest_disturbance/embeddings/joint/fid_25/bef/20230808T142719_20230808T143119_T20LNR__S1A_IW_GRDH_1SDV_20230813T094942_20230813T095007_049855_05FF04_F481
[ok joint] fid=25 bef -> 1 new .npy in /share/castor/home/e2406749/tropical_forest_disturbance/embeddings/joint/fid_25/bef/20230515T142711_20230515T142713_T20LNR__S1A_IW_GRDH_1SDV_20230509T094937_20230509T095002_048455_05D42C_4A7D
[ok joint] fid=25 evt -> 1 new .npy in /share/castor/home/e2406749/tropical_forest_disturbance/embeddings/joint/fid_25/evt/20231012T142711_20231012T143437_T20LNR__S1A_IW_GRDH_1SDV_20231012T094943_20231012T095008_050730_061CE6_B0FB
[ok joint] fid=25 aft -> 1 new .npy in /share/castor/home/e2406749/tropical_forest_disturbance/embeddings/joint/fid_25/aft/20231106T142719_20231106T142726_T20LNR__S1A_IW_GRDH_1SDV_20231105T094944_20231105T095009_051080_0628DA_EC5A
[ok joint] fid=26 bef -> 1 new .npy in /share/castor/home/e2406749/tropical_forest_disturbance/embeddings/joint/fid_26/bef/20230709T142719_20230709T142938_T20LNR__S1A_IW_GRDH_1SDV_20230708T094940_20230708T095005_049330_05EE9A_BD21
[ok joint] fid=26 bef -> 1 new .npy in /share/castor/home/e2406749/tropical_forest_disturbance/embeddings/joint/fid_26/bef/20230719T142719_20230719T142939_T20LNR__S1A_IW_GRDH_1SDV_20230720T094940_20230720T095005_049505_05F3ED_61B1
[ok joint] fid=26 bef -> 1 new .npy in /share/castor/home/e2406749/tropical_forest_disturbance/embeddings/joint/fid_26/bef/20230604T142721_20230604T142716_T20LNR__S1A_IW_GRDH_1SDV_20230602T094938_20230602T095003_048805_05DE8B_61F1
[ok joint] fid=26 bef -> 1 new .npy in /share/castor/home/e2406749/tropical_forest_disturbance/embeddings/joint/fid_26/bef/20230624T142721_20230624T142715_T20LNR__S1A_IW_GRDH_1SDV_20230626T094939_20230626T095004_049155_05E932_87DB
[ok joint] fid=26 bef -> 1 new .npy in /share/castor/home/e2406749/tropical_forest_disturbance/embeddings/joint/fid_26/bef/20230803T142721_20230803T143434_T20LNR__S1A_IW_GRDH_1SDV_20230801T094941_20230801T095006_049680_05F959_7E64
[ok joint] fid=26 bef -> 1 new .npy in /share/castor/home/e2406749/tropical_forest_disturbance/embeddings/joint/fid_26/bef/20231002T142711_20231002T143108_T20LNR__S1A_IW_GRDH_1SDV_20230930T094944_20230930T095009_050555_0616E4_8B83
[ok joint] fid=26 bef -> 1 new .npy in /share/castor/home/e2406749/tropical_forest_disturbance/embeddings/joint/fid_26/bef/20230301T142709_20230301T142737_T20LNR__S1A_IW_GRDH_1SDV_20230226T094935_20230226T095000_047405_05B0D3_E8BA
[ok joint] fid=26 bef -> 1 new .npy in /share/castor/home/e2406749/tropical_forest_disturbance/embeddings/joint/fid_26/bef/20230430T142719_20230430T142714_T20LNR__S1A_IW_GRDH_1SDV_20230427T094936_20230427T095001_048280_05CE51_C3AC
[ok joint] fid=26 bef -> 1 new .npy in /share/castor/home/e2406749/tropical_forest_disturbance/embeddings/joint/fid_26/bef/20230828T142719_20230828T142716_T20LNR__S1A_IW_GRDH_1SDV_20230825T094943_20230825T095008_050030_0604F6_5B1D
[ok joint] fid=26 bef -> 1 new .npy in /share/castor/home/e2406749/tropical_forest_disturbance/embeddings/joint/fid_26/bef/20230326T142711_20230326T142710_T20LNR__S1A_IW_GRDH_1SDV_20230322T094935_20230322T095000_047755_05BCAD_A5E4
[ok joint] fid=26 bef -> 1 new .npy in /share/castor/home/e2406749/tropical_forest_disturbance/embeddings/joint/fid_26/bef/20230525T142721_20230525T142853_T20LNR__S1A_IW_GRDH_1SDV_20230521T094937_20230521T095002_048630_05D957_8119
[ok joint] fid=26 bef -> 1 new .npy in /share/castor/home/e2406749/tropical_forest_disturbance/embeddings/joint/fid_26/bef/20230609T142719_20230609T142938_T20LNR__S1A_IW_GRDH_1SDV_20230614T094938_20230614T095003_048980_05E3E7_B37E
[ok joint] fid=26 bef -> 1 new .npy in /share/castor/home/e2406749/tropical_forest_disturbance/embeddings/joint/fid_26/bef/20230808T142719_20230808T143119_T20LNR__S1A_IW_GRDH_1SDV_20230813T094942_20230813T095007_049855_05FF04_F481
[ok joint] fid=26 bef -> 1 new .npy in /share/castor/home/e2406749/tropical_forest_disturbance/embeddings/joint/fid_26/bef/20230515T142711_20230515T142713_T20LNR__S1A_IW_GRDH_1SDV_20230509T094937_20230509T095002_048455_05D42C_4A7D
[ok joint] fid=26 evt -> 1 new .npy in /share/castor/home/e2406749/tropical_forest_disturbance/embeddings/joint/fid_26/evt/20231012T142711_20231012T143437_T20LNR__S1A_IW_GRDH_1SDV_20231012T094943_20231012T095008_050730_061CE6_B0FB
[ok joint] fid=26 aft -> 1 new .npy in /share/castor/home/e2406749/tropical_forest_disturbance/embeddings/joint/fid_26/aft/20231106T142719_20231106T142726_T20LNR__S1A_IW_GRDH_1SDV_20231105T094944_20231105T095009_051080_0628DA_EC5A
[ok joint] fid=63 bef -> 5 new .npy in /share/castor/home/e2406749/tropical_forest_disturbance/embeddings/joint/fid_63/bef/20230214T142711_20230214T143425_T20LNR__S1A_IW_GRDH_1SDV_20230214T094935_20230214T095000_047230_05AAD4_443E
[ok joint] fid=63 bef -> 5 new .npy in /share/castor/home/e2406749/tropical_forest_disturbance/embeddings/joint/fid_63/bef/20230520T142719_20230520T142902_T20LNR__S1A_IW_GRDH_1SDV_20230521T094937_20230521T095002_048630_05D957_8119
[ok joint] fid=63 bef -> 5 new .npy in /share/castor/home/e2406749/tropical_forest_disturbance/embeddings/joint/fid_63/bef/20230709T142719_20230709T142938_T20LNR__S1A_IW_GRDH_1SDV_20230708T094940_20230708T095005_049330_05EE9A_BD21
[ok joint] fid=63 bef -> 5 new .npy in /share/castor/home/e2406749/tropical_forest_disturbance/embeddings/joint/fid_63/bef/20230719T142719_20230719T142939_T20LNR__S1A_IW_GRDH_1SDV_20230720T094940_20230720T095005_049505_05F3ED_61B1
[ok joint] fid=63 bef -> 5 new .npy in /share/castor/home/e2406749/tropical_forest_disturbance/embeddings/joint/fid_63/bef/20230604T142721_20230604T142716_T20LNR__S1A_IW_GRDH_1SDV_20230602T094938_20230602T095003_048805_05DE8B_61F1
[ok joint] fid=63 bef -> 5 new .npy in /share/castor/home/e2406749/tropical_forest_disturbance/embeddings/joint/fid_63/bef/20230624T142721_20230624T142715_T20LNR__S1A_IW_GRDH_1SDV_20230626T094939_20230626T095004_049155_05E932_87DB
[ok joint] fid=63 bef -> 5 new .npy in /share/castor/home/e2406749/tropical_forest_disturbance/embeddings/joint/fid_63/bef/20230823T142721_20230823T143116_T20LNR__S1A_IW_GRDH_1SDV_20230825T094943_20230825T095008_050030_0604F6_5B1D
[ok joint] fid=63 bef -> 5 new .npy in /share/castor/home/e2406749/tropical_forest_disturbance/embeddings/joint/fid_63/bef/20231002T142711_20231002T143108_T20LNR__S1A_IW_GRDH_1SDV_20230930T094944_20230930T095009_050555_0616E4_8B83
[ok joint] fid=63 bef -> 5 new .npy in /share/castor/home/e2406749/tropical_forest_disturbance/embeddings/joint/fid_63/bef/20230430T142719_20230430T142714_T20LNR__S1A_IW_GRDH_1SDV_20230427T094936_20230427T095001_048280_05CE51_C3AC
[ok joint] fid=63 bef -> 5 new .npy in /share/castor/home/e2406749/tropical_forest_disturbance/embeddings/joint/fid_63/bef/20230729T142719_20230729T142718_T20LNR__S1A_IW_GRDH_1SDV_20230801T094941_20230801T095006_049680_05F959_7E64
[ok joint] fid=63 bef -> 5 new .npy in /share/castor/home/e2406749/tropical_forest_disturbance/embeddings/joint/fid_63/bef/20230609T142719_20230609T142938_T20LNR__S1A_IW_GRDH_1SDV_20230614T094938_20230614T095003_048980_05E3E7_B37E
[ok joint] fid=63 bef -> 5 new .npy in /share/castor/home/e2406749/tropical_forest_disturbance/embeddings/joint/fid_63/bef/20230818T142719_20230818T143227_T20LNR__S1A_IW_GRDH_1SDV_20230813T094942_20230813T095007_049855_05FF04_F481
[ok joint] fid=63 bef -> 5 new .npy in /share/castor/home/e2406749/tropical_forest_disturbance/embeddings/joint/fid_63/bef/20230515T142711_20230515T142713_T20LNR__S1A_IW_GRDH_1SDV_20230509T094937_20230509T095002_048455_05D42C_4A7D
[ok joint] fid=63 aft -> 5 new .npy in /share/castor/home/e2406749/tropical_forest_disturbance/embeddings/joint/fid_63/aft/20231111T142711_20231111T142711_T20LNR__S1A_IW_GRDH_1SDV_20231105T094944_20231105T095009_051080_0628DA_EC5A
[ok joint] fid=147 bef -> 1 new .npy in /share/castor/home/e2406749/tropical_forest_disturbance/embeddings/joint/fid_147/bef/20230214T142711_20230214T143425_T20LMR__S1A_IW_GRDH_1SDV_20230214T094935_20230214T095000_047230_05AAD4_443E
[ok joint] fid=147 bef -> 1 new .npy in /share/castor/home/e2406749/tropical_forest_disturbance/embeddings/joint/fid_147/bef/20230301T142709_20230301T142737_T20LMR__S1A_IW_GRDH_1SDV_20230226T094935_20230226T095000_047405_05B0D3_E8BA
[ok joint] fid=147 aft -> 1 new .npy in /share/castor/home/e2406749/tropical_forest_disturbance/embeddings/joint/fid_147/aft/20230430T142719_20230430T142714_T20LMR__S1A_IW_GRDH_1SDV_20230427T094936_20230427T095001_048280_05CE51_C3AC
[ok joint] fid=149 bef -> 2 new .npy in /share/castor/home/e2406749/tropical_forest_disturbance/embeddings/joint/fid_149/bef/20230214T142711_20230214T143425_T20LNR__S1A_IW_GRDH_1SDV_20230214T094935_20230214T095000_047230_05AAD4_443E
[ok joint] fid=149 bef -> 2 new .npy in /share/castor/home/e2406749/tropical_forest_disturbance/embeddings/joint/fid_149/bef/20230224T142711_20230224T143045_T20LNR__S1A_IW_GRDH_1SDV_20230226T094935_20230226T095000_047405_05B0D3_E8BA
[ok joint] fid=149 bef -> 2 new .npy in /share/castor/home/e2406749/tropical_forest_disturbance/embeddings/joint/fid_149/bef/20230326T142711_20230326T142710_T20LNR__S1A_IW_GRDH_1SDV_20230322T094935_20230322T095000_047755_05BCAD_A5E4
[ok joint] fid=149 bef -> 2 new .npy in /share/castor/home/e2406749/tropical_forest_disturbance/embeddings/joint/fid_149/bef/20230115T142711_20230115T142817_T20LNR__S1A_IW_GRDH_1SDV_20230109T094936_20230109T095001_046705_05993A_763B
[ok joint] fid=149 aft -> 2 new .npy in /share/castor/home/e2406749/tropical_forest_disturbance/embeddings/joint/fid_149/aft/20230430T142719_20230430T142714_T20LNR__S1A_IW_GRDH_1SDV_20230427T094936_20230427T095001_048280_05CE51_C3AC
[ok joint] fid=152 bef -> 2 new .npy in /share/castor/home/e2406749/tropical_forest_disturbance/embeddings/joint/fid_152/bef/20230214T142711_20230214T143425_T20LMR__S1A_IW_GRDH_1SDV_20230214T094935_20230214T095000_047230_05AAD4_443E
[ok joint] fid=152 bef -> 2 new .npy in /share/castor/home/e2406749/tropical_forest_disturbance/embeddings/joint/fid_152/bef/20230301T142709_20230301T142737_T20LMR__S1A_IW_GRDH_1SDV_20230226T094935_20230226T095000_047405_05B0D3_E8BA
[ok joint] fid=152 bef -> 2 new .npy in /share/castor/home/e2406749/tropical_forest_disturbance/embeddings/joint/fid_152/bef/20230115T142711_20230115T142817_T20LMR__S1A_IW_GRDH_1SDV_20230109T094936_20230109T095001_046705_05993A_763B
[ok joint] fid=152 aft -> 2 new .npy in /share/castor/home/e2406749/tropical_forest_disturbance/embeddings/joint/fid_152/aft/20230515T142711_20230515T142713_T20LMR__S1A_IW_GRDH_1SDV_20230509T094937_20230509T095002_048455_05D42C_4A7D
[ok joint] fid=277 bef -> 4 new .npy in /share/castor/home/e2406749/tropical_forest_disturbance/embeddings/joint/fid_277/bef/20230214T142711_20230214T143425_T20LMR__S1A_IW_GRDH_1SDV_20230214T094935_20230214T095000_047230_05AAD4_443E
[ok joint] fid=277 bef -> 4 new .npy in /share/castor/home/e2406749/tropical_forest_disturbance/embeddings/joint/fid_277/bef/20230301T142709_20230301T142737_T20LMR__S1A_IW_GRDH_1SDV_20230226T094935_20230226T095000_047405_05B0D3_E8BA
[ok joint] fid=277 evt -> 4 new .npy in /share/castor/home/e2406749/tropical_forest_disturbance/embeddings/joint/fid_277/evt/20230430T142719_20230430T142714_T20LMR__S1A_IW_GRDH_1SDV_20230427T094936_20230427T095001_048280_05CE51_C3AC
[ok joint] fid=277 aft -> 4 new .npy in /share/castor/home/e2406749/tropical_forest_disturbance/embeddings/joint/fid_277/aft/20230515T142711_20230515T142713_T20LMR__S1A_IW_GRDH_1SDV_20230509T094937_20230509T095002_048455_05D42C_4A7D
[ok joint] fid=154 bef -> 2 new .npy in /share/castor/home/e2406749/tropical_forest_disturbance/embeddings/joint/fid_154/bef/20230214T142711_20230214T143425_T20LNR__S1A_IW_GRDH_1SDV_20230214T094935_20230214T095000_047230_05AAD4_443E
[ok joint] fid=154 bef -> 2 new .npy in /share/castor/home/e2406749/tropical_forest_disturbance/embeddings/joint/fid_154/bef/20230301T142709_20230301T142737_T20LNR__S1A_IW_GRDH_1SDV_20230226T094935_20230226T095000_047405_05B0D3_E8BA
[ok joint] fid=154 bef -> 2 new .npy in /share/castor/home/e2406749/tropical_forest_disturbance/embeddings/joint/fid_154/bef/20230115T142711_20230115T142817_T20LNR__S1A_IW_GRDH_1SDV_20230109T094936_20230109T095001_046705_05993A_763B
[ok joint] fid=154 aft -> 2 new .npy in /share/castor/home/e2406749/tropical_forest_disturbance/embeddings/joint/fid_154/aft/20230520T142719_20230520T142902_T20LNR__S1A_IW_GRDH_1SDV_20230521T094937_20230521T095002_048630_05D957_8119
[ok joint] fid=154 aft -> 2 new .npy in /share/castor/home/e2406749/tropical_forest_disturbance/embeddings/joint/fid_154/aft/20230515T142711_20230515T142713_T20LNR__S1A_IW_GRDH_1SDV_20230509T094937_20230509T095002_048455_05D42C_4A7D
[done joint] All embeddings already exist in /share/castor/home/e2406749/tropical_forest_disturbance/embeddings/joint/fid_224/bef/20230214T142711_20230214T143425_T20LNR__S1A_IW_GRDH_1SDV_20230214T094910_20230214T094935_047230_05AAD4_E27D
[done joint] All embeddings already exist in /share/castor/home/e2406749/tropical_forest_disturbance/embeddings/joint/fid_224/aft/20230520T142719_20230520T142902_T20LNR__S1A_IW_GRDH_1SDV_20230521T094912_20230521T094937_048630_05D957_8539
[done joint] All embeddings already exist in /share/castor/home/e2406749/tropical_forest_disturbance/embeddings/joint/fid_224/aft/20230515T142711_20230515T142713_T20LNR__S1A_IW_GRDH_1SDV_20230509T094912_20230509T094937_048455_05D42C_BB80
[ok joint] fid=225 bef -> 2 new .npy in /share/castor/home/e2406749/tropical_forest_disturbance/embeddings/joint/fid_225/bef/20230420T142719_20230420T142714_T20LNR__S1A_IW_GRDH_1SDV_20230415T094911_20230415T094936_048105_05C876_50BE
[ok joint] fid=225 aft -> 2 new .npy in /share/castor/home/e2406749/tropical_forest_disturbance/embeddings/joint/fid_225/aft/20230520T142719_20230520T142902_T20LNR__S1A_IW_GRDH_1SDV_20230521T094912_20230521T094937_048630_05D957_8539
[ok joint] fid=225 aft -> 2 new .npy in /share/castor/home/e2406749/tropical_forest_disturbance/embeddings/joint/fid_225/aft/20230515T142711_20230515T142713_T20LNR__S1A_IW_GRDH_1SDV_20230509T094912_20230509T094937_048455_05D42C_BB80
[ok joint] fid=279 bef -> 4 new .npy in /share/castor/home/e2406749/tropical_forest_disturbance/embeddings/joint/fid_279/bef/20230326T142711_20230326T142710_T20LNR__S1A_IW_GRDH_1SDV_20230322T094910_20230322T094935_047755_05BCAD_F524
[ok joint] fid=279 bef -> 4 new .npy in /share/castor/home/e2406749/tropical_forest_disturbance/embeddings/joint/fid_279/bef/20230420T142719_20230420T142714_T20LNR__S1A_IW_GRDH_1SDV_20230415T094911_20230415T094936_048105_05C876_50BE
[ok joint] fid=279 aft -> 4 new .npy in /share/castor/home/e2406749/tropical_forest_disturbance/embeddings/joint/fid_279/aft/20230510T142719_20230510T142819_T20LNR__S1A_IW_GRDH_1SDV_20230509T094912_20230509T094937_048455_05D42C_BB80
[ok joint] fid=279 aft -> 4 new .npy in /share/castor/home/e2406749/tropical_forest_disturbance/embeddings/joint/fid_279/aft/20230515T142711_20230515T142713_T20LNR__S1A_IW_GRDH_1SDV_20230521T094912_20230521T094937_048630_05D957_8539
[ok joint] fid=99 evt -> 2 new .npy in /share/castor/home/e2406749/tropical_forest_disturbance/embeddings/joint/fid_99/evt/20230430T142719_20230430T142714_T20LNR__S1A_IW_GRDH_1SDV_20230427T094936_20230427T095001_048280_05CE51_C3AC
[ok joint] fid=99 aft -> 2 new .npy in /share/castor/home/e2406749/tropical_forest_disturbance/embeddings/joint/fid_99/aft/20230520T142719_20230520T142902_T20LNR__S1A_IW_GRDH_1SDV_20230521T094937_20230521T095002_048630_05D957_8119
[ok joint] fid=155 bef -> 2 new .npy in /share/castor/home/e2406749/tropical_forest_disturbance/embeddings/joint/fid_155/bef/20230214T142711_20230214T143425_T20LNR__S1A_IW_GRDH_1SDV_20230214T094935_20230214T095000_047230_05AAD4_443E
[ok joint] fid=155 bef -> 2 new .npy in /share/castor/home/e2406749/tropical_forest_disturbance/embeddings/joint/fid_155/bef/20230420T142719_20230420T142714_T20LNR__S1A_IW_GRDH_1SDV_20230415T094936_20230415T095001_048105_05C876_7D01
[ok joint] fid=155 bef -> 2 new .npy in /share/castor/home/e2406749/tropical_forest_disturbance/embeddings/joint/fid_155/bef/20230115T142711_20230115T142817_T20LNR__S1A_IW_GRDH_1SDV_20230109T094936_20230109T095001_046705_05993A_763B
[ok joint] fid=155 evt -> 2 new .npy in /share/castor/home/e2406749/tropical_forest_disturbance/embeddings/joint/fid_155/evt/20230430T142719_20230430T142714_T20LNR__S1A_IW_GRDH_1SDV_20230427T094936_20230427T095001_048280_05CE51_C3AC
[ok joint] fid=155 aft -> 2 new .npy in /share/castor/home/e2406749/tropical_forest_disturbance/embeddings/joint/fid_155/aft/20230525T142721_20230525T142853_T20LNR__S1A_IW_GRDH_1SDV_20230521T094937_20230521T095002_048630_05D957_8119
[done joint] All embeddings already exist in /share/castor/home/e2406749/tropical_forest_disturbance/embeddings/joint/fid_156/bef/20230420T142719_20230420T142714_T20LNR__S1A_IW_GRDH_1SDV_20230415T094936_20230415T095001_048105_05C876_7D01
[done joint] All embeddings already exist in /share/castor/home/e2406749/tropical_forest_disturbance/embeddings/joint/fid_156/evt/20230430T142719_20230430T142714_T20LNR__S1A_IW_GRDH_1SDV_20230427T094936_20230427T095001_048280_05CE51_C3AC
[done joint] All embeddings already exist in /share/castor/home/e2406749/tropical_forest_disturbance/embeddings/joint/fid_156/aft/20230525T142721_20230525T142853_T20LNR__S1A_IW_GRDH_1SDV_20230521T094937_20230521T095002_048630_05D957_8119
[ok joint] fid=280 bef -> 4 new .npy in /share/castor/home/e2406749/tropical_forest_disturbance/embeddings/joint/fid_280/bef/20230214T142711_20230214T143425_T20LNR__S1A_IW_GRDH_1SDV_20230214T094935_20230214T095000_047230_05AAD4_443E
[ok joint] fid=280 evt -> 4 new .npy in /share/castor/home/e2406749/tropical_forest_disturbance/embeddings/joint/fid_280/evt/20230430T142719_20230430T142714_T20LNR__S1A_IW_GRDH_1SDV_20230427T094936_20230427T095001_048280_05CE51_C3AC
[ok joint] fid=280 aft -> 4 new .npy in /share/castor/home/e2406749/tropical_forest_disturbance/embeddings/joint/fid_280/aft/20230525T142721_20230525T142853_T20LNR__S1A_IW_GRDH_1SDV_20230521T094937_20230521T095002_048630_05D957_8119
[ok joint] fid=103 bef -> 2 new .npy in /share/castor/home/e2406749/tropical_forest_disturbance/embeddings/joint/fid_103/bef/20230301T142709_20230301T142737_T20LNR__S1A_IW_GRDH_1SDV_20230226T094935_20230226T095000_047405_05B0D3_E8BA
[ok joint] fid=103 bef -> 2 new .npy in /share/castor/home/e2406749/tropical_forest_disturbance/embeddings/joint/fid_103/bef/20230115T142711_20230115T142817_T20LNR__S1A_IW_GRDH_1SDV_20230109T094936_20230109T095001_046705_05993A_763B
[ok joint] fid=103 evt -> 2 new .npy in /share/castor/home/e2406749/tropical_forest_disturbance/embeddings/joint/fid_103/evt/20230515T142711_20230515T142713_T20LNR__S1A_IW_GRDH_1SDV_20230509T094937_20230509T095002_048455_05D42C_4A7D
[ok joint] fid=103 aft -> 2 new .npy in /share/castor/home/e2406749/tropical_forest_disturbance/embeddings/joint/fid_103/aft/20230604T142721_20230604T142716_T20LNR__S1A_IW_GRDH_1SDV_20230602T094938_20230602T095003_048805_05DE8B_61F1
[ok joint] fid=227 bef -> 4 new .npy in /share/castor/home/e2406749/tropical_forest_disturbance/embeddings/joint/fid_227/bef/20230214T142711_20230214T143425_T20LNR__S1A_IW_GRDH_1SDV_20230214T094935_20230214T095000_047230_05AAD4_443E
[ok joint] fid=227 bef -> 4 new .npy in /share/castor/home/e2406749/tropical_forest_disturbance/embeddings/joint/fid_227/bef/20230301T142709_20230301T142737_T20LNR__S1A_IW_GRDH_1SDV_20230226T094935_20230226T095000_047405_05B0D3_E8BA
[ok joint] fid=227 evt -> 4 new .npy in /share/castor/home/e2406749/tropical_forest_disturbance/embeddings/joint/fid_227/evt/20230515T142711_20230515T142713_T20LNR__S1A_IW_GRDH_1SDV_20230509T094937_20230509T095002_048455_05D42C_4A7D
[ok joint] fid=227 aft -> 4 new .npy in /share/castor/home/e2406749/tropical_forest_disturbance/embeddings/joint/fid_227/aft/20230604T142721_20230604T142716_T20LNR__S1A_IW_GRDH_1SDV_20230602T094938_20230602T095003_048805_05DE8B_61F1
[ok joint] fid=243 bef -> 2 new .npy in /share/castor/home/e2406749/tropical_forest_disturbance/embeddings/joint/fid_243/bef/20230214T142711_20230214T143425_T20LNR__S1A_IW_GRDH_1SDV_20230214T094935_20230214T095000_047230_05AAD4_443E
[ok joint] fid=243 bef -> 2 new .npy in /share/castor/home/e2406749/tropical_forest_disturbance/embeddings/joint/fid_243/bef/20230301T142709_20230301T142737_T20LNR__S1A_IW_GRDH_1SDV_20230226T094935_20230226T095000_047405_05B0D3_E8BA
[ok joint] fid=243 bef -> 2 new .npy in /share/castor/home/e2406749/tropical_forest_disturbance/embeddings/joint/fid_243/bef/20230430T142719_20230430T142714_T20LNR__S1A_IW_GRDH_1SDV_20230427T094936_20230427T095001_048280_05CE51_C3AC
[ok joint] fid=243 evt -> 2 new .npy in /share/castor/home/e2406749/tropical_forest_disturbance/embeddings/joint/fid_243/evt/20230515T142711_20230515T142713_T20LNR__S1A_IW_GRDH_1SDV_20230509T094937_20230509T095002_048455_05D42C_4A7D
[ok joint] fid=243 aft -> 2 new .npy in /share/castor/home/e2406749/tropical_forest_disturbance/embeddings/joint/fid_243/aft/20230604T142721_20230604T142716_T20LNR__S1A_IW_GRDH_1SDV_20230602T094938_20230602T095003_048805_05DE8B_61F1
[ok joint] fid=158 bef -> 5 new .npy in /share/castor/home/e2406749/tropical_forest_disturbance/embeddings/joint/fid_158/bef/20230301T142709_20230301T142737_T20LNR__S1A_IW_GRDH_1SDV_20230226T094935_20230226T095000_047405_05B0D3_E8BA
[ok joint] fid=158 bef -> 5 new .npy in /share/castor/home/e2406749/tropical_forest_disturbance/embeddings/joint/fid_158/bef/20230430T142719_20230430T142714_T20LNR__S1A_IW_GRDH_1SDV_20230427T094936_20230427T095001_048280_05CE51_C3AC
[ok joint] fid=158 evt -> 5 new .npy in /share/castor/home/e2406749/tropical_forest_disturbance/embeddings/joint/fid_158/evt/20230515T142711_20230515T142713_T20LNR__S1A_IW_GRDH_1SDV_20230509T094937_20230509T095002_048455_05D42C_4A7D
[ok joint] fid=158 aft -> 5 new .npy in /share/castor/home/e2406749/tropical_forest_disturbance/embeddings/joint/fid_158/aft/20230604T142721_20230604T142716_T20LNR__S1A_IW_GRDH_1SDV_20230602T094938_20230602T095003_048805_05DE8B_61F1
[ok joint] fid=282 bef -> 1 new .npy in /share/castor/home/e2406749/tropical_forest_disturbance/embeddings/joint/fid_282/bef/20230214T142711_20230214T143425_T20LNR__S1A_IW_GRDH_1SDV_20230214T094935_20230214T095000_047230_05AAD4_443E
[ok joint] fid=282 bef -> 1 new .npy in /share/castor/home/e2406749/tropical_forest_disturbance/embeddings/joint/fid_282/bef/20230301T142709_20230301T142737_T20LNR__S1A_IW_GRDH_1SDV_20230226T094935_20230226T095000_047405_05B0D3_E8BA
[ok joint] fid=282 bef -> 1 new .npy in /share/castor/home/e2406749/tropical_forest_disturbance/embeddings/joint/fid_282/bef/20230430T142719_20230430T142714_T20LNR__S1A_IW_GRDH_1SDV_20230427T094936_20230427T095001_048280_05CE51_C3AC
[ok joint] fid=282 bef -> 1 new .npy in /share/castor/home/e2406749/tropical_forest_disturbance/embeddings/joint/fid_282/bef/20230115T142711_20230115T142817_T20LNR__S1A_IW_GRDH_1SDV_20230109T094936_20230109T095001_046705_05993A_763B
[ok joint] fid=282 evt -> 1 new .npy in /share/castor/home/e2406749/tropical_forest_disturbance/embeddings/joint/fid_282/evt/20230515T142711_20230515T142713_T20LNR__S1A_IW_GRDH_1SDV_20230509T094937_20230509T095002_048455_05D42C_4A7D
[ok joint] fid=282 aft -> 1 new .npy in /share/castor/home/e2406749/tropical_forest_disturbance/embeddings/joint/fid_282/aft/20230604T142721_20230604T142716_T20LNR__S1A_IW_GRDH_1SDV_20230602T094938_20230602T095003_048805_05DE8B_61F1
[ok joint] fid=287 bef -> 2 new .npy in /share/castor/home/e2406749/tropical_forest_disturbance/embeddings/joint/fid_287/bef/20230214T142711_20230214T143425_T20LNR__S1A_IW_GRDH_1SDV_20230214T094935_20230214T095000_047230_05AAD4_443E
[ok joint] fid=287 bef -> 2 new .npy in /share/castor/home/e2406749/tropical_forest_disturbance/embeddings/joint/fid_287/bef/20230430T142719_20230430T142714_T20LNR__S1A_IW_GRDH_1SDV_20230427T094936_20230427T095001_048280_05CE51_C3AC
[ok joint] fid=287 evt -> 2 new .npy in /share/castor/home/e2406749/tropical_forest_disturbance/embeddings/joint/fid_287/evt/20230520T142719_20230520T142902_T20LNR__S1A_IW_GRDH_1SDV_20230521T094937_20230521T095002_048630_05D957_8119
[ok joint] fid=287 aft -> 2 new .npy in /share/castor/home/e2406749/tropical_forest_disturbance/embeddings/joint/fid_287/aft/20230604T142721_20230604T142716_T20LNR__S1A_IW_GRDH_1SDV_20230602T094938_20230602T095003_048805_05DE8B_61F1
[ok joint] fid=287 aft -> 2 new .npy in /share/castor/home/e2406749/tropical_forest_disturbance/embeddings/joint/fid_287/aft/20230609T142719_20230609T142938_T20LNR__S1A_IW_GRDH_1SDV_20230614T094938_20230614T095003_048980_05E3E7_B37E
[ok joint] fid=105 bef -> 3 new .npy in /share/castor/home/e2406749/tropical_forest_disturbance/embeddings/joint/fid_105/bef/20230214T142711_20230214T143425_T20LNR__S1A_IW_GRDH_1SDV_20230214T094910_20230214T094935_047230_05AAD4_E27D
[ok joint] fid=105 bef -> 3 new .npy in /share/castor/home/e2406749/tropical_forest_disturbance/embeddings/joint/fid_105/bef/20230515T142711_20230515T142713_T20LNR__S1A_IW_GRDH_1SDV_20230509T094912_20230509T094937_048455_05D42C_BB80
[ok joint] fid=105 evt -> 3 new .npy in /share/castor/home/e2406749/tropical_forest_disturbance/embeddings/joint/fid_105/evt/20230525T142721_20230525T142853_T20LNR__S1A_IW_GRDH_1SDV_20230521T094912_20230521T094937_048630_05D957_8539
[ok joint] fid=105 aft -> 3 new .npy in /share/castor/home/e2406749/tropical_forest_disturbance/embeddings/joint/fid_105/aft/20230609T142719_20230609T142938_T20LNR__S1A_IW_GRDH_1SDV_20230614T094913_20230614T094938_048980_05E3E7_6485
[ok joint] fid=106 bef -> 1 new .npy in /share/castor/home/e2406749/tropical_forest_disturbance/embeddings/joint/fid_106/bef/20230214T142711_20230214T143425_T20LNR__S1A_IW_GRDH_1SDV_20230214T094910_20230214T094935_047230_05AAD4_E27D
[ok joint] fid=106 bef -> 1 new .npy in /share/castor/home/e2406749/tropical_forest_disturbance/embeddings/joint/fid_106/bef/20230515T142711_20230515T142713_T20LNR__S1A_IW_GRDH_1SDV_20230509T094912_20230509T094937_048455_05D42C_BB80
[ok joint] fid=106 evt -> 1 new .npy in /share/castor/home/e2406749/tropical_forest_disturbance/embeddings/joint/fid_106/evt/20230525T142721_20230525T142853_T20LNR__S1A_IW_GRDH_1SDV_20230521T094912_20230521T094937_048630_05D957_8539
[ok joint] fid=106 aft -> 1 new .npy in /share/castor/home/e2406749/tropical_forest_disturbance/embeddings/joint/fid_106/aft/20230609T142719_20230609T142938_T20LNR__S1A_IW_GRDH_1SDV_20230614T094913_20230614T094938_048980_05E3E7_6485
[done joint] All embeddings already exist in /share/castor/home/e2406749/tropical_forest_disturbance/embeddings/joint/fid_231/bef/20230420T142719_20230420T142714_T20LNR__S1A_IW_GRDH_1SDV_20230415T094911_20230415T094936_048105_05C876_50BE
[done joint] All embeddings already exist in /share/castor/home/e2406749/tropical_forest_disturbance/embeddings/joint/fid_231/aft/20230609T142719_20230609T142938_T20LNR__S1A_IW_GRDH_1SDV_20230614T094913_20230614T094938_048980_05E3E7_6485
[ok joint] fid=232 bef -> 4 new .npy in /share/castor/home/e2406749/tropical_forest_disturbance/embeddings/joint/fid_232/bef/20230214T142711_20230214T143425_T20LNR__S1A_IW_GRDH_1SDV_20230214T094910_20230214T094935_047230_05AAD4_E27D
[ok joint] fid=232 bef -> 4 new .npy in /share/castor/home/e2406749/tropical_forest_disturbance/embeddings/joint/fid_232/bef/20230420T142719_20230420T142714_T20LNR__S1A_IW_GRDH_1SDV_20230415T094911_20230415T094936_048105_05C876_50BE
[ok joint] fid=232 aft -> 4 new .npy in /share/castor/home/e2406749/tropical_forest_disturbance/embeddings/joint/fid_232/aft/20230609T142719_20230609T142938_T20LNR__S1A_IW_GRDH_1SDV_20230614T094913_20230614T094938_048980_05E3E7_6485
[ok joint] fid=120 bef -> 2 new .npy in /share/castor/home/e2406749/tropical_forest_disturbance/embeddings/joint/fid_120/bef/20230214T142711_20230214T143425_T20LNR__S1A_IW_GRDH_1SDV_20230214T094910_20230214T094935_047230_05AAD4_E27D
[ok joint] fid=120 bef -> 2 new .npy in /share/castor/home/e2406749/tropical_forest_disturbance/embeddings/joint/fid_120/bef/20230510T142719_20230510T142819_T20LNR__S1A_IW_GRDH_1SDV_20230509T094912_20230509T094937_048455_05D42C_BB80
[ok joint] fid=120 bef -> 2 new .npy in /share/castor/home/e2406749/tropical_forest_disturbance/embeddings/joint/fid_120/bef/20230604T142721_20230604T142716_T20LNR__S1A_IW_GRDH_1SDV_20230602T094913_20230602T094938_048805_05DE8B_7193
[ok joint] fid=120 bef -> 2 new .npy in /share/castor/home/e2406749/tropical_forest_disturbance/embeddings/joint/fid_120/bef/20230420T142719_20230420T142714_T20LNR__S1A_IW_GRDH_1SDV_20230415T094911_20230415T094936_048105_05C876_50BE
[ok joint] fid=120 bef -> 2 new .npy in /share/castor/home/e2406749/tropical_forest_disturbance/embeddings/joint/fid_120/bef/20230609T142719_20230609T142938_T20LNR__S1A_IW_GRDH_1SDV_20230614T094913_20230614T094938_048980_05E3E7_6485
[ok joint] fid=120 bef -> 2 new .npy in /share/castor/home/e2406749/tropical_forest_disturbance/embeddings/joint/fid_120/bef/20230115T142711_20230115T142817_T20LNR__S1A_IW_GRDH_1SDV_20230109T094911_20230109T094936_046705_05993A_671C
[ok joint] fid=120 bef -> 2 new .npy in /share/castor/home/e2406749/tropical_forest_disturbance/embeddings/joint/fid_120/bef/20230515T142711_20230515T142713_T20LNR__S1A_IW_GRDH_1SDV_20230521T094912_20230521T094937_048630_05D957_8539
[ok joint] fid=120 evt -> 2 new .npy in /share/castor/home/e2406749/tropical_forest_disturbance/embeddings/joint/fid_120/evt/20230624T142721_20230624T142715_T20LNR__S1A_IW_GRDH_1SDV_20230626T094914_20230626T094939_049155_05E932_8E24
[ok joint] fid=120 aft -> 2 new .npy in /share/castor/home/e2406749/tropical_forest_disturbance/embeddings/joint/fid_120/aft/20230709T142719_20230709T142938_T20LNR__S1A_IW_GRDH_1SDV_20230708T094915_20230708T094940_049330_05EE9A_201B
[done joint] All embeddings already exist in /share/castor/home/e2406749/tropical_forest_disturbance/embeddings/joint/fid_248/bef/20230214T142711_20230214T143425_T20LNR__S1A_IW_GRDH_1SDV_20230214T094910_20230214T094935_047230_05AAD4_E27D
[done joint] All embeddings already exist in /share/castor/home/e2406749/tropical_forest_disturbance/embeddings/joint/fid_248/bef/20230510T142719_20230510T142819_T20LNR__S1A_IW_GRDH_1SDV_20230509T094912_20230509T094937_048455_05D42C_BB80
[done joint] All embeddings already exist in /share/castor/home/e2406749/tropical_forest_disturbance/embeddings/joint/fid_248/bef/20230604T142721_20230604T142716_T20LNR__S1A_IW_GRDH_1SDV_20230602T094913_20230602T094938_048805_05DE8B_7193
[done joint] All embeddings already exist in /share/castor/home/e2406749/tropical_forest_disturbance/embeddings/joint/fid_248/bef/20230301T142709_20230301T142737_T20LNR__S1A_IW_GRDH_1SDV_20230226T094910_20230226T094935_047405_05B0D3_9DE4
[done joint] All embeddings already exist in /share/castor/home/e2406749/tropical_forest_disturbance/embeddings/joint/fid_248/bef/20230430T142719_20230430T142714_T20LNR__S1A_IW_GRDH_1SDV_20230427T094911_20230427T094936_048280_05CE51_9F1D
[done joint] All embeddings already exist in /share/castor/home/e2406749/tropical_forest_disturbance/embeddings/joint/fid_248/bef/20230420T142719_20230420T142714_T20LNR__S1A_IW_GRDH_1SDV_20230415T094911_20230415T094936_048105_05C876_50BE
[done joint] All embeddings already exist in /share/castor/home/e2406749/tropical_forest_disturbance/embeddings/joint/fid_248/bef/20230609T142719_20230609T142938_T20LNR__S1A_IW_GRDH_1SDV_20230614T094913_20230614T094938_048980_05E3E7_6485
[done joint] All embeddings already exist in /share/castor/home/e2406749/tropical_forest_disturbance/embeddings/joint/fid_248/bef/20230515T142711_20230515T142713_T20LNR__S1A_IW_GRDH_1SDV_20230521T094912_20230521T094937_048630_05D957_8539
[done joint] All embeddings already exist in /share/castor/home/e2406749/tropical_forest_disturbance/embeddings/joint/fid_248/evt/20230624T142721_20230624T142715_T20LNR__S1A_IW_GRDH_1SDV_20230626T094914_20230626T094939_049155_05E932_8E24
[done joint] All embeddings already exist in /share/castor/home/e2406749/tropical_forest_disturbance/embeddings/joint/fid_248/aft/20230709T142719_20230709T142938_T20LNR__S1A_IW_GRDH_1SDV_20230708T094915_20230708T094940_049330_05EE9A_201B
[ok joint] fid=308 bef -> 3 new .npy in /share/castor/home/e2406749/tropical_forest_disturbance/embeddings/joint/fid_308/bef/20230510T142719_20230510T142819_T20LNR__S1A_IW_GRDH_1SDV_20230509T094912_20230509T094937_048455_05D42C_BB80
[ok joint] fid=308 bef -> 3 new .npy in /share/castor/home/e2406749/tropical_forest_disturbance/embeddings/joint/fid_308/bef/20230301T142709_20230301T142737_T20LNR__S1A_IW_GRDH_1SDV_20230226T094910_20230226T094935_047405_05B0D3_9DE4
[ok joint] fid=308 bef -> 3 new .npy in /share/castor/home/e2406749/tropical_forest_disturbance/embeddings/joint/fid_308/bef/20230326T142711_20230326T142710_T20LNR__S1A_IW_GRDH_1SDV_20230322T094910_20230322T094935_047755_05BCAD_F524
[ok joint] fid=308 bef -> 3 new .npy in /share/castor/home/e2406749/tropical_forest_disturbance/embeddings/joint/fid_308/bef/20230420T142719_20230420T142714_T20LNR__S1A_IW_GRDH_1SDV_20230415T094911_20230415T094936_048105_05C876_50BE
[ok joint] fid=308 bef -> 3 new .npy in /share/castor/home/e2406749/tropical_forest_disturbance/embeddings/joint/fid_308/bef/20230609T142719_20230609T142938_T20LNR__S1A_IW_GRDH_1SDV_20230614T094913_20230614T094938_048980_05E3E7_6485
[ok joint] fid=308 evt -> 3 new .npy in /share/castor/home/e2406749/tropical_forest_disturbance/embeddings/joint/fid_308/evt/20230624T142721_20230624T142715_T20LNR__S1A_IW_GRDH_1SDV_20230626T094914_20230626T094939_049155_05E932_8E24
[ok joint] fid=308 aft -> 3 new .npy in /share/castor/home/e2406749/tropical_forest_disturbance/embeddings/joint/fid_308/aft/20230709T142719_20230709T142938_T20LNR__S1A_IW_GRDH_1SDV_20230708T094915_20230708T094940_049330_05EE9A_201B
[ok joint] fid=191 bef -> 3 new .npy in /share/castor/home/e2406749/tropical_forest_disturbance/embeddings/joint/fid_191/bef/20230214T142711_20230214T143425_T20LNR__S1A_IW_GRDH_1SDV_20230214T094910_20230214T094935_047230_05AAD4_E27D
[ok joint] fid=191 bef -> 3 new .npy in /share/castor/home/e2406749/tropical_forest_disturbance/embeddings/joint/fid_191/bef/20230604T142721_20230604T142716_T20LNR__S1A_IW_GRDH_1SDV_20230602T094913_20230602T094938_048805_05DE8B_7193
[ok joint] fid=191 bef -> 3 new .npy in /share/castor/home/e2406749/tropical_forest_disturbance/embeddings/joint/fid_191/bef/20230430T142719_20230430T142714_T20LNR__S1A_IW_GRDH_1SDV_20230427T094911_20230427T094936_048280_05CE51_9F1D
[ok joint] fid=191 bef -> 3 new .npy in /share/castor/home/e2406749/tropical_forest_disturbance/embeddings/joint/fid_191/bef/20230525T142721_20230525T142853_T20LNR__S1A_IW_GRDH_1SDV_20230521T094912_20230521T094937_048630_05D957_8539
[ok joint] fid=191 bef -> 3 new .npy in /share/castor/home/e2406749/tropical_forest_disturbance/embeddings/joint/fid_191/bef/20230420T142719_20230420T142714_T20LNR__S1A_IW_GRDH_1SDV_20230415T094911_20230415T094936_048105_05C876_50BE
[ok joint] fid=191 bef -> 3 new .npy in /share/castor/home/e2406749/tropical_forest_disturbance/embeddings/joint/fid_191/bef/20230609T142719_20230609T142938_T20LNR__S1A_IW_GRDH_1SDV_20230614T094913_20230614T094938_048980_05E3E7_6485
[ok joint] fid=191 bef -> 3 new .npy in /share/castor/home/e2406749/tropical_forest_disturbance/embeddings/joint/fid_191/bef/20230515T142711_20230515T142713_T20LNR__S1A_IW_GRDH_1SDV_20230509T094912_20230509T094937_048455_05D42C_BB80
[ok joint] fid=191 evt -> 3 new .npy in /share/castor/home/e2406749/tropical_forest_disturbance/embeddings/joint/fid_191/evt/20230624T142721_20230624T142715_T20LNR__S1A_IW_GRDH_1SDV_20230626T094914_20230626T094939_049155_05E932_8E24
[ok joint] fid=191 aft -> 3 new .npy in /share/castor/home/e2406749/tropical_forest_disturbance/embeddings/joint/fid_191/aft/20230709T142719_20230709T142938_T20LNR__S1A_IW_GRDH_1SDV_20230708T094915_20230708T094940_049330_05EE9A_201B
[ok joint] fid=252 bef -> 2 new .npy in /share/castor/home/e2406749/tropical_forest_disturbance/embeddings/joint/fid_252/bef/20230214T142711_20230214T143425_T20LNR__S1A_IW_GRDH_1SDV_20230214T094910_20230214T094935_047230_05AAD4_E27D
[ok joint] fid=252 bef -> 2 new .npy in /share/castor/home/e2406749/tropical_forest_disturbance/embeddings/joint/fid_252/bef/20230520T142719_20230520T142902_T20LNR__S1A_IW_GRDH_1SDV_20230521T094912_20230521T094937_048630_05D957_8539
[ok joint] fid=252 bef -> 2 new .npy in /share/castor/home/e2406749/tropical_forest_disturbance/embeddings/joint/fid_252/bef/20230604T142721_20230604T142716_T20LNR__S1A_IW_GRDH_1SDV_20230602T094913_20230602T094938_048805_05DE8B_7193
[ok joint] fid=252 bef -> 2 new .npy in /share/castor/home/e2406749/tropical_forest_disturbance/embeddings/joint/fid_252/bef/20230609T142719_20230609T142938_T20LNR__S1A_IW_GRDH_1SDV_20230614T094913_20230614T094938_048980_05E3E7_6485
[ok joint] fid=252 bef -> 2 new .npy in /share/castor/home/e2406749/tropical_forest_disturbance/embeddings/joint/fid_252/bef/20230515T142711_20230515T142713_T20LNR__S1A_IW_GRDH_1SDV_20230509T094912_20230509T094937_048455_05D42C_BB80
[ok joint] fid=252 evt -> 2 new .npy in /share/castor/home/e2406749/tropical_forest_disturbance/embeddings/joint/fid_252/evt/20230709T142719_20230709T142938_T20LNR__S1A_IW_GRDH_1SDV_20230708T094915_20230708T094940_049330_05EE9A_201B
[ok joint] fid=252 evt -> 2 new .npy in /share/castor/home/e2406749/tropical_forest_disturbance/embeddings/joint/fid_252/evt/20230629T142719_20230629T143340_T20LNR__S1A_IW_GRDH_1SDV_20230626T094914_20230626T094939_049155_05E932_8E24
[ok joint] fid=252 aft -> 2 new .npy in /share/castor/home/e2406749/tropical_forest_disturbance/embeddings/joint/fid_252/aft/20230724T142721_20230724T142717_T20LNR__S1A_IW_GRDH_1SDV_20230720T094915_20230720T094940_049505_05F3ED_2372
[ok joint] fid=196 bef -> 1 new .npy in /share/castor/home/e2406749/tropical_forest_disturbance/embeddings/joint/fid_196/bef/20230214T142711_20230214T143425_T20LNR__S1A_IW_GRDH_1SDV_20230214T094910_20230214T094935_047230_05AAD4_E27D
[ok joint] fid=196 bef -> 1 new .npy in /share/castor/home/e2406749/tropical_forest_disturbance/embeddings/joint/fid_196/bef/20230520T142719_20230520T142902_T20LNR__S1A_IW_GRDH_1SDV_20230521T094912_20230521T094937_048630_05D957_8539
[ok joint] fid=196 bef -> 1 new .npy in /share/castor/home/e2406749/tropical_forest_disturbance/embeddings/joint/fid_196/bef/20230604T142721_20230604T142716_T20LNR__S1A_IW_GRDH_1SDV_20230602T094913_20230602T094938_048805_05DE8B_7193
[ok joint] fid=196 bef -> 1 new .npy in /share/castor/home/e2406749/tropical_forest_disturbance/embeddings/joint/fid_196/bef/20230624T142721_20230624T142715_T20LNR__S1A_IW_GRDH_1SDV_20230626T094914_20230626T094939_049155_05E932_8E24
[ok joint] fid=196 bef -> 1 new .npy in /share/castor/home/e2406749/tropical_forest_disturbance/embeddings/joint/fid_196/bef/20230420T142719_20230420T142714_T20LNR__S1A_IW_GRDH_1SDV_20230415T094911_20230415T094936_048105_05C876_50BE
[ok joint] fid=196 bef -> 1 new .npy in /share/castor/home/e2406749/tropical_forest_disturbance/embeddings/joint/fid_196/bef/20230609T142719_20230609T142938_T20LNR__S1A_IW_GRDH_1SDV_20230614T094913_20230614T094938_048980_05E3E7_6485
[ok joint] fid=196 bef -> 1 new .npy in /share/castor/home/e2406749/tropical_forest_disturbance/embeddings/joint/fid_196/bef/20230515T142711_20230515T142713_T20LNR__S1A_IW_GRDH_1SDV_20230509T094912_20230509T094937_048455_05D42C_BB80
[ok joint] fid=196 evt -> 1 new .npy in /share/castor/home/e2406749/tropical_forest_disturbance/embeddings/joint/fid_196/evt/20230709T142719_20230709T142938_T20LNR__S1A_IW_GRDH_1SDV_20230708T094915_20230708T094940_049330_05EE9A_201B
[ok joint] fid=196 aft -> 1 new .npy in /share/castor/home/e2406749/tropical_forest_disturbance/embeddings/joint/fid_196/aft/20230724T142721_20230724T142717_T20LNR__S1A_IW_GRDH_1SDV_20230720T094915_20230720T094940_049505_05F3ED_2372
[ok joint] fid=126 bef -> 2 new .npy in /share/castor/home/e2406749/tropical_forest_disturbance/embeddings/joint/fid_126/bef/20230520T142719_20230520T142902_T20LNR__S1A_IW_GRDH_1SDV_20230521T094937_20230521T095002_048630_05D957_8119
[ok joint] fid=126 bef -> 2 new .npy in /share/castor/home/e2406749/tropical_forest_disturbance/embeddings/joint/fid_126/bef/20230709T142719_20230709T142938_T20LNR__S1A_IW_GRDH_1SDV_20230708T094940_20230708T095005_049330_05EE9A_BD21
[ok joint] fid=126 bef -> 2 new .npy in /share/castor/home/e2406749/tropical_forest_disturbance/embeddings/joint/fid_126/bef/20230604T142721_20230604T142716_T20LNR__S1A_IW_GRDH_1SDV_20230602T094938_20230602T095003_048805_05DE8B_61F1
[ok joint] fid=126 bef -> 2 new .npy in /share/castor/home/e2406749/tropical_forest_disturbance/embeddings/joint/fid_126/bef/20230624T142721_20230624T142715_T20LNR__S1A_IW_GRDH_1SDV_20230626T094939_20230626T095004_049155_05E932_87DB
[ok joint] fid=126 bef -> 2 new .npy in /share/castor/home/e2406749/tropical_forest_disturbance/embeddings/joint/fid_126/bef/20230430T142719_20230430T142714_T20LNR__S1A_IW_GRDH_1SDV_20230427T094936_20230427T095001_048280_05CE51_C3AC
[ok joint] fid=126 bef -> 2 new .npy in /share/castor/home/e2406749/tropical_forest_disturbance/embeddings/joint/fid_126/bef/20230609T142719_20230609T142938_T20LNR__S1A_IW_GRDH_1SDV_20230614T094938_20230614T095003_048980_05E3E7_B37E
[ok joint] fid=126 bef -> 2 new .npy in /share/castor/home/e2406749/tropical_forest_disturbance/embeddings/joint/fid_126/bef/20230115T142711_20230115T142817_T20LNR__S1A_IW_GRDH_1SDV_20230109T094936_20230109T095001_046705_05993A_763B
[ok joint] fid=126 bef -> 2 new .npy in /share/castor/home/e2406749/tropical_forest_disturbance/embeddings/joint/fid_126/bef/20230515T142711_20230515T142713_T20LNR__S1A_IW_GRDH_1SDV_20230509T094937_20230509T095002_048455_05D42C_4A7D
[ok joint] fid=126 evt -> 2 new .npy in /share/castor/home/e2406749/tropical_forest_disturbance/embeddings/joint/fid_126/evt/20230719T142719_20230719T142939_T20LNR__S1A_IW_GRDH_1SDV_20230720T094940_20230720T095005_049505_05F3ED_61B1
[ok joint] fid=126 aft -> 2 new .npy in /share/castor/home/e2406749/tropical_forest_disturbance/embeddings/joint/fid_126/aft/20230729T142719_20230729T142718_T20LNR__S1A_IW_GRDH_1SDV_20230801T094941_20230801T095006_049680_05F959_7E64
[ok joint] fid=126 aft -> 2 new .npy in /share/castor/home/e2406749/tropical_forest_disturbance/embeddings/joint/fid_126/aft/20230808T142719_20230808T143119_T20LNR__S1A_IW_GRDH_1SDV_20230813T094942_20230813T095007_049855_05FF04_F481
[ok joint] fid=198 bef -> 1 new .npy in /share/castor/home/e2406749/tropical_forest_disturbance/embeddings/joint/fid_198/bef/20230214T142711_20230214T143425_T20LNR__S1A_IW_GRDH_1SDV_20230214T094935_20230214T095000_047230_05AAD4_443E
[ok joint] fid=198 bef -> 1 new .npy in /share/castor/home/e2406749/tropical_forest_disturbance/embeddings/joint/fid_198/bef/20230510T142719_20230510T142819_T20LNR__S1A_IW_GRDH_1SDV_20230509T094937_20230509T095002_048455_05D42C_4A7D
[ok joint] fid=198 bef -> 1 new .npy in /share/castor/home/e2406749/tropical_forest_disturbance/embeddings/joint/fid_198/bef/20230520T142719_20230520T142902_T20LNR__S1A_IW_GRDH_1SDV_20230521T094937_20230521T095002_048630_05D957_8119
[ok joint] fid=198 bef -> 1 new .npy in /share/castor/home/e2406749/tropical_forest_disturbance/embeddings/joint/fid_198/bef/20230709T142719_20230709T142938_T20LNR__S1A_IW_GRDH_1SDV_20230708T094940_20230708T095005_049330_05EE9A_BD21
[ok joint] fid=198 bef -> 1 new .npy in /share/castor/home/e2406749/tropical_forest_disturbance/embeddings/joint/fid_198/bef/20230604T142721_20230604T142716_T20LNR__S1A_IW_GRDH_1SDV_20230602T094938_20230602T095003_048805_05DE8B_61F1
[ok joint] fid=198 bef -> 1 new .npy in /share/castor/home/e2406749/tropical_forest_disturbance/embeddings/joint/fid_198/bef/20230624T142721_20230624T142715_T20LNR__S1A_IW_GRDH_1SDV_20230626T094939_20230626T095004_049155_05E932_87DB
[ok joint] fid=198 bef -> 1 new .npy in /share/castor/home/e2406749/tropical_forest_disturbance/embeddings/joint/fid_198/bef/20230430T142719_20230430T142714_T20LNR__S1A_IW_GRDH_1SDV_20230427T094936_20230427T095001_048280_05CE51_C3AC
[ok joint] fid=198 bef -> 1 new .npy in /share/castor/home/e2406749/tropical_forest_disturbance/embeddings/joint/fid_198/bef/20230609T142719_20230609T142938_T20LNR__S1A_IW_GRDH_1SDV_20230614T094938_20230614T095003_048980_05E3E7_B37E
[ok joint] fid=198 evt -> 1 new .npy in /share/castor/home/e2406749/tropical_forest_disturbance/embeddings/joint/fid_198/evt/20230719T142719_20230719T142939_T20LNR__S1A_IW_GRDH_1SDV_20230720T094940_20230720T095005_049505_05F3ED_61B1
[ok joint] fid=198 aft -> 1 new .npy in /share/castor/home/e2406749/tropical_forest_disturbance/embeddings/joint/fid_198/aft/20230803T142721_20230803T143434_T20LNR__S1A_IW_GRDH_1SDV_20230801T094941_20230801T095006_049680_05F959_7E64
[ok joint] fid=198 aft -> 1 new .npy in /share/castor/home/e2406749/tropical_forest_disturbance/embeddings/joint/fid_198/aft/20230808T142719_20230808T143119_T20LNR__S1A_IW_GRDH_1SDV_20230813T094942_20230813T095007_049855_05FF04_F481
[ok joint] fid=199 bef -> 4 new .npy in /share/castor/home/e2406749/tropical_forest_disturbance/embeddings/joint/fid_199/bef/20230214T142711_20230214T143425_T20LNR__S1A_IW_GRDH_1SDV_20230214T094935_20230214T095000_047230_05AAD4_443E
[ok joint] fid=199 bef -> 4 new .npy in /share/castor/home/e2406749/tropical_forest_disturbance/embeddings/joint/fid_199/bef/20230520T142719_20230520T142902_T20LNR__S1A_IW_GRDH_1SDV_20230521T094937_20230521T095002_048630_05D957_8119
[ok joint] fid=199 bef -> 4 new .npy in /share/castor/home/e2406749/tropical_forest_disturbance/embeddings/joint/fid_199/bef/20230709T142719_20230709T142938_T20LNR__S1A_IW_GRDH_1SDV_20230708T094940_20230708T095005_049330_05EE9A_BD21
[ok joint] fid=199 bef -> 4 new .npy in /share/castor/home/e2406749/tropical_forest_disturbance/embeddings/joint/fid_199/bef/20230604T142721_20230604T142716_T20LNR__S1A_IW_GRDH_1SDV_20230602T094938_20230602T095003_048805_05DE8B_61F1
[ok joint] fid=199 bef -> 4 new .npy in /share/castor/home/e2406749/tropical_forest_disturbance/embeddings/joint/fid_199/bef/20230624T142721_20230624T142715_T20LNR__S1A_IW_GRDH_1SDV_20230626T094939_20230626T095004_049155_05E932_87DB
[ok joint] fid=199 bef -> 4 new .npy in /share/castor/home/e2406749/tropical_forest_disturbance/embeddings/joint/fid_199/bef/20230430T142719_20230430T142714_T20LNR__S1A_IW_GRDH_1SDV_20230427T094936_20230427T095001_048280_05CE51_C3AC
[ok joint] fid=199 bef -> 4 new .npy in /share/castor/home/e2406749/tropical_forest_disturbance/embeddings/joint/fid_199/bef/20230609T142719_20230609T142938_T20LNR__S1A_IW_GRDH_1SDV_20230614T094938_20230614T095003_048980_05E3E7_B37E
[ok joint] fid=199 bef -> 4 new .npy in /share/castor/home/e2406749/tropical_forest_disturbance/embeddings/joint/fid_199/bef/20230515T142711_20230515T142713_T20LNR__S1A_IW_GRDH_1SDV_20230509T094937_20230509T095002_048455_05D42C_4A7D
[ok joint] fid=199 evt -> 4 new .npy in /share/castor/home/e2406749/tropical_forest_disturbance/embeddings/joint/fid_199/evt/20230719T142719_20230719T142939_T20LNR__S1A_IW_GRDH_1SDV_20230720T094940_20230720T095005_049505_05F3ED_61B1
[ok joint] fid=199 aft -> 4 new .npy in /share/castor/home/e2406749/tropical_forest_disturbance/embeddings/joint/fid_199/aft/20230803T142721_20230803T143434_T20LNR__S1A_IW_GRDH_1SDV_20230801T094941_20230801T095006_049680_05F959_7E64
[ok joint] fid=199 aft -> 4 new .npy in /share/castor/home/e2406749/tropical_forest_disturbance/embeddings/joint/fid_199/aft/20230808T142719_20230808T143119_T20LNR__S1A_IW_GRDH_1SDV_20230813T094942_20230813T095007_049855_05FF04_F481
[ok joint] fid=255 bef -> 2 new .npy in /share/castor/home/e2406749/tropical_forest_disturbance/embeddings/joint/fid_255/bef/20230214T142711_20230214T143425_T20LNR__S1A_IW_GRDH_1SDV_20230214T094935_20230214T095000_047230_05AAD4_443E
[ok joint] fid=255 bef -> 2 new .npy in /share/castor/home/e2406749/tropical_forest_disturbance/embeddings/joint/fid_255/bef/20230520T142719_20230520T142902_T20LNR__S1A_IW_GRDH_1SDV_20230521T094937_20230521T095002_048630_05D957_8119
[ok joint] fid=255 bef -> 2 new .npy in /share/castor/home/e2406749/tropical_forest_disturbance/embeddings/joint/fid_255/bef/20230709T142719_20230709T142938_T20LNR__S1A_IW_GRDH_1SDV_20230708T094940_20230708T095005_049330_05EE9A_BD21
[ok joint] fid=255 bef -> 2 new .npy in /share/castor/home/e2406749/tropical_forest_disturbance/embeddings/joint/fid_255/bef/20230604T142721_20230604T142716_T20LNR__S1A_IW_GRDH_1SDV_20230602T094938_20230602T095003_048805_05DE8B_61F1
[ok joint] fid=255 bef -> 2 new .npy in /share/castor/home/e2406749/tropical_forest_disturbance/embeddings/joint/fid_255/bef/20230624T142721_20230624T142715_T20LNR__S1A_IW_GRDH_1SDV_20230626T094939_20230626T095004_049155_05E932_87DB
[ok joint] fid=255 bef -> 2 new .npy in /share/castor/home/e2406749/tropical_forest_disturbance/embeddings/joint/fid_255/bef/20230430T142719_20230430T142714_T20LNR__S1A_IW_GRDH_1SDV_20230427T094936_20230427T095001_048280_05CE51_C3AC
[ok joint] fid=255 bef -> 2 new .npy in /share/castor/home/e2406749/tropical_forest_disturbance/embeddings/joint/fid_255/bef/20230609T142719_20230609T142938_T20LNR__S1A_IW_GRDH_1SDV_20230614T094938_20230614T095003_048980_05E3E7_B37E
[ok joint] fid=255 bef -> 2 new .npy in /share/castor/home/e2406749/tropical_forest_disturbance/embeddings/joint/fid_255/bef/20230515T142711_20230515T142713_T20LNR__S1A_IW_GRDH_1SDV_20230509T094937_20230509T095002_048455_05D42C_4A7D
[ok joint] fid=255 evt -> 2 new .npy in /share/castor/home/e2406749/tropical_forest_disturbance/embeddings/joint/fid_255/evt/20230719T142719_20230719T142939_T20LNR__S1A_IW_GRDH_1SDV_20230720T094940_20230720T095005_049505_05F3ED_61B1
[ok joint] fid=255 aft -> 2 new .npy in /share/castor/home/e2406749/tropical_forest_disturbance/embeddings/joint/fid_255/aft/20230803T142721_20230803T143434_T20LNR__S1A_IW_GRDH_1SDV_20230801T094941_20230801T095006_049680_05F959_7E64
[ok joint] fid=255 aft -> 2 new .npy in /share/castor/home/e2406749/tropical_forest_disturbance/embeddings/joint/fid_255/aft/20230808T142719_20230808T143119_T20LNR__S1A_IW_GRDH_1SDV_20230813T094942_20230813T095007_049855_05FF04_F481
[ok joint] fid=197 bef -> 2 new .npy in /share/castor/home/e2406749/tropical_forest_disturbance/embeddings/joint/fid_197/bef/20230510T142719_20230510T142819_T20LNR__S1A_IW_GRDH_1SDV_20230509T094912_20230509T094937_048455_05D42C_BB80
[ok joint] fid=197 bef -> 2 new .npy in /share/castor/home/e2406749/tropical_forest_disturbance/embeddings/joint/fid_197/bef/20230709T142719_20230709T142938_T20LNR__S1A_IW_GRDH_1SDV_20230708T094915_20230708T094940_049330_05EE9A_201B
[ok joint] fid=197 bef -> 2 new .npy in /share/castor/home/e2406749/tropical_forest_disturbance/embeddings/joint/fid_197/bef/20230604T142721_20230604T142716_T20LNR__S1A_IW_GRDH_1SDV_20230602T094913_20230602T094938_048805_05DE8B_7193
[ok joint] fid=197 bef -> 2 new .npy in /share/castor/home/e2406749/tropical_forest_disturbance/embeddings/joint/fid_197/bef/20230624T142721_20230624T142715_T20LNR__S1A_IW_GRDH_1SDV_20230626T094914_20230626T094939_049155_05E932_8E24
[ok joint] fid=197 bef -> 2 new .npy in /share/castor/home/e2406749/tropical_forest_disturbance/embeddings/joint/fid_197/bef/20230430T142719_20230430T142714_T20LNR__S1A_IW_GRDH_1SDV_20230427T094911_20230427T094936_048280_05CE51_9F1D
[ok joint] fid=197 bef -> 2 new .npy in /share/castor/home/e2406749/tropical_forest_disturbance/embeddings/joint/fid_197/bef/20230420T142719_20230420T142714_T20LNR__S1A_IW_GRDH_1SDV_20230415T094911_20230415T094936_048105_05C876_50BE
[ok joint] fid=197 bef -> 2 new .npy in /share/castor/home/e2406749/tropical_forest_disturbance/embeddings/joint/fid_197/bef/20230609T142719_20230609T142938_T20LNR__S1A_IW_GRDH_1SDV_20230614T094913_20230614T094938_048980_05E3E7_6485
[ok joint] fid=197 bef -> 2 new .npy in /share/castor/home/e2406749/tropical_forest_disturbance/embeddings/joint/fid_197/bef/20230515T142711_20230515T142713_T20LNR__S1A_IW_GRDH_1SDV_20230521T094912_20230521T094937_048630_05D957_8539
[ok joint] fid=197 evt -> 2 new .npy in /share/castor/home/e2406749/tropical_forest_disturbance/embeddings/joint/fid_197/evt/20230724T142721_20230724T142717_T20LNR__S1A_IW_GRDH_1SDV_20230720T094915_20230720T094940_049505_05F3ED_2372
[ok joint] fid=197 aft -> 2 new .npy in /share/castor/home/e2406749/tropical_forest_disturbance/embeddings/joint/fid_197/aft/20230803T142721_20230803T143434_T20LNR__S1A_IW_GRDH_1SDV_20230801T094916_20230801T094941_049680_05F959_E6F2
[ok joint] fid=197 aft -> 2 new .npy in /share/castor/home/e2406749/tropical_forest_disturbance/embeddings/joint/fid_197/aft/20230808T142719_20230808T143119_T20LNR__S1A_IW_GRDH_1SDV_20230813T094917_20230813T094942_049855_05FF04_E952
[ok joint] fid=256 bef -> 2 new .npy in /share/castor/home/e2406749/tropical_forest_disturbance/embeddings/joint/fid_256/bef/20230510T142719_20230510T142819_T20LNR__S1A_IW_GRDH_1SDV_20230509T094912_20230509T094937_048455_05D42C_BB80
[ok joint] fid=256 bef -> 2 new .npy in /share/castor/home/e2406749/tropical_forest_disturbance/embeddings/joint/fid_256/bef/20230709T142719_20230709T142938_T20LNR__S1A_IW_GRDH_1SDV_20230708T094915_20230708T094940_049330_05EE9A_201B
[ok joint] fid=256 bef -> 2 new .npy in /share/castor/home/e2406749/tropical_forest_disturbance/embeddings/joint/fid_256/bef/20230604T142721_20230604T142716_T20LNR__S1A_IW_GRDH_1SDV_20230602T094913_20230602T094938_048805_05DE8B_7193
[ok joint] fid=256 bef -> 2 new .npy in /share/castor/home/e2406749/tropical_forest_disturbance/embeddings/joint/fid_256/bef/20230624T142721_20230624T142715_T20LNR__S1A_IW_GRDH_1SDV_20230626T094914_20230626T094939_049155_05E932_8E24
[ok joint] fid=256 bef -> 2 new .npy in /share/castor/home/e2406749/tropical_forest_disturbance/embeddings/joint/fid_256/bef/20230430T142719_20230430T142714_T20LNR__S1A_IW_GRDH_1SDV_20230427T094911_20230427T094936_048280_05CE51_9F1D
[ok joint] fid=256 bef -> 2 new .npy in /share/castor/home/e2406749/tropical_forest_disturbance/embeddings/joint/fid_256/bef/20230420T142719_20230420T142714_T20LNR__S1A_IW_GRDH_1SDV_20230415T094911_20230415T094936_048105_05C876_50BE
[ok joint] fid=256 bef -> 2 new .npy in /share/castor/home/e2406749/tropical_forest_disturbance/embeddings/joint/fid_256/bef/20230609T142719_20230609T142938_T20LNR__S1A_IW_GRDH_1SDV_20230614T094913_20230614T094938_048980_05E3E7_6485
[ok joint] fid=256 bef -> 2 new .npy in /share/castor/home/e2406749/tropical_forest_disturbance/embeddings/joint/fid_256/bef/20230515T142711_20230515T142713_T20LNR__S1A_IW_GRDH_1SDV_20230521T094912_20230521T094937_048630_05D957_8539
[ok joint] fid=256 evt -> 2 new .npy in /share/castor/home/e2406749/tropical_forest_disturbance/embeddings/joint/fid_256/evt/20230724T142721_20230724T142717_T20LNR__S1A_IW_GRDH_1SDV_20230720T094915_20230720T094940_049505_05F3ED_2372
[ok joint] fid=256 aft -> 2 new .npy in /share/castor/home/e2406749/tropical_forest_disturbance/embeddings/joint/fid_256/aft/20230803T142721_20230803T143434_T20LNR__S1A_IW_GRDH_1SDV_20230801T094916_20230801T094941_049680_05F959_E6F2
[ok joint] fid=256 aft -> 2 new .npy in /share/castor/home/e2406749/tropical_forest_disturbance/embeddings/joint/fid_256/aft/20230808T142719_20230808T143119_T20LNR__S1A_IW_GRDH_1SDV_20230813T094917_20230813T094942_049855_05FF04_E952
[ok joint] fid=312 bef -> 2 new .npy in /share/castor/home/e2406749/tropical_forest_disturbance/embeddings/joint/fid_312/bef/20230214T142711_20230214T143425_T20LNR__S1A_IW_GRDH_1SDV_20230214T094935_20230214T095000_047230_05AAD4_443E
[ok joint] fid=312 bef -> 2 new .npy in /share/castor/home/e2406749/tropical_forest_disturbance/embeddings/joint/fid_312/bef/20230520T142719_20230520T142902_T20LNR__S1A_IW_GRDH_1SDV_20230521T094937_20230521T095002_048630_05D957_8119
[ok joint] fid=312 bef -> 2 new .npy in /share/castor/home/e2406749/tropical_forest_disturbance/embeddings/joint/fid_312/bef/20230709T142719_20230709T142938_T20LNR__S1A_IW_GRDH_1SDV_20230708T094940_20230708T095005_049330_05EE9A_BD21
[ok joint] fid=312 bef -> 2 new .npy in /share/castor/home/e2406749/tropical_forest_disturbance/embeddings/joint/fid_312/bef/20230624T142721_20230624T142715_T20LNR__S1A_IW_GRDH_1SDV_20230626T094939_20230626T095004_049155_05E932_87DB
[ok joint] fid=312 bef -> 2 new .npy in /share/castor/home/e2406749/tropical_forest_disturbance/embeddings/joint/fid_312/bef/20230430T142719_20230430T142714_T20LNR__S1A_IW_GRDH_1SDV_20230427T094936_20230427T095001_048280_05CE51_C3AC
[ok joint] fid=312 bef -> 2 new .npy in /share/castor/home/e2406749/tropical_forest_disturbance/embeddings/joint/fid_312/bef/20230609T142719_20230609T142938_T20LNR__S1A_IW_GRDH_1SDV_20230614T094938_20230614T095003_048980_05E3E7_B37E
[ok joint] fid=312 bef -> 2 new .npy in /share/castor/home/e2406749/tropical_forest_disturbance/embeddings/joint/fid_312/bef/20230115T142711_20230115T142817_T20LNR__S1A_IW_GRDH_1SDV_20230109T094936_20230109T095001_046705_05993A_763B
[ok joint] fid=312 bef -> 2 new .npy in /share/castor/home/e2406749/tropical_forest_disturbance/embeddings/joint/fid_312/bef/20230515T142711_20230515T142713_T20LNR__S1A_IW_GRDH_1SDV_20230509T094937_20230509T095002_048455_05D42C_4A7D
[ok joint] fid=312 evt -> 2 new .npy in /share/castor/home/e2406749/tropical_forest_disturbance/embeddings/joint/fid_312/evt/20230719T142719_20230719T142939_T20LNR__S1A_IW_GRDH_1SDV_20230720T094940_20230720T095005_049505_05F3ED_61B1
[ok joint] fid=312 aft -> 2 new .npy in /share/castor/home/e2406749/tropical_forest_disturbance/embeddings/joint/fid_312/aft/20230729T142719_20230729T142718_T20LNR__S1A_IW_GRDH_1SDV_20230801T094941_20230801T095006_049680_05F959_7E64
[ok joint] fid=312 aft -> 2 new .npy in /share/castor/home/e2406749/tropical_forest_disturbance/embeddings/joint/fid_312/aft/20230808T142719_20230808T143119_T20LNR__S1A_IW_GRDH_1SDV_20230813T094942_20230813T095007_049855_05FF04_F481
[ok joint] fid=202 bef -> 1 new .npy in /share/castor/home/e2406749/tropical_forest_disturbance/embeddings/joint/fid_202/bef/20230214T142711_20230214T143425_T20LNR__S1A_IW_GRDH_1SDV_20230214T094935_20230214T095000_047230_05AAD4_443E
[ok joint] fid=202 bef -> 1 new .npy in /share/castor/home/e2406749/tropical_forest_disturbance/embeddings/joint/fid_202/bef/20230520T142719_20230520T142902_T20LNR__S1A_IW_GRDH_1SDV_20230521T094937_20230521T095002_048630_05D957_8119
[ok joint] fid=202 bef -> 1 new .npy in /share/castor/home/e2406749/tropical_forest_disturbance/embeddings/joint/fid_202/bef/20230709T142719_20230709T142938_T20LNR__S1A_IW_GRDH_1SDV_20230708T094940_20230708T095005_049330_05EE9A_BD21
[ok joint] fid=202 bef -> 1 new .npy in /share/castor/home/e2406749/tropical_forest_disturbance/embeddings/joint/fid_202/bef/20230604T142721_20230604T142716_T20LNR__S1A_IW_GRDH_1SDV_20230602T094938_20230602T095003_048805_05DE8B_61F1
[ok joint] fid=202 bef -> 1 new .npy in /share/castor/home/e2406749/tropical_forest_disturbance/embeddings/joint/fid_202/bef/20230624T142721_20230624T142715_T20LNR__S1A_IW_GRDH_1SDV_20230626T094939_20230626T095004_049155_05E932_87DB
[ok joint] fid=202 bef -> 1 new .npy in /share/castor/home/e2406749/tropical_forest_disturbance/embeddings/joint/fid_202/bef/20230301T142709_20230301T142737_T20LNR__S1A_IW_GRDH_1SDV_20230226T094935_20230226T095000_047405_05B0D3_E8BA
[ok joint] fid=202 bef -> 1 new .npy in /share/castor/home/e2406749/tropical_forest_disturbance/embeddings/joint/fid_202/bef/20230430T142719_20230430T142714_T20LMR__S1A_IW_GRDH_1SDV_20230427T094936_20230427T095001_048280_05CE51_C3AC
[ok joint] fid=202 bef -> 1 new .npy in /share/castor/home/e2406749/tropical_forest_disturbance/embeddings/joint/fid_202/bef/20230326T142711_20230326T142710_T20LNR__S1A_IW_GRDH_1SDV_20230322T094935_20230322T095000_047755_05BCAD_A5E4
[ok joint] fid=202 bef -> 1 new .npy in /share/castor/home/e2406749/tropical_forest_disturbance/embeddings/joint/fid_202/bef/20230609T142719_20230609T142938_T20LNR__S1A_IW_GRDH_1SDV_20230614T094938_20230614T095003_048980_05E3E7_B37E
[ok joint] fid=202 bef -> 1 new .npy in /share/castor/home/e2406749/tropical_forest_disturbance/embeddings/joint/fid_202/bef/20230115T142711_20230115T142817_T20LNR__S1A_IW_GRDH_1SDV_20230109T094936_20230109T095001_046705_05993A_763B
[ok joint] fid=202 bef -> 1 new .npy in /share/castor/home/e2406749/tropical_forest_disturbance/embeddings/joint/fid_202/bef/20230515T142711_20230515T142713_T20LNR__S1A_IW_GRDH_1SDV_20230509T094937_20230509T095002_048455_05D42C_4A7D
[ok joint] fid=202 evt -> 1 new .npy in /share/castor/home/e2406749/tropical_forest_disturbance/embeddings/joint/fid_202/evt/20230719T142719_20230719T142939_T20LNR__S1A_IW_GRDH_1SDV_20230720T094940_20230720T095005_049505_05F3ED_61B1
[ok joint] fid=202 aft -> 1 new .npy in /share/castor/home/e2406749/tropical_forest_disturbance/embeddings/joint/fid_202/aft/20230808T142719_20230808T143119_T20LNR__S1A_IW_GRDH_1SDV_20230813T094942_20230813T095007_049855_05FF04_F481
[ok joint] fid=203 bef -> 2 new .npy in /share/castor/home/e2406749/tropical_forest_disturbance/embeddings/joint/fid_203/bef/20230214T142711_20230214T143425_T20LNR__S1A_IW_GRDH_1SDV_20230214T094935_20230214T095000_047230_05AAD4_443E
[ok joint] fid=203 bef -> 2 new .npy in /share/castor/home/e2406749/tropical_forest_disturbance/embeddings/joint/fid_203/bef/20230520T142719_20230520T142902_T20LNR__S1A_IW_GRDH_1SDV_20230521T094937_20230521T095002_048630_05D957_8119
[ok joint] fid=203 bef -> 2 new .npy in /share/castor/home/e2406749/tropical_forest_disturbance/embeddings/joint/fid_203/bef/20230709T142719_20230709T142938_T20LNR__S1A_IW_GRDH_1SDV_20230708T094940_20230708T095005_049330_05EE9A_BD21
[ok joint] fid=203 bef -> 2 new .npy in /share/castor/home/e2406749/tropical_forest_disturbance/embeddings/joint/fid_203/bef/20230604T142721_20230604T142716_T20LNR__S1A_IW_GRDH_1SDV_20230602T094938_20230602T095003_048805_05DE8B_61F1
[ok joint] fid=203 bef -> 2 new .npy in /share/castor/home/e2406749/tropical_forest_disturbance/embeddings/joint/fid_203/bef/20230624T142721_20230624T142715_T20LNR__S1A_IW_GRDH_1SDV_20230626T094939_20230626T095004_049155_05E932_87DB
[ok joint] fid=203 bef -> 2 new .npy in /share/castor/home/e2406749/tropical_forest_disturbance/embeddings/joint/fid_203/bef/20230301T142709_20230301T142737_T20LNR__S1A_IW_GRDH_1SDV_20230226T094935_20230226T095000_047405_05B0D3_E8BA
[ok joint] fid=203 bef -> 2 new .npy in /share/castor/home/e2406749/tropical_forest_disturbance/embeddings/joint/fid_203/bef/20230430T142719_20230430T142714_T20LNR__S1A_IW_GRDH_1SDV_20230427T094936_20230427T095001_048280_05CE51_C3AC
[ok joint] fid=203 bef -> 2 new .npy in /share/castor/home/e2406749/tropical_forest_disturbance/embeddings/joint/fid_203/bef/20230609T142719_20230609T142938_T20LNR__S1A_IW_GRDH_1SDV_20230614T094938_20230614T095003_048980_05E3E7_B37E
[ok joint] fid=203 bef -> 2 new .npy in /share/castor/home/e2406749/tropical_forest_disturbance/embeddings/joint/fid_203/bef/20230115T142711_20230115T142817_T20LNR__S1A_IW_GRDH_1SDV_20230109T094936_20230109T095001_046705_05993A_763B
[ok joint] fid=203 bef -> 2 new .npy in /share/castor/home/e2406749/tropical_forest_disturbance/embeddings/joint/fid_203/bef/20230515T142711_20230515T142713_T20LNR__S1A_IW_GRDH_1SDV_20230509T094937_20230509T095002_048455_05D42C_4A7D
[ok joint] fid=203 evt -> 2 new .npy in /share/castor/home/e2406749/tropical_forest_disturbance/embeddings/joint/fid_203/evt/20230719T142719_20230719T142939_T20LNR__S1A_IW_GRDH_1SDV_20230720T094940_20230720T095005_049505_05F3ED_61B1
[ok joint] fid=203 aft -> 2 new .npy in /share/castor/home/e2406749/tropical_forest_disturbance/embeddings/joint/fid_203/aft/20230808T142719_20230808T143119_T20LNR__S1A_IW_GRDH_1SDV_20230813T094942_20230813T095007_049855_05FF04_F481
[ok joint] fid=259 bef -> 3 new .npy in /share/castor/home/e2406749/tropical_forest_disturbance/embeddings/joint/fid_259/bef/20230520T142719_20230520T142902_T20LNR__S1A_IW_GRDH_1SDV_20230521T094937_20230521T095002_048630_05D957_8119
[ok joint] fid=259 bef -> 3 new .npy in /share/castor/home/e2406749/tropical_forest_disturbance/embeddings/joint/fid_259/bef/20230709T142719_20230709T142938_T20LNR__S1A_IW_GRDH_1SDV_20230708T094940_20230708T095005_049330_05EE9A_BD21
[ok joint] fid=259 bef -> 3 new .npy in /share/castor/home/e2406749/tropical_forest_disturbance/embeddings/joint/fid_259/bef/20230624T142721_20230624T142715_T20LNR__S1A_IW_GRDH_1SDV_20230626T094939_20230626T095004_049155_05E932_87DB
[ok joint] fid=259 bef -> 3 new .npy in /share/castor/home/e2406749/tropical_forest_disturbance/embeddings/joint/fid_259/bef/20230301T142709_20230301T142737_T20LNR__S1A_IW_GRDH_1SDV_20230226T094935_20230226T095000_047405_05B0D3_E8BA
[ok joint] fid=259 bef -> 3 new .npy in /share/castor/home/e2406749/tropical_forest_disturbance/embeddings/joint/fid_259/bef/20230430T142719_20230430T142714_T20LNR__S1A_IW_GRDH_1SDV_20230427T094936_20230427T095001_048280_05CE51_C3AC
[ok joint] fid=259 bef -> 3 new .npy in /share/castor/home/e2406749/tropical_forest_disturbance/embeddings/joint/fid_259/bef/20230125T142711_20230125T142709_T20LNR__S1A_IW_GRDH_1SDV_20230121T094935_20230121T095000_046880_059F24_7A3A
[ok joint] fid=259 bef -> 3 new .npy in /share/castor/home/e2406749/tropical_forest_disturbance/embeddings/joint/fid_259/bef/20230420T142719_20230420T142714_T20LNR__S1A_IW_GRDH_1SDV_20230415T094936_20230415T095001_048105_05C876_7D01
[ok joint] fid=259 bef -> 3 new .npy in /share/castor/home/e2406749/tropical_forest_disturbance/embeddings/joint/fid_259/bef/20230609T142719_20230609T142938_T20LNR__S1A_IW_GRDH_1SDV_20230614T094938_20230614T095003_048980_05E3E7_B37E
[ok joint] fid=259 bef -> 3 new .npy in /share/castor/home/e2406749/tropical_forest_disturbance/embeddings/joint/fid_259/bef/20230115T142711_20230115T142817_T20LNR__S1A_IW_GRDH_1SDV_20230109T094936_20230109T095001_046705_05993A_763B
[ok joint] fid=259 bef -> 3 new .npy in /share/castor/home/e2406749/tropical_forest_disturbance/embeddings/joint/fid_259/bef/20230515T142711_20230515T142713_T20LNR__S1A_IW_GRDH_1SDV_20230509T094937_20230509T095002_048455_05D42C_4A7D
[ok joint] fid=259 evt -> 3 new .npy in /share/castor/home/e2406749/tropical_forest_disturbance/embeddings/joint/fid_259/evt/20230719T142719_20230719T142939_T20LNR__S1A_IW_GRDH_1SDV_20230720T094940_20230720T095005_049505_05F3ED_61B1
[ok joint] fid=259 aft -> 3 new .npy in /share/castor/home/e2406749/tropical_forest_disturbance/embeddings/joint/fid_259/aft/20230808T142719_20230808T143119_T20LNR__S1A_IW_GRDH_1SDV_20230813T094942_20230813T095007_049855_05FF04_F481
[done joint] All embeddings already exist in /share/castor/home/e2406749/tropical_forest_disturbance/embeddings/joint/fid_315/bef/20230214T142711_20230214T143425_T20LNR__S1A_IW_GRDH_1SDV_20230214T094935_20230214T095000_047230_05AAD4_443E
[done joint] All embeddings already exist in /share/castor/home/e2406749/tropical_forest_disturbance/embeddings/joint/fid_315/bef/20230520T142719_20230520T142902_T20LNR__S1A_IW_GRDH_1SDV_20230521T094937_20230521T095002_048630_05D957_8119
[done joint] All embeddings already exist in /share/castor/home/e2406749/tropical_forest_disturbance/embeddings/joint/fid_315/bef/20230709T142719_20230709T142938_T20LNR__S1A_IW_GRDH_1SDV_20230708T094940_20230708T095005_049330_05EE9A_BD21
[done joint] All embeddings already exist in /share/castor/home/e2406749/tropical_forest_disturbance/embeddings/joint/fid_315/bef/20230604T142721_20230604T142716_T20LNR__S1A_IW_GRDH_1SDV_20230602T094938_20230602T095003_048805_05DE8B_61F1
[done joint] All embeddings already exist in /share/castor/home/e2406749/tropical_forest_disturbance/embeddings/joint/fid_315/bef/20230624T142721_20230624T142715_T20LNR__S1A_IW_GRDH_1SDV_20230626T094939_20230626T095004_049155_05E932_87DB
[done joint] All embeddings already exist in /share/castor/home/e2406749/tropical_forest_disturbance/embeddings/joint/fid_315/bef/20230430T142719_20230430T142714_T20LNR__S1A_IW_GRDH_1SDV_20230427T094936_20230427T095001_048280_05CE51_C3AC
[done joint] All embeddings already exist in /share/castor/home/e2406749/tropical_forest_disturbance/embeddings/joint/fid_315/bef/20230609T142719_20230609T142938_T20LNR__S1A_IW_GRDH_1SDV_20230614T094938_20230614T095003_048980_05E3E7_B37E
[done joint] All embeddings already exist in /share/castor/home/e2406749/tropical_forest_disturbance/embeddings/joint/fid_315/bef/20230515T142711_20230515T142713_T20LNR__S1A_IW_GRDH_1SDV_20230509T094937_20230509T095002_048455_05D42C_4A7D
[done joint] All embeddings already exist in /share/castor/home/e2406749/tropical_forest_disturbance/embeddings/joint/fid_315/evt/20230719T142719_20230719T142939_T20LNR__S1A_IW_GRDH_1SDV_20230720T094940_20230720T095005_049505_05F3ED_61B1
[done joint] All embeddings already exist in /share/castor/home/e2406749/tropical_forest_disturbance/embeddings/joint/fid_315/aft/20230808T142719_20230808T143119_T20LNR__S1A_IW_GRDH_1SDV_20230813T094942_20230813T095007_049855_05FF04_F481
[ok joint] fid=129 bef -> 2 new .npy in /share/castor/home/e2406749/tropical_forest_disturbance/embeddings/joint/fid_129/bef/20230214T142711_20230214T143425_T20LNR__S1A_IW_GRDH_1SDV_20230214T094935_20230214T095000_047230_05AAD4_443E
[ok joint] fid=129 bef -> 2 new .npy in /share/castor/home/e2406749/tropical_forest_disturbance/embeddings/joint/fid_129/bef/20230709T142719_20230709T142938_T20LNR__S1A_IW_GRDH_1SDV_20230708T094940_20230708T095005_049330_05EE9A_BD21
[ok joint] fid=129 bef -> 2 new .npy in /share/castor/home/e2406749/tropical_forest_disturbance/embeddings/joint/fid_129/bef/20230604T142721_20230604T142716_T20LNR__S1A_IW_GRDH_1SDV_20230602T094938_20230602T095003_048805_05DE8B_61F1
[ok joint] fid=129 bef -> 2 new .npy in /share/castor/home/e2406749/tropical_forest_disturbance/embeddings/joint/fid_129/bef/20230624T142721_20230624T142715_T20LNR__S1A_IW_GRDH_1SDV_20230626T094939_20230626T095004_049155_05E932_87DB
[ok joint] fid=129 bef -> 2 new .npy in /share/castor/home/e2406749/tropical_forest_disturbance/embeddings/joint/fid_129/bef/20230301T142709_20230301T142737_T20LNR__S1A_IW_GRDH_1SDV_20230226T094935_20230226T095000_047405_05B0D3_E8BA
[ok joint] fid=129 bef -> 2 new .npy in /share/castor/home/e2406749/tropical_forest_disturbance/embeddings/joint/fid_129/bef/20230430T142719_20230430T142714_T20LNR__S1A_IW_GRDH_1SDV_20230427T094936_20230427T095001_048280_05CE51_C3AC
[ok joint] fid=129 bef -> 2 new .npy in /share/castor/home/e2406749/tropical_forest_disturbance/embeddings/joint/fid_129/bef/20230525T142721_20230525T142853_T20LNR__S1A_IW_GRDH_1SDV_20230521T094937_20230521T095002_048630_05D957_8119
[ok joint] fid=129 bef -> 2 new .npy in /share/castor/home/e2406749/tropical_forest_disturbance/embeddings/joint/fid_129/bef/20230609T142719_20230609T142938_T20LNR__S1A_IW_GRDH_1SDV_20230614T094938_20230614T095003_048980_05E3E7_B37E
[ok joint] fid=129 bef -> 2 new .npy in /share/castor/home/e2406749/tropical_forest_disturbance/embeddings/joint/fid_129/bef/20230115T142711_20230115T142817_T20LNR__S1A_IW_GRDH_1SDV_20230109T094936_20230109T095001_046705_05993A_763B
[ok joint] fid=129 bef -> 2 new .npy in /share/castor/home/e2406749/tropical_forest_disturbance/embeddings/joint/fid_129/bef/20230515T142711_20230515T142713_T20LNR__S1A_IW_GRDH_1SDV_20230509T094937_20230509T095002_048455_05D42C_4A7D
[ok joint] fid=129 evt -> 2 new .npy in /share/castor/home/e2406749/tropical_forest_disturbance/embeddings/joint/fid_129/evt/20230719T142719_20230719T142939_T20LNR__S1A_IW_GRDH_1SDV_20230720T094940_20230720T095005_049505_05F3ED_61B1
[ok joint] fid=129 aft -> 2 new .npy in /share/castor/home/e2406749/tropical_forest_disturbance/embeddings/joint/fid_129/aft/20230808T142719_20230808T143119_T20LNR__S1A_IW_GRDH_1SDV_20230813T094942_20230813T095007_049855_05FF04_F481
[ok joint] fid=318 bef -> 2 new .npy in /share/castor/home/e2406749/tropical_forest_disturbance/embeddings/joint/fid_318/bef/20230214T142711_20230214T143425_T20LNR__S1A_IW_GRDH_1SDV_20230214T094935_20230214T095000_047230_05AAD4_443E
[ok joint] fid=318 bef -> 2 new .npy in /share/castor/home/e2406749/tropical_forest_disturbance/embeddings/joint/fid_318/bef/20230709T142719_20230709T142938_T20LNR__S1A_IW_GRDH_1SDV_20230708T094940_20230708T095005_049330_05EE9A_BD21
[ok joint] fid=318 bef -> 2 new .npy in /share/castor/home/e2406749/tropical_forest_disturbance/embeddings/joint/fid_318/bef/20230604T142721_20230604T142716_T20LNR__S1A_IW_GRDH_1SDV_20230602T094938_20230602T095003_048805_05DE8B_61F1
[ok joint] fid=318 bef -> 2 new .npy in /share/castor/home/e2406749/tropical_forest_disturbance/embeddings/joint/fid_318/bef/20230624T142721_20230624T142715_T20LNR__S1A_IW_GRDH_1SDV_20230626T094939_20230626T095004_049155_05E932_87DB
[ok joint] fid=318 bef -> 2 new .npy in /share/castor/home/e2406749/tropical_forest_disturbance/embeddings/joint/fid_318/bef/20230301T142709_20230301T142737_T20LNR__S1A_IW_GRDH_1SDV_20230226T094935_20230226T095000_047405_05B0D3_E8BA
[ok joint] fid=318 bef -> 2 new .npy in /share/castor/home/e2406749/tropical_forest_disturbance/embeddings/joint/fid_318/bef/20230430T142719_20230430T142714_T20LNR__S1A_IW_GRDH_1SDV_20230427T094936_20230427T095001_048280_05CE51_C3AC
[ok joint] fid=318 bef -> 2 new .npy in /share/castor/home/e2406749/tropical_forest_disturbance/embeddings/joint/fid_318/bef/20230326T142711_20230326T142710_T20LNR__S1A_IW_GRDH_1SDV_20230322T094935_20230322T095000_047755_05BCAD_A5E4
[ok joint] fid=318 bef -> 2 new .npy in /share/castor/home/e2406749/tropical_forest_disturbance/embeddings/joint/fid_318/bef/20230525T142721_20230525T142853_T20LNR__S1A_IW_GRDH_1SDV_20230521T094937_20230521T095002_048630_05D957_8119
[ok joint] fid=318 bef -> 2 new .npy in /share/castor/home/e2406749/tropical_forest_disturbance/embeddings/joint/fid_318/bef/20230609T142719_20230609T142938_T20LNR__S1A_IW_GRDH_1SDV_20230614T094938_20230614T095003_048980_05E3E7_B37E
[ok joint] fid=318 bef -> 2 new .npy in /share/castor/home/e2406749/tropical_forest_disturbance/embeddings/joint/fid_318/bef/20230115T142711_20230115T142817_T20LNR__S1A_IW_GRDH_1SDV_20230109T094936_20230109T095001_046705_05993A_763B
[ok joint] fid=318 bef -> 2 new .npy in /share/castor/home/e2406749/tropical_forest_disturbance/embeddings/joint/fid_318/bef/20230515T142711_20230515T142713_T20LNR__S1A_IW_GRDH_1SDV_20230509T094937_20230509T095002_048455_05D42C_4A7D
[ok joint] fid=318 evt -> 2 new .npy in /share/castor/home/e2406749/tropical_forest_disturbance/embeddings/joint/fid_318/evt/20230719T142719_20230719T142939_T20LNR__S1A_IW_GRDH_1SDV_20230720T094940_20230720T095005_049505_05F3ED_61B1
[ok joint] fid=318 aft -> 2 new .npy in /share/castor/home/e2406749/tropical_forest_disturbance/embeddings/joint/fid_318/aft/20230808T142719_20230808T143119_T20LNR__S1A_IW_GRDH_1SDV_20230813T094942_20230813T095007_049855_05FF04_F481
[ok joint] fid=319 bef -> 4 new .npy in /share/castor/home/e2406749/tropical_forest_disturbance/embeddings/joint/fid_319/bef/20230709T142719_20230709T142938_T20LNR__S1A_IW_GRDH_1SDV_20230708T094940_20230708T095005_049330_05EE9A_BD21
[ok joint] fid=319 bef -> 4 new .npy in /share/castor/home/e2406749/tropical_forest_disturbance/embeddings/joint/fid_319/bef/20230604T142721_20230604T142716_T20LNR__S1A_IW_GRDH_1SDV_20230602T094938_20230602T095003_048805_05DE8B_61F1
[ok joint] fid=319 bef -> 4 new .npy in /share/castor/home/e2406749/tropical_forest_disturbance/embeddings/joint/fid_319/bef/20230624T142721_20230624T142715_T20LNR__S1A_IW_GRDH_1SDV_20230626T094939_20230626T095004_049155_05E932_87DB
[ok joint] fid=319 bef -> 4 new .npy in /share/castor/home/e2406749/tropical_forest_disturbance/embeddings/joint/fid_319/bef/20230430T142719_20230430T142714_T20LNR__S1A_IW_GRDH_1SDV_20230427T094936_20230427T095001_048280_05CE51_C3AC
[ok joint] fid=319 bef -> 4 new .npy in /share/castor/home/e2406749/tropical_forest_disturbance/embeddings/joint/fid_319/bef/20230525T142721_20230525T142853_T20LNR__S1A_IW_GRDH_1SDV_20230521T094937_20230521T095002_048630_05D957_8119
[ok joint] fid=319 bef -> 4 new .npy in /share/castor/home/e2406749/tropical_forest_disturbance/embeddings/joint/fid_319/bef/20230609T142719_20230609T142938_T20LNR__S1A_IW_GRDH_1SDV_20230614T094938_20230614T095003_048980_05E3E7_B37E
[ok joint] fid=319 bef -> 4 new .npy in /share/castor/home/e2406749/tropical_forest_disturbance/embeddings/joint/fid_319/bef/20230515T142711_20230515T142713_T20LNR__S1A_IW_GRDH_1SDV_20230509T094937_20230509T095002_048455_05D42C_4A7D
[ok joint] fid=319 evt -> 4 new .npy in /share/castor/home/e2406749/tropical_forest_disturbance/embeddings/joint/fid_319/evt/20230719T142719_20230719T142939_T20LNR__S1A_IW_GRDH_1SDV_20230720T094940_20230720T095005_049505_05F3ED_61B1
[ok joint] fid=319 aft -> 4 new .npy in /share/castor/home/e2406749/tropical_forest_disturbance/embeddings/joint/fid_319/aft/20230818T142719_20230818T143227_T20LNR__S1A_IW_GRDH_1SDV_20230813T094942_20230813T095007_049855_05FF04_F481
[ok joint] fid=206 bef -> 2 new .npy in /share/castor/home/e2406749/tropical_forest_disturbance/embeddings/joint/fid_206/bef/20230520T142719_20230520T142902_T20LNR__S1A_IW_GRDH_1SDV_20230521T094937_20230521T095002_048630_05D957_8119
[ok joint] fid=206 bef -> 2 new .npy in /share/castor/home/e2406749/tropical_forest_disturbance/embeddings/joint/fid_206/bef/20230709T142719_20230709T142938_T20LNR__S1A_IW_GRDH_1SDV_20230708T094940_20230708T095005_049330_05EE9A_BD21
[ok joint] fid=206 bef -> 2 new .npy in /share/castor/home/e2406749/tropical_forest_disturbance/embeddings/joint/fid_206/bef/20230604T142721_20230604T142716_T20LNR__S1A_IW_GRDH_1SDV_20230602T094938_20230602T095003_048805_05DE8B_61F1
[ok joint] fid=206 bef -> 2 new .npy in /share/castor/home/e2406749/tropical_forest_disturbance/embeddings/joint/fid_206/bef/20230624T142721_20230624T142715_T20LNR__S1A_IW_GRDH_1SDV_20230626T094939_20230626T095004_049155_05E932_87DB
[ok joint] fid=206 bef -> 2 new .npy in /share/castor/home/e2406749/tropical_forest_disturbance/embeddings/joint/fid_206/bef/20230430T142719_20230430T142714_T20LNR__S1A_IW_GRDH_1SDV_20230427T094936_20230427T095001_048280_05CE51_C3AC
[ok joint] fid=206 bef -> 2 new .npy in /share/castor/home/e2406749/tropical_forest_disturbance/embeddings/joint/fid_206/bef/20230609T142719_20230609T142938_T20LNR__S1A_IW_GRDH_1SDV_20230614T094938_20230614T095003_048980_05E3E7_B37E
[ok joint] fid=206 bef -> 2 new .npy in /share/castor/home/e2406749/tropical_forest_disturbance/embeddings/joint/fid_206/bef/20230515T142711_20230515T142713_T20LNR__S1A_IW_GRDH_1SDV_20230509T094937_20230509T095002_048455_05D42C_4A7D
[ok joint] fid=206 evt -> 2 new .npy in /share/castor/home/e2406749/tropical_forest_disturbance/embeddings/joint/fid_206/evt/20230719T142719_20230719T142939_T20LNR__S1A_IW_GRDH_1SDV_20230720T094940_20230720T095005_049505_05F3ED_61B1
[ok joint] fid=206 evt -> 2 new .npy in /share/castor/home/e2406749/tropical_forest_disturbance/embeddings/joint/fid_206/evt/20230729T142719_20230729T142718_T20LNR__S1A_IW_GRDH_1SDV_20230801T094941_20230801T095006_049680_05F959_7E64
[ok joint] fid=206 aft -> 2 new .npy in /share/castor/home/e2406749/tropical_forest_disturbance/embeddings/joint/fid_206/aft/20230808T142719_20230808T143119_T20LNR__S1A_IW_GRDH_1SDV_20230813T094942_20230813T095007_049855_05FF04_F481
[ok joint] fid=321 bef -> 9 new .npy in /share/castor/home/e2406749/tropical_forest_disturbance/embeddings/joint/fid_321/bef/20230214T142711_20230214T143425_T20LNR__S1A_IW_GRDH_1SDV_20230214T094935_20230214T095000_047230_05AAD4_443E
[ok joint] fid=321 bef -> 9 new .npy in /share/castor/home/e2406749/tropical_forest_disturbance/embeddings/joint/fid_321/bef/20230709T142719_20230709T142938_T20LNR__S1A_IW_GRDH_1SDV_20230708T094940_20230708T095005_049330_05EE9A_BD21
[ok joint] fid=321 bef -> 9 new .npy in /share/castor/home/e2406749/tropical_forest_disturbance/embeddings/joint/fid_321/bef/20230624T142721_20230624T142715_T20LNR__S1A_IW_GRDH_1SDV_20230626T094939_20230626T095004_049155_05E932_87DB
[ok joint] fid=321 bef -> 9 new .npy in /share/castor/home/e2406749/tropical_forest_disturbance/embeddings/joint/fid_321/bef/20230430T142719_20230430T142714_T20LNR__S1A_IW_GRDH_1SDV_20230427T094936_20230427T095001_048280_05CE51_C3AC
[ok joint] fid=321 bef -> 9 new .npy in /share/castor/home/e2406749/tropical_forest_disturbance/embeddings/joint/fid_321/bef/20230609T142719_20230609T142938_T20LNR__S1A_IW_GRDH_1SDV_20230614T094938_20230614T095003_048980_05E3E7_B37E
[ok joint] fid=321 evt -> 9 new .npy in /share/castor/home/e2406749/tropical_forest_disturbance/embeddings/joint/fid_321/evt/20230719T142719_20230719T142939_T20LNR__S1A_IW_GRDH_1SDV_20230720T094940_20230720T095005_049505_05F3ED_61B1
[ok joint] fid=321 evt -> 9 new .npy in /share/castor/home/e2406749/tropical_forest_disturbance/embeddings/joint/fid_321/evt/20230729T142719_20230729T142718_T20LNR__S1A_IW_GRDH_1SDV_20230801T094941_20230801T095006_049680_05F959_7E64
[ok joint] fid=321 aft -> 9 new .npy in /share/castor/home/e2406749/tropical_forest_disturbance/embeddings/joint/fid_321/aft/20230808T142719_20230808T143119_T20LNR__S1A_IW_GRDH_1SDV_20230813T094942_20230813T095007_049855_05FF04_F481
[ok joint] fid=207 bef -> 4 new .npy in /share/castor/home/e2406749/tropical_forest_disturbance/embeddings/joint/fid_207/bef/20230214T142711_20230214T143425_T20LNR__S1A_IW_GRDH_1SDV_20230214T094935_20230214T095000_047230_05AAD4_443E
[ok joint] fid=207 bef -> 4 new .npy in /share/castor/home/e2406749/tropical_forest_disturbance/embeddings/joint/fid_207/bef/20230709T142719_20230709T142938_T20LNR__S1A_IW_GRDH_1SDV_20230708T094940_20230708T095005_049330_05EE9A_BD21
[ok joint] fid=207 bef -> 4 new .npy in /share/castor/home/e2406749/tropical_forest_disturbance/embeddings/joint/fid_207/bef/20230719T142719_20230719T142939_T20LNR__S1A_IW_GRDH_1SDV_20230720T094940_20230720T095005_049505_05F3ED_61B1
[ok joint] fid=207 bef -> 4 new .npy in /share/castor/home/e2406749/tropical_forest_disturbance/embeddings/joint/fid_207/bef/20230604T142721_20230604T142716_T20LNR__S1A_IW_GRDH_1SDV_20230602T094938_20230602T095003_048805_05DE8B_61F1
[ok joint] fid=207 bef -> 4 new .npy in /share/castor/home/e2406749/tropical_forest_disturbance/embeddings/joint/fid_207/bef/20230624T142721_20230624T142715_T20LNR__S1A_IW_GRDH_1SDV_20230626T094939_20230626T095004_049155_05E932_87DB
[ok joint] fid=207 bef -> 4 new .npy in /share/castor/home/e2406749/tropical_forest_disturbance/embeddings/joint/fid_207/bef/20230430T142719_20230430T142714_T20LNR__S1A_IW_GRDH_1SDV_20230427T094936_20230427T095001_048280_05CE51_C3AC
[ok joint] fid=207 bef -> 4 new .npy in /share/castor/home/e2406749/tropical_forest_disturbance/embeddings/joint/fid_207/bef/20230609T142719_20230609T142938_T20LNR__S1A_IW_GRDH_1SDV_20230614T094938_20230614T095003_048980_05E3E7_B37E
[ok joint] fid=207 bef -> 4 new .npy in /share/castor/home/e2406749/tropical_forest_disturbance/embeddings/joint/fid_207/bef/20230115T142711_20230115T142817_T20LNR__S1A_IW_GRDH_1SDV_20230109T094936_20230109T095001_046705_05993A_763B
[ok joint] fid=207 bef -> 4 new .npy in /share/castor/home/e2406749/tropical_forest_disturbance/embeddings/joint/fid_207/bef/20230515T142711_20230515T142713_T20LNR__S1A_IW_GRDH_1SDV_20230509T094937_20230509T095002_048455_05D42C_4A7D
[ok joint] fid=207 evt -> 4 new .npy in /share/castor/home/e2406749/tropical_forest_disturbance/embeddings/joint/fid_207/evt/20230729T142719_20230729T142718_T20LNR__S1A_IW_GRDH_1SDV_20230801T094941_20230801T095006_049680_05F959_7E64
[ok joint] fid=207 aft -> 4 new .npy in /share/castor/home/e2406749/tropical_forest_disturbance/embeddings/joint/fid_207/aft/20230823T142721_20230823T143116_T20LNR__S1A_IW_GRDH_1SDV_20230825T094943_20230825T095008_050030_0604F6_5B1D
[ok joint] fid=207 aft -> 4 new .npy in /share/castor/home/e2406749/tropical_forest_disturbance/embeddings/joint/fid_207/aft/20230808T142719_20230808T143119_T20LNR__S1A_IW_GRDH_1SDV_20230813T094942_20230813T095007_049855_05FF04_F481
[ok joint] fid=208 bef -> 2 new .npy in /share/castor/home/e2406749/tropical_forest_disturbance/embeddings/joint/fid_208/bef/20230214T142711_20230214T143425_T20LNR__S1A_IW_GRDH_1SDV_20230214T094935_20230214T095000_047230_05AAD4_443E
[ok joint] fid=208 bef -> 2 new .npy in /share/castor/home/e2406749/tropical_forest_disturbance/embeddings/joint/fid_208/bef/20230520T142719_20230520T142902_T20LNR__S1A_IW_GRDH_1SDV_20230521T094937_20230521T095002_048630_05D957_8119
[ok joint] fid=208 bef -> 2 new .npy in /share/castor/home/e2406749/tropical_forest_disturbance/embeddings/joint/fid_208/bef/20230709T142719_20230709T142938_T20LNR__S1A_IW_GRDH_1SDV_20230708T094940_20230708T095005_049330_05EE9A_BD21
[ok joint] fid=208 bef -> 2 new .npy in /share/castor/home/e2406749/tropical_forest_disturbance/embeddings/joint/fid_208/bef/20230719T142719_20230719T142939_T20LNR__S1A_IW_GRDH_1SDV_20230720T094940_20230720T095005_049505_05F3ED_61B1
[ok joint] fid=208 bef -> 2 new .npy in /share/castor/home/e2406749/tropical_forest_disturbance/embeddings/joint/fid_208/bef/20230224T142711_20230224T143045_T20LNR__S1A_IW_GRDH_1SDV_20230226T094935_20230226T095000_047405_05B0D3_E8BA
[ok joint] fid=208 bef -> 2 new .npy in /share/castor/home/e2406749/tropical_forest_disturbance/embeddings/joint/fid_208/bef/20230604T142721_20230604T142716_T20LNR__S1A_IW_GRDH_1SDV_20230602T094938_20230602T095003_048805_05DE8B_61F1
[ok joint] fid=208 bef -> 2 new .npy in /share/castor/home/e2406749/tropical_forest_disturbance/embeddings/joint/fid_208/bef/20230624T142721_20230624T142715_T20LNR__S1A_IW_GRDH_1SDV_20230626T094939_20230626T095004_049155_05E932_87DB
[ok joint] fid=208 bef -> 2 new .npy in /share/castor/home/e2406749/tropical_forest_disturbance/embeddings/joint/fid_208/bef/20230430T142719_20230430T142714_T20LNR__S1A_IW_GRDH_1SDV_20230427T094936_20230427T095001_048280_05CE51_C3AC
[ok joint] fid=208 bef -> 2 new .npy in /share/castor/home/e2406749/tropical_forest_disturbance/embeddings/joint/fid_208/bef/20230125T142711_20230125T142709_T20LNR__S1A_IW_GRDH_1SDV_20230121T094935_20230121T095000_046880_059F24_7A3A
[ok joint] fid=208 bef -> 2 new .npy in /share/castor/home/e2406749/tropical_forest_disturbance/embeddings/joint/fid_208/bef/20230609T142719_20230609T142938_T20LNR__S1A_IW_GRDH_1SDV_20230614T094938_20230614T095003_048980_05E3E7_B37E
[ok joint] fid=208 bef -> 2 new .npy in /share/castor/home/e2406749/tropical_forest_disturbance/embeddings/joint/fid_208/bef/20230515T142711_20230515T142713_T20LNR__S1A_IW_GRDH_1SDV_20230509T094937_20230509T095002_048455_05D42C_4A7D
[ok joint] fid=208 evt -> 2 new .npy in /share/castor/home/e2406749/tropical_forest_disturbance/embeddings/joint/fid_208/evt/20230729T142719_20230729T142718_T20LNR__S1A_IW_GRDH_1SDV_20230801T094941_20230801T095006_049680_05F959_7E64
[ok joint] fid=208 aft -> 2 new .npy in /share/castor/home/e2406749/tropical_forest_disturbance/embeddings/joint/fid_208/aft/20230823T142721_20230823T143116_T20LNR__S1A_IW_GRDH_1SDV_20230825T094943_20230825T095008_050030_0604F6_5B1D
[ok joint] fid=208 aft -> 2 new .npy in /share/castor/home/e2406749/tropical_forest_disturbance/embeddings/joint/fid_208/aft/20230808T142719_20230808T143119_T20LNR__S1A_IW_GRDH_1SDV_20230813T094942_20230813T095007_049855_05FF04_F481
[ok joint] fid=261 bef -> 1 new .npy in /share/castor/home/e2406749/tropical_forest_disturbance/embeddings/joint/fid_261/bef/20230214T142711_20230214T143425_T20LNR__S1A_IW_GRDH_1SDV_20230214T094935_20230214T095000_047230_05AAD4_443E
[ok joint] fid=261 bef -> 1 new .npy in /share/castor/home/e2406749/tropical_forest_disturbance/embeddings/joint/fid_261/bef/20230709T142719_20230709T142938_T20LNR__S1A_IW_GRDH_1SDV_20230708T094940_20230708T095005_049330_05EE9A_BD21
[ok joint] fid=261 bef -> 1 new .npy in /share/castor/home/e2406749/tropical_forest_disturbance/embeddings/joint/fid_261/bef/20230719T142719_20230719T142939_T20LNR__S1A_IW_GRDH_1SDV_20230720T094940_20230720T095005_049505_05F3ED_61B1
[ok joint] fid=261 bef -> 1 new .npy in /share/castor/home/e2406749/tropical_forest_disturbance/embeddings/joint/fid_261/bef/20230604T142721_20230604T142716_T20LNR__S1A_IW_GRDH_1SDV_20230602T094938_20230602T095003_048805_05DE8B_61F1
[ok joint] fid=261 bef -> 1 new .npy in /share/castor/home/e2406749/tropical_forest_disturbance/embeddings/joint/fid_261/bef/20230624T142721_20230624T142715_T20LNR__S1A_IW_GRDH_1SDV_20230626T094939_20230626T095004_049155_05E932_87DB
[ok joint] fid=261 bef -> 1 new .npy in /share/castor/home/e2406749/tropical_forest_disturbance/embeddings/joint/fid_261/bef/20230301T142709_20230301T142737_T20LNR__S1A_IW_GRDH_1SDV_20230226T094935_20230226T095000_047405_05B0D3_E8BA
[ok joint] fid=261 bef -> 1 new .npy in /share/castor/home/e2406749/tropical_forest_disturbance/embeddings/joint/fid_261/bef/20230430T142719_20230430T142714_T20LNR__S1A_IW_GRDH_1SDV_20230427T094936_20230427T095001_048280_05CE51_C3AC
[ok joint] fid=261 bef -> 1 new .npy in /share/castor/home/e2406749/tropical_forest_disturbance/embeddings/joint/fid_261/bef/20230326T142711_20230326T142710_T20LNR__S1A_IW_GRDH_1SDV_20230322T094935_20230322T095000_047755_05BCAD_A5E4
[ok joint] fid=261 bef -> 1 new .npy in /share/castor/home/e2406749/tropical_forest_disturbance/embeddings/joint/fid_261/bef/20230609T142719_20230609T142938_T20LNR__S1A_IW_GRDH_1SDV_20230614T094938_20230614T095003_048980_05E3E7_B37E
[ok joint] fid=261 bef -> 1 new .npy in /share/castor/home/e2406749/tropical_forest_disturbance/embeddings/joint/fid_261/bef/20230515T142711_20230515T142713_T20LNR__S1A_IW_GRDH_1SDV_20230509T094937_20230509T095002_048455_05D42C_4A7D
[ok joint] fid=261 evt -> 1 new .npy in /share/castor/home/e2406749/tropical_forest_disturbance/embeddings/joint/fid_261/evt/20230803T142721_20230803T143434_T20LNR__S1A_IW_GRDH_1SDV_20230801T094941_20230801T095006_049680_05F959_7E64
[ok joint] fid=261 aft -> 1 new .npy in /share/castor/home/e2406749/tropical_forest_disturbance/embeddings/joint/fid_261/aft/20230823T142721_20230823T143116_T20LNR__S1A_IW_GRDH_1SDV_20230825T094943_20230825T095008_050030_0604F6_5B1D
[ok joint] fid=261 aft -> 1 new .npy in /share/castor/home/e2406749/tropical_forest_disturbance/embeddings/joint/fid_261/aft/20230808T142719_20230808T143119_T20LNR__S1A_IW_GRDH_1SDV_20230813T094942_20230813T095007_049855_05FF04_F481
[ok joint] fid=131 bef -> 4 new .npy in /share/castor/home/e2406749/tropical_forest_disturbance/embeddings/joint/fid_131/bef/20230709T142719_20230709T142938_T20LNR__S1A_IW_GRDH_1SDV_20230708T094915_20230708T094940_049330_05EE9A_201B
[ok joint] fid=131 bef -> 4 new .npy in /share/castor/home/e2406749/tropical_forest_disturbance/embeddings/joint/fid_131/bef/20230719T142719_20230719T142939_T20LNR__S1A_IW_GRDH_1SDV_20230720T094915_20230720T094940_049505_05F3ED_2372
[ok joint] fid=131 bef -> 4 new .npy in /share/castor/home/e2406749/tropical_forest_disturbance/embeddings/joint/fid_131/bef/20230604T142721_20230604T142716_T20LNR__S1A_IW_GRDH_1SDV_20230602T094913_20230602T094938_048805_05DE8B_7193
[ok joint] fid=131 bef -> 4 new .npy in /share/castor/home/e2406749/tropical_forest_disturbance/embeddings/joint/fid_131/bef/20230624T142721_20230624T142715_T20LNR__S1A_IW_GRDH_1SDV_20230626T094914_20230626T094939_049155_05E932_8E24
[ok joint] fid=131 bef -> 4 new .npy in /share/castor/home/e2406749/tropical_forest_disturbance/embeddings/joint/fid_131/bef/20230525T142721_20230525T142853_T20LNR__S1A_IW_GRDH_1SDV_20230521T094912_20230521T094937_048630_05D957_8539
[ok joint] fid=131 bef -> 4 new .npy in /share/castor/home/e2406749/tropical_forest_disturbance/embeddings/joint/fid_131/bef/20230609T142719_20230609T142938_T20LNR__S1A_IW_GRDH_1SDV_20230614T094913_20230614T094938_048980_05E3E7_6485
[ok joint] fid=131 bef -> 4 new .npy in /share/castor/home/e2406749/tropical_forest_disturbance/embeddings/joint/fid_131/bef/20230515T142711_20230515T142713_T20LNR__S1A_IW_GRDH_1SDV_20230509T094912_20230509T094937_048455_05D42C_BB80
[ok joint] fid=131 evt -> 4 new .npy in /share/castor/home/e2406749/tropical_forest_disturbance/embeddings/joint/fid_131/evt/20230803T142721_20230803T143434_T20LNR__S1A_IW_GRDH_1SDV_20230801T094916_20230801T094941_049680_05F959_E6F2
[ok joint] fid=131 aft -> 4 new .npy in /share/castor/home/e2406749/tropical_forest_disturbance/embeddings/joint/fid_131/aft/20230823T142721_20230823T143116_T20LNR__S1A_IW_GRDH_1SDV_20230825T094918_20230825T094943_050030_0604F6_59F6
[ok joint] fid=131 aft -> 4 new .npy in /share/castor/home/e2406749/tropical_forest_disturbance/embeddings/joint/fid_131/aft/20230808T142719_20230808T143119_T20LNR__S1A_IW_GRDH_1SDV_20230813T094917_20230813T094942_049855_05FF04_E952
[ok joint] fid=323 bef -> 3 new .npy in /share/castor/home/e2406749/tropical_forest_disturbance/embeddings/joint/fid_323/bef/20230214T142711_20230214T143425_T20LNR__S1A_IW_GRDH_1SDV_20230214T094935_20230214T095000_047230_05AAD4_443E
[ok joint] fid=323 bef -> 3 new .npy in /share/castor/home/e2406749/tropical_forest_disturbance/embeddings/joint/fid_323/bef/20230709T142719_20230709T142938_T20LNR__S1A_IW_GRDH_1SDV_20230708T094940_20230708T095005_049330_05EE9A_BD21
[ok joint] fid=323 bef -> 3 new .npy in /share/castor/home/e2406749/tropical_forest_disturbance/embeddings/joint/fid_323/bef/20230719T142719_20230719T142939_T20LNR__S1A_IW_GRDH_1SDV_20230720T094940_20230720T095005_049505_05F3ED_61B1
[ok joint] fid=323 bef -> 3 new .npy in /share/castor/home/e2406749/tropical_forest_disturbance/embeddings/joint/fid_323/bef/20230624T142721_20230624T142715_T20LNR__S1A_IW_GRDH_1SDV_20230626T094939_20230626T095004_049155_05E932_87DB
[ok joint] fid=323 bef -> 3 new .npy in /share/castor/home/e2406749/tropical_forest_disturbance/embeddings/joint/fid_323/bef/20230430T142719_20230430T142714_T20LNR__S1A_IW_GRDH_1SDV_20230427T094936_20230427T095001_048280_05CE51_C3AC
[ok joint] fid=323 bef -> 3 new .npy in /share/castor/home/e2406749/tropical_forest_disturbance/embeddings/joint/fid_323/bef/20230609T142719_20230609T142938_T20LNR__S1A_IW_GRDH_1SDV_20230614T094938_20230614T095003_048980_05E3E7_B37E
[ok joint] fid=323 bef -> 3 new .npy in /share/castor/home/e2406749/tropical_forest_disturbance/embeddings/joint/fid_323/bef/20230115T142711_20230115T142817_T20LNR__S1A_IW_GRDH_1SDV_20230109T094936_20230109T095001_046705_05993A_763B
[ok joint] fid=323 bef -> 3 new .npy in /share/castor/home/e2406749/tropical_forest_disturbance/embeddings/joint/fid_323/bef/20230515T142711_20230515T142713_T20LNR__S1A_IW_GRDH_1SDV_20230509T094937_20230509T095002_048455_05D42C_4A7D
[ok joint] fid=323 evt -> 3 new .npy in /share/castor/home/e2406749/tropical_forest_disturbance/embeddings/joint/fid_323/evt/20230729T142719_20230729T142718_T20LNR__S1A_IW_GRDH_1SDV_20230801T094941_20230801T095006_049680_05F959_7E64
[ok joint] fid=323 aft -> 3 new .npy in /share/castor/home/e2406749/tropical_forest_disturbance/embeddings/joint/fid_323/aft/20230808T142719_20230808T143119_T20LNR__S1A_IW_GRDH_1SDV_20230813T094942_20230813T095007_049855_05FF04_F481
[ok joint] fid=323 aft -> 3 new .npy in /share/castor/home/e2406749/tropical_forest_disturbance/embeddings/joint/fid_323/aft/20230818T142719_20230818T143227_T20LNR__S1A_IW_GRDH_1SDV_20230825T094943_20230825T095008_050030_0604F6_5B1D
[done joint] All embeddings already exist in /share/castor/home/e2406749/tropical_forest_disturbance/embeddings/joint/fid_324/bef/20230709T142719_20230709T142938_T20LNR__S1A_IW_GRDH_1SDV_20230708T094915_20230708T094940_049330_05EE9A_201B
[done joint] All embeddings already exist in /share/castor/home/e2406749/tropical_forest_disturbance/embeddings/joint/fid_324/bef/20230719T142719_20230719T142939_T20LNR__S1A_IW_GRDH_1SDV_20230720T094915_20230720T094940_049505_05F3ED_2372
[done joint] All embeddings already exist in /share/castor/home/e2406749/tropical_forest_disturbance/embeddings/joint/fid_324/bef/20230604T142721_20230604T142716_T20LNR__S1A_IW_GRDH_1SDV_20230602T094913_20230602T094938_048805_05DE8B_7193
[done joint] All embeddings already exist in /share/castor/home/e2406749/tropical_forest_disturbance/embeddings/joint/fid_324/bef/20230624T142721_20230624T142715_T20LNR__S1A_IW_GRDH_1SDV_20230626T094914_20230626T094939_049155_05E932_8E24
[done joint] All embeddings already exist in /share/castor/home/e2406749/tropical_forest_disturbance/embeddings/joint/fid_324/bef/20230326T142711_20230326T142710_T20LNR__S1A_IW_GRDH_1SDV_20230322T094910_20230322T094935_047755_05BCAD_F524
[done joint] All embeddings already exist in /share/castor/home/e2406749/tropical_forest_disturbance/embeddings/joint/fid_324/bef/20230420T142719_20230420T142714_T20LNR__S1A_IW_GRDH_1SDV_20230415T094911_20230415T094936_048105_05C876_50BE
[done joint] All embeddings already exist in /share/castor/home/e2406749/tropical_forest_disturbance/embeddings/joint/fid_324/bef/20230609T142719_20230609T142938_T20LNR__S1A_IW_GRDH_1SDV_20230614T094913_20230614T094938_048980_05E3E7_6485
[done joint] All embeddings already exist in /share/castor/home/e2406749/tropical_forest_disturbance/embeddings/joint/fid_324/bef/20230515T142711_20230515T142713_T20LNR__S1A_IW_GRDH_1SDV_20230509T094912_20230509T094937_048455_05D42C_BB80
[done joint] All embeddings already exist in /share/castor/home/e2406749/tropical_forest_disturbance/embeddings/joint/fid_324/evt/20230803T142721_20230803T143434_T20LNR__S1A_IW_GRDH_1SDV_20230801T094916_20230801T094941_049680_05F959_E6F2
[done joint] All embeddings already exist in /share/castor/home/e2406749/tropical_forest_disturbance/embeddings/joint/fid_324/aft/20230823T142721_20230823T143116_T20LNR__S1A_IW_GRDH_1SDV_20230825T094918_20230825T094943_050030_0604F6_59F6
[done joint] All embeddings already exist in /share/castor/home/e2406749/tropical_forest_disturbance/embeddings/joint/fid_324/aft/20230808T142719_20230808T143119_T20LNR__S1A_IW_GRDH_1SDV_20230813T094917_20230813T094942_049855_05FF04_E952
[ok joint] fid=132 bef -> 1 new .npy in /share/castor/home/e2406749/tropical_forest_disturbance/embeddings/joint/fid_132/bef/20230214T142711_20230214T143425_T20LNR__S1A_IW_GRDH_1SDV_20230214T094935_20230214T095000_047230_05AAD4_443E
[ok joint] fid=132 bef -> 1 new .npy in /share/castor/home/e2406749/tropical_forest_disturbance/embeddings/joint/fid_132/bef/20230709T142719_20230709T142938_T20LNR__S1A_IW_GRDH_1SDV_20230708T094940_20230708T095005_049330_05EE9A_BD21
[ok joint] fid=132 bef -> 1 new .npy in /share/castor/home/e2406749/tropical_forest_disturbance/embeddings/joint/fid_132/bef/20230719T142719_20230719T142939_T20LNR__S1A_IW_GRDH_1SDV_20230720T094940_20230720T095005_049505_05F3ED_61B1
[ok joint] fid=132 bef -> 1 new .npy in /share/castor/home/e2406749/tropical_forest_disturbance/embeddings/joint/fid_132/bef/20230604T142721_20230604T142716_T20LNR__S1A_IW_GRDH_1SDV_20230602T094938_20230602T095003_048805_05DE8B_61F1
[ok joint] fid=132 bef -> 1 new .npy in /share/castor/home/e2406749/tropical_forest_disturbance/embeddings/joint/fid_132/bef/20230624T142721_20230624T142715_T20LNR__S1A_IW_GRDH_1SDV_20230626T094939_20230626T095004_049155_05E932_87DB
[ok joint] fid=132 bef -> 1 new .npy in /share/castor/home/e2406749/tropical_forest_disturbance/embeddings/joint/fid_132/bef/20230301T142709_20230301T142737_T20LNR__S1A_IW_GRDH_1SDV_20230226T094935_20230226T095000_047405_05B0D3_E8BA
[ok joint] fid=132 bef -> 1 new .npy in /share/castor/home/e2406749/tropical_forest_disturbance/embeddings/joint/fid_132/bef/20230430T142719_20230430T142714_T20LNR__S1A_IW_GRDH_1SDV_20230427T094936_20230427T095001_048280_05CE51_C3AC
[ok joint] fid=132 bef -> 1 new .npy in /share/castor/home/e2406749/tropical_forest_disturbance/embeddings/joint/fid_132/bef/20230125T142711_20230125T142709_T20LNR__S1A_IW_GRDH_1SDV_20230121T094935_20230121T095000_046880_059F24_7A3A
[ok joint] fid=132 bef -> 1 new .npy in /share/castor/home/e2406749/tropical_forest_disturbance/embeddings/joint/fid_132/bef/20230609T142719_20230609T142938_T20LNR__S1A_IW_GRDH_1SDV_20230614T094938_20230614T095003_048980_05E3E7_B37E
[ok joint] fid=132 bef -> 1 new .npy in /share/castor/home/e2406749/tropical_forest_disturbance/embeddings/joint/fid_132/bef/20230515T142711_20230515T142713_T20LNR__S1A_IW_GRDH_1SDV_20230509T094937_20230509T095002_048455_05D42C_4A7D
[ok joint] fid=132 evt -> 1 new .npy in /share/castor/home/e2406749/tropical_forest_disturbance/embeddings/joint/fid_132/evt/20230803T142721_20230803T143434_T20LNR__S1A_IW_GRDH_1SDV_20230801T094941_20230801T095006_049680_05F959_7E64
[ok joint] fid=132 aft -> 1 new .npy in /share/castor/home/e2406749/tropical_forest_disturbance/embeddings/joint/fid_132/aft/20230823T142721_20230823T143116_T20LNR__S1A_IW_GRDH_1SDV_20230825T094943_20230825T095008_050030_0604F6_5B1D
[ok joint] fid=132 aft -> 1 new .npy in /share/castor/home/e2406749/tropical_forest_disturbance/embeddings/joint/fid_132/aft/20230818T142719_20230818T143227_T20LNR__S1A_IW_GRDH_1SDV_20230813T094942_20230813T095007_049855_05FF04_F481
[ok joint] fid=133 bef -> 1 new .npy in /share/castor/home/e2406749/tropical_forest_disturbance/embeddings/joint/fid_133/bef/20230709T142719_20230709T142938_T20LNR__S1A_IW_GRDH_1SDV_20230708T094940_20230708T095005_049330_05EE9A_BD21
[ok joint] fid=133 bef -> 1 new .npy in /share/castor/home/e2406749/tropical_forest_disturbance/embeddings/joint/fid_133/bef/20230719T142719_20230719T142939_T20LNR__S1A_IW_GRDH_1SDV_20230720T094940_20230720T095005_049505_05F3ED_61B1
[ok joint] fid=133 bef -> 1 new .npy in /share/castor/home/e2406749/tropical_forest_disturbance/embeddings/joint/fid_133/bef/20230425T142711_20230425T143457_T20LNR__S1A_IW_GRDH_1SDV_20230427T094936_20230427T095001_048280_05CE51_C3AC
[ok joint] fid=133 bef -> 1 new .npy in /share/castor/home/e2406749/tropical_forest_disturbance/embeddings/joint/fid_133/bef/20230604T142721_20230604T142716_T20LNR__S1A_IW_GRDH_1SDV_20230602T094938_20230602T095003_048805_05DE8B_61F1
[ok joint] fid=133 bef -> 1 new .npy in /share/castor/home/e2406749/tropical_forest_disturbance/embeddings/joint/fid_133/bef/20230624T142721_20230624T142715_T20LNR__S1A_IW_GRDH_1SDV_20230626T094939_20230626T095004_049155_05E932_87DB
[ok joint] fid=133 bef -> 1 new .npy in /share/castor/home/e2406749/tropical_forest_disturbance/embeddings/joint/fid_133/bef/20230301T142709_20230301T142737_T20LNR__S1A_IW_GRDH_1SDV_20230226T094935_20230226T095000_047405_05B0D3_E8BA
[ok joint] fid=133 bef -> 1 new .npy in /share/castor/home/e2406749/tropical_forest_disturbance/embeddings/joint/fid_133/bef/20230326T142711_20230326T142710_T20LNR__S1A_IW_GRDH_1SDV_20230322T094935_20230322T095000_047755_05BCAD_A5E4
[ok joint] fid=133 bef -> 1 new .npy in /share/castor/home/e2406749/tropical_forest_disturbance/embeddings/joint/fid_133/bef/20230525T142721_20230525T142853_T20LNR__S1A_IW_GRDH_1SDV_20230521T094937_20230521T095002_048630_05D957_8119
[ok joint] fid=133 bef -> 1 new .npy in /share/castor/home/e2406749/tropical_forest_disturbance/embeddings/joint/fid_133/bef/20230609T142719_20230609T142938_T20LNR__S1A_IW_GRDH_1SDV_20230614T094938_20230614T095003_048980_05E3E7_B37E
[ok joint] fid=133 bef -> 1 new .npy in /share/castor/home/e2406749/tropical_forest_disturbance/embeddings/joint/fid_133/bef/20230515T142711_20230515T142713_T20LNR__S1A_IW_GRDH_1SDV_20230509T094937_20230509T095002_048455_05D42C_4A7D
[ok joint] fid=133 evt -> 1 new .npy in /share/castor/home/e2406749/tropical_forest_disturbance/embeddings/joint/fid_133/evt/20230808T142719_20230808T143119_T20LNR__S1A_IW_GRDH_1SDV_20230813T094942_20230813T095007_049855_05FF04_F481
[ok joint] fid=133 aft -> 1 new .npy in /share/castor/home/e2406749/tropical_forest_disturbance/embeddings/joint/fid_133/aft/20230823T142721_20230823T143116_T20LNR__S1A_IW_GRDH_1SDV_20230825T094943_20230825T095008_050030_0604F6_5B1D
[ok joint] fid=262 bef -> 4 new .npy in /share/castor/home/e2406749/tropical_forest_disturbance/embeddings/joint/fid_262/bef/20230520T142719_20230520T142902_T20LNR__S1A_IW_GRDH_1SDV_20230521T094937_20230521T095002_048630_05D957_8119
[ok joint] fid=262 bef -> 4 new .npy in /share/castor/home/e2406749/tropical_forest_disturbance/embeddings/joint/fid_262/bef/20230709T142719_20230709T142938_T20LNR__S1A_IW_GRDH_1SDV_20230708T094940_20230708T095005_049330_05EE9A_BD21
[ok joint] fid=262 bef -> 4 new .npy in /share/castor/home/e2406749/tropical_forest_disturbance/embeddings/joint/fid_262/bef/20230719T142719_20230719T142939_T20LNR__S1A_IW_GRDH_1SDV_20230720T094940_20230720T095005_049505_05F3ED_61B1
[ok joint] fid=262 bef -> 4 new .npy in /share/castor/home/e2406749/tropical_forest_disturbance/embeddings/joint/fid_262/bef/20230604T142721_20230604T142716_T20LNR__S1A_IW_GRDH_1SDV_20230602T094938_20230602T095003_048805_05DE8B_61F1
[ok joint] fid=262 bef -> 4 new .npy in /share/castor/home/e2406749/tropical_forest_disturbance/embeddings/joint/fid_262/bef/20230624T142721_20230624T142715_T20LNR__S1A_IW_GRDH_1SDV_20230626T094939_20230626T095004_049155_05E932_87DB
[ok joint] fid=262 bef -> 4 new .npy in /share/castor/home/e2406749/tropical_forest_disturbance/embeddings/joint/fid_262/bef/20230803T142721_20230803T143434_T20LNR__S1A_IW_GRDH_1SDV_20230801T094941_20230801T095006_049680_05F959_7E64
[ok joint] fid=262 bef -> 4 new .npy in /share/castor/home/e2406749/tropical_forest_disturbance/embeddings/joint/fid_262/bef/20230301T142709_20230301T142737_T20LNR__S1A_IW_GRDH_1SDV_20230226T094935_20230226T095000_047405_05B0D3_E8BA
[ok joint] fid=262 bef -> 4 new .npy in /share/castor/home/e2406749/tropical_forest_disturbance/embeddings/joint/fid_262/bef/20230430T142719_20230430T142714_T20LNR__S1A_IW_GRDH_1SDV_20230427T094936_20230427T095001_048280_05CE51_C3AC
[ok joint] fid=262 bef -> 4 new .npy in /share/castor/home/e2406749/tropical_forest_disturbance/embeddings/joint/fid_262/bef/20230609T142719_20230609T142938_T20LNR__S1A_IW_GRDH_1SDV_20230614T094938_20230614T095003_048980_05E3E7_B37E
[ok joint] fid=262 bef -> 4 new .npy in /share/castor/home/e2406749/tropical_forest_disturbance/embeddings/joint/fid_262/bef/20230515T142711_20230515T142713_T20LNR__S1A_IW_GRDH_1SDV_20230509T094937_20230509T095002_048455_05D42C_4A7D
[ok joint] fid=262 evt -> 4 new .npy in /share/castor/home/e2406749/tropical_forest_disturbance/embeddings/joint/fid_262/evt/20230808T142719_20230808T143119_T20LNR__S1A_IW_GRDH_1SDV_20230813T094942_20230813T095007_049855_05FF04_F481
[ok joint] fid=262 aft -> 4 new .npy in /share/castor/home/e2406749/tropical_forest_disturbance/embeddings/joint/fid_262/aft/20230823T142721_20230823T143116_T20LNR__S1A_IW_GRDH_1SDV_20230825T094943_20230825T095008_050030_0604F6_5B1D
[ok joint] fid=211 bef -> 5 new .npy in /share/castor/home/e2406749/tropical_forest_disturbance/embeddings/joint/fid_211/bef/20230709T142719_20230709T142938_T20LNR__S1A_IW_GRDH_1SDV_20230708T094940_20230708T095005_049330_05EE9A_BD21
[ok joint] fid=211 bef -> 5 new .npy in /share/castor/home/e2406749/tropical_forest_disturbance/embeddings/joint/fid_211/bef/20230719T142719_20230719T142939_T20LNR__S1A_IW_GRDH_1SDV_20230720T094940_20230720T095005_049505_05F3ED_61B1
[ok joint] fid=211 bef -> 5 new .npy in /share/castor/home/e2406749/tropical_forest_disturbance/embeddings/joint/fid_211/bef/20230624T142721_20230624T142715_T20LNR__S1A_IW_GRDH_1SDV_20230626T094939_20230626T095004_049155_05E932_87DB
[ok joint] fid=211 bef -> 5 new .npy in /share/castor/home/e2406749/tropical_forest_disturbance/embeddings/joint/fid_211/bef/20230803T142721_20230803T143434_T20LNR__S1A_IW_GRDH_1SDV_20230801T094941_20230801T095006_049680_05F959_7E64
[ok joint] fid=211 bef -> 5 new .npy in /share/castor/home/e2406749/tropical_forest_disturbance/embeddings/joint/fid_211/bef/20230430T142719_20230430T142714_T20LNR__S1A_IW_GRDH_1SDV_20230427T094936_20230427T095001_048280_05CE51_C3AC
[ok joint] fid=211 bef -> 5 new .npy in /share/castor/home/e2406749/tropical_forest_disturbance/embeddings/joint/fid_211/bef/20230525T142721_20230525T142853_T20LNR__S1A_IW_GRDH_1SDV_20230521T094937_20230521T095002_048630_05D957_8119
[ok joint] fid=211 bef -> 5 new .npy in /share/castor/home/e2406749/tropical_forest_disturbance/embeddings/joint/fid_211/bef/20230609T142719_20230609T142938_T20LNR__S1A_IW_GRDH_1SDV_20230614T094938_20230614T095003_048980_05E3E7_B37E
[ok joint] fid=211 bef -> 5 new .npy in /share/castor/home/e2406749/tropical_forest_disturbance/embeddings/joint/fid_211/bef/20230515T142711_20230515T142713_T20LNR__S1A_IW_GRDH_1SDV_20230509T094937_20230509T095002_048455_05D42C_4A7D
[ok joint] fid=211 evt -> 5 new .npy in /share/castor/home/e2406749/tropical_forest_disturbance/embeddings/joint/fid_211/evt/20230818T142719_20230818T143227_T20LNR__S1A_IW_GRDH_1SDV_20230813T094942_20230813T095007_049855_05FF04_F481
[ok joint] fid=211 aft -> 5 new .npy in /share/castor/home/e2406749/tropical_forest_disturbance/embeddings/joint/fid_211/aft/20230823T142721_20230823T143116_T20LNR__S1A_IW_GRDH_1SDV_20230825T094943_20230825T095008_050030_0604F6_5B1D
[ok joint] fid=48 bef -> 2 new .npy in /share/castor/home/e2406749/tropical_forest_disturbance/embeddings/joint/fid_48/bef/20230709T142719_20230709T142938_T20LNR__S1A_IW_GRDH_1SDV_20230708T094915_20230708T094940_049330_05EE9A_201B
[ok joint] fid=48 bef -> 2 new .npy in /share/castor/home/e2406749/tropical_forest_disturbance/embeddings/joint/fid_48/bef/20230719T142719_20230719T142939_T20LNR__S1A_IW_GRDH_1SDV_20230720T094915_20230720T094940_049505_05F3ED_2372
[ok joint] fid=48 bef -> 2 new .npy in /share/castor/home/e2406749/tropical_forest_disturbance/embeddings/joint/fid_48/bef/20230604T142721_20230604T142716_T20LNR__S1A_IW_GRDH_1SDV_20230602T094913_20230602T094938_048805_05DE8B_7193
[ok joint] fid=48 bef -> 2 new .npy in /share/castor/home/e2406749/tropical_forest_disturbance/embeddings/joint/fid_48/bef/20230624T142721_20230624T142715_T20LNR__S1A_IW_GRDH_1SDV_20230626T094914_20230626T094939_049155_05E932_8E24
[ok joint] fid=48 bef -> 2 new .npy in /share/castor/home/e2406749/tropical_forest_disturbance/embeddings/joint/fid_48/bef/20230803T142721_20230803T143434_T20LNR__S1A_IW_GRDH_1SDV_20230801T094916_20230801T094941_049680_05F959_E6F2
[ok joint] fid=48 bef -> 2 new .npy in /share/castor/home/e2406749/tropical_forest_disturbance/embeddings/joint/fid_48/bef/20230420T142719_20230420T142714_T20LNR__S1A_IW_GRDH_1SDV_20230415T094911_20230415T094936_048105_05C876_50BE
[ok joint] fid=48 bef -> 2 new .npy in /share/castor/home/e2406749/tropical_forest_disturbance/embeddings/joint/fid_48/bef/20230609T142719_20230609T142938_T20LNR__S1A_IW_GRDH_1SDV_20230614T094913_20230614T094938_048980_05E3E7_6485
[ok joint] fid=48 bef -> 2 new .npy in /share/castor/home/e2406749/tropical_forest_disturbance/embeddings/joint/fid_48/bef/20230808T142719_20230808T143119_T20LNR__S1A_IW_GRDH_1SDV_20230813T094917_20230813T094942_049855_05FF04_E952
[ok joint] fid=48 bef -> 2 new .npy in /share/castor/home/e2406749/tropical_forest_disturbance/embeddings/joint/fid_48/bef/20230515T142711_20230515T142713_T20LNR__S1A_IW_GRDH_1SDV_20230509T094912_20230509T094937_048455_05D42C_BB80
[ok joint] fid=48 evt -> 2 new .npy in /share/castor/home/e2406749/tropical_forest_disturbance/embeddings/joint/fid_48/evt/20230823T142721_20230823T143116_T20LNR__S1A_IW_GRDH_1SDV_20230825T094918_20230825T094943_050030_0604F6_59F6
[ok joint] fid=48 aft -> 2 new .npy in /share/castor/home/e2406749/tropical_forest_disturbance/embeddings/joint/fid_48/aft/20230912T142721_20230912T143158_T20LNR__S1A_IW_GRDH_1SDV_20230906T094918_20230906T094943_050205_060AF4_C05C
[ok joint] fid=338 bef -> 3 new .npy in /share/castor/home/e2406749/tropical_forest_disturbance/embeddings/joint/fid_338/bef/20230709T142719_20230709T142938_T20LNR__S1A_IW_GRDH_1SDV_20230708T094915_20230708T094940_049330_05EE9A_201B
[ok joint] fid=338 bef -> 3 new .npy in /share/castor/home/e2406749/tropical_forest_disturbance/embeddings/joint/fid_338/bef/20230719T142719_20230719T142939_T20LNR__S1A_IW_GRDH_1SDV_20230720T094915_20230720T094940_049505_05F3ED_2372
[ok joint] fid=338 bef -> 3 new .npy in /share/castor/home/e2406749/tropical_forest_disturbance/embeddings/joint/fid_338/bef/20230624T142721_20230624T142715_T20LNR__S1A_IW_GRDH_1SDV_20230626T094914_20230626T094939_049155_05E932_8E24
[ok joint] fid=338 bef -> 3 new .npy in /share/castor/home/e2406749/tropical_forest_disturbance/embeddings/joint/fid_338/bef/20230803T142721_20230803T143434_T20LNR__S1A_IW_GRDH_1SDV_20230801T094916_20230801T094941_049680_05F959_E6F2
[ok joint] fid=338 bef -> 3 new .npy in /share/castor/home/e2406749/tropical_forest_disturbance/embeddings/joint/fid_338/bef/20230420T142719_20230420T142714_T20LNR__S1A_IW_GRDH_1SDV_20230415T094911_20230415T094936_048105_05C876_50BE
[ok joint] fid=338 bef -> 3 new .npy in /share/castor/home/e2406749/tropical_forest_disturbance/embeddings/joint/fid_338/bef/20230609T142719_20230609T142938_T20LNR__S1A_IW_GRDH_1SDV_20230614T094913_20230614T094938_048980_05E3E7_6485
[ok joint] fid=338 bef -> 3 new .npy in /share/castor/home/e2406749/tropical_forest_disturbance/embeddings/joint/fid_338/bef/20230808T142719_20230808T143119_T20LNR__S1A_IW_GRDH_1SDV_20230813T094917_20230813T094942_049855_05FF04_E952
[ok joint] fid=338 bef -> 3 new .npy in /share/castor/home/e2406749/tropical_forest_disturbance/embeddings/joint/fid_338/bef/20230515T142711_20230515T142713_T20LNR__S1A_IW_GRDH_1SDV_20230509T094912_20230509T094937_048455_05D42C_BB80
[ok joint] fid=338 evt -> 3 new .npy in /share/castor/home/e2406749/tropical_forest_disturbance/embeddings/joint/fid_338/evt/20230823T142721_20230823T143116_T20LNR__S1A_IW_GRDH_1SDV_20230825T094918_20230825T094943_050030_0604F6_59F6
[ok joint] fid=338 aft -> 3 new .npy in /share/castor/home/e2406749/tropical_forest_disturbance/embeddings/joint/fid_338/aft/20230912T142721_20230912T143158_T20LNR__S1A_IW_GRDH_1SDV_20230906T094918_20230906T094943_050205_060AF4_C05C
[ok joint] fid=50 bef -> 2 new .npy in /share/castor/home/e2406749/tropical_forest_disturbance/embeddings/joint/fid_50/bef/20230709T142719_20230709T142938_T20LNR__S1A_IW_GRDH_1SDV_20230708T094915_20230708T094940_049330_05EE9A_201B
[ok joint] fid=50 bef -> 2 new .npy in /share/castor/home/e2406749/tropical_forest_disturbance/embeddings/joint/fid_50/bef/20230719T142719_20230719T142939_T20LNR__S1A_IW_GRDH_1SDV_20230720T094915_20230720T094940_049505_05F3ED_2372
[ok joint] fid=50 bef -> 2 new .npy in /share/castor/home/e2406749/tropical_forest_disturbance/embeddings/joint/fid_50/bef/20230604T142721_20230604T142716_T20LNR__S1A_IW_GRDH_1SDV_20230602T094913_20230602T094938_048805_05DE8B_7193
[ok joint] fid=50 bef -> 2 new .npy in /share/castor/home/e2406749/tropical_forest_disturbance/embeddings/joint/fid_50/bef/20230624T142721_20230624T142715_T20LNR__S1A_IW_GRDH_1SDV_20230626T094914_20230626T094939_049155_05E932_8E24
[ok joint] fid=50 bef -> 2 new .npy in /share/castor/home/e2406749/tropical_forest_disturbance/embeddings/joint/fid_50/bef/20230803T142721_20230803T143434_T20LNR__S1A_IW_GRDH_1SDV_20230801T094916_20230801T094941_049680_05F959_E6F2
[ok joint] fid=50 bef -> 2 new .npy in /share/castor/home/e2406749/tropical_forest_disturbance/embeddings/joint/fid_50/bef/20230326T142711_20230326T142710_T20LNR__S1A_IW_GRDH_1SDV_20230322T094910_20230322T094935_047755_05BCAD_F524
[ok joint] fid=50 bef -> 2 new .npy in /share/castor/home/e2406749/tropical_forest_disturbance/embeddings/joint/fid_50/bef/20230420T142719_20230420T142714_T20LNR__S1A_IW_GRDH_1SDV_20230415T094911_20230415T094936_048105_05C876_50BE
[ok joint] fid=50 bef -> 2 new .npy in /share/castor/home/e2406749/tropical_forest_disturbance/embeddings/joint/fid_50/bef/20230609T142719_20230609T142938_T20LNR__S1A_IW_GRDH_1SDV_20230614T094913_20230614T094938_048980_05E3E7_6485
[ok joint] fid=50 bef -> 2 new .npy in /share/castor/home/e2406749/tropical_forest_disturbance/embeddings/joint/fid_50/bef/20230808T142719_20230808T143119_T20LNR__S1A_IW_GRDH_1SDV_20230813T094917_20230813T094942_049855_05FF04_E952
[ok joint] fid=50 bef -> 2 new .npy in /share/castor/home/e2406749/tropical_forest_disturbance/embeddings/joint/fid_50/bef/20230515T142711_20230515T142713_T20LNR__S1A_IW_GRDH_1SDV_20230509T094912_20230509T094937_048455_05D42C_BB80
[ok joint] fid=50 evt -> 2 new .npy in /share/castor/home/e2406749/tropical_forest_disturbance/embeddings/joint/fid_50/evt/20230823T142721_20230823T143116_T20LNR__S1A_IW_GRDH_1SDV_20230825T094918_20230825T094943_050030_0604F6_59F6
[ok joint] fid=51 bef -> 2 new .npy in /share/castor/home/e2406749/tropical_forest_disturbance/embeddings/joint/fid_51/bef/20230214T142711_20230214T143425_T20LNR__S1A_IW_GRDH_1SDV_20230214T094910_20230214T094935_047230_05AAD4_E27D
[ok joint] fid=51 bef -> 2 new .npy in /share/castor/home/e2406749/tropical_forest_disturbance/embeddings/joint/fid_51/bef/20230709T142719_20230709T142938_T20LNR__S1A_IW_GRDH_1SDV_20230708T094915_20230708T094940_049330_05EE9A_201B
[ok joint] fid=51 bef -> 2 new .npy in /share/castor/home/e2406749/tropical_forest_disturbance/embeddings/joint/fid_51/bef/20230719T142719_20230719T142939_T20LNR__S1A_IW_GRDH_1SDV_20230720T094915_20230720T094940_049505_05F3ED_2372
[ok joint] fid=51 bef -> 2 new .npy in /share/castor/home/e2406749/tropical_forest_disturbance/embeddings/joint/fid_51/bef/20230604T142721_20230604T142716_T20LNR__S1A_IW_GRDH_1SDV_20230602T094913_20230602T094938_048805_05DE8B_7193
[ok joint] fid=51 bef -> 2 new .npy in /share/castor/home/e2406749/tropical_forest_disturbance/embeddings/joint/fid_51/bef/20230624T142721_20230624T142715_T20LNR__S1A_IW_GRDH_1SDV_20230626T094914_20230626T094939_049155_05E932_8E24
[ok joint] fid=51 bef -> 2 new .npy in /share/castor/home/e2406749/tropical_forest_disturbance/embeddings/joint/fid_51/bef/20230803T142721_20230803T143434_T20LNR__S1A_IW_GRDH_1SDV_20230801T094916_20230801T094941_049680_05F959_E6F2
[ok joint] fid=51 bef -> 2 new .npy in /share/castor/home/e2406749/tropical_forest_disturbance/embeddings/joint/fid_51/bef/20230420T142719_20230420T142714_T20LNR__S1A_IW_GRDH_1SDV_20230415T094911_20230415T094936_048105_05C876_50BE
[ok joint] fid=51 bef -> 2 new .npy in /share/castor/home/e2406749/tropical_forest_disturbance/embeddings/joint/fid_51/bef/20230609T142719_20230609T142938_T20LNR__S1A_IW_GRDH_1SDV_20230614T094913_20230614T094938_048980_05E3E7_6485
[ok joint] fid=51 bef -> 2 new .npy in /share/castor/home/e2406749/tropical_forest_disturbance/embeddings/joint/fid_51/bef/20230808T142719_20230808T143119_T20LNR__S1A_IW_GRDH_1SDV_20230813T094917_20230813T094942_049855_05FF04_E952
[ok joint] fid=51 bef -> 2 new .npy in /share/castor/home/e2406749/tropical_forest_disturbance/embeddings/joint/fid_51/bef/20230115T142711_20230115T142817_T20LNR__S1A_IW_GRDH_1SDV_20230109T094911_20230109T094936_046705_05993A_671C
[ok joint] fid=51 bef -> 2 new .npy in /share/castor/home/e2406749/tropical_forest_disturbance/embeddings/joint/fid_51/bef/20230515T142711_20230515T142713_T20LNR__S1A_IW_GRDH_1SDV_20230509T094912_20230509T094937_048455_05D42C_BB80
[ok joint] fid=51 evt -> 2 new .npy in /share/castor/home/e2406749/tropical_forest_disturbance/embeddings/joint/fid_51/evt/20230823T142721_20230823T143116_T20LNR__S1A_IW_GRDH_1SDV_20230825T094918_20230825T094943_050030_0604F6_59F6
[ok joint] fid=55 bef -> 4 new .npy in /share/castor/home/e2406749/tropical_forest_disturbance/embeddings/joint/fid_55/bef/20230709T142719_20230709T142938_T20LNR__S1A_IW_GRDH_1SDV_20230708T094915_20230708T094940_049330_05EE9A_201B
[ok joint] fid=55 bef -> 4 new .npy in /share/castor/home/e2406749/tropical_forest_disturbance/embeddings/joint/fid_55/bef/20230719T142719_20230719T142939_T20LNR__S1A_IW_GRDH_1SDV_20230720T094915_20230720T094940_049505_05F3ED_2372
[ok joint] fid=55 bef -> 4 new .npy in /share/castor/home/e2406749/tropical_forest_disturbance/embeddings/joint/fid_55/bef/20230604T142721_20230604T142716_T20LNR__S1A_IW_GRDH_1SDV_20230602T094913_20230602T094938_048805_05DE8B_7193
[ok joint] fid=55 bef -> 4 new .npy in /share/castor/home/e2406749/tropical_forest_disturbance/embeddings/joint/fid_55/bef/20230624T142721_20230624T142715_T20LNR__S1A_IW_GRDH_1SDV_20230626T094914_20230626T094939_049155_05E932_8E24
[ok joint] fid=55 bef -> 4 new .npy in /share/castor/home/e2406749/tropical_forest_disturbance/embeddings/joint/fid_55/bef/20230803T142721_20230803T143434_T20LNR__S1A_IW_GRDH_1SDV_20230801T094916_20230801T094941_049680_05F959_E6F2
[ok joint] fid=55 bef -> 4 new .npy in /share/castor/home/e2406749/tropical_forest_disturbance/embeddings/joint/fid_55/bef/20230430T142719_20230430T142714_T20LNR__S1A_IW_GRDH_1SDV_20230427T094911_20230427T094936_048280_05CE51_9F1D
[ok joint] fid=55 bef -> 4 new .npy in /share/castor/home/e2406749/tropical_forest_disturbance/embeddings/joint/fid_55/bef/20230525T142721_20230525T142853_T20LNR__S1A_IW_GRDH_1SDV_20230521T094912_20230521T094937_048630_05D957_8539
[ok joint] fid=55 bef -> 4 new .npy in /share/castor/home/e2406749/tropical_forest_disturbance/embeddings/joint/fid_55/bef/20230609T142719_20230609T142938_T20LNR__S1A_IW_GRDH_1SDV_20230614T094913_20230614T094938_048980_05E3E7_6485
[ok joint] fid=55 bef -> 4 new .npy in /share/castor/home/e2406749/tropical_forest_disturbance/embeddings/joint/fid_55/bef/20230808T142719_20230808T143119_T20LNR__S1A_IW_GRDH_1SDV_20230813T094917_20230813T094942_049855_05FF04_E952
[ok joint] fid=55 bef -> 4 new .npy in /share/castor/home/e2406749/tropical_forest_disturbance/embeddings/joint/fid_55/bef/20230515T142711_20230515T142713_T20LNR__S1A_IW_GRDH_1SDV_20230509T094912_20230509T094937_048455_05D42C_BB80
[ok joint] fid=55 evt -> 4 new .npy in /share/castor/home/e2406749/tropical_forest_disturbance/embeddings/joint/fid_55/evt/20230823T142721_20230823T143116_T20LNR__S1A_IW_GRDH_1SDV_20230825T094918_20230825T094943_050030_0604F6_59F6
[ok joint] fid=56 bef -> 1 new .npy in /share/castor/home/e2406749/tropical_forest_disturbance/embeddings/joint/fid_56/bef/20230214T142711_20230214T143425_T20LNR__S1A_IW_GRDH_1SDV_20230214T094910_20230214T094935_047230_05AAD4_E27D
[ok joint] fid=56 bef -> 1 new .npy in /share/castor/home/e2406749/tropical_forest_disturbance/embeddings/joint/fid_56/bef/20230709T142719_20230709T142938_T20LNR__S1A_IW_GRDH_1SDV_20230708T094915_20230708T094940_049330_05EE9A_201B
[ok joint] fid=56 bef -> 1 new .npy in /share/castor/home/e2406749/tropical_forest_disturbance/embeddings/joint/fid_56/bef/20230719T142719_20230719T142939_T20LNR__S1A_IW_GRDH_1SDV_20230720T094915_20230720T094940_049505_05F3ED_2372
[ok joint] fid=56 bef -> 1 new .npy in /share/castor/home/e2406749/tropical_forest_disturbance/embeddings/joint/fid_56/bef/20230624T142721_20230624T142715_T20LNR__S1A_IW_GRDH_1SDV_20230626T094914_20230626T094939_049155_05E932_8E24
[ok joint] fid=56 bef -> 1 new .npy in /share/castor/home/e2406749/tropical_forest_disturbance/embeddings/joint/fid_56/bef/20230803T142721_20230803T143434_T20LNR__S1A_IW_GRDH_1SDV_20230801T094916_20230801T094941_049680_05F959_E6F2
[ok joint] fid=56 bef -> 1 new .npy in /share/castor/home/e2406749/tropical_forest_disturbance/embeddings/joint/fid_56/bef/20230430T142719_20230430T142714_T20LNR__S1A_IW_GRDH_1SDV_20230427T094911_20230427T094936_048280_05CE51_9F1D
[ok joint] fid=56 bef -> 1 new .npy in /share/castor/home/e2406749/tropical_forest_disturbance/embeddings/joint/fid_56/bef/20230125T142711_20230125T142709_T20LNR__S1A_IW_GRDH_1SDV_20230121T094910_20230121T094935_046880_059F24_ED7C
[ok joint] fid=56 bef -> 1 new .npy in /share/castor/home/e2406749/tropical_forest_disturbance/embeddings/joint/fid_56/bef/20230525T142721_20230525T142853_T20LNR__S1A_IW_GRDH_1SDV_20230521T094912_20230521T094937_048630_05D957_8539
[ok joint] fid=56 bef -> 1 new .npy in /share/castor/home/e2406749/tropical_forest_disturbance/embeddings/joint/fid_56/bef/20230609T142719_20230609T142938_T20LNR__S1A_IW_GRDH_1SDV_20230614T094913_20230614T094938_048980_05E3E7_6485
[ok joint] fid=56 bef -> 1 new .npy in /share/castor/home/e2406749/tropical_forest_disturbance/embeddings/joint/fid_56/bef/20230808T142719_20230808T143119_T20LNR__S1A_IW_GRDH_1SDV_20230813T094917_20230813T094942_049855_05FF04_E952
[ok joint] fid=56 bef -> 1 new .npy in /share/castor/home/e2406749/tropical_forest_disturbance/embeddings/joint/fid_56/bef/20230515T142711_20230515T142713_T20LNR__S1A_IW_GRDH_1SDV_20230509T094912_20230509T094937_048455_05D42C_BB80
[ok joint] fid=56 evt -> 1 new .npy in /share/castor/home/e2406749/tropical_forest_disturbance/embeddings/joint/fid_56/evt/20230823T142721_20230823T143116_T20LNR__S1A_IW_GRDH_1SDV_20230825T094918_20230825T094943_050030_0604F6_59F6
[ok joint] fid=328 bef -> 2 new .npy in /share/castor/home/e2406749/tropical_forest_disturbance/embeddings/joint/fid_328/bef/20230510T142719_20230510T142819_T20LNR__S1A_IW_GRDH_1SDV_20230509T094912_20230509T094937_048455_05D42C_BB80
[ok joint] fid=328 bef -> 2 new .npy in /share/castor/home/e2406749/tropical_forest_disturbance/embeddings/joint/fid_328/bef/20230709T142719_20230709T142938_T20LNR__S1A_IW_GRDH_1SDV_20230708T094915_20230708T094940_049330_05EE9A_201B
[ok joint] fid=328 bef -> 2 new .npy in /share/castor/home/e2406749/tropical_forest_disturbance/embeddings/joint/fid_328/bef/20230719T142719_20230719T142939_T20LNR__S1A_IW_GRDH_1SDV_20230720T094915_20230720T094940_049505_05F3ED_2372
[ok joint] fid=328 bef -> 2 new .npy in /share/castor/home/e2406749/tropical_forest_disturbance/embeddings/joint/fid_328/bef/20230604T142721_20230604T142716_T20LNR__S1A_IW_GRDH_1SDV_20230602T094913_20230602T094938_048805_05DE8B_7193
[ok joint] fid=328 bef -> 2 new .npy in /share/castor/home/e2406749/tropical_forest_disturbance/embeddings/joint/fid_328/bef/20230624T142721_20230624T142715_T20LNR__S1A_IW_GRDH_1SDV_20230626T094914_20230626T094939_049155_05E932_8E24
[ok joint] fid=328 bef -> 2 new .npy in /share/castor/home/e2406749/tropical_forest_disturbance/embeddings/joint/fid_328/bef/20230803T142721_20230803T143434_T20LNR__S1A_IW_GRDH_1SDV_20230801T094916_20230801T094941_049680_05F959_E6F2
[ok joint] fid=328 bef -> 2 new .npy in /share/castor/home/e2406749/tropical_forest_disturbance/embeddings/joint/fid_328/bef/20230430T142719_20230430T142714_T20LNR__S1A_IW_GRDH_1SDV_20230427T094911_20230427T094936_048280_05CE51_9F1D
[ok joint] fid=328 bef -> 2 new .npy in /share/castor/home/e2406749/tropical_forest_disturbance/embeddings/joint/fid_328/bef/20230525T142721_20230525T142853_T20LNR__S1A_IW_GRDH_1SDV_20230521T094912_20230521T094937_048630_05D957_8539
[ok joint] fid=328 bef -> 2 new .npy in /share/castor/home/e2406749/tropical_forest_disturbance/embeddings/joint/fid_328/bef/20230609T142719_20230609T142938_T20LNR__S1A_IW_GRDH_1SDV_20230614T094913_20230614T094938_048980_05E3E7_6485
[ok joint] fid=328 bef -> 2 new .npy in /share/castor/home/e2406749/tropical_forest_disturbance/embeddings/joint/fid_328/bef/20230818T142719_20230818T143227_T20LNR__S1A_IW_GRDH_1SDV_20230813T094917_20230813T094942_049855_05FF04_E952
[ok joint] fid=328 evt -> 2 new .npy in /share/castor/home/e2406749/tropical_forest_disturbance/embeddings/joint/fid_328/evt/20230823T142721_20230823T143116_T20LNR__S1A_IW_GRDH_1SDV_20230825T094918_20230825T094943_050030_0604F6_59F6
[ok joint] fid=57 bef -> 2 new .npy in /share/castor/home/e2406749/tropical_forest_disturbance/embeddings/joint/fid_57/bef/20230214T142711_20230214T143425_T20LMR__S1A_IW_GRDH_1SDV_20230214T094935_20230214T095000_047230_05AAD4_443E
[ok joint] fid=57 bef -> 2 new .npy in /share/castor/home/e2406749/tropical_forest_disturbance/embeddings/joint/fid_57/bef/20230510T142719_20230510T142819_T20LMR__S1A_IW_GRDH_1SDV_20230509T094937_20230509T095002_048455_05D42C_4A7D
[ok joint] fid=57 bef -> 2 new .npy in /share/castor/home/e2406749/tropical_forest_disturbance/embeddings/joint/fid_57/bef/20230520T142719_20230520T142902_T20LMR__S1A_IW_GRDH_1SDV_20230521T094937_20230521T095002_048630_05D957_8119
[ok joint] fid=57 bef -> 2 new .npy in /share/castor/home/e2406749/tropical_forest_disturbance/embeddings/joint/fid_57/bef/20230709T142719_20230709T142938_T20LMR__S1A_IW_GRDH_1SDV_20230708T094940_20230708T095005_049330_05EE9A_BD21
[ok joint] fid=57 bef -> 2 new .npy in /share/castor/home/e2406749/tropical_forest_disturbance/embeddings/joint/fid_57/bef/20230719T142719_20230719T142939_T20LMR__S1A_IW_GRDH_1SDV_20230720T094940_20230720T095005_049505_05F3ED_61B1
[ok joint] fid=57 bef -> 2 new .npy in /share/castor/home/e2406749/tropical_forest_disturbance/embeddings/joint/fid_57/bef/20230604T142721_20230604T142716_T20LMR__S1A_IW_GRDH_1SDV_20230602T094938_20230602T095003_048805_05DE8B_61F1
[ok joint] fid=57 bef -> 2 new .npy in /share/castor/home/e2406749/tropical_forest_disturbance/embeddings/joint/fid_57/bef/20230624T142721_20230624T142715_T20LMR__S1A_IW_GRDH_1SDV_20230626T094939_20230626T095004_049155_05E932_87DB
[ok joint] fid=57 bef -> 2 new .npy in /share/castor/home/e2406749/tropical_forest_disturbance/embeddings/joint/fid_57/bef/20230430T142719_20230430T142714_T20LMR__S1A_IW_GRDH_1SDV_20230427T094936_20230427T095001_048280_05CE51_C3AC
[ok joint] fid=57 bef -> 2 new .npy in /share/castor/home/e2406749/tropical_forest_disturbance/embeddings/joint/fid_57/bef/20230729T142719_20230729T142718_T20LMR__S1A_IW_GRDH_1SDV_20230801T094941_20230801T095006_049680_05F959_7E64
[ok joint] fid=57 bef -> 2 new .npy in /share/castor/home/e2406749/tropical_forest_disturbance/embeddings/joint/fid_57/bef/20230609T142719_20230609T142938_T20LMR__S1A_IW_GRDH_1SDV_20230614T094938_20230614T095003_048980_05E3E7_B37E
[ok joint] fid=57 bef -> 2 new .npy in /share/castor/home/e2406749/tropical_forest_disturbance/embeddings/joint/fid_57/bef/20230818T142719_20230818T143227_T20LMR__S1A_IW_GRDH_1SDV_20230813T094942_20230813T095007_049855_05FF04_F481
[ok joint] fid=57 bef -> 2 new .npy in /share/castor/home/e2406749/tropical_forest_disturbance/embeddings/joint/fid_57/bef/20230115T142711_20230115T142817_T20LMR__S1A_IW_GRDH_1SDV_20230109T094936_20230109T095001_046705_05993A_763B
[ok joint] fid=57 evt -> 2 new .npy in /share/castor/home/e2406749/tropical_forest_disturbance/embeddings/joint/fid_57/evt/20230823T142721_20230823T143116_T20LMR__S1A_IW_GRDH_1SDV_20230825T094943_20230825T095008_050030_0604F6_5B1D
[ok joint] fid=330 bef -> 1 new .npy in /share/castor/home/e2406749/tropical_forest_disturbance/embeddings/joint/fid_330/bef/20230709T142719_20230709T142938_T20LNR__S1A_IW_GRDH_1SDV_20230708T094940_20230708T095005_049330_05EE9A_BD21
[ok joint] fid=330 bef -> 1 new .npy in /share/castor/home/e2406749/tropical_forest_disturbance/embeddings/joint/fid_330/bef/20230719T142719_20230719T142939_T20LNR__S1A_IW_GRDH_1SDV_20230720T094940_20230720T095005_049505_05F3ED_61B1
[ok joint] fid=330 bef -> 1 new .npy in /share/castor/home/e2406749/tropical_forest_disturbance/embeddings/joint/fid_330/bef/20230604T142721_20230604T142716_T20LNR__S1A_IW_GRDH_1SDV_20230602T094938_20230602T095003_048805_05DE8B_61F1
[ok joint] fid=330 bef -> 1 new .npy in /share/castor/home/e2406749/tropical_forest_disturbance/embeddings/joint/fid_330/bef/20230624T142721_20230624T142715_T20LNR__S1A_IW_GRDH_1SDV_20230626T094939_20230626T095004_049155_05E932_87DB
[ok joint] fid=330 bef -> 1 new .npy in /share/castor/home/e2406749/tropical_forest_disturbance/embeddings/joint/fid_330/bef/20230803T142721_20230803T143434_T20LNR__S1A_IW_GRDH_1SDV_20230801T094941_20230801T095006_049680_05F959_7E64
[ok joint] fid=330 bef -> 1 new .npy in /share/castor/home/e2406749/tropical_forest_disturbance/embeddings/joint/fid_330/bef/20230823T142721_20230823T143116_T20LNR__S1A_IW_GRDH_1SDV_20230825T094943_20230825T095008_050030_0604F6_5B1D
[ok joint] fid=330 bef -> 1 new .npy in /share/castor/home/e2406749/tropical_forest_disturbance/embeddings/joint/fid_330/bef/20230301T142709_20230301T142737_T20LNR__S1A_IW_GRDH_1SDV_20230226T094935_20230226T095000_047405_05B0D3_E8BA
[ok joint] fid=330 bef -> 1 new .npy in /share/castor/home/e2406749/tropical_forest_disturbance/embeddings/joint/fid_330/bef/20230430T142719_20230430T142714_T20LNR__S1A_IW_GRDH_1SDV_20230427T094936_20230427T095001_048280_05CE51_C3AC
[ok joint] fid=330 bef -> 1 new .npy in /share/castor/home/e2406749/tropical_forest_disturbance/embeddings/joint/fid_330/bef/20230525T142721_20230525T142853_T20LNR__S1A_IW_GRDH_1SDV_20230521T094937_20230521T095002_048630_05D957_8119
[ok joint] fid=330 bef -> 1 new .npy in /share/castor/home/e2406749/tropical_forest_disturbance/embeddings/joint/fid_330/bef/20230609T142719_20230609T142938_T20LNR__S1A_IW_GRDH_1SDV_20230614T094938_20230614T095003_048980_05E3E7_B37E
[ok joint] fid=330 bef -> 1 new .npy in /share/castor/home/e2406749/tropical_forest_disturbance/embeddings/joint/fid_330/bef/20230515T142711_20230515T142713_T20LNR__S1A_IW_GRDH_1SDV_20230509T094937_20230509T095002_048455_05D42C_4A7D
[ok joint] fid=330 aft -> 1 new .npy in /share/castor/home/e2406749/tropical_forest_disturbance/embeddings/joint/fid_330/aft/20230927T142719_20230927T142849_T20LNR__S1A_IW_GRDH_1SDV_20230930T094944_20230930T095009_050555_0616E4_8B83
[ok joint] fid=64 bef -> 2 new .npy in /share/castor/home/e2406749/tropical_forest_disturbance/embeddings/joint/fid_64/bef/20230709T142719_20230709T142938_T20LNR__S1A_IW_GRDH_1SDV_20230708T094940_20230708T095005_049330_05EE9A_BD21
[ok joint] fid=64 bef -> 2 new .npy in /share/castor/home/e2406749/tropical_forest_disturbance/embeddings/joint/fid_64/bef/20230719T142719_20230719T142939_T20LNR__S1A_IW_GRDH_1SDV_20230720T094940_20230720T095005_049505_05F3ED_61B1
[ok joint] fid=64 bef -> 2 new .npy in /share/castor/home/e2406749/tropical_forest_disturbance/embeddings/joint/fid_64/bef/20230604T142721_20230604T142716_T20LNR__S1A_IW_GRDH_1SDV_20230602T094938_20230602T095003_048805_05DE8B_61F1
[ok joint] fid=64 bef -> 2 new .npy in /share/castor/home/e2406749/tropical_forest_disturbance/embeddings/joint/fid_64/bef/20230624T142721_20230624T142715_T20LNR__S1A_IW_GRDH_1SDV_20230626T094939_20230626T095004_049155_05E932_87DB
[ok joint] fid=64 bef -> 2 new .npy in /share/castor/home/e2406749/tropical_forest_disturbance/embeddings/joint/fid_64/bef/20230823T142721_20230823T143116_T20LNR__S1A_IW_GRDH_1SDV_20230825T094943_20230825T095008_050030_0604F6_5B1D
[ok joint] fid=64 bef -> 2 new .npy in /share/castor/home/e2406749/tropical_forest_disturbance/embeddings/joint/fid_64/bef/20230430T142719_20230430T142714_T20LNR__S1A_IW_GRDH_1SDV_20230427T094936_20230427T095001_048280_05CE51_C3AC
[ok joint] fid=64 bef -> 2 new .npy in /share/castor/home/e2406749/tropical_forest_disturbance/embeddings/joint/fid_64/bef/20230729T142719_20230729T142718_T20LNR__S1A_IW_GRDH_1SDV_20230801T094941_20230801T095006_049680_05F959_7E64
[ok joint] fid=64 bef -> 2 new .npy in /share/castor/home/e2406749/tropical_forest_disturbance/embeddings/joint/fid_64/bef/20230525T142721_20230525T142853_T20LNR__S1A_IW_GRDH_1SDV_20230521T094937_20230521T095002_048630_05D957_8119
[ok joint] fid=64 bef -> 2 new .npy in /share/castor/home/e2406749/tropical_forest_disturbance/embeddings/joint/fid_64/bef/20230420T142719_20230420T142714_T20LNR__S1A_IW_GRDH_1SDV_20230415T094936_20230415T095001_048105_05C876_7D01
[ok joint] fid=64 bef -> 2 new .npy in /share/castor/home/e2406749/tropical_forest_disturbance/embeddings/joint/fid_64/bef/20230609T142719_20230609T142938_T20LNR__S1A_IW_GRDH_1SDV_20230614T094938_20230614T095003_048980_05E3E7_B37E
[ok joint] fid=64 bef -> 2 new .npy in /share/castor/home/e2406749/tropical_forest_disturbance/embeddings/joint/fid_64/bef/20230808T142719_20230808T143119_T20LNR__S1A_IW_GRDH_1SDV_20230813T094942_20230813T095007_049855_05FF04_F481
[ok joint] fid=64 bef -> 2 new .npy in /share/castor/home/e2406749/tropical_forest_disturbance/embeddings/joint/fid_64/bef/20230115T142711_20230115T142817_T20LNR__S1A_IW_GRDH_1SDV_20230109T094936_20230109T095001_046705_05993A_763B
[ok joint] fid=64 bef -> 2 new .npy in /share/castor/home/e2406749/tropical_forest_disturbance/embeddings/joint/fid_64/bef/20230515T142711_20230515T142713_T20LNR__S1A_IW_GRDH_1SDV_20230509T094937_20230509T095002_048455_05D42C_4A7D
[ok joint] fid=64 aft -> 2 new .npy in /share/castor/home/e2406749/tropical_forest_disturbance/embeddings/joint/fid_64/aft/20230927T142719_20230927T142849_T20LNR__S1A_IW_GRDH_1SDV_20230930T094944_20230930T095009_050555_0616E4_8B83
[ok joint] fid=72 bef -> 1 new .npy in /share/castor/home/e2406749/tropical_forest_disturbance/embeddings/joint/fid_72/bef/20230214T142711_20230214T143425_T20LNR__S1A_IW_GRDH_1SDV_20230214T094910_20230214T094935_047230_05AAD4_E27D
[ok joint] fid=72 bef -> 1 new .npy in /share/castor/home/e2406749/tropical_forest_disturbance/embeddings/joint/fid_72/bef/20230520T142719_20230520T142902_T20LNR__S1A_IW_GRDH_1SDV_20230521T094912_20230521T094937_048630_05D957_8539
[ok joint] fid=72 bef -> 1 new .npy in /share/castor/home/e2406749/tropical_forest_disturbance/embeddings/joint/fid_72/bef/20230709T142719_20230709T142938_T20LNR__S1A_IW_GRDH_1SDV_20230708T094915_20230708T094940_049330_05EE9A_201B
[ok joint] fid=72 bef -> 1 new .npy in /share/castor/home/e2406749/tropical_forest_disturbance/embeddings/joint/fid_72/bef/20230624T142721_20230624T142715_T20LNR__S1A_IW_GRDH_1SDV_20230626T094914_20230626T094939_049155_05E932_8E24
[ok joint] fid=72 bef -> 1 new .npy in /share/castor/home/e2406749/tropical_forest_disturbance/embeddings/joint/fid_72/bef/20230803T142721_20230803T143434_T20LNR__S1A_IW_GRDH_1SDV_20230801T094916_20230801T094941_049680_05F959_E6F2
[ok joint] fid=72 bef -> 1 new .npy in /share/castor/home/e2406749/tropical_forest_disturbance/embeddings/joint/fid_72/bef/20230823T142721_20230823T143116_T20LNR__S1A_IW_GRDH_1SDV_20230825T094918_20230825T094943_050030_0604F6_59F6
[ok joint] fid=72 bef -> 1 new .npy in /share/castor/home/e2406749/tropical_forest_disturbance/embeddings/joint/fid_72/bef/20230125T142711_20230125T142709_T20LNR__S1A_IW_GRDH_1SDV_20230121T094910_20230121T094935_046880_059F24_ED7C
[ok joint] fid=72 bef -> 1 new .npy in /share/castor/home/e2406749/tropical_forest_disturbance/embeddings/joint/fid_72/bef/20230724T142721_20230724T142717_T20LNR__S1A_IW_GRDH_1SDV_20230720T094915_20230720T094940_049505_05F3ED_2372
[ok joint] fid=72 bef -> 1 new .npy in /share/castor/home/e2406749/tropical_forest_disturbance/embeddings/joint/fid_72/bef/20230420T142719_20230420T142714_T20LNR__S1A_IW_GRDH_1SDV_20230415T094911_20230415T094936_048105_05C876_50BE
[ok joint] fid=72 bef -> 1 new .npy in /share/castor/home/e2406749/tropical_forest_disturbance/embeddings/joint/fid_72/bef/20230609T142719_20230609T142938_T20LNR__S1A_IW_GRDH_1SDV_20230614T094913_20230614T094938_048980_05E3E7_6485
[ok joint] fid=72 bef -> 1 new .npy in /share/castor/home/e2406749/tropical_forest_disturbance/embeddings/joint/fid_72/bef/20230808T142719_20230808T143119_T20LNR__S1A_IW_GRDH_1SDV_20230813T094917_20230813T094942_049855_05FF04_E952
[ok joint] fid=72 bef -> 1 new .npy in /share/castor/home/e2406749/tropical_forest_disturbance/embeddings/joint/fid_72/bef/20230515T142711_20230515T142713_T20LNR__S1A_IW_GRDH_1SDV_20230509T094912_20230509T094937_048455_05D42C_BB80
[ok joint] fid=72 evt -> 1 new .npy in /share/castor/home/e2406749/tropical_forest_disturbance/embeddings/joint/fid_72/evt/20230912T142721_20230912T143158_T20LNR__S1A_IW_GRDH_1SDV_20230906T094918_20230906T094943_050205_060AF4_C05C
[ok joint] fid=72 aft -> 1 new .npy in /share/castor/home/e2406749/tropical_forest_disturbance/embeddings/joint/fid_72/aft/20231002T142711_20231002T143108_T20LNR__S1A_IW_GRDH_1SDV_20230930T094919_20230930T094944_050555_0616E4_C554
[ok joint] fid=73 bef -> 1 new .npy in /share/castor/home/e2406749/tropical_forest_disturbance/embeddings/joint/fid_73/bef/20230214T142711_20230214T143425_T20LNR__S1A_IW_GRDH_1SDV_20230214T094910_20230214T094935_047230_05AAD4_E27D
[ok joint] fid=73 bef -> 1 new .npy in /share/castor/home/e2406749/tropical_forest_disturbance/embeddings/joint/fid_73/bef/20230709T142719_20230709T142938_T20LNR__S1A_IW_GRDH_1SDV_20230708T094915_20230708T094940_049330_05EE9A_201B
[ok joint] fid=73 bef -> 1 new .npy in /share/castor/home/e2406749/tropical_forest_disturbance/embeddings/joint/fid_73/bef/20230604T142721_20230604T142716_T20LNR__S1A_IW_GRDH_1SDV_20230602T094913_20230602T094938_048805_05DE8B_7193
[ok joint] fid=73 bef -> 1 new .npy in /share/castor/home/e2406749/tropical_forest_disturbance/embeddings/joint/fid_73/bef/20230624T142721_20230624T142715_T20LNR__S1A_IW_GRDH_1SDV_20230626T094914_20230626T094939_049155_05E932_8E24
[ok joint] fid=73 bef -> 1 new .npy in /share/castor/home/e2406749/tropical_forest_disturbance/embeddings/joint/fid_73/bef/20230803T142721_20230803T143434_T20LNR__S1A_IW_GRDH_1SDV_20230801T094916_20230801T094941_049680_05F959_E6F2
[ok joint] fid=73 bef -> 1 new .npy in /share/castor/home/e2406749/tropical_forest_disturbance/embeddings/joint/fid_73/bef/20230823T142721_20230823T143116_T20LNR__S1A_IW_GRDH_1SDV_20230825T094918_20230825T094943_050030_0604F6_59F6
[ok joint] fid=73 bef -> 1 new .npy in /share/castor/home/e2406749/tropical_forest_disturbance/embeddings/joint/fid_73/bef/20230301T142709_20230301T142737_T20LNR__S1A_IW_GRDH_1SDV_20230226T094910_20230226T094935_047405_05B0D3_9DE4
[ok joint] fid=73 bef -> 1 new .npy in /share/castor/home/e2406749/tropical_forest_disturbance/embeddings/joint/fid_73/bef/20230326T142711_20230326T142710_T20LNR__S1A_IW_GRDH_1SDV_20230322T094910_20230322T094935_047755_05BCAD_F524
[ok joint] fid=73 bef -> 1 new .npy in /share/castor/home/e2406749/tropical_forest_disturbance/embeddings/joint/fid_73/bef/20230724T142721_20230724T142717_T20LNR__S1A_IW_GRDH_1SDV_20230720T094915_20230720T094940_049505_05F3ED_2372
[ok joint] fid=73 bef -> 1 new .npy in /share/castor/home/e2406749/tropical_forest_disturbance/embeddings/joint/fid_73/bef/20230609T142719_20230609T142938_T20LNR__S1A_IW_GRDH_1SDV_20230614T094913_20230614T094938_048980_05E3E7_6485
[ok joint] fid=73 bef -> 1 new .npy in /share/castor/home/e2406749/tropical_forest_disturbance/embeddings/joint/fid_73/bef/20230808T142719_20230808T143119_T20LNR__S1A_IW_GRDH_1SDV_20230813T094917_20230813T094942_049855_05FF04_E952
[ok joint] fid=73 bef -> 1 new .npy in /share/castor/home/e2406749/tropical_forest_disturbance/embeddings/joint/fid_73/bef/20230515T142711_20230515T142713_T20LNR__S1A_IW_GRDH_1SDV_20230509T094912_20230509T094937_048455_05D42C_BB80
[ok joint] fid=73 evt -> 1 new .npy in /share/castor/home/e2406749/tropical_forest_disturbance/embeddings/joint/fid_73/evt/20230912T142721_20230912T143158_T20LNR__S1A_IW_GRDH_1SDV_20230906T094918_20230906T094943_050205_060AF4_C05C
[ok joint] fid=73 aft -> 1 new .npy in /share/castor/home/e2406749/tropical_forest_disturbance/embeddings/joint/fid_73/aft/20231002T142711_20231002T143108_T20LNR__S1A_IW_GRDH_1SDV_20230930T094919_20230930T094944_050555_0616E4_C554
[ok joint] fid=212 bef -> 2 new .npy in /share/castor/home/e2406749/tropical_forest_disturbance/embeddings/joint/fid_212/bef/20230214T142711_20230214T143425_T20LNR__S1A_IW_GRDH_1SDV_20230214T094910_20230214T094935_047230_05AAD4_E27D
[ok joint] fid=212 bef -> 2 new .npy in /share/castor/home/e2406749/tropical_forest_disturbance/embeddings/joint/fid_212/bef/20230709T142719_20230709T142938_T20LNR__S1A_IW_GRDH_1SDV_20230708T094915_20230708T094940_049330_05EE9A_201B
[ok joint] fid=212 bef -> 2 new .npy in /share/castor/home/e2406749/tropical_forest_disturbance/embeddings/joint/fid_212/bef/20230719T142719_20230719T142939_T20LNR__S1A_IW_GRDH_1SDV_20230720T094915_20230720T094940_049505_05F3ED_2372
[ok joint] fid=212 bef -> 2 new .npy in /share/castor/home/e2406749/tropical_forest_disturbance/embeddings/joint/fid_212/bef/20230624T142721_20230624T142715_T20LNR__S1A_IW_GRDH_1SDV_20230626T094914_20230626T094939_049155_05E932_8E24
[ok joint] fid=212 bef -> 2 new .npy in /share/castor/home/e2406749/tropical_forest_disturbance/embeddings/joint/fid_212/bef/20230803T142721_20230803T143434_T20LNR__S1A_IW_GRDH_1SDV_20230801T094916_20230801T094941_049680_05F959_E6F2
[ok joint] fid=212 bef -> 2 new .npy in /share/castor/home/e2406749/tropical_forest_disturbance/embeddings/joint/fid_212/bef/20230823T142721_20230823T143116_T20LNR__S1A_IW_GRDH_1SDV_20230825T094918_20230825T094943_050030_0604F6_59F6
[ok joint] fid=212 bef -> 2 new .npy in /share/castor/home/e2406749/tropical_forest_disturbance/embeddings/joint/fid_212/bef/20230525T142721_20230525T142853_T20LNR__S1A_IW_GRDH_1SDV_20230521T094912_20230521T094937_048630_05D957_8539
[ok joint] fid=212 bef -> 2 new .npy in /share/castor/home/e2406749/tropical_forest_disturbance/embeddings/joint/fid_212/bef/20230420T142719_20230420T142714_T20LNR__S1A_IW_GRDH_1SDV_20230415T094911_20230415T094936_048105_05C876_50BE
[ok joint] fid=212 bef -> 2 new .npy in /share/castor/home/e2406749/tropical_forest_disturbance/embeddings/joint/fid_212/bef/20230609T142719_20230609T142938_T20LNR__S1A_IW_GRDH_1SDV_20230614T094913_20230614T094938_048980_05E3E7_6485
[ok joint] fid=212 bef -> 2 new .npy in /share/castor/home/e2406749/tropical_forest_disturbance/embeddings/joint/fid_212/bef/20230808T142719_20230808T143119_T20LNR__S1A_IW_GRDH_1SDV_20230813T094917_20230813T094942_049855_05FF04_E952
[ok joint] fid=212 bef -> 2 new .npy in /share/castor/home/e2406749/tropical_forest_disturbance/embeddings/joint/fid_212/bef/20230515T142711_20230515T142713_T20LNR__S1A_IW_GRDH_1SDV_20230509T094912_20230509T094937_048455_05D42C_BB80
[ok joint] fid=212 aft -> 2 new .npy in /share/castor/home/e2406749/tropical_forest_disturbance/embeddings/joint/fid_212/aft/20230927T142719_20230927T142849_T20LNR__S1A_IW_GRDH_1SDV_20230930T094919_20230930T094944_050555_0616E4_C554
[ok joint] fid=329 bef -> 1 new .npy in /share/castor/home/e2406749/tropical_forest_disturbance/embeddings/joint/fid_329/bef/20230214T142711_20230214T143425_T20LNR__S1A_IW_GRDH_1SDV_20230214T094910_20230214T094935_047230_05AAD4_E27D
[ok joint] fid=329 bef -> 1 new .npy in /share/castor/home/e2406749/tropical_forest_disturbance/embeddings/joint/fid_329/bef/20230510T142719_20230510T142819_T20LNR__S1A_IW_GRDH_1SDV_20230509T094912_20230509T094937_048455_05D42C_BB80
[ok joint] fid=329 bef -> 1 new .npy in /share/castor/home/e2406749/tropical_forest_disturbance/embeddings/joint/fid_329/bef/20230709T142719_20230709T142938_T20LNR__S1A_IW_GRDH_1SDV_20230708T094915_20230708T094940_049330_05EE9A_201B
[ok joint] fid=329 bef -> 1 new .npy in /share/castor/home/e2406749/tropical_forest_disturbance/embeddings/joint/fid_329/bef/20230719T142719_20230719T142939_T20LNR__S1A_IW_GRDH_1SDV_20230720T094915_20230720T094940_049505_05F3ED_2372
[ok joint] fid=329 bef -> 1 new .npy in /share/castor/home/e2406749/tropical_forest_disturbance/embeddings/joint/fid_329/bef/20230624T142721_20230624T142715_T20LNR__S1A_IW_GRDH_1SDV_20230626T094914_20230626T094939_049155_05E932_8E24
[ok joint] fid=329 bef -> 1 new .npy in /share/castor/home/e2406749/tropical_forest_disturbance/embeddings/joint/fid_329/bef/20230803T142721_20230803T143434_T20LNR__S1A_IW_GRDH_1SDV_20230801T094916_20230801T094941_049680_05F959_E6F2
[ok joint] fid=329 bef -> 1 new .npy in /share/castor/home/e2406749/tropical_forest_disturbance/embeddings/joint/fid_329/bef/20230823T142721_20230823T143116_T20LNR__S1A_IW_GRDH_1SDV_20230825T094918_20230825T094943_050030_0604F6_59F6
[ok joint] fid=329 bef -> 1 new .npy in /share/castor/home/e2406749/tropical_forest_disturbance/embeddings/joint/fid_329/bef/20230430T142719_20230430T142714_T20LNR__S1A_IW_GRDH_1SDV_20230427T094911_20230427T094936_048280_05CE51_9F1D
[ok joint] fid=329 bef -> 1 new .npy in /share/castor/home/e2406749/tropical_forest_disturbance/embeddings/joint/fid_329/bef/20230525T142721_20230525T142853_T20LNR__S1A_IW_GRDH_1SDV_20230521T094912_20230521T094937_048630_05D957_8539
[ok joint] fid=329 bef -> 1 new .npy in /share/castor/home/e2406749/tropical_forest_disturbance/embeddings/joint/fid_329/bef/20230609T142719_20230609T142938_T20LNR__S1A_IW_GRDH_1SDV_20230614T094913_20230614T094938_048980_05E3E7_6485
[ok joint] fid=329 bef -> 1 new .npy in /share/castor/home/e2406749/tropical_forest_disturbance/embeddings/joint/fid_329/bef/20230818T142719_20230818T143227_T20LNR__S1A_IW_GRDH_1SDV_20230813T094917_20230813T094942_049855_05FF04_E952
[ok joint] fid=329 aft -> 1 new .npy in /share/castor/home/e2406749/tropical_forest_disturbance/embeddings/joint/fid_329/aft/20230927T142719_20230927T142849_T20LNR__S1A_IW_GRDH_1SDV_20230930T094919_20230930T094944_050555_0616E4_C554
[ok joint] fid=76 bef -> 2 new .npy in /share/castor/home/e2406749/tropical_forest_disturbance/embeddings/joint/fid_76/bef/20230709T142719_20230709T142938_T20LNR__S1A_IW_GRDH_1SDV_20230708T094915_20230708T094940_049330_05EE9A_201B
[ok joint] fid=76 bef -> 2 new .npy in /share/castor/home/e2406749/tropical_forest_disturbance/embeddings/joint/fid_76/bef/20230604T142721_20230604T142716_T20LNR__S1A_IW_GRDH_1SDV_20230602T094913_20230602T094938_048805_05DE8B_7193
[ok joint] fid=76 bef -> 2 new .npy in /share/castor/home/e2406749/tropical_forest_disturbance/embeddings/joint/fid_76/bef/20230624T142721_20230624T142715_T20LNR__S1A_IW_GRDH_1SDV_20230626T094914_20230626T094939_049155_05E932_8E24
[ok joint] fid=76 bef -> 2 new .npy in /share/castor/home/e2406749/tropical_forest_disturbance/embeddings/joint/fid_76/bef/20230803T142721_20230803T143434_T20LNR__S1A_IW_GRDH_1SDV_20230801T094916_20230801T094941_049680_05F959_E6F2
[ok joint] fid=76 bef -> 2 new .npy in /share/castor/home/e2406749/tropical_forest_disturbance/embeddings/joint/fid_76/bef/20230823T142721_20230823T143116_T20LNR__S1A_IW_GRDH_1SDV_20230825T094918_20230825T094943_050030_0604F6_59F6
[ok joint] fid=76 bef -> 2 new .npy in /share/castor/home/e2406749/tropical_forest_disturbance/embeddings/joint/fid_76/bef/20230724T142721_20230724T142717_T20LNR__S1A_IW_GRDH_1SDV_20230720T094915_20230720T094940_049505_05F3ED_2372
[ok joint] fid=76 bef -> 2 new .npy in /share/castor/home/e2406749/tropical_forest_disturbance/embeddings/joint/fid_76/bef/20230420T142719_20230420T142714_T20LNR__S1A_IW_GRDH_1SDV_20230415T094911_20230415T094936_048105_05C876_50BE
[ok joint] fid=76 bef -> 2 new .npy in /share/castor/home/e2406749/tropical_forest_disturbance/embeddings/joint/fid_76/bef/20230609T142719_20230609T142938_T20LNR__S1A_IW_GRDH_1SDV_20230614T094913_20230614T094938_048980_05E3E7_6485
[ok joint] fid=76 bef -> 2 new .npy in /share/castor/home/e2406749/tropical_forest_disturbance/embeddings/joint/fid_76/bef/20230808T142719_20230808T143119_T20LNR__S1A_IW_GRDH_1SDV_20230813T094917_20230813T094942_049855_05FF04_E952
[ok joint] fid=76 bef -> 2 new .npy in /share/castor/home/e2406749/tropical_forest_disturbance/embeddings/joint/fid_76/bef/20230515T142711_20230515T142713_T20LNR__S1A_IW_GRDH_1SDV_20230509T094912_20230509T094937_048455_05D42C_BB80
[ok joint] fid=76 evt -> 2 new .npy in /share/castor/home/e2406749/tropical_forest_disturbance/embeddings/joint/fid_76/evt/20230912T142721_20230912T143158_T20LNR__S1A_IW_GRDH_1SDV_20230906T094918_20230906T094943_050205_060AF4_C05C
[ok joint] fid=76 aft -> 2 new .npy in /share/castor/home/e2406749/tropical_forest_disturbance/embeddings/joint/fid_76/aft/20231002T142711_20231002T143108_T20LNR__S1A_IW_GRDH_1SDV_20230930T094919_20230930T094944_050555_0616E4_C554
[ok joint] fid=264 bef -> 3 new .npy in /share/castor/home/e2406749/tropical_forest_disturbance/embeddings/joint/fid_264/bef/20230709T142719_20230709T142938_T20LNR__S1A_IW_GRDH_1SDV_20230708T094940_20230708T095005_049330_05EE9A_BD21
[ok joint] fid=264 bef -> 3 new .npy in /share/castor/home/e2406749/tropical_forest_disturbance/embeddings/joint/fid_264/bef/20230719T142719_20230719T142939_T20LNR__S1A_IW_GRDH_1SDV_20230720T094940_20230720T095005_049505_05F3ED_61B1
[ok joint] fid=264 bef -> 3 new .npy in /share/castor/home/e2406749/tropical_forest_disturbance/embeddings/joint/fid_264/bef/20230604T142721_20230604T142716_T20LNR__S1A_IW_GRDH_1SDV_20230602T094938_20230602T095003_048805_05DE8B_61F1
[ok joint] fid=264 bef -> 3 new .npy in /share/castor/home/e2406749/tropical_forest_disturbance/embeddings/joint/fid_264/bef/20230624T142721_20230624T142715_T20LNR__S1A_IW_GRDH_1SDV_20230626T094939_20230626T095004_049155_05E932_87DB
[ok joint] fid=264 bef -> 3 new .npy in /share/castor/home/e2406749/tropical_forest_disturbance/embeddings/joint/fid_264/bef/20230803T142721_20230803T143434_T20LNR__S1A_IW_GRDH_1SDV_20230801T094941_20230801T095006_049680_05F959_7E64
[ok joint] fid=264 bef -> 3 new .npy in /share/castor/home/e2406749/tropical_forest_disturbance/embeddings/joint/fid_264/bef/20230823T142721_20230823T143116_T20LNR__S1A_IW_GRDH_1SDV_20230825T094943_20230825T095008_050030_0604F6_5B1D
[ok joint] fid=264 bef -> 3 new .npy in /share/castor/home/e2406749/tropical_forest_disturbance/embeddings/joint/fid_264/bef/20230301T142709_20230301T142737_T20LNR__S1A_IW_GRDH_1SDV_20230226T094935_20230226T095000_047405_05B0D3_E8BA
[ok joint] fid=264 bef -> 3 new .npy in /share/castor/home/e2406749/tropical_forest_disturbance/embeddings/joint/fid_264/bef/20230430T142719_20230430T142714_T20LNR__S1A_IW_GRDH_1SDV_20230427T094936_20230427T095001_048280_05CE51_C3AC
[ok joint] fid=264 bef -> 3 new .npy in /share/castor/home/e2406749/tropical_forest_disturbance/embeddings/joint/fid_264/bef/20230609T142719_20230609T142938_T20LNR__S1A_IW_GRDH_1SDV_20230614T094938_20230614T095003_048980_05E3E7_B37E
[ok joint] fid=264 bef -> 3 new .npy in /share/castor/home/e2406749/tropical_forest_disturbance/embeddings/joint/fid_264/bef/20230808T142719_20230808T143119_T20LNR__S1A_IW_GRDH_1SDV_20230813T094942_20230813T095007_049855_05FF04_F481
[ok joint] fid=264 bef -> 3 new .npy in /share/castor/home/e2406749/tropical_forest_disturbance/embeddings/joint/fid_264/bef/20230515T142711_20230515T142713_T20LNR__S1A_IW_GRDH_1SDV_20230509T094937_20230509T095002_048455_05D42C_4A7D
[ok joint] fid=264 aft -> 3 new .npy in /share/castor/home/e2406749/tropical_forest_disturbance/embeddings/joint/fid_264/aft/20231007T142709_20231007T142929_T20LNR__S1A_IW_GRDH_1SDV_20230930T094944_20230930T095009_050555_0616E4_8B83
[ok joint] fid=265 bef -> 1 new .npy in /share/castor/home/e2406749/tropical_forest_disturbance/embeddings/joint/fid_265/bef/20230214T142711_20230214T143425_T20LNR__S1A_IW_GRDH_1SDV_20230214T094935_20230214T095000_047230_05AAD4_443E
[ok joint] fid=265 bef -> 1 new .npy in /share/castor/home/e2406749/tropical_forest_disturbance/embeddings/joint/fid_265/bef/20230709T142719_20230709T142938_T20LNR__S1A_IW_GRDH_1SDV_20230708T094940_20230708T095005_049330_05EE9A_BD21
[ok joint] fid=265 bef -> 1 new .npy in /share/castor/home/e2406749/tropical_forest_disturbance/embeddings/joint/fid_265/bef/20230604T142721_20230604T142716_T20LNR__S1A_IW_GRDH_1SDV_20230602T094938_20230602T095003_048805_05DE8B_61F1
[ok joint] fid=265 bef -> 1 new .npy in /share/castor/home/e2406749/tropical_forest_disturbance/embeddings/joint/fid_265/bef/20230624T142721_20230624T142715_T20LNR__S1A_IW_GRDH_1SDV_20230626T094939_20230626T095004_049155_05E932_87DB
[ok joint] fid=265 bef -> 1 new .npy in /share/castor/home/e2406749/tropical_forest_disturbance/embeddings/joint/fid_265/bef/20230823T142721_20230823T143116_T20LNR__S1A_IW_GRDH_1SDV_20230825T094943_20230825T095008_050030_0604F6_5B1D
[ok joint] fid=265 bef -> 1 new .npy in /share/castor/home/e2406749/tropical_forest_disturbance/embeddings/joint/fid_265/bef/20230430T142719_20230430T142714_T20LNR__S1A_IW_GRDH_1SDV_20230427T094936_20230427T095001_048280_05CE51_C3AC
[ok joint] fid=265 bef -> 1 new .npy in /share/castor/home/e2406749/tropical_forest_disturbance/embeddings/joint/fid_265/bef/20230525T142721_20230525T142853_T20LNR__S1A_IW_GRDH_1SDV_20230521T094937_20230521T095002_048630_05D957_8119
[ok joint] fid=265 bef -> 1 new .npy in /share/castor/home/e2406749/tropical_forest_disturbance/embeddings/joint/fid_265/bef/20230724T142721_20230724T142717_T20LNR__S1A_IW_GRDH_1SDV_20230720T094940_20230720T095005_049505_05F3ED_61B1
[ok joint] fid=265 bef -> 1 new .npy in /share/castor/home/e2406749/tropical_forest_disturbance/embeddings/joint/fid_265/bef/20230609T142719_20230609T142938_T20LNR__S1A_IW_GRDH_1SDV_20230614T094938_20230614T095003_048980_05E3E7_B37E
[ok joint] fid=265 bef -> 1 new .npy in /share/castor/home/e2406749/tropical_forest_disturbance/embeddings/joint/fid_265/bef/20230808T142719_20230808T143119_T20LNR__S1A_IW_GRDH_1SDV_20230813T094942_20230813T095007_049855_05FF04_F481
[ok joint] fid=265 aft -> 1 new .npy in /share/castor/home/e2406749/tropical_forest_disturbance/embeddings/joint/fid_265/aft/20231002T142711_20231002T143108_T20LNR__S1A_IW_GRDH_1SDV_20230930T094944_20230930T095009_050555_0616E4_8B83
[ok joint] fid=370 bef -> 5 new .npy in /share/castor/home/e2406749/tropical_forest_disturbance/embeddings/joint/fid_370/bef/20230214T142711_20230214T143425_T20LNR__S1A_IW_GRDH_1SDV_20230214T094935_20230214T095000_047230_05AAD4_443E
[ok joint] fid=370 bef -> 5 new .npy in /share/castor/home/e2406749/tropical_forest_disturbance/embeddings/joint/fid_370/bef/20230520T142719_20230520T142902_T20LNR__S1A_IW_GRDH_1SDV_20230521T094937_20230521T095002_048630_05D957_8119
[ok joint] fid=370 bef -> 5 new .npy in /share/castor/home/e2406749/tropical_forest_disturbance/embeddings/joint/fid_370/bef/20230709T142719_20230709T142938_T20LNR__S1A_IW_GRDH_1SDV_20230708T094940_20230708T095005_049330_05EE9A_BD21
[ok joint] fid=370 bef -> 5 new .npy in /share/castor/home/e2406749/tropical_forest_disturbance/embeddings/joint/fid_370/bef/20230719T142719_20230719T142939_T20LNR__S1A_IW_GRDH_1SDV_20230720T094940_20230720T095005_049505_05F3ED_61B1
[ok joint] fid=370 bef -> 5 new .npy in /share/castor/home/e2406749/tropical_forest_disturbance/embeddings/joint/fid_370/bef/20230624T142721_20230624T142715_T20LNR__S1A_IW_GRDH_1SDV_20230626T094939_20230626T095004_049155_05E932_87DB
[ok joint] fid=370 bef -> 5 new .npy in /share/castor/home/e2406749/tropical_forest_disturbance/embeddings/joint/fid_370/bef/20230823T142721_20230823T143116_T20LNR__S1A_IW_GRDH_1SDV_20230825T094943_20230825T095008_050030_0604F6_5B1D
[ok joint] fid=370 bef -> 5 new .npy in /share/castor/home/e2406749/tropical_forest_disturbance/embeddings/joint/fid_370/bef/20230430T142719_20230430T142714_T20LNR__S1A_IW_GRDH_1SDV_20230427T094936_20230427T095001_048280_05CE51_C3AC
[ok joint] fid=370 bef -> 5 new .npy in /share/castor/home/e2406749/tropical_forest_disturbance/embeddings/joint/fid_370/bef/20230729T142719_20230729T142718_T20LNR__S1A_IW_GRDH_1SDV_20230801T094941_20230801T095006_049680_05F959_7E64
[ok joint] fid=370 bef -> 5 new .npy in /share/castor/home/e2406749/tropical_forest_disturbance/embeddings/joint/fid_370/bef/20230609T142719_20230609T142938_T20LNR__S1A_IW_GRDH_1SDV_20230614T094938_20230614T095003_048980_05E3E7_B37E
[ok joint] fid=370 bef -> 5 new .npy in /share/castor/home/e2406749/tropical_forest_disturbance/embeddings/joint/fid_370/bef/20230808T142719_20230808T143119_T20LNR__S1A_IW_GRDH_1SDV_20230813T094942_20230813T095007_049855_05FF04_F481
[ok joint] fid=370 aft -> 5 new .npy in /share/castor/home/e2406749/tropical_forest_disturbance/embeddings/joint/fid_370/aft/20230927T142719_20230927T142849_T20LNR__S1A_IW_GRDH_1SDV_20230930T094944_20230930T095009_050555_0616E4_8B83
[ok joint] fid=370 aft -> 5 new .npy in /share/castor/home/e2406749/tropical_forest_disturbance/embeddings/joint/fid_370/aft/20231007T142709_20231007T142929_T20LNR__S1A_IW_GRDH_1SDV_20231012T094943_20231012T095008_050730_061CE6_B0FB
[ok joint] fid=359 bef -> 1 new .npy in /share/castor/home/e2406749/tropical_forest_disturbance/embeddings/joint/fid_359/bef/20230214T142711_20230214T143425_T20LNR__S1A_IW_GRDH_1SDV_20230214T094935_20230214T095000_047230_05AAD4_443E
[ok joint] fid=359 bef -> 1 new .npy in /share/castor/home/e2406749/tropical_forest_disturbance/embeddings/joint/fid_359/bef/20230709T142719_20230709T142938_T20LNR__S1A_IW_GRDH_1SDV_20230708T094940_20230708T095005_049330_05EE9A_BD21
[ok joint] fid=359 bef -> 1 new .npy in /share/castor/home/e2406749/tropical_forest_disturbance/embeddings/joint/fid_359/bef/20230719T142719_20230719T142939_T20LNR__S1A_IW_GRDH_1SDV_20230720T094940_20230720T095005_049505_05F3ED_61B1
[ok joint] fid=359 bef -> 1 new .npy in /share/castor/home/e2406749/tropical_forest_disturbance/embeddings/joint/fid_359/bef/20230604T142721_20230604T142716_T20LNR__S1A_IW_GRDH_1SDV_20230602T094938_20230602T095003_048805_05DE8B_61F1
[ok joint] fid=359 bef -> 1 new .npy in /share/castor/home/e2406749/tropical_forest_disturbance/embeddings/joint/fid_359/bef/20230624T142721_20230624T142715_T20LNR__S1A_IW_GRDH_1SDV_20230626T094939_20230626T095004_049155_05E932_87DB
[ok joint] fid=359 bef -> 1 new .npy in /share/castor/home/e2406749/tropical_forest_disturbance/embeddings/joint/fid_359/bef/20230803T142721_20230803T143434_T20LNR__S1A_IW_GRDH_1SDV_20230801T094941_20230801T095006_049680_05F959_7E64
[ok joint] fid=359 bef -> 1 new .npy in /share/castor/home/e2406749/tropical_forest_disturbance/embeddings/joint/fid_359/bef/20230823T142721_20230823T143116_T20LNR__S1A_IW_GRDH_1SDV_20230825T094943_20230825T095008_050030_0604F6_5B1D
[ok joint] fid=359 bef -> 1 new .npy in /share/castor/home/e2406749/tropical_forest_disturbance/embeddings/joint/fid_359/bef/20230301T142709_20230301T142737_T20LNR__S1A_IW_GRDH_1SDV_20230226T094935_20230226T095000_047405_05B0D3_E8BA
[ok joint] fid=359 bef -> 1 new .npy in /share/castor/home/e2406749/tropical_forest_disturbance/embeddings/joint/fid_359/bef/20230430T142719_20230430T142714_T20LNR__S1A_IW_GRDH_1SDV_20230427T094936_20230427T095001_048280_05CE51_C3AC
[ok joint] fid=359 bef -> 1 new .npy in /share/castor/home/e2406749/tropical_forest_disturbance/embeddings/joint/fid_359/bef/20230609T142719_20230609T142938_T20LNR__S1A_IW_GRDH_1SDV_20230614T094938_20230614T095003_048980_05E3E7_B37E
[ok joint] fid=359 bef -> 1 new .npy in /share/castor/home/e2406749/tropical_forest_disturbance/embeddings/joint/fid_359/bef/20230818T142719_20230818T143227_T20LNR__S1A_IW_GRDH_1SDV_20230813T094942_20230813T095007_049855_05FF04_F481
[ok joint] fid=359 bef -> 1 new .npy in /share/castor/home/e2406749/tropical_forest_disturbance/embeddings/joint/fid_359/bef/20230515T142711_20230515T142713_T20LNR__S1A_IW_GRDH_1SDV_20230509T094937_20230509T095002_048455_05D42C_4A7D
[ok joint] fid=359 evt -> 1 new .npy in /share/castor/home/e2406749/tropical_forest_disturbance/embeddings/joint/fid_359/evt/20230927T142719_20230927T142849_T20LNR__S1A_IW_GRDH_1SDV_20230930T094944_20230930T095009_050555_0616E4_8B83
[ok joint] fid=359 aft -> 1 new .npy in /share/castor/home/e2406749/tropical_forest_disturbance/embeddings/joint/fid_359/aft/20231012T142711_20231012T143437_T20LNR__S1A_IW_GRDH_1SDV_20231012T094943_20231012T095008_050730_061CE6_B0FB
[ok joint] fid=352 bef -> 1 new .npy in /share/castor/home/e2406749/tropical_forest_disturbance/embeddings/joint/fid_352/bef/20230520T142719_20230520T142902_T20LNR__S1A_IW_GRDH_1SDV_20230521T094937_20230521T095002_048630_05D957_8119
[ok joint] fid=352 bef -> 1 new .npy in /share/castor/home/e2406749/tropical_forest_disturbance/embeddings/joint/fid_352/bef/20230709T142719_20230709T142938_T20LNR__S1A_IW_GRDH_1SDV_20230708T094940_20230708T095005_049330_05EE9A_BD21
[ok joint] fid=352 bef -> 1 new .npy in /share/castor/home/e2406749/tropical_forest_disturbance/embeddings/joint/fid_352/bef/20230719T142719_20230719T142939_T20LNR__S1A_IW_GRDH_1SDV_20230720T094940_20230720T095005_049505_05F3ED_61B1
[ok joint] fid=352 bef -> 1 new .npy in /share/castor/home/e2406749/tropical_forest_disturbance/embeddings/joint/fid_352/bef/20230604T142721_20230604T142716_T20LNR__S1A_IW_GRDH_1SDV_20230602T094938_20230602T095003_048805_05DE8B_61F1
[ok joint] fid=352 bef -> 1 new .npy in /share/castor/home/e2406749/tropical_forest_disturbance/embeddings/joint/fid_352/bef/20230624T142721_20230624T142715_T20LNR__S1A_IW_GRDH_1SDV_20230626T094939_20230626T095004_049155_05E932_87DB
[ok joint] fid=352 bef -> 1 new .npy in /share/castor/home/e2406749/tropical_forest_disturbance/embeddings/joint/fid_352/bef/20230823T142721_20230823T143116_T20LNR__S1A_IW_GRDH_1SDV_20230825T094943_20230825T095008_050030_0604F6_5B1D
[ok joint] fid=352 bef -> 1 new .npy in /share/castor/home/e2406749/tropical_forest_disturbance/embeddings/joint/fid_352/bef/20230301T142709_20230301T142737_T20LNR__S1A_IW_GRDH_1SDV_20230226T094935_20230226T095000_047405_05B0D3_E8BA
[ok joint] fid=352 bef -> 1 new .npy in /share/castor/home/e2406749/tropical_forest_disturbance/embeddings/joint/fid_352/bef/20230729T142719_20230729T142718_T20LNR__S1A_IW_GRDH_1SDV_20230801T094941_20230801T095006_049680_05F959_7E64
[ok joint] fid=352 bef -> 1 new .npy in /share/castor/home/e2406749/tropical_forest_disturbance/embeddings/joint/fid_352/bef/20230326T142711_20230326T142710_T20LNR__S1A_IW_GRDH_1SDV_20230322T094935_20230322T095000_047755_05BCAD_A5E4
[ok joint] fid=352 bef -> 1 new .npy in /share/castor/home/e2406749/tropical_forest_disturbance/embeddings/joint/fid_352/bef/20230609T142719_20230609T142938_T20LNR__S1A_IW_GRDH_1SDV_20230614T094938_20230614T095003_048980_05E3E7_B37E
[ok joint] fid=352 bef -> 1 new .npy in /share/castor/home/e2406749/tropical_forest_disturbance/embeddings/joint/fid_352/bef/20230808T142719_20230808T143119_T20LNR__S1A_IW_GRDH_1SDV_20230813T094942_20230813T095007_049855_05FF04_F481
[ok joint] fid=352 bef -> 1 new .npy in /share/castor/home/e2406749/tropical_forest_disturbance/embeddings/joint/fid_352/bef/20230515T142711_20230515T142713_T20LNR__S1A_IW_GRDH_1SDV_20230509T094937_20230509T095002_048455_05D42C_4A7D
[ok joint] fid=352 evt -> 1 new .npy in /share/castor/home/e2406749/tropical_forest_disturbance/embeddings/joint/fid_352/evt/20230927T142719_20230927T142849_T20LNR__S1A_IW_GRDH_1SDV_20230930T094944_20230930T095009_050555_0616E4_8B83
[ok joint] fid=352 aft -> 1 new .npy in /share/castor/home/e2406749/tropical_forest_disturbance/embeddings/joint/fid_352/aft/20231012T142711_20231012T143437_T20LNR__S1A_IW_GRDH_1SDV_20231012T094943_20231012T095008_050730_061CE6_B0FB
[ok joint] fid=9 bef -> 2 new .npy in /share/castor/home/e2406749/tropical_forest_disturbance/embeddings/joint/fid_9/bef/20230214T142711_20230214T143425_T20LNR__S1A_IW_GRDH_1SDV_20230214T094935_20230214T095000_047230_05AAD4_443E
[ok joint] fid=9 bef -> 2 new .npy in /share/castor/home/e2406749/tropical_forest_disturbance/embeddings/joint/fid_9/bef/20230709T142719_20230709T142938_T20LNR__S1A_IW_GRDH_1SDV_20230708T094940_20230708T095005_049330_05EE9A_BD21
[ok joint] fid=9 bef -> 2 new .npy in /share/castor/home/e2406749/tropical_forest_disturbance/embeddings/joint/fid_9/bef/20230604T142721_20230604T142716_T20LNR__S1A_IW_GRDH_1SDV_20230602T094938_20230602T095003_048805_05DE8B_61F1
[ok joint] fid=9 bef -> 2 new .npy in /share/castor/home/e2406749/tropical_forest_disturbance/embeddings/joint/fid_9/bef/20230624T142721_20230624T142715_T20LNR__S1A_IW_GRDH_1SDV_20230626T094939_20230626T095004_049155_05E932_87DB
[ok joint] fid=9 bef -> 2 new .npy in /share/castor/home/e2406749/tropical_forest_disturbance/embeddings/joint/fid_9/bef/20230803T142721_20230803T143434_T20LNR__S1A_IW_GRDH_1SDV_20230801T094941_20230801T095006_049680_05F959_7E64
[ok joint] fid=9 bef -> 2 new .npy in /share/castor/home/e2406749/tropical_forest_disturbance/embeddings/joint/fid_9/bef/20230823T142721_20230823T143116_T20LNR__S1A_IW_GRDH_1SDV_20230825T094943_20230825T095008_050030_0604F6_5B1D
[ok joint] fid=9 bef -> 2 new .npy in /share/castor/home/e2406749/tropical_forest_disturbance/embeddings/joint/fid_9/bef/20230430T142719_20230430T142714_T20LNR__S1A_IW_GRDH_1SDV_20230427T094936_20230427T095001_048280_05CE51_C3AC
[ok joint] fid=9 bef -> 2 new .npy in /share/castor/home/e2406749/tropical_forest_disturbance/embeddings/joint/fid_9/bef/20230326T142711_20230326T142710_T20LNR__S1A_IW_GRDH_1SDV_20230322T094935_20230322T095000_047755_05BCAD_A5E4
[ok joint] fid=9 bef -> 2 new .npy in /share/castor/home/e2406749/tropical_forest_disturbance/embeddings/joint/fid_9/bef/20230724T142721_20230724T142717_T20LNR__S1A_IW_GRDH_1SDV_20230720T094940_20230720T095005_049505_05F3ED_61B1
[ok joint] fid=9 bef -> 2 new .npy in /share/castor/home/e2406749/tropical_forest_disturbance/embeddings/joint/fid_9/bef/20230609T142719_20230609T142938_T20LNR__S1A_IW_GRDH_1SDV_20230614T094938_20230614T095003_048980_05E3E7_B37E
[ok joint] fid=9 bef -> 2 new .npy in /share/castor/home/e2406749/tropical_forest_disturbance/embeddings/joint/fid_9/bef/20230818T142719_20230818T143227_T20LNR__S1A_IW_GRDH_1SDV_20230813T094942_20230813T095007_049855_05FF04_F481
[ok joint] fid=9 bef -> 2 new .npy in /share/castor/home/e2406749/tropical_forest_disturbance/embeddings/joint/fid_9/bef/20230115T142711_20230115T142817_T20LNR__S1A_IW_GRDH_1SDV_20230109T094936_20230109T095001_046705_05993A_763B
[ok joint] fid=9 bef -> 2 new .npy in /share/castor/home/e2406749/tropical_forest_disturbance/embeddings/joint/fid_9/bef/20230515T142711_20230515T142713_T20LNR__S1A_IW_GRDH_1SDV_20230509T094937_20230509T095002_048455_05D42C_4A7D
[ok joint] fid=9 evt -> 2 new .npy in /share/castor/home/e2406749/tropical_forest_disturbance/embeddings/joint/fid_9/evt/20231002T142711_20231002T143108_T20LNR__S1A_IW_GRDH_1SDV_20230930T094944_20230930T095009_050555_0616E4_8B83
[ok joint] fid=9 aft -> 2 new .npy in /share/castor/home/e2406749/tropical_forest_disturbance/embeddings/joint/fid_9/aft/20231012T142711_20231012T143437_T20LNR__S1A_IW_GRDH_1SDV_20231012T094943_20231012T095008_050730_061CE6_B0FB
[ok joint] fid=11 bef -> 2 new .npy in /share/castor/home/e2406749/tropical_forest_disturbance/embeddings/joint/fid_11/bef/20230214T142711_20230214T143425_T20LNR__S1A_IW_GRDH_1SDV_20230214T094935_20230214T095000_047230_05AAD4_443E
[ok joint] fid=11 bef -> 2 new .npy in /share/castor/home/e2406749/tropical_forest_disturbance/embeddings/joint/fid_11/bef/20230520T142719_20230520T142902_T20LNR__S1A_IW_GRDH_1SDV_20230521T094937_20230521T095002_048630_05D957_8119
[ok joint] fid=11 bef -> 2 new .npy in /share/castor/home/e2406749/tropical_forest_disturbance/embeddings/joint/fid_11/bef/20230709T142719_20230709T142938_T20LNR__S1A_IW_GRDH_1SDV_20230708T094940_20230708T095005_049330_05EE9A_BD21
[ok joint] fid=11 bef -> 2 new .npy in /share/castor/home/e2406749/tropical_forest_disturbance/embeddings/joint/fid_11/bef/20230719T142719_20230719T142939_T20LNR__S1A_IW_GRDH_1SDV_20230720T094940_20230720T095005_049505_05F3ED_61B1
[ok joint] fid=11 bef -> 2 new .npy in /share/castor/home/e2406749/tropical_forest_disturbance/embeddings/joint/fid_11/bef/20230604T142721_20230604T142716_T20LNR__S1A_IW_GRDH_1SDV_20230602T094938_20230602T095003_048805_05DE8B_61F1
[ok joint] fid=11 bef -> 2 new .npy in /share/castor/home/e2406749/tropical_forest_disturbance/embeddings/joint/fid_11/bef/20230624T142721_20230624T142715_T20LNR__S1A_IW_GRDH_1SDV_20230626T094939_20230626T095004_049155_05E932_87DB
[ok joint] fid=11 bef -> 2 new .npy in /share/castor/home/e2406749/tropical_forest_disturbance/embeddings/joint/fid_11/bef/20230803T142721_20230803T143434_T20LNR__S1A_IW_GRDH_1SDV_20230801T094941_20230801T095006_049680_05F959_7E64
[ok joint] fid=11 bef -> 2 new .npy in /share/castor/home/e2406749/tropical_forest_disturbance/embeddings/joint/fid_11/bef/20230823T142721_20230823T143116_T20LNR__S1A_IW_GRDH_1SDV_20230825T094943_20230825T095008_050030_0604F6_5B1D
[ok joint] fid=11 bef -> 2 new .npy in /share/castor/home/e2406749/tropical_forest_disturbance/embeddings/joint/fid_11/bef/20230301T142709_20230301T142737_T20LNR__S1A_IW_GRDH_1SDV_20230226T094935_20230226T095000_047405_05B0D3_E8BA
[ok joint] fid=11 bef -> 2 new .npy in /share/castor/home/e2406749/tropical_forest_disturbance/embeddings/joint/fid_11/bef/20230430T142719_20230430T142714_T20LNR__S1A_IW_GRDH_1SDV_20230427T094936_20230427T095001_048280_05CE51_C3AC
[ok joint] fid=11 bef -> 2 new .npy in /share/castor/home/e2406749/tropical_forest_disturbance/embeddings/joint/fid_11/bef/20230609T142719_20230609T142938_T20LNR__S1A_IW_GRDH_1SDV_20230614T094938_20230614T095003_048980_05E3E7_B37E
[ok joint] fid=11 bef -> 2 new .npy in /share/castor/home/e2406749/tropical_forest_disturbance/embeddings/joint/fid_11/bef/20230808T142719_20230808T143119_T20LNR__S1A_IW_GRDH_1SDV_20230813T094942_20230813T095007_049855_05FF04_F481
[ok joint] fid=11 bef -> 2 new .npy in /share/castor/home/e2406749/tropical_forest_disturbance/embeddings/joint/fid_11/bef/20230515T142711_20230515T142713_T20LNR__S1A_IW_GRDH_1SDV_20230509T094937_20230509T095002_048455_05D42C_4A7D
[ok joint] fid=11 bef -> 2 new .npy in /share/castor/home/e2406749/tropical_forest_disturbance/embeddings/joint/fid_11/bef/20230912T142721_20230912T143158_T20LNR__S1A_IW_GRDH_1SDV_20230906T094943_20230906T095008_050205_060AF4_E713
[ok joint] fid=11 evt -> 2 new .npy in /share/castor/home/e2406749/tropical_forest_disturbance/embeddings/joint/fid_11/evt/20231002T142711_20231002T143108_T20LNR__S1A_IW_GRDH_1SDV_20230930T094944_20230930T095009_050555_0616E4_8B83
[ok joint] fid=11 aft -> 2 new .npy in /share/castor/home/e2406749/tropical_forest_disturbance/embeddings/joint/fid_11/aft/20231012T142711_20231012T143437_T20LNR__S1A_IW_GRDH_1SDV_20231012T094943_20231012T095008_050730_061CE6_B0FB
[ok joint] fid=11 aft -> 2 new .npy in /share/castor/home/e2406749/tropical_forest_disturbance/embeddings/joint/fid_11/aft/20231027T142719_20231027T142713_T20LNR__S1A_IW_GRDH_1SDV_20231024T094944_20231024T095009_050905_0622DD_C0B7
[ok joint] fid=10 bef -> 2 new .npy in /share/castor/home/e2406749/tropical_forest_disturbance/embeddings/joint/fid_10/bef/20230214T142711_20230214T143425_T20LNR__S1A_IW_GRDH_1SDV_20230214T094935_20230214T095000_047230_05AAD4_443E
[ok joint] fid=10 bef -> 2 new .npy in /share/castor/home/e2406749/tropical_forest_disturbance/embeddings/joint/fid_10/bef/20230520T142719_20230520T142902_T20LNR__S1A_IW_GRDH_1SDV_20230521T094937_20230521T095002_048630_05D957_8119
[ok joint] fid=10 bef -> 2 new .npy in /share/castor/home/e2406749/tropical_forest_disturbance/embeddings/joint/fid_10/bef/20230709T142719_20230709T142938_T20LNR__S1A_IW_GRDH_1SDV_20230708T094940_20230708T095005_049330_05EE9A_BD21
[ok joint] fid=10 bef -> 2 new .npy in /share/castor/home/e2406749/tropical_forest_disturbance/embeddings/joint/fid_10/bef/20230604T142721_20230604T142716_T20LNR__S1A_IW_GRDH_1SDV_20230602T094938_20230602T095003_048805_05DE8B_61F1
[ok joint] fid=10 bef -> 2 new .npy in /share/castor/home/e2406749/tropical_forest_disturbance/embeddings/joint/fid_10/bef/20230624T142721_20230624T142715_T20LNR__S1A_IW_GRDH_1SDV_20230626T094939_20230626T095004_049155_05E932_87DB
[ok joint] fid=10 bef -> 2 new .npy in /share/castor/home/e2406749/tropical_forest_disturbance/embeddings/joint/fid_10/bef/20230803T142721_20230803T143434_T20LNR__S1A_IW_GRDH_1SDV_20230801T094941_20230801T095006_049680_05F959_7E64
[ok joint] fid=10 bef -> 2 new .npy in /share/castor/home/e2406749/tropical_forest_disturbance/embeddings/joint/fid_10/bef/20230823T142721_20230823T143116_T20LNR__S1A_IW_GRDH_1SDV_20230825T094943_20230825T095008_050030_0604F6_5B1D
[ok joint] fid=10 bef -> 2 new .npy in /share/castor/home/e2406749/tropical_forest_disturbance/embeddings/joint/fid_10/bef/20230430T142719_20230430T142714_T20LNR__S1A_IW_GRDH_1SDV_20230427T094936_20230427T095001_048280_05CE51_C3AC
[ok joint] fid=10 bef -> 2 new .npy in /share/castor/home/e2406749/tropical_forest_disturbance/embeddings/joint/fid_10/bef/20230326T142711_20230326T142710_T20LNR__S1A_IW_GRDH_1SDV_20230322T094935_20230322T095000_047755_05BCAD_A5E4
[ok joint] fid=10 bef -> 2 new .npy in /share/castor/home/e2406749/tropical_forest_disturbance/embeddings/joint/fid_10/bef/20230724T142721_20230724T142717_T20LNR__S1A_IW_GRDH_1SDV_20230720T094940_20230720T095005_049505_05F3ED_61B1
[ok joint] fid=10 bef -> 2 new .npy in /share/castor/home/e2406749/tropical_forest_disturbance/embeddings/joint/fid_10/bef/20230609T142719_20230609T142938_T20LNR__S1A_IW_GRDH_1SDV_20230614T094938_20230614T095003_048980_05E3E7_B37E
[ok joint] fid=10 bef -> 2 new .npy in /share/castor/home/e2406749/tropical_forest_disturbance/embeddings/joint/fid_10/bef/20230808T142719_20230808T143119_T20LNR__S1A_IW_GRDH_1SDV_20230813T094942_20230813T095007_049855_05FF04_F481
[ok joint] fid=10 bef -> 2 new .npy in /share/castor/home/e2406749/tropical_forest_disturbance/embeddings/joint/fid_10/bef/20230515T142711_20230515T142713_T20LNR__S1A_IW_GRDH_1SDV_20230509T094937_20230509T095002_048455_05D42C_4A7D
[ok joint] fid=10 evt -> 2 new .npy in /share/castor/home/e2406749/tropical_forest_disturbance/embeddings/joint/fid_10/evt/20231002T142711_20231002T143108_T20LNR__S1A_IW_GRDH_1SDV_20230930T094944_20230930T095009_050555_0616E4_8B83
[ok joint] fid=10 aft -> 2 new .npy in /share/castor/home/e2406749/tropical_forest_disturbance/embeddings/joint/fid_10/aft/20231012T142711_20231012T143437_T20LNR__S1A_IW_GRDH_1SDV_20231012T094943_20231012T095008_050730_061CE6_B0FB
[ok joint] fid=10 aft -> 2 new .npy in /share/castor/home/e2406749/tropical_forest_disturbance/embeddings/joint/fid_10/aft/20231027T142719_20231027T142713_T20LNR__S1A_IW_GRDH_1SDV_20231024T094944_20231024T095009_050905_0622DD_C0B7
[ok joint] fid=61 bef -> 2 new .npy in /share/castor/home/e2406749/tropical_forest_disturbance/embeddings/joint/fid_61/bef/20230214T142711_20230214T143425_T20LNR__S1A_IW_GRDH_1SDV_20230214T094935_20230214T095000_047230_05AAD4_443E
[ok joint] fid=61 bef -> 2 new .npy in /share/castor/home/e2406749/tropical_forest_disturbance/embeddings/joint/fid_61/bef/20230709T142719_20230709T142938_T20LNR__S1A_IW_GRDH_1SDV_20230708T094940_20230708T095005_049330_05EE9A_BD21
[ok joint] fid=61 bef -> 2 new .npy in /share/castor/home/e2406749/tropical_forest_disturbance/embeddings/joint/fid_61/bef/20230719T142719_20230719T142939_T20LNR__S1A_IW_GRDH_1SDV_20230720T094940_20230720T095005_049505_05F3ED_61B1
[ok joint] fid=61 bef -> 2 new .npy in /share/castor/home/e2406749/tropical_forest_disturbance/embeddings/joint/fid_61/bef/20230604T142721_20230604T142716_T20LNR__S1A_IW_GRDH_1SDV_20230602T094938_20230602T095003_048805_05DE8B_61F1
[ok joint] fid=61 bef -> 2 new .npy in /share/castor/home/e2406749/tropical_forest_disturbance/embeddings/joint/fid_61/bef/20230624T142721_20230624T142715_T20LNR__S1A_IW_GRDH_1SDV_20230626T094939_20230626T095004_049155_05E932_87DB
[ok joint] fid=61 bef -> 2 new .npy in /share/castor/home/e2406749/tropical_forest_disturbance/embeddings/joint/fid_61/bef/20230823T142721_20230823T143116_T20LNR__S1A_IW_GRDH_1SDV_20230825T094943_20230825T095008_050030_0604F6_5B1D
[ok joint] fid=61 bef -> 2 new .npy in /share/castor/home/e2406749/tropical_forest_disturbance/embeddings/joint/fid_61/bef/20231002T142711_20231002T143108_T20LNR__S1A_IW_GRDH_1SDV_20230930T094944_20230930T095009_050555_0616E4_8B83
[ok joint] fid=61 bef -> 2 new .npy in /share/castor/home/e2406749/tropical_forest_disturbance/embeddings/joint/fid_61/bef/20230430T142719_20230430T142714_T20LNR__S1A_IW_GRDH_1SDV_20230427T094936_20230427T095001_048280_05CE51_C3AC
[ok joint] fid=61 bef -> 2 new .npy in /share/castor/home/e2406749/tropical_forest_disturbance/embeddings/joint/fid_61/bef/20230729T142719_20230729T142718_T20LNR__S1A_IW_GRDH_1SDV_20230801T094941_20230801T095006_049680_05F959_7E64
[ok joint] fid=61 bef -> 2 new .npy in /share/castor/home/e2406749/tropical_forest_disturbance/embeddings/joint/fid_61/bef/20230609T142719_20230609T142938_T20LNR__S1A_IW_GRDH_1SDV_20230614T094938_20230614T095003_048980_05E3E7_B37E
[ok joint] fid=61 bef -> 2 new .npy in /share/castor/home/e2406749/tropical_forest_disturbance/embeddings/joint/fid_61/bef/20230818T142719_20230818T143227_T20LNR__S1A_IW_GRDH_1SDV_20230813T094942_20230813T095007_049855_05FF04_F481
[ok joint] fid=61 bef -> 2 new .npy in /share/castor/home/e2406749/tropical_forest_disturbance/embeddings/joint/fid_61/bef/20230515T142711_20230515T142713_T20LNR__S1A_IW_GRDH_1SDV_20230509T094937_20230509T095002_048455_05D42C_4A7D
[ok joint] fid=61 aft -> 2 new .npy in /share/castor/home/e2406749/tropical_forest_disturbance/embeddings/joint/fid_61/aft/20231111T142711_20231111T142711_T20LNR__S1A_IW_GRDH_1SDV_20231105T094944_20231105T095009_051080_0628DA_EC5A
[ok joint] fid=35 bef -> 2 new .npy in /share/castor/home/e2406749/tropical_forest_disturbance/embeddings/joint/fid_35/bef/20230214T142711_20230214T143425_T20LNR__S1A_IW_GRDH_1SDV_20230214T094935_20230214T095000_047230_05AAD4_443E
[ok joint] fid=35 bef -> 2 new .npy in /share/castor/home/e2406749/tropical_forest_disturbance/embeddings/joint/fid_35/bef/20231012T142711_20231012T143437_T20LNR__S1A_IW_GRDH_1SDV_20231012T094943_20231012T095008_050730_061CE6_B0FB
[ok joint] fid=35 bef -> 2 new .npy in /share/castor/home/e2406749/tropical_forest_disturbance/embeddings/joint/fid_35/bef/20230520T142719_20230520T142902_T20LNR__S1A_IW_GRDH_1SDV_20230521T094937_20230521T095002_048630_05D957_8119
[ok joint] fid=35 bef -> 2 new .npy in /share/castor/home/e2406749/tropical_forest_disturbance/embeddings/joint/fid_35/bef/20230709T142719_20230709T142938_T20LNR__S1A_IW_GRDH_1SDV_20230708T094940_20230708T095005_049330_05EE9A_BD21
[ok joint] fid=35 bef -> 2 new .npy in /share/castor/home/e2406749/tropical_forest_disturbance/embeddings/joint/fid_35/bef/20230719T142719_20230719T142939_T20LNR__S1A_IW_GRDH_1SDV_20230720T094940_20230720T095005_049505_05F3ED_61B1
[ok joint] fid=35 bef -> 2 new .npy in /share/castor/home/e2406749/tropical_forest_disturbance/embeddings/joint/fid_35/bef/20230604T142721_20230604T142716_T20LNR__S1A_IW_GRDH_1SDV_20230602T094938_20230602T095003_048805_05DE8B_61F1
[ok joint] fid=35 bef -> 2 new .npy in /share/castor/home/e2406749/tropical_forest_disturbance/embeddings/joint/fid_35/bef/20230624T142721_20230624T142715_T20LNR__S1A_IW_GRDH_1SDV_20230626T094939_20230626T095004_049155_05E932_87DB
[ok joint] fid=35 bef -> 2 new .npy in /share/castor/home/e2406749/tropical_forest_disturbance/embeddings/joint/fid_35/bef/20230803T142721_20230803T143434_T20LNR__S1A_IW_GRDH_1SDV_20230801T094941_20230801T095006_049680_05F959_7E64
[ok joint] fid=35 bef -> 2 new .npy in /share/castor/home/e2406749/tropical_forest_disturbance/embeddings/joint/fid_35/bef/20230823T142721_20230823T143116_T20LNR__S1A_IW_GRDH_1SDV_20230825T094943_20230825T095008_050030_0604F6_5B1D
[ok joint] fid=35 bef -> 2 new .npy in /share/castor/home/e2406749/tropical_forest_disturbance/embeddings/joint/fid_35/bef/20231002T142711_20231002T143108_T20LNR__S1A_IW_GRDH_1SDV_20230930T094944_20230930T095009_050555_0616E4_8B83
[ok joint] fid=35 bef -> 2 new .npy in /share/castor/home/e2406749/tropical_forest_disturbance/embeddings/joint/fid_35/bef/20230430T142719_20230430T142714_T20LNR__S1A_IW_GRDH_1SDV_20230427T094936_20230427T095001_048280_05CE51_C3AC
[ok joint] fid=35 bef -> 2 new .npy in /share/castor/home/e2406749/tropical_forest_disturbance/embeddings/joint/fid_35/bef/20230609T142719_20230609T142938_T20LNR__S1A_IW_GRDH_1SDV_20230614T094938_20230614T095003_048980_05E3E7_B37E
[ok joint] fid=35 bef -> 2 new .npy in /share/castor/home/e2406749/tropical_forest_disturbance/embeddings/joint/fid_35/bef/20230818T142719_20230818T143227_T20LNR__S1A_IW_GRDH_1SDV_20230813T094942_20230813T095007_049855_05FF04_F481
[ok joint] fid=35 bef -> 2 new .npy in /share/castor/home/e2406749/tropical_forest_disturbance/embeddings/joint/fid_35/bef/20230515T142711_20230515T142713_T20LNR__S1A_IW_GRDH_1SDV_20230509T094937_20230509T095002_048455_05D42C_4A7D
[ok joint] fid=35 evt -> 2 new .npy in /share/castor/home/e2406749/tropical_forest_disturbance/embeddings/joint/fid_35/evt/20231027T142719_20231027T142713_T20LNR__S1A_IW_GRDH_1SDV_20231024T094944_20231024T095009_050905_0622DD_C0B7
[ok joint] fid=35 aft -> 2 new .npy in /share/castor/home/e2406749/tropical_forest_disturbance/embeddings/joint/fid_35/aft/20231116T142709_20231116T143044_T20LNR__S1A_IW_GRDH_1SDV_20231117T094943_20231117T095008_051255_062EE9_3725
[ok joint] fid=35 aft -> 2 new .npy in /share/castor/home/e2406749/tropical_forest_disturbance/embeddings/joint/fid_35/aft/20231111T142711_20231111T142711_T20LNR__S1A_IW_GRDH_1SDV_20231105T094944_20231105T095009_051080_0628DA_EC5A
[ok joint] fid=385 bef -> 14 new .npy in /share/castor/home/e2406749/tropical_forest_disturbance/embeddings/joint/fid_385/bef/20230214T142711_20230214T143425_T20LNR__S1A_IW_GRDH_1SDV_20230214T094935_20230214T095000_047230_05AAD4_443E
[ok joint] fid=385 bef -> 14 new .npy in /share/castor/home/e2406749/tropical_forest_disturbance/embeddings/joint/fid_385/bef/20231012T142711_20231012T143437_T20LNR__S1A_IW_GRDH_1SDV_20231012T094943_20231012T095008_050730_061CE6_B0FB
[ok joint] fid=385 bef -> 14 new .npy in /share/castor/home/e2406749/tropical_forest_disturbance/embeddings/joint/fid_385/bef/20230709T142719_20230709T142938_T20LNR__S1A_IW_GRDH_1SDV_20230708T094940_20230708T095005_049330_05EE9A_BD21
[ok joint] fid=385 bef -> 14 new .npy in /share/castor/home/e2406749/tropical_forest_disturbance/embeddings/joint/fid_385/bef/20230719T142719_20230719T142939_T20LNR__S1A_IW_GRDH_1SDV_20230720T094940_20230720T095005_049505_05F3ED_61B1
[ok joint] fid=385 bef -> 14 new .npy in /share/castor/home/e2406749/tropical_forest_disturbance/embeddings/joint/fid_385/bef/20230604T142721_20230604T142716_T20LNR__S1A_IW_GRDH_1SDV_20230602T094938_20230602T095003_048805_05DE8B_61F1
[ok joint] fid=385 bef -> 14 new .npy in /share/castor/home/e2406749/tropical_forest_disturbance/embeddings/joint/fid_385/bef/20230823T142721_20230823T143116_T20LNR__S1A_IW_GRDH_1SDV_20230825T094943_20230825T095008_050030_0604F6_5B1D
[ok joint] fid=385 bef -> 14 new .npy in /share/castor/home/e2406749/tropical_forest_disturbance/embeddings/joint/fid_385/bef/20230629T142719_20230629T143340_T20LNR__S1A_IW_GRDH_1SDV_20230626T094939_20230626T095004_049155_05E932_87DB
[ok joint] fid=385 bef -> 14 new .npy in /share/castor/home/e2406749/tropical_forest_disturbance/embeddings/joint/fid_385/bef/20230729T142719_20230729T142718_T20LNR__S1A_IW_GRDH_1SDV_20230801T094941_20230801T095006_049680_05F959_7E64
[ok joint] fid=385 bef -> 14 new .npy in /share/castor/home/e2406749/tropical_forest_disturbance/embeddings/joint/fid_385/bef/20230927T142719_20230927T142849_T20LNR__S1A_IW_GRDH_1SDV_20230930T094944_20230930T095009_050555_0616E4_8B83
[ok joint] fid=385 bef -> 14 new .npy in /share/castor/home/e2406749/tropical_forest_disturbance/embeddings/joint/fid_385/bef/20230609T142719_20230609T142938_T20LNR__S1A_IW_GRDH_1SDV_20230614T094938_20230614T095003_048980_05E3E7_B37E
[ok joint] fid=385 bef -> 14 new .npy in /share/castor/home/e2406749/tropical_forest_disturbance/embeddings/joint/fid_385/bef/20230808T142719_20230808T143119_T20LNR__S1A_IW_GRDH_1SDV_20230813T094942_20230813T095007_049855_05FF04_F481
[ok joint] fid=385 bef -> 14 new .npy in /share/castor/home/e2406749/tropical_forest_disturbance/embeddings/joint/fid_385/bef/20230515T142711_20230515T142713_T20LNR__S1A_IW_GRDH_1SDV_20230509T094937_20230509T095002_048455_05D42C_4A7D
[ok joint] fid=385 aft -> 14 new .npy in /share/castor/home/e2406749/tropical_forest_disturbance/embeddings/joint/fid_385/aft/20231116T142709_20231116T143044_T20LNR__S1A_IW_GRDH_1SDV_20231117T094943_20231117T095008_051255_062EE9_3725
[ok joint] fid=37 bef -> 6 new .npy in /share/castor/home/e2406749/tropical_forest_disturbance/embeddings/joint/fid_37/bef/20230214T142711_20230214T143425_T20LNR__S1A_IW_GRDH_1SDV_20230214T094935_20230214T095000_047230_05AAD4_443E
[ok joint] fid=37 bef -> 6 new .npy in /share/castor/home/e2406749/tropical_forest_disturbance/embeddings/joint/fid_37/bef/20231012T142711_20231012T143437_T20LNR__S1A_IW_GRDH_1SDV_20231012T094943_20231012T095008_050730_061CE6_B0FB
[ok joint] fid=37 bef -> 6 new .npy in /share/castor/home/e2406749/tropical_forest_disturbance/embeddings/joint/fid_37/bef/20230709T142719_20230709T142938_T20LNR__S1A_IW_GRDH_1SDV_20230708T094940_20230708T095005_049330_05EE9A_BD21
[ok joint] fid=37 bef -> 6 new .npy in /share/castor/home/e2406749/tropical_forest_disturbance/embeddings/joint/fid_37/bef/20230604T142721_20230604T142716_T20LNR__S1A_IW_GRDH_1SDV_20230602T094938_20230602T095003_048805_05DE8B_61F1
[ok joint] fid=37 bef -> 6 new .npy in /share/castor/home/e2406749/tropical_forest_disturbance/embeddings/joint/fid_37/bef/20230624T142721_20230624T142715_T20LNR__S1A_IW_GRDH_1SDV_20230626T094939_20230626T095004_049155_05E932_87DB
[ok joint] fid=37 bef -> 6 new .npy in /share/castor/home/e2406749/tropical_forest_disturbance/embeddings/joint/fid_37/bef/20230823T142721_20230823T143116_T20LNR__S1A_IW_GRDH_1SDV_20230825T094943_20230825T095008_050030_0604F6_5B1D
[ok joint] fid=37 bef -> 6 new .npy in /share/castor/home/e2406749/tropical_forest_disturbance/embeddings/joint/fid_37/bef/20231002T142711_20231002T143108_T20LNR__S1A_IW_GRDH_1SDV_20230930T094944_20230930T095009_050555_0616E4_8B83
[ok joint] fid=37 bef -> 6 new .npy in /share/castor/home/e2406749/tropical_forest_disturbance/embeddings/joint/fid_37/bef/20230430T142719_20230430T142714_T20LNR__S1A_IW_GRDH_1SDV_20230427T094936_20230427T095001_048280_05CE51_C3AC
[ok joint] fid=37 bef -> 6 new .npy in /share/castor/home/e2406749/tropical_forest_disturbance/embeddings/joint/fid_37/bef/20230724T142721_20230724T142717_T20LNR__S1A_IW_GRDH_1SDV_20230720T094940_20230720T095005_049505_05F3ED_61B1
[ok joint] fid=37 bef -> 6 new .npy in /share/castor/home/e2406749/tropical_forest_disturbance/embeddings/joint/fid_37/bef/20230609T142719_20230609T142938_T20LNR__S1A_IW_GRDH_1SDV_20230614T094938_20230614T095003_048980_05E3E7_B37E
[ok joint] fid=37 bef -> 6 new .npy in /share/castor/home/e2406749/tropical_forest_disturbance/embeddings/joint/fid_37/bef/20230818T142719_20230818T143227_T20LNR__S1A_IW_GRDH_1SDV_20230813T094942_20230813T095007_049855_05FF04_F481
[ok joint] fid=37 bef -> 6 new .npy in /share/castor/home/e2406749/tropical_forest_disturbance/embeddings/joint/fid_37/bef/20230515T142711_20230515T142713_T20LNR__S1A_IW_GRDH_1SDV_20230509T094937_20230509T095002_048455_05D42C_4A7D
[ok joint] fid=37 evt -> 6 new .npy in /share/castor/home/e2406749/tropical_forest_disturbance/embeddings/joint/fid_37/evt/20231027T142719_20231027T142713_T20LNR__S1A_IW_GRDH_1SDV_20231024T094944_20231024T095009_050905_0622DD_C0B7
[ok joint] fid=37 aft -> 6 new .npy in /share/castor/home/e2406749/tropical_forest_disturbance/embeddings/joint/fid_37/aft/20231116T142709_20231116T143044_T20LNR__S1A_IW_GRDH_1SDV_20231117T094943_20231117T095008_051255_062EE9_3725
[ok joint] fid=36 bef -> 1 new .npy in /share/castor/home/e2406749/tropical_forest_disturbance/embeddings/joint/fid_36/bef/20230214T142711_20230214T143425_T20LNR__S1A_IW_GRDH_1SDV_20230214T094935_20230214T095000_047230_05AAD4_443E
[ok joint] fid=36 bef -> 1 new .npy in /share/castor/home/e2406749/tropical_forest_disturbance/embeddings/joint/fid_36/bef/20231012T142711_20231012T143437_T20LNR__S1A_IW_GRDH_1SDV_20231012T094943_20231012T095008_050730_061CE6_B0FB
[ok joint] fid=36 bef -> 1 new .npy in /share/castor/home/e2406749/tropical_forest_disturbance/embeddings/joint/fid_36/bef/20230520T142719_20230520T142902_T20LNR__S1A_IW_GRDH_1SDV_20230521T094937_20230521T095002_048630_05D957_8119
[ok joint] fid=36 bef -> 1 new .npy in /share/castor/home/e2406749/tropical_forest_disturbance/embeddings/joint/fid_36/bef/20230709T142719_20230709T142938_T20LNR__S1A_IW_GRDH_1SDV_20230708T094940_20230708T095005_049330_05EE9A_BD21
[ok joint] fid=36 bef -> 1 new .npy in /share/castor/home/e2406749/tropical_forest_disturbance/embeddings/joint/fid_36/bef/20230604T142721_20230604T142716_T20LNR__S1A_IW_GRDH_1SDV_20230602T094938_20230602T095003_048805_05DE8B_61F1
[ok joint] fid=36 bef -> 1 new .npy in /share/castor/home/e2406749/tropical_forest_disturbance/embeddings/joint/fid_36/bef/20230624T142721_20230624T142715_T20LNR__S1A_IW_GRDH_1SDV_20230626T094939_20230626T095004_049155_05E932_87DB
[ok joint] fid=36 bef -> 1 new .npy in /share/castor/home/e2406749/tropical_forest_disturbance/embeddings/joint/fid_36/bef/20230803T142721_20230803T143434_T20LNR__S1A_IW_GRDH_1SDV_20230801T094941_20230801T095006_049680_05F959_7E64
[ok joint] fid=36 bef -> 1 new .npy in /share/castor/home/e2406749/tropical_forest_disturbance/embeddings/joint/fid_36/bef/20230823T142721_20230823T143116_T20LNR__S1A_IW_GRDH_1SDV_20230825T094943_20230825T095008_050030_0604F6_5B1D
[ok joint] fid=36 bef -> 1 new .npy in /share/castor/home/e2406749/tropical_forest_disturbance/embeddings/joint/fid_36/bef/20231002T142711_20231002T143108_T20LNR__S1A_IW_GRDH_1SDV_20230930T094944_20230930T095009_050555_0616E4_8B83
[ok joint] fid=36 bef -> 1 new .npy in /share/castor/home/e2406749/tropical_forest_disturbance/embeddings/joint/fid_36/bef/20230724T142721_20230724T142717_T20LNR__S1A_IW_GRDH_1SDV_20230720T094940_20230720T095005_049505_05F3ED_61B1
[ok joint] fid=36 bef -> 1 new .npy in /share/castor/home/e2406749/tropical_forest_disturbance/embeddings/joint/fid_36/bef/20230609T142719_20230609T142938_T20LNR__S1A_IW_GRDH_1SDV_20230614T094938_20230614T095003_048980_05E3E7_B37E
[ok joint] fid=36 bef -> 1 new .npy in /share/castor/home/e2406749/tropical_forest_disturbance/embeddings/joint/fid_36/bef/20230818T142719_20230818T143227_T20LNR__S1A_IW_GRDH_1SDV_20230813T094942_20230813T095007_049855_05FF04_F481
[ok joint] fid=36 bef -> 1 new .npy in /share/castor/home/e2406749/tropical_forest_disturbance/embeddings/joint/fid_36/bef/20230515T142711_20230515T142713_T20LNR__S1A_IW_GRDH_1SDV_20230509T094937_20230509T095002_048455_05D42C_4A7D
[ok joint] fid=36 bef -> 1 new .npy in /share/castor/home/e2406749/tropical_forest_disturbance/embeddings/joint/fid_36/bef/20230912T142721_20230912T143158_T20LNR__S1A_IW_GRDH_1SDV_20230906T094943_20230906T095008_050205_060AF4_E713
[ok joint] fid=36 evt -> 1 new .npy in /share/castor/home/e2406749/tropical_forest_disturbance/embeddings/joint/fid_36/evt/20231027T142719_20231027T142713_T20LNR__S1A_IW_GRDH_1SDV_20231024T094944_20231024T095009_050905_0622DD_C0B7
[ok joint] fid=36 aft -> 1 new .npy in /share/castor/home/e2406749/tropical_forest_disturbance/embeddings/joint/fid_36/aft/20231116T142709_20231116T143044_T20LNR__S1A_IW_GRDH_1SDV_20231117T094943_20231117T095008_051255_062EE9_3725
[ok joint] fid=104 bef -> 4 new .npy in /share/castor/home/e2406749/tropical_forest_disturbance/embeddings/joint/fid_104/bef/20230430T142719_20230430T142714_T20LNR__S1A_IW_GRDH_1SDV_20230427T094936_20230427T095001_048280_05CE51_C3AC
[ok joint] fid=104 evt -> 4 new .npy in /share/castor/home/e2406749/tropical_forest_disturbance/embeddings/joint/fid_104/evt/20230520T142719_20230520T142902_T20LNR__S1A_IW_GRDH_1SDV_20230521T094937_20230521T095002_048630_05D957_8119
[ok joint] fid=104 evt -> 4 new .npy in /share/castor/home/e2406749/tropical_forest_disturbance/embeddings/joint/fid_104/evt/20230515T142711_20230515T142713_T20LNR__S1A_IW_GRDH_1SDV_20230509T094937_20230509T095002_048455_05D42C_4A7D
[ok joint] fid=104 aft -> 4 new .npy in /share/castor/home/e2406749/tropical_forest_disturbance/embeddings/joint/fid_104/aft/20230604T142721_20230604T142716_T20LNR__S1A_IW_GRDH_1SDV_20230602T094938_20230602T095003_048805_05DE8B_61F1
[ok joint] fid=163 bef -> 2 new .npy in /share/castor/home/e2406749/tropical_forest_disturbance/embeddings/joint/fid_163/bef/20230214T142711_20230214T143425_T20LNR__S1A_IW_GRDH_1SDV_20230214T094935_20230214T095000_047230_05AAD4_443E
[ok joint] fid=163 bef -> 2 new .npy in /share/castor/home/e2406749/tropical_forest_disturbance/embeddings/joint/fid_163/bef/20230430T142719_20230430T142714_T20LNR__S1A_IW_GRDH_1SDV_20230427T094936_20230427T095001_048280_05CE51_C3AC
[ok joint] fid=163 bef -> 2 new .npy in /share/castor/home/e2406749/tropical_forest_disturbance/embeddings/joint/fid_163/bef/20230115T142711_20230115T142817_T20LNR__S1A_IW_GRDH_1SDV_20230109T094936_20230109T095001_046705_05993A_763B
[ok joint] fid=163 evt -> 2 new .npy in /share/castor/home/e2406749/tropical_forest_disturbance/embeddings/joint/fid_163/evt/20230520T142719_20230520T142902_T20LNR__S1A_IW_GRDH_1SDV_20230521T094937_20230521T095002_048630_05D957_8119
[ok joint] fid=163 evt -> 2 new .npy in /share/castor/home/e2406749/tropical_forest_disturbance/embeddings/joint/fid_163/evt/20230515T142711_20230515T142713_T20LNR__S1A_IW_GRDH_1SDV_20230509T094937_20230509T095002_048455_05D42C_4A7D
[ok joint] fid=163 aft -> 2 new .npy in /share/castor/home/e2406749/tropical_forest_disturbance/embeddings/joint/fid_163/aft/20230604T142721_20230604T142716_T20LNR__S1A_IW_GRDH_1SDV_20230602T094938_20230602T095003_048805_05DE8B_61F1
[done joint] All embeddings already exist in /share/castor/home/e2406749/tropical_forest_disturbance/embeddings/joint/fid_166/bef/20230214T142711_20230214T143425_T20LNR__S1A_IW_GRDH_1SDV_20230214T094935_20230214T095000_047230_05AAD4_443E
[done joint] All embeddings already exist in /share/castor/home/e2406749/tropical_forest_disturbance/embeddings/joint/fid_166/bef/20230430T142719_20230430T142714_T20LNR__S1A_IW_GRDH_1SDV_20230427T094936_20230427T095001_048280_05CE51_C3AC
[done joint] All embeddings already exist in /share/castor/home/e2406749/tropical_forest_disturbance/embeddings/joint/fid_166/evt/20230515T142711_20230515T142713_T20LNR__S1A_IW_GRDH_1SDV_20230509T094937_20230509T095002_048455_05D42C_4A7D
[done joint] All embeddings already exist in /share/castor/home/e2406749/tropical_forest_disturbance/embeddings/joint/fid_166/aft/20230604T142721_20230604T142716_T20LNR__S1A_IW_GRDH_1SDV_20230602T094938_20230602T095003_048805_05DE8B_61F1
[ok joint] fid=286 bef -> 1 new .npy in /share/castor/home/e2406749/tropical_forest_disturbance/embeddings/joint/fid_286/bef/20230214T142711_20230214T143425_T20LNR__S1A_IW_GRDH_1SDV_20230214T094935_20230214T095000_047230_05AAD4_443E
[ok joint] fid=286 bef -> 1 new .npy in /share/castor/home/e2406749/tropical_forest_disturbance/embeddings/joint/fid_286/bef/20230430T142719_20230430T142714_T20LNR__S1A_IW_GRDH_1SDV_20230427T094936_20230427T095001_048280_05CE51_C3AC
[ok joint] fid=286 evt -> 1 new .npy in /share/castor/home/e2406749/tropical_forest_disturbance/embeddings/joint/fid_286/evt/20230520T142719_20230520T142902_T20LNR__S1A_IW_GRDH_1SDV_20230521T094937_20230521T095002_048630_05D957_8119
[ok joint] fid=286 evt -> 1 new .npy in /share/castor/home/e2406749/tropical_forest_disturbance/embeddings/joint/fid_286/evt/20230515T142711_20230515T142713_T20LNR__S1A_IW_GRDH_1SDV_20230509T094937_20230509T095002_048455_05D42C_4A7D
[ok joint] fid=286 aft -> 1 new .npy in /share/castor/home/e2406749/tropical_forest_disturbance/embeddings/joint/fid_286/aft/20230604T142721_20230604T142716_T20LNR__S1A_IW_GRDH_1SDV_20230602T094938_20230602T095003_048805_05DE8B_61F1
[done joint] All embeddings already exist in /share/castor/home/e2406749/tropical_forest_disturbance/embeddings/joint/fid_165/bef/20230420T142719_20230420T142714_T20LNR__S1A_IW_GRDH_1SDV_20230415T094911_20230415T094936_048105_05C876_50BE
[done joint] All embeddings already exist in /share/castor/home/e2406749/tropical_forest_disturbance/embeddings/joint/fid_165/evt/20230515T142711_20230515T142713_T20LNR__S1A_IW_GRDH_1SDV_20230509T094912_20230509T094937_048455_05D42C_BB80
[done joint] All embeddings already exist in /share/castor/home/e2406749/tropical_forest_disturbance/embeddings/joint/fid_165/aft/20230604T142721_20230604T142716_T20LNR__S1A_IW_GRDH_1SDV_20230602T094913_20230602T094938_048805_05DE8B_7193
[ok joint] fid=108 bef -> 2 new .npy in /share/castor/home/e2406749/tropical_forest_disturbance/embeddings/joint/fid_108/bef/20230214T142711_20230214T143425_T20LNR__S1A_IW_GRDH_1SDV_20230214T094935_20230214T095000_047230_05AAD4_443E
[ok joint] fid=108 bef -> 2 new .npy in /share/castor/home/e2406749/tropical_forest_disturbance/embeddings/joint/fid_108/bef/20230301T142709_20230301T142737_T20LNR__S1A_IW_GRDH_1SDV_20230226T094935_20230226T095000_047405_05B0D3_E8BA
[ok joint] fid=108 bef -> 2 new .npy in /share/castor/home/e2406749/tropical_forest_disturbance/embeddings/joint/fid_108/bef/20230515T142711_20230515T142713_T20LNR__S1A_IW_GRDH_1SDV_20230509T094937_20230509T095002_048455_05D42C_4A7D
[ok joint] fid=108 evt -> 2 new .npy in /share/castor/home/e2406749/tropical_forest_disturbance/embeddings/joint/fid_108/evt/20230604T142721_20230604T142716_T20LNR__S1A_IW_GRDH_1SDV_20230602T094938_20230602T095003_048805_05DE8B_61F1
[ok joint] fid=108 aft -> 2 new .npy in /share/castor/home/e2406749/tropical_forest_disturbance/embeddings/joint/fid_108/aft/20230609T142719_20230609T142938_T20LNR__S1A_IW_GRDH_1SDV_20230614T094938_20230614T095003_048980_05E3E7_B37E
[done joint] All embeddings already exist in /share/castor/home/e2406749/tropical_forest_disturbance/embeddings/joint/fid_234/bef/20230214T142711_20230214T143425_T20LNR__S1A_IW_GRDH_1SDV_20230214T094935_20230214T095000_047230_05AAD4_443E
[done joint] All embeddings already exist in /share/castor/home/e2406749/tropical_forest_disturbance/embeddings/joint/fid_234/bef/20230301T142709_20230301T142737_T20LNR__S1A_IW_GRDH_1SDV_20230226T094935_20230226T095000_047405_05B0D3_E8BA
[done joint] All embeddings already exist in /share/castor/home/e2406749/tropical_forest_disturbance/embeddings/joint/fid_234/bef/20230430T142719_20230430T142714_T20LNR__S1A_IW_GRDH_1SDV_20230427T094936_20230427T095001_048280_05CE51_C3AC
[done joint] All embeddings already exist in /share/castor/home/e2406749/tropical_forest_disturbance/embeddings/joint/fid_234/bef/20230515T142711_20230515T142713_T20LNR__S1A_IW_GRDH_1SDV_20230509T094937_20230509T095002_048455_05D42C_4A7D
[done joint] All embeddings already exist in /share/castor/home/e2406749/tropical_forest_disturbance/embeddings/joint/fid_234/evt/20230604T142721_20230604T142716_T20LNR__S1A_IW_GRDH_1SDV_20230602T094938_20230602T095003_048805_05DE8B_61F1
[done joint] All embeddings already exist in /share/castor/home/e2406749/tropical_forest_disturbance/embeddings/joint/fid_234/aft/20230609T142719_20230609T142938_T20LNR__S1A_IW_GRDH_1SDV_20230614T094938_20230614T095003_048980_05E3E7_B37E
[ok joint] fid=173 bef -> 2 new .npy in /share/castor/home/e2406749/tropical_forest_disturbance/embeddings/joint/fid_173/bef/20230214T142711_20230214T143425_T20LNR__S1A_IW_GRDH_1SDV_20230214T094935_20230214T095000_047230_05AAD4_443E
[ok joint] fid=173 bef -> 2 new .npy in /share/castor/home/e2406749/tropical_forest_disturbance/embeddings/joint/fid_173/bef/20230301T142709_20230301T142737_T20LNR__S1A_IW_GRDH_1SDV_20230226T094935_20230226T095000_047405_05B0D3_E8BA
[ok joint] fid=173 bef -> 2 new .npy in /share/castor/home/e2406749/tropical_forest_disturbance/embeddings/joint/fid_173/bef/20230430T142719_20230430T142714_T20LNR__S1A_IW_GRDH_1SDV_20230427T094936_20230427T095001_048280_05CE51_C3AC
[ok joint] fid=173 bef -> 2 new .npy in /share/castor/home/e2406749/tropical_forest_disturbance/embeddings/joint/fid_173/bef/20230515T142711_20230515T142713_T20LNR__S1A_IW_GRDH_1SDV_20230509T094937_20230509T095002_048455_05D42C_4A7D
[ok joint] fid=173 evt -> 2 new .npy in /share/castor/home/e2406749/tropical_forest_disturbance/embeddings/joint/fid_173/evt/20230604T142721_20230604T142716_T20LNR__S1A_IW_GRDH_1SDV_20230602T094938_20230602T095003_048805_05DE8B_61F1
[ok joint] fid=173 aft -> 2 new .npy in /share/castor/home/e2406749/tropical_forest_disturbance/embeddings/joint/fid_173/aft/20230609T142719_20230609T142938_T20LNR__S1A_IW_GRDH_1SDV_20230614T094938_20230614T095003_048980_05E3E7_B37E
[ok joint] fid=174 bef -> 3 new .npy in /share/castor/home/e2406749/tropical_forest_disturbance/embeddings/joint/fid_174/bef/20230430T142719_20230430T142714_T20LNR__S1A_IW_GRDH_1SDV_20230427T094936_20230427T095001_048280_05CE51_C3AC
[ok joint] fid=174 bef -> 3 new .npy in /share/castor/home/e2406749/tropical_forest_disturbance/embeddings/joint/fid_174/bef/20230515T142711_20230515T142713_T20LNR__S1A_IW_GRDH_1SDV_20230509T094937_20230509T095002_048455_05D42C_4A7D
[ok joint] fid=174 evt -> 3 new .npy in /share/castor/home/e2406749/tropical_forest_disturbance/embeddings/joint/fid_174/evt/20230604T142721_20230604T142716_T20LNR__S1A_IW_GRDH_1SDV_20230602T094938_20230602T095003_048805_05DE8B_61F1
[ok joint] fid=174 aft -> 3 new .npy in /share/castor/home/e2406749/tropical_forest_disturbance/embeddings/joint/fid_174/aft/20230609T142719_20230609T142938_T20LNR__S1A_IW_GRDH_1SDV_20230614T094938_20230614T095003_048980_05E3E7_B37E
[ok joint] fid=175 bef -> 3 new .npy in /share/castor/home/e2406749/tropical_forest_disturbance/embeddings/joint/fid_175/bef/20230301T142709_20230301T142737_T20LNR__S1A_IW_GRDH_1SDV_20230226T094935_20230226T095000_047405_05B0D3_E8BA
[ok joint] fid=175 bef -> 3 new .npy in /share/castor/home/e2406749/tropical_forest_disturbance/embeddings/joint/fid_175/bef/20230430T142719_20230430T142714_T20LNR__S1A_IW_GRDH_1SDV_20230427T094936_20230427T095001_048280_05CE51_C3AC
[ok joint] fid=175 bef -> 3 new .npy in /share/castor/home/e2406749/tropical_forest_disturbance/embeddings/joint/fid_175/bef/20230515T142711_20230515T142713_T20LNR__S1A_IW_GRDH_1SDV_20230509T094937_20230509T095002_048455_05D42C_4A7D
[ok joint] fid=175 evt -> 3 new .npy in /share/castor/home/e2406749/tropical_forest_disturbance/embeddings/joint/fid_175/evt/20230604T142721_20230604T142716_T20LNR__S1A_IW_GRDH_1SDV_20230602T094938_20230602T095003_048805_05DE8B_61F1
[ok joint] fid=175 aft -> 3 new .npy in /share/castor/home/e2406749/tropical_forest_disturbance/embeddings/joint/fid_175/aft/20230609T142719_20230609T142938_T20LNR__S1A_IW_GRDH_1SDV_20230614T094938_20230614T095003_048980_05E3E7_B37E
[ok joint] fid=292 bef -> 1 new .npy in /share/castor/home/e2406749/tropical_forest_disturbance/embeddings/joint/fid_292/bef/20230430T142719_20230430T142714_T20LNR__S1A_IW_GRDH_1SDV_20230427T094936_20230427T095001_048280_05CE51_C3AC
[ok joint] fid=292 bef -> 1 new .npy in /share/castor/home/e2406749/tropical_forest_disturbance/embeddings/joint/fid_292/bef/20230515T142711_20230515T142713_T20LNR__S1A_IW_GRDH_1SDV_20230509T094937_20230509T095002_048455_05D42C_4A7D
[ok joint] fid=292 evt -> 1 new .npy in /share/castor/home/e2406749/tropical_forest_disturbance/embeddings/joint/fid_292/evt/20230604T142721_20230604T142716_T20LNR__S1A_IW_GRDH_1SDV_20230602T094938_20230602T095003_048805_05DE8B_61F1
[ok joint] fid=292 aft -> 1 new .npy in /share/castor/home/e2406749/tropical_forest_disturbance/embeddings/joint/fid_292/aft/20230609T142719_20230609T142938_T20LNR__S1A_IW_GRDH_1SDV_20230614T094938_20230614T095003_048980_05E3E7_B37E
[ok joint] fid=109 bef -> 2 new .npy in /share/castor/home/e2406749/tropical_forest_disturbance/embeddings/joint/fid_109/bef/20230214T142711_20230214T143425_T20LNR__S1A_IW_GRDH_1SDV_20230214T094935_20230214T095000_047230_05AAD4_443E
[ok joint] fid=109 bef -> 2 new .npy in /share/castor/home/e2406749/tropical_forest_disturbance/embeddings/joint/fid_109/bef/20230430T142719_20230430T142714_T20LNR__S1A_IW_GRDH_1SDV_20230427T094936_20230427T095001_048280_05CE51_C3AC
[ok joint] fid=109 bef -> 2 new .npy in /share/castor/home/e2406749/tropical_forest_disturbance/embeddings/joint/fid_109/bef/20230326T142711_20230326T142710_T20LNR__S1A_IW_GRDH_1SDV_20230322T094935_20230322T095000_047755_05BCAD_A5E4
[ok joint] fid=109 bef -> 2 new .npy in /share/castor/home/e2406749/tropical_forest_disturbance/embeddings/joint/fid_109/bef/20230420T142719_20230420T142714_T20LNR__S1A_IW_GRDH_1SDV_20230415T094936_20230415T095001_048105_05C876_7D01
[ok joint] fid=109 bef -> 2 new .npy in /share/castor/home/e2406749/tropical_forest_disturbance/embeddings/joint/fid_109/bef/20230515T142711_20230515T142713_T20LNR__S1A_IW_GRDH_1SDV_20230509T094937_20230509T095002_048455_05D42C_4A7D
[ok joint] fid=109 evt -> 2 new .npy in /share/castor/home/e2406749/tropical_forest_disturbance/embeddings/joint/fid_109/evt/20230604T142721_20230604T142716_T20LNR__S1A_IW_GRDH_1SDV_20230602T094938_20230602T095003_048805_05DE8B_61F1
[ok joint] fid=109 aft -> 2 new .npy in /share/castor/home/e2406749/tropical_forest_disturbance/embeddings/joint/fid_109/aft/20230609T142719_20230609T142938_T20LNR__S1A_IW_GRDH_1SDV_20230614T094938_20230614T095003_048980_05E3E7_B37E
[ok joint] fid=111 bef -> 2 new .npy in /share/castor/home/e2406749/tropical_forest_disturbance/embeddings/joint/fid_111/bef/20230326T142711_20230326T142710_T20LNR__S1A_IW_GRDH_1SDV_20230322T094910_20230322T094935_047755_05BCAD_F524
[ok joint] fid=111 bef -> 2 new .npy in /share/castor/home/e2406749/tropical_forest_disturbance/embeddings/joint/fid_111/bef/20230420T142719_20230420T142714_T20LNR__S1A_IW_GRDH_1SDV_20230415T094911_20230415T094936_048105_05C876_50BE
[ok joint] fid=111 bef -> 2 new .npy in /share/castor/home/e2406749/tropical_forest_disturbance/embeddings/joint/fid_111/bef/20230515T142711_20230515T142713_T20LNR__S1A_IW_GRDH_1SDV_20230509T094912_20230509T094937_048455_05D42C_BB80
[ok joint] fid=111 evt -> 2 new .npy in /share/castor/home/e2406749/tropical_forest_disturbance/embeddings/joint/fid_111/evt/20230604T142721_20230604T142716_T20LNR__S1A_IW_GRDH_1SDV_20230602T094913_20230602T094938_048805_05DE8B_7193
[ok joint] fid=111 aft -> 2 new .npy in /share/castor/home/e2406749/tropical_forest_disturbance/embeddings/joint/fid_111/aft/20230609T142719_20230609T142938_T20LNR__S1A_IW_GRDH_1SDV_20230614T094913_20230614T094938_048980_05E3E7_6485
[ok joint] fid=171 bef -> 1 new .npy in /share/castor/home/e2406749/tropical_forest_disturbance/embeddings/joint/fid_171/bef/20230510T142719_20230510T142819_T20LNR__S1A_IW_GRDH_1SDV_20230509T094912_20230509T094937_048455_05D42C_BB80
[ok joint] fid=171 bef -> 1 new .npy in /share/castor/home/e2406749/tropical_forest_disturbance/embeddings/joint/fid_171/bef/20230420T142719_20230420T142714_T20LNR__S1A_IW_GRDH_1SDV_20230415T094911_20230415T094936_048105_05C876_50BE
[ok joint] fid=171 evt -> 1 new .npy in /share/castor/home/e2406749/tropical_forest_disturbance/embeddings/joint/fid_171/evt/20230604T142721_20230604T142716_T20LNR__S1A_IW_GRDH_1SDV_20230602T094913_20230602T094938_048805_05DE8B_7193
[ok joint] fid=171 aft -> 1 new .npy in /share/castor/home/e2406749/tropical_forest_disturbance/embeddings/joint/fid_171/aft/20230609T142719_20230609T142938_T20LNR__S1A_IW_GRDH_1SDV_20230614T094913_20230614T094938_048980_05E3E7_6485
[ok joint] fid=290 bef -> 2 new .npy in /share/castor/home/e2406749/tropical_forest_disturbance/embeddings/joint/fid_290/bef/20230214T142711_20230214T143425_T20LNR__S1A_IW_GRDH_1SDV_20230214T094910_20230214T094935_047230_05AAD4_E27D
[ok joint] fid=290 bef -> 2 new .npy in /share/castor/home/e2406749/tropical_forest_disturbance/embeddings/joint/fid_290/bef/20230515T142711_20230515T142713_T20LNR__S1A_IW_GRDH_1SDV_20230509T094912_20230509T094937_048455_05D42C_BB80
[ok joint] fid=290 evt -> 2 new .npy in /share/castor/home/e2406749/tropical_forest_disturbance/embeddings/joint/fid_290/evt/20230604T142721_20230604T142716_T20LNR__S1A_IW_GRDH_1SDV_20230602T094913_20230602T094938_048805_05DE8B_7193
[ok joint] fid=290 aft -> 2 new .npy in /share/castor/home/e2406749/tropical_forest_disturbance/embeddings/joint/fid_290/aft/20230609T142719_20230609T142938_T20LNR__S1A_IW_GRDH_1SDV_20230614T094913_20230614T094938_048980_05E3E7_6485
[ok joint] fid=291 bef -> 1 new .npy in /share/castor/home/e2406749/tropical_forest_disturbance/embeddings/joint/fid_291/bef/20230510T142719_20230510T142819_T20LNR__S1A_IW_GRDH_1SDV_20230509T094912_20230509T094937_048455_05D42C_BB80
[ok joint] fid=291 bef -> 1 new .npy in /share/castor/home/e2406749/tropical_forest_disturbance/embeddings/joint/fid_291/bef/20230430T142719_20230430T142714_T20LNR__S1A_IW_GRDH_1SDV_20230427T094911_20230427T094936_048280_05CE51_9F1D
[ok joint] fid=291 evt -> 1 new .npy in /share/castor/home/e2406749/tropical_forest_disturbance/embeddings/joint/fid_291/evt/20230604T142721_20230604T142716_T20LNR__S1A_IW_GRDH_1SDV_20230602T094913_20230602T094938_048805_05DE8B_7193
[ok joint] fid=291 aft -> 1 new .npy in /share/castor/home/e2406749/tropical_forest_disturbance/embeddings/joint/fid_291/aft/20230609T142719_20230609T142938_T20LNR__S1A_IW_GRDH_1SDV_20230614T094913_20230614T094938_048980_05E3E7_6485
[ok joint] fid=293 bef -> 5 new .npy in /share/castor/home/e2406749/tropical_forest_disturbance/embeddings/joint/fid_293/bef/20230214T142711_20230214T143425_T20LNR__S1A_IW_GRDH_1SDV_20230214T094910_20230214T094935_047230_05AAD4_E27D
[ok joint] fid=293 bef -> 5 new .npy in /share/castor/home/e2406749/tropical_forest_disturbance/embeddings/joint/fid_293/bef/20230326T142711_20230326T142710_T20LNR__S1A_IW_GRDH_1SDV_20230322T094910_20230322T094935_047755_05BCAD_F524
[ok joint] fid=293 bef -> 5 new .npy in /share/castor/home/e2406749/tropical_forest_disturbance/embeddings/joint/fid_293/bef/20230420T142719_20230420T142714_T20LNR__S1A_IW_GRDH_1SDV_20230415T094911_20230415T094936_048105_05C876_50BE
[ok joint] fid=293 bef -> 5 new .npy in /share/castor/home/e2406749/tropical_forest_disturbance/embeddings/joint/fid_293/bef/20230515T142711_20230515T142713_T20LNR__S1A_IW_GRDH_1SDV_20230509T094912_20230509T094937_048455_05D42C_BB80
[ok joint] fid=293 aft -> 5 new .npy in /share/castor/home/e2406749/tropical_forest_disturbance/embeddings/joint/fid_293/aft/20230609T142719_20230609T142938_T20LNR__S1A_IW_GRDH_1SDV_20230614T094913_20230614T094938_048980_05E3E7_6485
[ok joint] fid=357 bef -> 2 new .npy in /share/castor/home/e2406749/tropical_forest_disturbance/embeddings/joint/fid_357/bef/20230520T142719_20230520T142902_T20LNR__S1A_IW_GRDH_1SDV_20230521T094937_20230521T095002_048630_05D957_8119
[ok joint] fid=357 bef -> 2 new .npy in /share/castor/home/e2406749/tropical_forest_disturbance/embeddings/joint/fid_357/bef/20230709T142719_20230709T142938_T20LNR__S1A_IW_GRDH_1SDV_20230708T094940_20230708T095005_049330_05EE9A_BD21
[ok joint] fid=357 bef -> 2 new .npy in /share/castor/home/e2406749/tropical_forest_disturbance/embeddings/joint/fid_357/bef/20230224T142711_20230224T143045_T20LNR__S1A_IW_GRDH_1SDV_20230226T094935_20230226T095000_047405_05B0D3_E8BA
[ok joint] fid=357 bef -> 2 new .npy in /share/castor/home/e2406749/tropical_forest_disturbance/embeddings/joint/fid_357/bef/20230604T142721_20230604T142716_T20LNR__S1A_IW_GRDH_1SDV_20230602T094938_20230602T095003_048805_05DE8B_61F1
[ok joint] fid=357 bef -> 2 new .npy in /share/castor/home/e2406749/tropical_forest_disturbance/embeddings/joint/fid_357/bef/20230430T142719_20230430T142714_T20LNR__S1A_IW_GRDH_1SDV_20230427T094936_20230427T095001_048280_05CE51_C3AC
[ok joint] fid=357 bef -> 2 new .npy in /share/castor/home/e2406749/tropical_forest_disturbance/embeddings/joint/fid_357/bef/20230629T142719_20230629T143340_T20LNR__S1A_IW_GRDH_1SDV_20230626T094939_20230626T095004_049155_05E932_87DB
[ok joint] fid=357 bef -> 2 new .npy in /share/castor/home/e2406749/tropical_forest_disturbance/embeddings/joint/fid_357/bef/20230609T142719_20230609T142938_T20LNR__S1A_IW_GRDH_1SDV_20230614T094938_20230614T095003_048980_05E3E7_B37E
[ok joint] fid=357 bef -> 2 new .npy in /share/castor/home/e2406749/tropical_forest_disturbance/embeddings/joint/fid_357/bef/20230714T142721_20230714T142941_T20LNR__S1A_IW_GRDH_1SDV_20230720T094940_20230720T095005_049505_05F3ED_61B1
[ok joint] fid=357 evt -> 2 new .npy in /share/castor/home/e2406749/tropical_forest_disturbance/embeddings/joint/fid_357/evt/20230729T142719_20230729T142718_T20LNR__S1A_IW_GRDH_1SDV_20230801T094941_20230801T095006_049680_05F959_7E64
[ok joint] fid=357 aft -> 2 new .npy in /share/castor/home/e2406749/tropical_forest_disturbance/embeddings/joint/fid_357/aft/20230823T142721_20230823T143116_T20LNR__S1A_IW_GRDH_1SDV_20230825T094943_20230825T095008_050030_0604F6_5B1D
[ok joint] fid=357 aft -> 2 new .npy in /share/castor/home/e2406749/tropical_forest_disturbance/embeddings/joint/fid_357/aft/20230818T142719_20230818T143227_T20LNR__S1A_IW_GRDH_1SDV_20230813T094942_20230813T095007_049855_05FF04_F481
[ok joint] fid=80 bef -> 1 new .npy in /share/castor/home/e2406749/tropical_forest_disturbance/embeddings/joint/fid_80/bef/20230214T142711_20230214T143425_T20LNR__S1A_IW_GRDH_1SDV_20230214T094935_20230214T095000_047230_05AAD4_443E
[ok joint] fid=80 bef -> 1 new .npy in /share/castor/home/e2406749/tropical_forest_disturbance/embeddings/joint/fid_80/bef/20230709T142719_20230709T142938_T20LNR__S1A_IW_GRDH_1SDV_20230708T094940_20230708T095005_049330_05EE9A_BD21
[ok joint] fid=80 bef -> 1 new .npy in /share/castor/home/e2406749/tropical_forest_disturbance/embeddings/joint/fid_80/bef/20230719T142719_20230719T142939_T20LNR__S1A_IW_GRDH_1SDV_20230720T094940_20230720T095005_049505_05F3ED_61B1
[ok joint] fid=80 bef -> 1 new .npy in /share/castor/home/e2406749/tropical_forest_disturbance/embeddings/joint/fid_80/bef/20230604T142721_20230604T142716_T20LNR__S1A_IW_GRDH_1SDV_20230602T094938_20230602T095003_048805_05DE8B_61F1
[ok joint] fid=80 bef -> 1 new .npy in /share/castor/home/e2406749/tropical_forest_disturbance/embeddings/joint/fid_80/bef/20230823T142721_20230823T143116_T20LNR__S1A_IW_GRDH_1SDV_20230825T094943_20230825T095008_050030_0604F6_5B1D
[ok joint] fid=80 bef -> 1 new .npy in /share/castor/home/e2406749/tropical_forest_disturbance/embeddings/joint/fid_80/bef/20230301T142709_20230301T142737_T20LNR__S1A_IW_GRDH_1SDV_20230226T094935_20230226T095000_047405_05B0D3_E8BA
[ok joint] fid=80 bef -> 1 new .npy in /share/castor/home/e2406749/tropical_forest_disturbance/embeddings/joint/fid_80/bef/20230629T142719_20230629T143340_T20LNR__S1A_IW_GRDH_1SDV_20230626T094939_20230626T095004_049155_05E932_87DB
[ok joint] fid=80 bef -> 1 new .npy in /share/castor/home/e2406749/tropical_forest_disturbance/embeddings/joint/fid_80/bef/20230729T142719_20230729T142718_T20LNR__S1A_IW_GRDH_1SDV_20230801T094941_20230801T095006_049680_05F959_7E64
[ok joint] fid=80 bef -> 1 new .npy in /share/castor/home/e2406749/tropical_forest_disturbance/embeddings/joint/fid_80/bef/20230326T142711_20230326T142710_T20LNR__S1A_IW_GRDH_1SDV_20230322T094935_20230322T095000_047755_05BCAD_A5E4
[ok joint] fid=80 bef -> 1 new .npy in /share/castor/home/e2406749/tropical_forest_disturbance/embeddings/joint/fid_80/bef/20230609T142719_20230609T142938_T20LNR__S1A_IW_GRDH_1SDV_20230614T094938_20230614T095003_048980_05E3E7_B37E
[ok joint] fid=80 bef -> 1 new .npy in /share/castor/home/e2406749/tropical_forest_disturbance/embeddings/joint/fid_80/bef/20230515T142711_20230515T142713_T20LNR__S1A_IW_GRDH_1SDV_20230509T094937_20230509T095002_048455_05D42C_4A7D
[ok joint] fid=80 aft -> 1 new .npy in /share/castor/home/e2406749/tropical_forest_disturbance/embeddings/joint/fid_80/aft/20230927T142719_20230927T142849_T20LNR__S1A_IW_GRDH_1SDV_20230930T094944_20230930T095009_050555_0616E4_8B83
[ok joint] fid=88 bef -> 1 new .npy in /share/castor/home/e2406749/tropical_forest_disturbance/embeddings/joint/fid_88/bef/20230214T142711_20230214T143425_T20LNR__S1A_IW_GRDH_1SDV_20230214T094935_20230214T095000_047230_05AAD4_443E
[ok joint] fid=88 bef -> 1 new .npy in /share/castor/home/e2406749/tropical_forest_disturbance/embeddings/joint/fid_88/bef/20230709T142719_20230709T142938_T20LNR__S1A_IW_GRDH_1SDV_20230708T094940_20230708T095005_049330_05EE9A_BD21
[ok joint] fid=88 bef -> 1 new .npy in /share/castor/home/e2406749/tropical_forest_disturbance/embeddings/joint/fid_88/bef/20230719T142719_20230719T142939_T20LNR__S1A_IW_GRDH_1SDV_20230720T094940_20230720T095005_049505_05F3ED_61B1
[ok joint] fid=88 bef -> 1 new .npy in /share/castor/home/e2406749/tropical_forest_disturbance/embeddings/joint/fid_88/bef/20230604T142721_20230604T142716_T20LNR__S1A_IW_GRDH_1SDV_20230602T094938_20230602T095003_048805_05DE8B_61F1
[ok joint] fid=88 bef -> 1 new .npy in /share/castor/home/e2406749/tropical_forest_disturbance/embeddings/joint/fid_88/bef/20230624T142721_20230624T142715_T20LNR__S1A_IW_GRDH_1SDV_20230626T094939_20230626T095004_049155_05E932_87DB
[ok joint] fid=88 bef -> 1 new .npy in /share/castor/home/e2406749/tropical_forest_disturbance/embeddings/joint/fid_88/bef/20230803T142721_20230803T143434_T20LNR__S1A_IW_GRDH_1SDV_20230801T094941_20230801T095006_049680_05F959_7E64
[ok joint] fid=88 bef -> 1 new .npy in /share/castor/home/e2406749/tropical_forest_disturbance/embeddings/joint/fid_88/bef/20230823T142721_20230823T143116_T20LNR__S1A_IW_GRDH_1SDV_20230825T094943_20230825T095008_050030_0604F6_5B1D
[ok joint] fid=88 bef -> 1 new .npy in /share/castor/home/e2406749/tropical_forest_disturbance/embeddings/joint/fid_88/bef/20230301T142709_20230301T142737_T20LNR__S1A_IW_GRDH_1SDV_20230226T094935_20230226T095000_047405_05B0D3_E8BA
[ok joint] fid=88 bef -> 1 new .npy in /share/castor/home/e2406749/tropical_forest_disturbance/embeddings/joint/fid_88/bef/20230430T142719_20230430T142714_T20LNR__S1A_IW_GRDH_1SDV_20230427T094936_20230427T095001_048280_05CE51_C3AC
[ok joint] fid=88 bef -> 1 new .npy in /share/castor/home/e2406749/tropical_forest_disturbance/embeddings/joint/fid_88/bef/20230609T142719_20230609T142938_T20LNR__S1A_IW_GRDH_1SDV_20230614T094938_20230614T095003_048980_05E3E7_B37E
[ok joint] fid=88 bef -> 1 new .npy in /share/castor/home/e2406749/tropical_forest_disturbance/embeddings/joint/fid_88/bef/20230808T142719_20230808T143119_T20LNR__S1A_IW_GRDH_1SDV_20230813T094942_20230813T095007_049855_05FF04_F481
[ok joint] fid=88 bef -> 1 new .npy in /share/castor/home/e2406749/tropical_forest_disturbance/embeddings/joint/fid_88/bef/20230515T142711_20230515T142713_T20LNR__S1A_IW_GRDH_1SDV_20230509T094937_20230509T095002_048455_05D42C_4A7D
[ok joint] fid=88 aft -> 1 new .npy in /share/castor/home/e2406749/tropical_forest_disturbance/embeddings/joint/fid_88/aft/20230927T142719_20230927T142849_T20LNR__S1A_IW_GRDH_1SDV_20230930T094944_20230930T095009_050555_0616E4_8B83
[done joint] All embeddings already exist in /share/castor/home/e2406749/tropical_forest_disturbance/embeddings/joint/fid_346/bef/20230709T142719_20230709T142938_T20LNR__S1A_IW_GRDH_1SDV_20230708T094940_20230708T095005_049330_05EE9A_BD21
[done joint] All embeddings already exist in /share/castor/home/e2406749/tropical_forest_disturbance/embeddings/joint/fid_346/bef/20230719T142719_20230719T142939_T20LNR__S1A_IW_GRDH_1SDV_20230720T094940_20230720T095005_049505_05F3ED_61B1
[done joint] All embeddings already exist in /share/castor/home/e2406749/tropical_forest_disturbance/embeddings/joint/fid_346/bef/20230604T142721_20230604T142716_T20LNR__S1A_IW_GRDH_1SDV_20230602T094938_20230602T095003_048805_05DE8B_61F1
[done joint] All embeddings already exist in /share/castor/home/e2406749/tropical_forest_disturbance/embeddings/joint/fid_346/bef/20230624T142721_20230624T142715_T20LNR__S1A_IW_GRDH_1SDV_20230626T094939_20230626T095004_049155_05E932_87DB
[done joint] All embeddings already exist in /share/castor/home/e2406749/tropical_forest_disturbance/embeddings/joint/fid_346/bef/20230803T142721_20230803T143434_T20LNR__S1A_IW_GRDH_1SDV_20230801T094941_20230801T095006_049680_05F959_7E64
[done joint] All embeddings already exist in /share/castor/home/e2406749/tropical_forest_disturbance/embeddings/joint/fid_346/bef/20230823T142721_20230823T143116_T20LNR__S1A_IW_GRDH_1SDV_20230825T094943_20230825T095008_050030_0604F6_5B1D
[done joint] All embeddings already exist in /share/castor/home/e2406749/tropical_forest_disturbance/embeddings/joint/fid_346/bef/20230301T142709_20230301T142737_T20LNR__S1A_IW_GRDH_1SDV_20230226T094935_20230226T095000_047405_05B0D3_E8BA
[done joint] All embeddings already exist in /share/castor/home/e2406749/tropical_forest_disturbance/embeddings/joint/fid_346/bef/20230430T142719_20230430T142714_T20LNR__S1A_IW_GRDH_1SDV_20230427T094936_20230427T095001_048280_05CE51_C3AC
[done joint] All embeddings already exist in /share/castor/home/e2406749/tropical_forest_disturbance/embeddings/joint/fid_346/bef/20230609T142719_20230609T142938_T20LNR__S1A_IW_GRDH_1SDV_20230614T094938_20230614T095003_048980_05E3E7_B37E
[done joint] All embeddings already exist in /share/castor/home/e2406749/tropical_forest_disturbance/embeddings/joint/fid_346/bef/20230818T142719_20230818T143227_T20LNR__S1A_IW_GRDH_1SDV_20230813T094942_20230813T095007_049855_05FF04_F481
[done joint] All embeddings already exist in /share/castor/home/e2406749/tropical_forest_disturbance/embeddings/joint/fid_346/bef/20230515T142711_20230515T142713_T20LNR__S1A_IW_GRDH_1SDV_20230509T094937_20230509T095002_048455_05D42C_4A7D
[done joint] All embeddings already exist in /share/castor/home/e2406749/tropical_forest_disturbance/embeddings/joint/fid_346/aft/20231002T142711_20231002T143108_T20LNR__S1A_IW_GRDH_1SDV_20230930T094944_20230930T095009_050555_0616E4_8B83
[ok joint] fid=347 bef -> 2 new .npy in /share/castor/home/e2406749/tropical_forest_disturbance/embeddings/joint/fid_347/bef/20230214T142711_20230214T143425_T20LNR__S1A_IW_GRDH_1SDV_20230214T094935_20230214T095000_047230_05AAD4_443E
[ok joint] fid=347 bef -> 2 new .npy in /share/castor/home/e2406749/tropical_forest_disturbance/embeddings/joint/fid_347/bef/20230709T142719_20230709T142938_T20LNR__S1A_IW_GRDH_1SDV_20230708T094940_20230708T095005_049330_05EE9A_BD21
[ok joint] fid=347 bef -> 2 new .npy in /share/castor/home/e2406749/tropical_forest_disturbance/embeddings/joint/fid_347/bef/20230719T142719_20230719T142939_T20LNR__S1A_IW_GRDH_1SDV_20230720T094940_20230720T095005_049505_05F3ED_61B1
[ok joint] fid=347 bef -> 2 new .npy in /share/castor/home/e2406749/tropical_forest_disturbance/embeddings/joint/fid_347/bef/20230604T142721_20230604T142716_T20LNR__S1A_IW_GRDH_1SDV_20230602T094938_20230602T095003_048805_05DE8B_61F1
[ok joint] fid=347 bef -> 2 new .npy in /share/castor/home/e2406749/tropical_forest_disturbance/embeddings/joint/fid_347/bef/20230624T142721_20230624T142715_T20LNR__S1A_IW_GRDH_1SDV_20230626T094939_20230626T095004_049155_05E932_87DB
[ok joint] fid=347 bef -> 2 new .npy in /share/castor/home/e2406749/tropical_forest_disturbance/embeddings/joint/fid_347/bef/20230803T142721_20230803T143434_T20LNR__S1A_IW_GRDH_1SDV_20230801T094941_20230801T095006_049680_05F959_7E64
[ok joint] fid=347 bef -> 2 new .npy in /share/castor/home/e2406749/tropical_forest_disturbance/embeddings/joint/fid_347/bef/20230823T142721_20230823T143116_T20LNR__S1A_IW_GRDH_1SDV_20230825T094943_20230825T095008_050030_0604F6_5B1D
[ok joint] fid=347 bef -> 2 new .npy in /share/castor/home/e2406749/tropical_forest_disturbance/embeddings/joint/fid_347/bef/20230301T142709_20230301T142737_T20LNR__S1A_IW_GRDH_1SDV_20230226T094935_20230226T095000_047405_05B0D3_E8BA
[ok joint] fid=347 bef -> 2 new .npy in /share/castor/home/e2406749/tropical_forest_disturbance/embeddings/joint/fid_347/bef/20230430T142719_20230430T142714_T20LNR__S1A_IW_GRDH_1SDV_20230427T094936_20230427T095001_048280_05CE51_C3AC
[ok joint] fid=347 bef -> 2 new .npy in /share/castor/home/e2406749/tropical_forest_disturbance/embeddings/joint/fid_347/bef/20230609T142719_20230609T142938_T20LNR__S1A_IW_GRDH_1SDV_20230614T094938_20230614T095003_048980_05E3E7_B37E
[ok joint] fid=347 bef -> 2 new .npy in /share/castor/home/e2406749/tropical_forest_disturbance/embeddings/joint/fid_347/bef/20230818T142719_20230818T143227_T20LNR__S1A_IW_GRDH_1SDV_20230813T094942_20230813T095007_049855_05FF04_F481
[ok joint] fid=347 bef -> 2 new .npy in /share/castor/home/e2406749/tropical_forest_disturbance/embeddings/joint/fid_347/bef/20230515T142711_20230515T142713_T20LNR__S1A_IW_GRDH_1SDV_20230509T094937_20230509T095002_048455_05D42C_4A7D
[ok joint] fid=347 aft -> 2 new .npy in /share/castor/home/e2406749/tropical_forest_disturbance/embeddings/joint/fid_347/aft/20231002T142711_20231002T143108_T20LNR__S1A_IW_GRDH_1SDV_20230930T094944_20230930T095009_050555_0616E4_8B83
[done joint] All embeddings already exist in /share/castor/home/e2406749/tropical_forest_disturbance/embeddings/joint/fid_364/bef/20230214T142711_20230214T143425_T20LNR__S1A_IW_GRDH_1SDV_20230214T094935_20230214T095000_047230_05AAD4_443E
[done joint] All embeddings already exist in /share/castor/home/e2406749/tropical_forest_disturbance/embeddings/joint/fid_364/bef/20230520T142719_20230520T142902_T20LNR__S1A_IW_GRDH_1SDV_20230521T094937_20230521T095002_048630_05D957_8119
[done joint] All embeddings already exist in /share/castor/home/e2406749/tropical_forest_disturbance/embeddings/joint/fid_364/bef/20230709T142719_20230709T142938_T20LNR__S1A_IW_GRDH_1SDV_20230708T094940_20230708T095005_049330_05EE9A_BD21
[done joint] All embeddings already exist in /share/castor/home/e2406749/tropical_forest_disturbance/embeddings/joint/fid_364/bef/20230719T142719_20230719T142939_T20LNR__S1A_IW_GRDH_1SDV_20230720T094940_20230720T095005_049505_05F3ED_61B1
[done joint] All embeddings already exist in /share/castor/home/e2406749/tropical_forest_disturbance/embeddings/joint/fid_364/bef/20230604T142721_20230604T142716_T20LNR__S1A_IW_GRDH_1SDV_20230602T094938_20230602T095003_048805_05DE8B_61F1
[done joint] All embeddings already exist in /share/castor/home/e2406749/tropical_forest_disturbance/embeddings/joint/fid_364/bef/20230624T142721_20230624T142715_T20LNR__S1A_IW_GRDH_1SDV_20230626T094939_20230626T095004_049155_05E932_87DB
[done joint] All embeddings already exist in /share/castor/home/e2406749/tropical_forest_disturbance/embeddings/joint/fid_364/bef/20230823T142721_20230823T143116_T20LNR__S1A_IW_GRDH_1SDV_20230825T094943_20230825T095008_050030_0604F6_5B1D
[done joint] All embeddings already exist in /share/castor/home/e2406749/tropical_forest_disturbance/embeddings/joint/fid_364/bef/20230301T142709_20230301T142737_T20LNR__S1A_IW_GRDH_1SDV_20230226T094935_20230226T095000_047405_05B0D3_E8BA
[done joint] All embeddings already exist in /share/castor/home/e2406749/tropical_forest_disturbance/embeddings/joint/fid_364/bef/20230430T142719_20230430T142714_T20LNR__S1A_IW_GRDH_1SDV_20230427T094936_20230427T095001_048280_05CE51_C3AC
[done joint] All embeddings already exist in /share/castor/home/e2406749/tropical_forest_disturbance/embeddings/joint/fid_364/bef/20230729T142719_20230729T142718_T20LNR__S1A_IW_GRDH_1SDV_20230801T094941_20230801T095006_049680_05F959_7E64
[done joint] All embeddings already exist in /share/castor/home/e2406749/tropical_forest_disturbance/embeddings/joint/fid_364/bef/20230902T142721_20230902T143115_T20LNR__S1A_IW_GRDH_1SDV_20230906T094943_20230906T095008_050205_060AF4_E713
[done joint] All embeddings already exist in /share/castor/home/e2406749/tropical_forest_disturbance/embeddings/joint/fid_364/bef/20230609T142719_20230609T142938_T20LNR__S1A_IW_GRDH_1SDV_20230614T094938_20230614T095003_048980_05E3E7_B37E
[done joint] All embeddings already exist in /share/castor/home/e2406749/tropical_forest_disturbance/embeddings/joint/fid_364/bef/20230808T142719_20230808T143119_T20LNR__S1A_IW_GRDH_1SDV_20230813T094942_20230813T095007_049855_05FF04_F481
[done joint] All embeddings already exist in /share/castor/home/e2406749/tropical_forest_disturbance/embeddings/joint/fid_364/bef/20230115T142711_20230115T142817_T20LNR__S1A_IW_GRDH_1SDV_20230109T094936_20230109T095001_046705_05993A_763B
[done joint] All embeddings already exist in /share/castor/home/e2406749/tropical_forest_disturbance/embeddings/joint/fid_364/bef/20230515T142711_20230515T142713_T20LNR__S1A_IW_GRDH_1SDV_20230509T094937_20230509T095002_048455_05D42C_4A7D
[done joint] All embeddings already exist in /share/castor/home/e2406749/tropical_forest_disturbance/embeddings/joint/fid_364/aft/20231002T142711_20231002T143108_T20LNR__S1A_IW_GRDH_1SDV_20230930T094944_20230930T095009_050555_0616E4_8B83
[done joint] All embeddings already exist in /share/castor/home/e2406749/tropical_forest_disturbance/embeddings/joint/fid_364/aft/20231007T142709_20231007T142929_T20LNR__S1A_IW_GRDH_1SDV_20231012T094943_20231012T095008_050730_061CE6_B0FB
[ok joint] fid=362 bef -> 4 new .npy in /share/castor/home/e2406749/tropical_forest_disturbance/embeddings/joint/fid_362/bef/20230709T142719_20230709T142938_T20LNR__S1A_IW_GRDH_1SDV_20230708T094940_20230708T095005_049330_05EE9A_BD21
[ok joint] fid=362 bef -> 4 new .npy in /share/castor/home/e2406749/tropical_forest_disturbance/embeddings/joint/fid_362/bef/20230719T142719_20230719T142939_T20LNR__S1A_IW_GRDH_1SDV_20230720T094940_20230720T095005_049505_05F3ED_61B1
[ok joint] fid=362 bef -> 4 new .npy in /share/castor/home/e2406749/tropical_forest_disturbance/embeddings/joint/fid_362/bef/20230604T142721_20230604T142716_T20LNR__S1A_IW_GRDH_1SDV_20230602T094938_20230602T095003_048805_05DE8B_61F1
[ok joint] fid=362 bef -> 4 new .npy in /share/castor/home/e2406749/tropical_forest_disturbance/embeddings/joint/fid_362/bef/20230624T142721_20230624T142715_T20LNR__S1A_IW_GRDH_1SDV_20230626T094939_20230626T095004_049155_05E932_87DB
[ok joint] fid=362 bef -> 4 new .npy in /share/castor/home/e2406749/tropical_forest_disturbance/embeddings/joint/fid_362/bef/20230803T142721_20230803T143434_T20LNR__S1A_IW_GRDH_1SDV_20230801T094941_20230801T095006_049680_05F959_7E64
[ok joint] fid=362 bef -> 4 new .npy in /share/castor/home/e2406749/tropical_forest_disturbance/embeddings/joint/fid_362/bef/20230301T142709_20230301T142737_T20LNR__S1A_IW_GRDH_1SDV_20230226T094935_20230226T095000_047405_05B0D3_E8BA
[ok joint] fid=362 bef -> 4 new .npy in /share/castor/home/e2406749/tropical_forest_disturbance/embeddings/joint/fid_362/bef/20230430T142719_20230430T142714_T20LNR__S1A_IW_GRDH_1SDV_20230427T094936_20230427T095001_048280_05CE51_C3AC
[ok joint] fid=362 bef -> 4 new .npy in /share/castor/home/e2406749/tropical_forest_disturbance/embeddings/joint/fid_362/bef/20230828T142719_20230828T142716_T20LNR__S1A_IW_GRDH_1SDV_20230825T094943_20230825T095008_050030_0604F6_5B1D
[ok joint] fid=362 bef -> 4 new .npy in /share/castor/home/e2406749/tropical_forest_disturbance/embeddings/joint/fid_362/bef/20230609T142719_20230609T142938_T20LNR__S1A_IW_GRDH_1SDV_20230614T094938_20230614T095003_048980_05E3E7_B37E
[ok joint] fid=362 bef -> 4 new .npy in /share/castor/home/e2406749/tropical_forest_disturbance/embeddings/joint/fid_362/bef/20230818T142719_20230818T143227_T20LNR__S1A_IW_GRDH_1SDV_20230813T094942_20230813T095007_049855_05FF04_F481
[ok joint] fid=362 bef -> 4 new .npy in /share/castor/home/e2406749/tropical_forest_disturbance/embeddings/joint/fid_362/bef/20230515T142711_20230515T142713_T20LNR__S1A_IW_GRDH_1SDV_20230509T094937_20230509T095002_048455_05D42C_4A7D
[ok joint] fid=362 aft -> 4 new .npy in /share/castor/home/e2406749/tropical_forest_disturbance/embeddings/joint/fid_362/aft/20231012T142711_20231012T143437_T20LNR__S1A_IW_GRDH_1SDV_20231012T094943_20231012T095008_050730_061CE6_B0FB
[ok joint] fid=362 aft -> 4 new .npy in /share/castor/home/e2406749/tropical_forest_disturbance/embeddings/joint/fid_362/aft/20231002T142711_20231002T143108_T20LNR__S1A_IW_GRDH_1SDV_20230930T094944_20230930T095009_050555_0616E4_8B83
[ok joint] fid=368 bef -> 3 new .npy in /share/castor/home/e2406749/tropical_forest_disturbance/embeddings/joint/fid_368/bef/20230709T142719_20230709T142938_T20LNR__S1A_IW_GRDH_1SDV_20230708T094940_20230708T095005_049330_05EE9A_BD21
[ok joint] fid=368 bef -> 3 new .npy in /share/castor/home/e2406749/tropical_forest_disturbance/embeddings/joint/fid_368/bef/20230719T142719_20230719T142939_T20LNR__S1A_IW_GRDH_1SDV_20230720T094940_20230720T095005_049505_05F3ED_61B1
[ok joint] fid=368 bef -> 3 new .npy in /share/castor/home/e2406749/tropical_forest_disturbance/embeddings/joint/fid_368/bef/20230604T142721_20230604T142716_T20LNR__S1A_IW_GRDH_1SDV_20230602T094938_20230602T095003_048805_05DE8B_61F1
[ok joint] fid=368 bef -> 3 new .npy in /share/castor/home/e2406749/tropical_forest_disturbance/embeddings/joint/fid_368/bef/20230624T142721_20230624T142715_T20LNR__S1A_IW_GRDH_1SDV_20230626T094939_20230626T095004_049155_05E932_87DB
[ok joint] fid=368 bef -> 3 new .npy in /share/castor/home/e2406749/tropical_forest_disturbance/embeddings/joint/fid_368/bef/20230803T142721_20230803T143434_T20LNR__S1A_IW_GRDH_1SDV_20230801T094941_20230801T095006_049680_05F959_7E64
[ok joint] fid=368 bef -> 3 new .npy in /share/castor/home/e2406749/tropical_forest_disturbance/embeddings/joint/fid_368/bef/20230823T142721_20230823T143116_T20LNR__S1A_IW_GRDH_1SDV_20230825T094943_20230825T095008_050030_0604F6_5B1D
[ok joint] fid=368 bef -> 3 new .npy in /share/castor/home/e2406749/tropical_forest_disturbance/embeddings/joint/fid_368/bef/20230301T142709_20230301T142737_T20LNR__S1A_IW_GRDH_1SDV_20230226T094935_20230226T095000_047405_05B0D3_E8BA
[ok joint] fid=368 bef -> 3 new .npy in /share/castor/home/e2406749/tropical_forest_disturbance/embeddings/joint/fid_368/bef/20230430T142719_20230430T142714_T20LNR__S1A_IW_GRDH_1SDV_20230427T094936_20230427T095001_048280_05CE51_C3AC
[ok joint] fid=368 bef -> 3 new .npy in /share/castor/home/e2406749/tropical_forest_disturbance/embeddings/joint/fid_368/bef/20230609T142719_20230609T142938_T20LNR__S1A_IW_GRDH_1SDV_20230614T094938_20230614T095003_048980_05E3E7_B37E
[ok joint] fid=368 bef -> 3 new .npy in /share/castor/home/e2406749/tropical_forest_disturbance/embeddings/joint/fid_368/bef/20230808T142719_20230808T143119_T20LNR__S1A_IW_GRDH_1SDV_20230813T094942_20230813T095007_049855_05FF04_F481
[ok joint] fid=368 bef -> 3 new .npy in /share/castor/home/e2406749/tropical_forest_disturbance/embeddings/joint/fid_368/bef/20230515T142711_20230515T142713_T20LNR__S1A_IW_GRDH_1SDV_20230509T094937_20230509T095002_048455_05D42C_4A7D
[ok joint] fid=368 aft -> 3 new .npy in /share/castor/home/e2406749/tropical_forest_disturbance/embeddings/joint/fid_368/aft/20231012T142711_20231012T143437_T20LNR__S1A_IW_GRDH_1SDV_20231012T094943_20231012T095008_050730_061CE6_B0FB
[ok joint] fid=368 aft -> 3 new .npy in /share/castor/home/e2406749/tropical_forest_disturbance/embeddings/joint/fid_368/aft/20230927T142719_20230927T142849_T20LNR__S1A_IW_GRDH_1SDV_20230930T094944_20230930T095009_050555_0616E4_8B83
[done joint] All embeddings already exist in /share/castor/home/e2406749/tropical_forest_disturbance/embeddings/joint/fid_363/bef/20230214T142711_20230214T143425_T20LNR__S1A_IW_GRDH_1SDV_20230214T094935_20230214T095000_047230_05AAD4_443E
[done joint] All embeddings already exist in /share/castor/home/e2406749/tropical_forest_disturbance/embeddings/joint/fid_363/bef/20230520T142719_20230520T142902_T20LNR__S1A_IW_GRDH_1SDV_20230521T094937_20230521T095002_048630_05D957_8119
[done joint] All embeddings already exist in /share/castor/home/e2406749/tropical_forest_disturbance/embeddings/joint/fid_363/bef/20230709T142719_20230709T142938_T20LNR__S1A_IW_GRDH_1SDV_20230708T094940_20230708T095005_049330_05EE9A_BD21
[done joint] All embeddings already exist in /share/castor/home/e2406749/tropical_forest_disturbance/embeddings/joint/fid_363/bef/20230719T142719_20230719T142939_T20LNR__S1A_IW_GRDH_1SDV_20230720T094940_20230720T095005_049505_05F3ED_61B1
[done joint] All embeddings already exist in /share/castor/home/e2406749/tropical_forest_disturbance/embeddings/joint/fid_363/bef/20230604T142721_20230604T142716_T20LNR__S1A_IW_GRDH_1SDV_20230602T094938_20230602T095003_048805_05DE8B_61F1
[done joint] All embeddings already exist in /share/castor/home/e2406749/tropical_forest_disturbance/embeddings/joint/fid_363/bef/20230624T142721_20230624T142715_T20LNR__S1A_IW_GRDH_1SDV_20230626T094939_20230626T095004_049155_05E932_87DB
[done joint] All embeddings already exist in /share/castor/home/e2406749/tropical_forest_disturbance/embeddings/joint/fid_363/bef/20230823T142721_20230823T143116_T20LNR__S1A_IW_GRDH_1SDV_20230825T094943_20230825T095008_050030_0604F6_5B1D
[done joint] All embeddings already exist in /share/castor/home/e2406749/tropical_forest_disturbance/embeddings/joint/fid_363/bef/20230301T142709_20230301T142737_T20LNR__S1A_IW_GRDH_1SDV_20230226T094935_20230226T095000_047405_05B0D3_E8BA
[done joint] All embeddings already exist in /share/castor/home/e2406749/tropical_forest_disturbance/embeddings/joint/fid_363/bef/20230430T142719_20230430T142714_T20LNR__S1A_IW_GRDH_1SDV_20230427T094936_20230427T095001_048280_05CE51_C3AC
[done joint] All embeddings already exist in /share/castor/home/e2406749/tropical_forest_disturbance/embeddings/joint/fid_363/bef/20230729T142719_20230729T142718_T20LNR__S1A_IW_GRDH_1SDV_20230801T094941_20230801T095006_049680_05F959_7E64
[done joint] All embeddings already exist in /share/castor/home/e2406749/tropical_forest_disturbance/embeddings/joint/fid_363/bef/20230609T142719_20230609T142938_T20LNR__S1A_IW_GRDH_1SDV_20230614T094938_20230614T095003_048980_05E3E7_B37E
[done joint] All embeddings already exist in /share/castor/home/e2406749/tropical_forest_disturbance/embeddings/joint/fid_363/bef/20230808T142719_20230808T143119_T20LNR__S1A_IW_GRDH_1SDV_20230813T094942_20230813T095007_049855_05FF04_F481
[done joint] All embeddings already exist in /share/castor/home/e2406749/tropical_forest_disturbance/embeddings/joint/fid_363/bef/20230515T142711_20230515T142713_T20LNR__S1A_IW_GRDH_1SDV_20230509T094937_20230509T095002_048455_05D42C_4A7D
[done joint] All embeddings already exist in /share/castor/home/e2406749/tropical_forest_disturbance/embeddings/joint/fid_363/aft/20231002T142711_20231002T143108_T20LNR__S1A_IW_GRDH_1SDV_20230930T094944_20230930T095009_050555_0616E4_8B83
[done joint] All embeddings already exist in /share/castor/home/e2406749/tropical_forest_disturbance/embeddings/joint/fid_363/aft/20231007T142709_20231007T142929_T20LNR__S1A_IW_GRDH_1SDV_20231012T094943_20231012T095008_050730_061CE6_B0FB
[done joint] All embeddings already exist in /share/castor/home/e2406749/tropical_forest_disturbance/embeddings/joint/fid_101/bef/20230214T142711_20230214T143425_T20LNR__S1A_IW_GRDH_1SDV_20230214T094935_20230214T095000_047230_05AAD4_443E
[done joint] All embeddings already exist in /share/castor/home/e2406749/tropical_forest_disturbance/embeddings/joint/fid_101/bef/20230430T142719_20230430T142714_T20LNR__S1A_IW_GRDH_1SDV_20230427T094936_20230427T095001_048280_05CE51_C3AC
[done joint] All embeddings already exist in /share/castor/home/e2406749/tropical_forest_disturbance/embeddings/joint/fid_101/bef/20230115T142711_20230115T142817_T20LNR__S1A_IW_GRDH_1SDV_20230109T094936_20230109T095001_046705_05993A_763B
[done joint] All embeddings already exist in /share/castor/home/e2406749/tropical_forest_disturbance/embeddings/joint/fid_101/evt/20230515T142711_20230515T142713_T20LNR__S1A_IW_GRDH_1SDV_20230509T094937_20230509T095002_048455_05D42C_4A7D
[done joint] All embeddings already exist in /share/castor/home/e2406749/tropical_forest_disturbance/embeddings/joint/fid_101/aft/20230604T142721_20230604T142716_T20LNR__S1A_IW_GRDH_1SDV_20230602T094938_20230602T095003_048805_05DE8B_61F1
[ok joint] fid=102 bef -> 2 new .npy in /share/castor/home/e2406749/tropical_forest_disturbance/embeddings/joint/fid_102/bef/20230430T142719_20230430T142714_T20LNR__S1A_IW_GRDH_1SDV_20230427T094936_20230427T095001_048280_05CE51_C3AC
[ok joint] fid=102 evt -> 2 new .npy in /share/castor/home/e2406749/tropical_forest_disturbance/embeddings/joint/fid_102/evt/20230515T142711_20230515T142713_T20LNR__S1A_IW_GRDH_1SDV_20230509T094937_20230509T095002_048455_05D42C_4A7D
[ok joint] fid=102 aft -> 2 new .npy in /share/castor/home/e2406749/tropical_forest_disturbance/embeddings/joint/fid_102/aft/20230604T142721_20230604T142716_T20LNR__S1A_IW_GRDH_1SDV_20230602T094938_20230602T095003_048805_05DE8B_61F1
[ok joint] fid=229 bef -> 5 new .npy in /share/castor/home/e2406749/tropical_forest_disturbance/embeddings/joint/fid_229/bef/20230430T142719_20230430T142714_T20LNR__S1A_IW_GRDH_1SDV_20230427T094936_20230427T095001_048280_05CE51_C3AC
[ok joint] fid=229 evt -> 5 new .npy in /share/castor/home/e2406749/tropical_forest_disturbance/embeddings/joint/fid_229/evt/20230515T142711_20230515T142713_T20LNR__S1A_IW_GRDH_1SDV_20230509T094937_20230509T095002_048455_05D42C_4A7D
[ok joint] fid=229 aft -> 5 new .npy in /share/castor/home/e2406749/tropical_forest_disturbance/embeddings/joint/fid_229/aft/20230604T142721_20230604T142716_T20LNR__S1A_IW_GRDH_1SDV_20230602T094938_20230602T095003_048805_05DE8B_61F1
[ok joint] fid=285 bef -> 3 new .npy in /share/castor/home/e2406749/tropical_forest_disturbance/embeddings/joint/fid_285/bef/20230214T142711_20230214T143425_T20LNR__S1A_IW_GRDH_1SDV_20230214T094935_20230214T095000_047230_05AAD4_443E
[ok joint] fid=285 bef -> 3 new .npy in /share/castor/home/e2406749/tropical_forest_disturbance/embeddings/joint/fid_285/bef/20230430T142719_20230430T142714_T20LNR__S1A_IW_GRDH_1SDV_20230427T094936_20230427T095001_048280_05CE51_C3AC
[ok joint] fid=285 evt -> 3 new .npy in /share/castor/home/e2406749/tropical_forest_disturbance/embeddings/joint/fid_285/evt/20230515T142711_20230515T142713_T20LNR__S1A_IW_GRDH_1SDV_20230509T094937_20230509T095002_048455_05D42C_4A7D
[ok joint] fid=285 aft -> 3 new .npy in /share/castor/home/e2406749/tropical_forest_disturbance/embeddings/joint/fid_285/aft/20230604T142721_20230604T142716_T20LNR__S1A_IW_GRDH_1SDV_20230602T094938_20230602T095003_048805_05DE8B_61F1
[ok joint] fid=289 bef -> 5 new .npy in /share/castor/home/e2406749/tropical_forest_disturbance/embeddings/joint/fid_289/bef/20230420T142719_20230420T142714_T20LNR__S1A_IW_GRDH_1SDV_20230415T094911_20230415T094936_048105_05C876_50BE
[ok joint] fid=289 bef -> 5 new .npy in /share/castor/home/e2406749/tropical_forest_disturbance/embeddings/joint/fid_289/bef/20230515T142711_20230515T142713_T20LNR__S1A_IW_GRDH_1SDV_20230509T094912_20230509T094937_048455_05D42C_BB80
[ok joint] fid=289 aft -> 5 new .npy in /share/castor/home/e2406749/tropical_forest_disturbance/embeddings/joint/fid_289/aft/20230609T142719_20230609T142938_T20LNR__S1A_IW_GRDH_1SDV_20230614T094913_20230614T094938_048980_05E3E7_6485
[done joint] All embeddings already exist in /share/castor/home/e2406749/tropical_forest_disturbance/embeddings/joint/fid_112/bef/20230214T142711_20230214T143425_T20LNR__S1A_IW_GRDH_1SDV_20230214T094935_20230214T095000_047230_05AAD4_443E
[done joint] All embeddings already exist in /share/castor/home/e2406749/tropical_forest_disturbance/embeddings/joint/fid_112/bef/20230224T142711_20230224T143045_T20LNR__S1A_IW_GRDH_1SDV_20230226T094935_20230226T095000_047405_05B0D3_E8BA
[done joint] All embeddings already exist in /share/castor/home/e2406749/tropical_forest_disturbance/embeddings/joint/fid_112/bef/20230326T142711_20230326T142710_T20LNR__S1A_IW_GRDH_1SDV_20230322T094935_20230322T095000_047755_05BCAD_A5E4
[done joint] All embeddings already exist in /share/castor/home/e2406749/tropical_forest_disturbance/embeddings/joint/fid_112/bef/20230115T142711_20230115T142817_T20LNR__S1A_IW_GRDH_1SDV_20230109T094936_20230109T095001_046705_05993A_763B
[done joint] All embeddings already exist in /share/castor/home/e2406749/tropical_forest_disturbance/embeddings/joint/fid_112/bef/20230515T142711_20230515T142713_T20LNR__S1A_IW_GRDH_1SDV_20230509T094937_20230509T095002_048455_05D42C_4A7D
[done joint] All embeddings already exist in /share/castor/home/e2406749/tropical_forest_disturbance/embeddings/joint/fid_112/evt/20230604T142721_20230604T142716_T20LNR__S1A_IW_GRDH_1SDV_20230602T094938_20230602T095003_048805_05DE8B_61F1
[done joint] All embeddings already exist in /share/castor/home/e2406749/tropical_forest_disturbance/embeddings/joint/fid_112/aft/20230609T142719_20230609T142938_T20LNR__S1A_IW_GRDH_1SDV_20230614T094938_20230614T095003_048980_05E3E7_B37E
[ok joint] fid=294 bef -> 1 new .npy in /share/castor/home/e2406749/tropical_forest_disturbance/embeddings/joint/fid_294/bef/20230301T142709_20230301T142737_T20LNR__S1A_IW_GRDH_1SDV_20230226T094935_20230226T095000_047405_05B0D3_E8BA
[ok joint] fid=294 bef -> 1 new .npy in /share/castor/home/e2406749/tropical_forest_disturbance/embeddings/joint/fid_294/bef/20230326T142711_20230326T142710_T20LNR__S1A_IW_GRDH_1SDV_20230322T094935_20230322T095000_047755_05BCAD_A5E4
[ok joint] fid=294 bef -> 1 new .npy in /share/castor/home/e2406749/tropical_forest_disturbance/embeddings/joint/fid_294/bef/20230515T142711_20230515T142713_T20LNR__S1A_IW_GRDH_1SDV_20230509T094937_20230509T095002_048455_05D42C_4A7D
[ok joint] fid=294 evt -> 1 new .npy in /share/castor/home/e2406749/tropical_forest_disturbance/embeddings/joint/fid_294/evt/20230604T142721_20230604T142716_T20LNR__S1A_IW_GRDH_1SDV_20230602T094938_20230602T095003_048805_05DE8B_61F1
[ok joint] fid=294 aft -> 1 new .npy in /share/castor/home/e2406749/tropical_forest_disturbance/embeddings/joint/fid_294/aft/20230609T142719_20230609T142938_T20LNR__S1A_IW_GRDH_1SDV_20230614T094938_20230614T095003_048980_05E3E7_B37E
[ok joint] fid=176 bef -> 2 new .npy in /share/castor/home/e2406749/tropical_forest_disturbance/embeddings/joint/fid_176/bef/20230420T142719_20230420T142714_T20LNR__S1A_IW_GRDH_1SDV_20230415T094911_20230415T094936_048105_05C876_50BE
[ok joint] fid=176 bef -> 2 new .npy in /share/castor/home/e2406749/tropical_forest_disturbance/embeddings/joint/fid_176/bef/20230515T142711_20230515T142713_T20LNR__S1A_IW_GRDH_1SDV_20230509T094912_20230509T094937_048455_05D42C_BB80
[ok joint] fid=176 evt -> 2 new .npy in /share/castor/home/e2406749/tropical_forest_disturbance/embeddings/joint/fid_176/evt/20230604T142721_20230604T142716_T20LNR__S1A_IW_GRDH_1SDV_20230602T094913_20230602T094938_048805_05DE8B_7193
[ok joint] fid=176 aft -> 2 new .npy in /share/castor/home/e2406749/tropical_forest_disturbance/embeddings/joint/fid_176/aft/20230609T142719_20230609T142938_T20LNR__S1A_IW_GRDH_1SDV_20230614T094913_20230614T094938_048980_05E3E7_6485
[ok joint] fid=300 bef -> 4 new .npy in /share/castor/home/e2406749/tropical_forest_disturbance/embeddings/joint/fid_300/bef/20230214T142711_20230214T143425_T20LNR__S1A_IW_GRDH_1SDV_20230214T094910_20230214T094935_047230_05AAD4_E27D
[ok joint] fid=300 bef -> 4 new .npy in /share/castor/home/e2406749/tropical_forest_disturbance/embeddings/joint/fid_300/bef/20230604T142721_20230604T142716_T20LNR__S1A_IW_GRDH_1SDV_20230602T094913_20230602T094938_048805_05DE8B_7193
[ok joint] fid=300 bef -> 4 new .npy in /share/castor/home/e2406749/tropical_forest_disturbance/embeddings/joint/fid_300/bef/20230430T142719_20230430T142714_T20LNR__S1A_IW_GRDH_1SDV_20230427T094911_20230427T094936_048280_05CE51_9F1D
[ok joint] fid=300 bef -> 4 new .npy in /share/castor/home/e2406749/tropical_forest_disturbance/embeddings/joint/fid_300/bef/20230326T142711_20230326T142710_T20LNR__S1A_IW_GRDH_1SDV_20230322T094910_20230322T094935_047755_05BCAD_F524
[ok joint] fid=300 bef -> 4 new .npy in /share/castor/home/e2406749/tropical_forest_disturbance/embeddings/joint/fid_300/bef/20230525T142721_20230525T142853_T20LNR__S1A_IW_GRDH_1SDV_20230521T094912_20230521T094937_048630_05D957_8539
[ok joint] fid=300 bef -> 4 new .npy in /share/castor/home/e2406749/tropical_forest_disturbance/embeddings/joint/fid_300/bef/20230420T142719_20230420T142714_T20LNR__S1A_IW_GRDH_1SDV_20230415T094911_20230415T094936_048105_05C876_50BE
[ok joint] fid=300 bef -> 4 new .npy in /share/castor/home/e2406749/tropical_forest_disturbance/embeddings/joint/fid_300/bef/20230515T142711_20230515T142713_T20LNR__S1A_IW_GRDH_1SDV_20230509T094912_20230509T094937_048455_05D42C_BB80
[ok joint] fid=300 evt -> 4 new .npy in /share/castor/home/e2406749/tropical_forest_disturbance/embeddings/joint/fid_300/evt/20230624T142721_20230624T142715_T20LNR__S1A_IW_GRDH_1SDV_20230626T094914_20230626T094939_049155_05E932_8E24
[ok joint] fid=300 evt -> 4 new .npy in /share/castor/home/e2406749/tropical_forest_disturbance/embeddings/joint/fid_300/evt/20230619T142719_20230619T142934_T20LNR__S1A_IW_GRDH_1SDV_20230614T094913_20230614T094938_048980_05E3E7_6485
[ok joint] fid=300 aft -> 4 new .npy in /share/castor/home/e2406749/tropical_forest_disturbance/embeddings/joint/fid_300/aft/20230709T142719_20230709T142938_T20LNR__S1A_IW_GRDH_1SDV_20230708T094915_20230708T094940_049330_05EE9A_201B
[ok joint] fid=305 bef -> 5 new .npy in /share/castor/home/e2406749/tropical_forest_disturbance/embeddings/joint/fid_305/bef/20230604T142721_20230604T142716_T20LNR__S1A_IW_GRDH_1SDV_20230602T094938_20230602T095003_048805_05DE8B_61F1
[ok joint] fid=305 bef -> 5 new .npy in /share/castor/home/e2406749/tropical_forest_disturbance/embeddings/joint/fid_305/bef/20230301T142709_20230301T142737_T20LNR__S1A_IW_GRDH_1SDV_20230226T094935_20230226T095000_047405_05B0D3_E8BA
[ok joint] fid=305 bef -> 5 new .npy in /share/castor/home/e2406749/tropical_forest_disturbance/embeddings/joint/fid_305/bef/20230430T142719_20230430T142714_T20LNR__S1A_IW_GRDH_1SDV_20230427T094936_20230427T095001_048280_05CE51_C3AC
[ok joint] fid=305 bef -> 5 new .npy in /share/castor/home/e2406749/tropical_forest_disturbance/embeddings/joint/fid_305/bef/20230609T142719_20230609T142938_T20LNR__S1A_IW_GRDH_1SDV_20230614T094938_20230614T095003_048980_05E3E7_B37E
[ok joint] fid=305 bef -> 5 new .npy in /share/castor/home/e2406749/tropical_forest_disturbance/embeddings/joint/fid_305/bef/20230515T142711_20230515T142713_T20LNR__S1A_IW_GRDH_1SDV_20230509T094937_20230509T095002_048455_05D42C_4A7D
[ok joint] fid=305 evt -> 5 new .npy in /share/castor/home/e2406749/tropical_forest_disturbance/embeddings/joint/fid_305/evt/20230624T142721_20230624T142715_T20LNR__S1A_IW_GRDH_1SDV_20230626T094939_20230626T095004_049155_05E932_87DB
[ok joint] fid=305 aft -> 5 new .npy in /share/castor/home/e2406749/tropical_forest_disturbance/embeddings/joint/fid_305/aft/20230709T142719_20230709T142938_T20LNR__S1A_IW_GRDH_1SDV_20230708T094940_20230708T095005_049330_05EE9A_BD21
[ok joint] fid=305 aft -> 5 new .npy in /share/castor/home/e2406749/tropical_forest_disturbance/embeddings/joint/fid_305/aft/20230719T142719_20230719T142939_T20LNR__S1A_IW_GRDH_1SDV_20230720T094940_20230720T095005_049505_05F3ED_61B1
[ok joint] fid=121 bef -> 2 new .npy in /share/castor/home/e2406749/tropical_forest_disturbance/embeddings/joint/fid_121/bef/20230604T142721_20230604T142716_T20LNR__S1A_IW_GRDH_1SDV_20230602T094913_20230602T094938_048805_05DE8B_7193
[ok joint] fid=121 bef -> 2 new .npy in /share/castor/home/e2406749/tropical_forest_disturbance/embeddings/joint/fid_121/bef/20230420T142719_20230420T142714_T20LNR__S1A_IW_GRDH_1SDV_20230415T094911_20230415T094936_048105_05C876_50BE
[ok joint] fid=121 bef -> 2 new .npy in /share/castor/home/e2406749/tropical_forest_disturbance/embeddings/joint/fid_121/bef/20230609T142719_20230609T142938_T20LNR__S1A_IW_GRDH_1SDV_20230614T094913_20230614T094938_048980_05E3E7_6485
[ok joint] fid=121 bef -> 2 new .npy in /share/castor/home/e2406749/tropical_forest_disturbance/embeddings/joint/fid_121/bef/20230515T142711_20230515T142713_T20LNR__S1A_IW_GRDH_1SDV_20230509T094912_20230509T094937_048455_05D42C_BB80
[ok joint] fid=121 evt -> 2 new .npy in /share/castor/home/e2406749/tropical_forest_disturbance/embeddings/joint/fid_121/evt/20230624T142721_20230624T142715_T20LNR__S1A_IW_GRDH_1SDV_20230626T094914_20230626T094939_049155_05E932_8E24
[ok joint] fid=121 aft -> 2 new .npy in /share/castor/home/e2406749/tropical_forest_disturbance/embeddings/joint/fid_121/aft/20230709T142719_20230709T142938_T20LNR__S1A_IW_GRDH_1SDV_20230708T094915_20230708T094940_049330_05EE9A_201B
[ok joint] fid=121 aft -> 2 new .npy in /share/castor/home/e2406749/tropical_forest_disturbance/embeddings/joint/fid_121/aft/20230719T142719_20230719T142939_T20LNR__S1A_IW_GRDH_1SDV_20230720T094915_20230720T094940_049505_05F3ED_2372
[ok joint] fid=187 bef -> 4 new .npy in /share/castor/home/e2406749/tropical_forest_disturbance/embeddings/joint/fid_187/bef/20230326T142711_20230326T142710_T20LNR__S1A_IW_GRDH_1SDV_20230322T094910_20230322T094935_047755_05BCAD_F524
[ok joint] fid=187 bef -> 4 new .npy in /share/castor/home/e2406749/tropical_forest_disturbance/embeddings/joint/fid_187/bef/20230420T142719_20230420T142714_T20LNR__S1A_IW_GRDH_1SDV_20230415T094911_20230415T094936_048105_05C876_50BE
[ok joint] fid=187 bef -> 4 new .npy in /share/castor/home/e2406749/tropical_forest_disturbance/embeddings/joint/fid_187/bef/20230609T142719_20230609T142938_T20LNR__S1A_IW_GRDH_1SDV_20230614T094913_20230614T094938_048980_05E3E7_6485
[ok joint] fid=187 bef -> 4 new .npy in /share/castor/home/e2406749/tropical_forest_disturbance/embeddings/joint/fid_187/bef/20230515T142711_20230515T142713_T20LNR__S1A_IW_GRDH_1SDV_20230509T094912_20230509T094937_048455_05D42C_BB80
[ok joint] fid=187 evt -> 4 new .npy in /share/castor/home/e2406749/tropical_forest_disturbance/embeddings/joint/fid_187/evt/20230624T142721_20230624T142715_T20LNR__S1A_IW_GRDH_1SDV_20230626T094914_20230626T094939_049155_05E932_8E24
[ok joint] fid=187 aft -> 4 new .npy in /share/castor/home/e2406749/tropical_forest_disturbance/embeddings/joint/fid_187/aft/20230709T142719_20230709T142938_T20LNR__S1A_IW_GRDH_1SDV_20230708T094915_20230708T094940_049330_05EE9A_201B
[ok joint] fid=187 aft -> 4 new .npy in /share/castor/home/e2406749/tropical_forest_disturbance/embeddings/joint/fid_187/aft/20230719T142719_20230719T142939_T20LNR__S1A_IW_GRDH_1SDV_20230720T094915_20230720T094940_049505_05F3ED_2372
[ok joint] fid=250 bef -> 2 new .npy in /share/castor/home/e2406749/tropical_forest_disturbance/embeddings/joint/fid_250/bef/20230604T142721_20230604T142716_T20LNR__S1A_IW_GRDH_1SDV_20230602T094913_20230602T094938_048805_05DE8B_7193
[ok joint] fid=250 bef -> 2 new .npy in /share/castor/home/e2406749/tropical_forest_disturbance/embeddings/joint/fid_250/bef/20230326T142711_20230326T142710_T20LNR__S1A_IW_GRDH_1SDV_20230322T094910_20230322T094935_047755_05BCAD_F524
[ok joint] fid=250 bef -> 2 new .npy in /share/castor/home/e2406749/tropical_forest_disturbance/embeddings/joint/fid_250/bef/20230420T142719_20230420T142714_T20LNR__S1A_IW_GRDH_1SDV_20230415T094911_20230415T094936_048105_05C876_50BE
[ok joint] fid=250 bef -> 2 new .npy in /share/castor/home/e2406749/tropical_forest_disturbance/embeddings/joint/fid_250/bef/20230609T142719_20230609T142938_T20LNR__S1A_IW_GRDH_1SDV_20230614T094913_20230614T094938_048980_05E3E7_6485
[ok joint] fid=250 bef -> 2 new .npy in /share/castor/home/e2406749/tropical_forest_disturbance/embeddings/joint/fid_250/bef/20230515T142711_20230515T142713_T20LNR__S1A_IW_GRDH_1SDV_20230509T094912_20230509T094937_048455_05D42C_BB80
[ok joint] fid=250 evt -> 2 new .npy in /share/castor/home/e2406749/tropical_forest_disturbance/embeddings/joint/fid_250/evt/20230624T142721_20230624T142715_T20LNR__S1A_IW_GRDH_1SDV_20230626T094914_20230626T094939_049155_05E932_8E24
[ok joint] fid=250 aft -> 2 new .npy in /share/castor/home/e2406749/tropical_forest_disturbance/embeddings/joint/fid_250/aft/20230709T142719_20230709T142938_T20LNR__S1A_IW_GRDH_1SDV_20230708T094915_20230708T094940_049330_05EE9A_201B
[ok joint] fid=250 aft -> 2 new .npy in /share/castor/home/e2406749/tropical_forest_disturbance/embeddings/joint/fid_250/aft/20230719T142719_20230719T142939_T20LNR__S1A_IW_GRDH_1SDV_20230720T094915_20230720T094940_049505_05F3ED_2372
[ok joint] fid=251 bef -> 2 new .npy in /share/castor/home/e2406749/tropical_forest_disturbance/embeddings/joint/fid_251/bef/20230420T142719_20230420T142714_T20LNR__S1A_IW_GRDH_1SDV_20230415T094911_20230415T094936_048105_05C876_50BE
[ok joint] fid=251 bef -> 2 new .npy in /share/castor/home/e2406749/tropical_forest_disturbance/embeddings/joint/fid_251/bef/20230609T142719_20230609T142938_T20LNR__S1A_IW_GRDH_1SDV_20230614T094913_20230614T094938_048980_05E3E7_6485
[ok joint] fid=251 bef -> 2 new .npy in /share/castor/home/e2406749/tropical_forest_disturbance/embeddings/joint/fid_251/bef/20230515T142711_20230515T142713_T20LNR__S1A_IW_GRDH_1SDV_20230509T094912_20230509T094937_048455_05D42C_BB80
[ok joint] fid=251 evt -> 2 new .npy in /share/castor/home/e2406749/tropical_forest_disturbance/embeddings/joint/fid_251/evt/20230624T142721_20230624T142715_T20LNR__S1A_IW_GRDH_1SDV_20230626T094914_20230626T094939_049155_05E932_8E24
[ok joint] fid=251 aft -> 2 new .npy in /share/castor/home/e2406749/tropical_forest_disturbance/embeddings/joint/fid_251/aft/20230709T142719_20230709T142938_T20LNR__S1A_IW_GRDH_1SDV_20230708T094915_20230708T094940_049330_05EE9A_201B
[ok joint] fid=251 aft -> 2 new .npy in /share/castor/home/e2406749/tropical_forest_disturbance/embeddings/joint/fid_251/aft/20230719T142719_20230719T142939_T20LNR__S1A_IW_GRDH_1SDV_20230720T094915_20230720T094940_049505_05F3ED_2372
[ok joint] fid=304 bef -> 1 new .npy in /share/castor/home/e2406749/tropical_forest_disturbance/embeddings/joint/fid_304/bef/20230520T142719_20230520T142902_T20LNR__S1A_IW_GRDH_1SDV_20230521T094912_20230521T094937_048630_05D957_8539
[ok joint] fid=304 bef -> 1 new .npy in /share/castor/home/e2406749/tropical_forest_disturbance/embeddings/joint/fid_304/bef/20230604T142721_20230604T142716_T20LNR__S1A_IW_GRDH_1SDV_20230602T094913_20230602T094938_048805_05DE8B_7193
[ok joint] fid=304 bef -> 1 new .npy in /share/castor/home/e2406749/tropical_forest_disturbance/embeddings/joint/fid_304/bef/20230609T142719_20230609T142938_T20LNR__S1A_IW_GRDH_1SDV_20230614T094913_20230614T094938_048980_05E3E7_6485
[ok joint] fid=304 bef -> 1 new .npy in /share/castor/home/e2406749/tropical_forest_disturbance/embeddings/joint/fid_304/bef/20230515T142711_20230515T142713_T20LNR__S1A_IW_GRDH_1SDV_20230509T094912_20230509T094937_048455_05D42C_BB80
[ok joint] fid=304 evt -> 1 new .npy in /share/castor/home/e2406749/tropical_forest_disturbance/embeddings/joint/fid_304/evt/20230624T142721_20230624T142715_T20LNR__S1A_IW_GRDH_1SDV_20230626T094914_20230626T094939_049155_05E932_8E24
[ok joint] fid=304 aft -> 1 new .npy in /share/castor/home/e2406749/tropical_forest_disturbance/embeddings/joint/fid_304/aft/20230709T142719_20230709T142938_T20LNR__S1A_IW_GRDH_1SDV_20230708T094915_20230708T094940_049330_05EE9A_201B
[ok joint] fid=304 aft -> 1 new .npy in /share/castor/home/e2406749/tropical_forest_disturbance/embeddings/joint/fid_304/aft/20230714T142721_20230714T142941_T20LNR__S1A_IW_GRDH_1SDV_20230720T094915_20230720T094940_049505_05F3ED_2372
[ok joint] fid=307 bef -> 3 new .npy in /share/castor/home/e2406749/tropical_forest_disturbance/embeddings/joint/fid_307/bef/20230609T142719_20230609T142938_T20LNR__S1A_IW_GRDH_1SDV_20230614T094913_20230614T094938_048980_05E3E7_6485
[ok joint] fid=307 bef -> 3 new .npy in /share/castor/home/e2406749/tropical_forest_disturbance/embeddings/joint/fid_307/bef/20230515T142711_20230515T142713_T20LNR__S1A_IW_GRDH_1SDV_20230509T094912_20230509T094937_048455_05D42C_BB80
[ok joint] fid=307 evt -> 3 new .npy in /share/castor/home/e2406749/tropical_forest_disturbance/embeddings/joint/fid_307/evt/20230624T142721_20230624T142715_T20LNR__S1A_IW_GRDH_1SDV_20230626T094914_20230626T094939_049155_05E932_8E24
[ok joint] fid=307 aft -> 3 new .npy in /share/castor/home/e2406749/tropical_forest_disturbance/embeddings/joint/fid_307/aft/20230709T142719_20230709T142938_T20LNR__S1A_IW_GRDH_1SDV_20230708T094915_20230708T094940_049330_05EE9A_201B
[ok joint] fid=307 aft -> 3 new .npy in /share/castor/home/e2406749/tropical_forest_disturbance/embeddings/joint/fid_307/aft/20230719T142719_20230719T142939_T20LNR__S1A_IW_GRDH_1SDV_20230720T094915_20230720T094940_049505_05F3ED_2372
[ok joint] fid=188 bef -> 1 new .npy in /share/castor/home/e2406749/tropical_forest_disturbance/embeddings/joint/fid_188/bef/20230214T142711_20230214T143425_T20LNR__S1A_IW_GRDH_1SDV_20230214T094910_20230214T094935_047230_05AAD4_E27D
[ok joint] fid=188 bef -> 1 new .npy in /share/castor/home/e2406749/tropical_forest_disturbance/embeddings/joint/fid_188/bef/20230604T142721_20230604T142716_T20LNR__S1A_IW_GRDH_1SDV_20230602T094913_20230602T094938_048805_05DE8B_7193
[ok joint] fid=188 bef -> 1 new .npy in /share/castor/home/e2406749/tropical_forest_disturbance/embeddings/joint/fid_188/bef/20230430T142719_20230430T142714_T20LNR__S1A_IW_GRDH_1SDV_20230427T094911_20230427T094936_048280_05CE51_9F1D
[ok joint] fid=188 bef -> 1 new .npy in /share/castor/home/e2406749/tropical_forest_disturbance/embeddings/joint/fid_188/bef/20230326T142711_20230326T142710_T20LNR__S1A_IW_GRDH_1SDV_20230322T094910_20230322T094935_047755_05BCAD_F524
[ok joint] fid=188 bef -> 1 new .npy in /share/castor/home/e2406749/tropical_forest_disturbance/embeddings/joint/fid_188/bef/20230525T142721_20230525T142853_T20LNR__S1A_IW_GRDH_1SDV_20230521T094912_20230521T094937_048630_05D957_8539
[ok joint] fid=188 bef -> 1 new .npy in /share/castor/home/e2406749/tropical_forest_disturbance/embeddings/joint/fid_188/bef/20230609T142719_20230609T142938_T20LNR__S1A_IW_GRDH_1SDV_20230614T094913_20230614T094938_048980_05E3E7_6485
[ok joint] fid=188 bef -> 1 new .npy in /share/castor/home/e2406749/tropical_forest_disturbance/embeddings/joint/fid_188/bef/20230515T142711_20230515T142713_T20LNR__S1A_IW_GRDH_1SDV_20230509T094912_20230509T094937_048455_05D42C_BB80
[ok joint] fid=188 evt -> 1 new .npy in /share/castor/home/e2406749/tropical_forest_disturbance/embeddings/joint/fid_188/evt/20230624T142721_20230624T142715_T20LNR__S1A_IW_GRDH_1SDV_20230626T094914_20230626T094939_049155_05E932_8E24
[ok joint] fid=188 aft -> 1 new .npy in /share/castor/home/e2406749/tropical_forest_disturbance/embeddings/joint/fid_188/aft/20230709T142719_20230709T142938_T20LNR__S1A_IW_GRDH_1SDV_20230708T094915_20230708T094940_049330_05EE9A_201B
[ok joint] fid=188 aft -> 1 new .npy in /share/castor/home/e2406749/tropical_forest_disturbance/embeddings/joint/fid_188/aft/20230719T142719_20230719T142939_T20LNR__S1A_IW_GRDH_1SDV_20230720T094915_20230720T094940_049505_05F3ED_2372
[ok joint] fid=192 bef -> 1 new .npy in /share/castor/home/e2406749/tropical_forest_disturbance/embeddings/joint/fid_192/bef/20230214T142711_20230214T143425_T20LNR__S1A_IW_GRDH_1SDV_20230214T094910_20230214T094935_047230_05AAD4_E27D
[ok joint] fid=192 bef -> 1 new .npy in /share/castor/home/e2406749/tropical_forest_disturbance/embeddings/joint/fid_192/bef/20230525T142721_20230525T142853_T20LNR__S1A_IW_GRDH_1SDV_20230521T094912_20230521T094937_048630_05D957_8539
[ok joint] fid=192 bef -> 1 new .npy in /share/castor/home/e2406749/tropical_forest_disturbance/embeddings/joint/fid_192/bef/20230420T142719_20230420T142714_T20LNR__S1A_IW_GRDH_1SDV_20230415T094911_20230415T094936_048105_05C876_50BE
[ok joint] fid=192 bef -> 1 new .npy in /share/castor/home/e2406749/tropical_forest_disturbance/embeddings/joint/fid_192/bef/20230609T142719_20230609T142938_T20LNR__S1A_IW_GRDH_1SDV_20230614T094913_20230614T094938_048980_05E3E7_6485
[ok joint] fid=192 bef -> 1 new .npy in /share/castor/home/e2406749/tropical_forest_disturbance/embeddings/joint/fid_192/bef/20230515T142711_20230515T142713_T20LNR__S1A_IW_GRDH_1SDV_20230509T094912_20230509T094937_048455_05D42C_BB80
[ok joint] fid=192 evt -> 1 new .npy in /share/castor/home/e2406749/tropical_forest_disturbance/embeddings/joint/fid_192/evt/20230624T142721_20230624T142715_T20LNR__S1A_IW_GRDH_1SDV_20230626T094914_20230626T094939_049155_05E932_8E24
[ok joint] fid=192 aft -> 1 new .npy in /share/castor/home/e2406749/tropical_forest_disturbance/embeddings/joint/fid_192/aft/20230709T142719_20230709T142938_T20LNR__S1A_IW_GRDH_1SDV_20230708T094915_20230708T094940_049330_05EE9A_201B
[ok joint] fid=192 aft -> 1 new .npy in /share/castor/home/e2406749/tropical_forest_disturbance/embeddings/joint/fid_192/aft/20230719T142719_20230719T142939_T20LNR__S1A_IW_GRDH_1SDV_20230720T094915_20230720T094940_049505_05F3ED_2372
[ok joint] fid=253 bef -> 4 new .npy in /share/castor/home/e2406749/tropical_forest_disturbance/embeddings/joint/fid_253/bef/20230214T142711_20230214T143425_T20LNR__S1A_IW_GRDH_1SDV_20230214T094935_20230214T095000_047230_05AAD4_443E
[ok joint] fid=253 bef -> 4 new .npy in /share/castor/home/e2406749/tropical_forest_disturbance/embeddings/joint/fid_253/bef/20230224T142711_20230224T143045_T20LNR__S1A_IW_GRDH_1SDV_20230226T094935_20230226T095000_047405_05B0D3_E8BA
[ok joint] fid=253 bef -> 4 new .npy in /share/castor/home/e2406749/tropical_forest_disturbance/embeddings/joint/fid_253/bef/20230604T142721_20230604T142716_T20LNR__S1A_IW_GRDH_1SDV_20230602T094938_20230602T095003_048805_05DE8B_61F1
[ok joint] fid=253 bef -> 4 new .npy in /share/castor/home/e2406749/tropical_forest_disturbance/embeddings/joint/fid_253/bef/20230624T142721_20230624T142715_T20LNR__S1A_IW_GRDH_1SDV_20230626T094939_20230626T095004_049155_05E932_87DB
[ok joint] fid=253 bef -> 4 new .npy in /share/castor/home/e2406749/tropical_forest_disturbance/embeddings/joint/fid_253/bef/20230430T142719_20230430T142714_T20LNR__S1A_IW_GRDH_1SDV_20230427T094936_20230427T095001_048280_05CE51_C3AC
[ok joint] fid=253 bef -> 4 new .npy in /share/castor/home/e2406749/tropical_forest_disturbance/embeddings/joint/fid_253/bef/20230326T142711_20230326T142710_T20LNR__S1A_IW_GRDH_1SDV_20230322T094935_20230322T095000_047755_05BCAD_A5E4
[ok joint] fid=253 bef -> 4 new .npy in /share/castor/home/e2406749/tropical_forest_disturbance/embeddings/joint/fid_253/bef/20230609T142719_20230609T142938_T20LNR__S1A_IW_GRDH_1SDV_20230614T094938_20230614T095003_048980_05E3E7_B37E
[ok joint] fid=253 bef -> 4 new .npy in /share/castor/home/e2406749/tropical_forest_disturbance/embeddings/joint/fid_253/bef/20230115T142711_20230115T142817_T20LNR__S1A_IW_GRDH_1SDV_20230109T094936_20230109T095001_046705_05993A_763B
[ok joint] fid=253 bef -> 4 new .npy in /share/castor/home/e2406749/tropical_forest_disturbance/embeddings/joint/fid_253/bef/20230515T142711_20230515T142713_T20LNR__S1A_IW_GRDH_1SDV_20230509T094937_20230509T095002_048455_05D42C_4A7D
[ok joint] fid=253 evt -> 4 new .npy in /share/castor/home/e2406749/tropical_forest_disturbance/embeddings/joint/fid_253/evt/20230709T142719_20230709T142938_T20LNR__S1A_IW_GRDH_1SDV_20230708T094940_20230708T095005_049330_05EE9A_BD21
[ok joint] fid=253 aft -> 4 new .npy in /share/castor/home/e2406749/tropical_forest_disturbance/embeddings/joint/fid_253/aft/20230719T142719_20230719T142939_T20LNR__S1A_IW_GRDH_1SDV_20230720T094940_20230720T095005_049505_05F3ED_61B1
[ok joint] fid=253 aft -> 4 new .npy in /share/castor/home/e2406749/tropical_forest_disturbance/embeddings/joint/fid_253/aft/20230729T142719_20230729T142718_T20LNR__S1A_IW_GRDH_1SDV_20230801T094941_20230801T095006_049680_05F959_7E64
[ok joint] fid=124 bef -> 2 new .npy in /share/castor/home/e2406749/tropical_forest_disturbance/embeddings/joint/fid_124/bef/20230214T142711_20230214T143425_T20LNR__S1A_IW_GRDH_1SDV_20230214T094935_20230214T095000_047230_05AAD4_443E
[ok joint] fid=124 bef -> 2 new .npy in /share/castor/home/e2406749/tropical_forest_disturbance/embeddings/joint/fid_124/bef/20230520T142719_20230520T142902_T20LNR__S1A_IW_GRDH_1SDV_20230521T094937_20230521T095002_048630_05D957_8119
[ok joint] fid=124 bef -> 2 new .npy in /share/castor/home/e2406749/tropical_forest_disturbance/embeddings/joint/fid_124/bef/20230604T142721_20230604T142716_T20LNR__S1A_IW_GRDH_1SDV_20230602T094938_20230602T095003_048805_05DE8B_61F1
[ok joint] fid=124 bef -> 2 new .npy in /share/castor/home/e2406749/tropical_forest_disturbance/embeddings/joint/fid_124/bef/20230624T142721_20230624T142715_T20LNR__S1A_IW_GRDH_1SDV_20230626T094939_20230626T095004_049155_05E932_87DB
[ok joint] fid=124 bef -> 2 new .npy in /share/castor/home/e2406749/tropical_forest_disturbance/embeddings/joint/fid_124/bef/20230301T142709_20230301T142737_T20LNR__S1A_IW_GRDH_1SDV_20230226T094935_20230226T095000_047405_05B0D3_E8BA
[ok joint] fid=124 bef -> 2 new .npy in /share/castor/home/e2406749/tropical_forest_disturbance/embeddings/joint/fid_124/bef/20230430T142719_20230430T142714_T20LNR__S1A_IW_GRDH_1SDV_20230427T094936_20230427T095001_048280_05CE51_C3AC
[ok joint] fid=124 bef -> 2 new .npy in /share/castor/home/e2406749/tropical_forest_disturbance/embeddings/joint/fid_124/bef/20230326T142711_20230326T142710_T20LNR__S1A_IW_GRDH_1SDV_20230322T094935_20230322T095000_047755_05BCAD_A5E4
[ok joint] fid=124 bef -> 2 new .npy in /share/castor/home/e2406749/tropical_forest_disturbance/embeddings/joint/fid_124/bef/20230609T142719_20230609T142938_T20LNR__S1A_IW_GRDH_1SDV_20230614T094938_20230614T095003_048980_05E3E7_B37E
[ok joint] fid=124 bef -> 2 new .npy in /share/castor/home/e2406749/tropical_forest_disturbance/embeddings/joint/fid_124/bef/20230115T142711_20230115T142817_T20LNR__S1A_IW_GRDH_1SDV_20230109T094936_20230109T095001_046705_05993A_763B
[ok joint] fid=124 bef -> 2 new .npy in /share/castor/home/e2406749/tropical_forest_disturbance/embeddings/joint/fid_124/bef/20230515T142711_20230515T142713_T20LNR__S1A_IW_GRDH_1SDV_20230509T094937_20230509T095002_048455_05D42C_4A7D
[ok joint] fid=124 evt -> 2 new .npy in /share/castor/home/e2406749/tropical_forest_disturbance/embeddings/joint/fid_124/evt/20230719T142719_20230719T142939_T20LNR__S1A_IW_GRDH_1SDV_20230720T094940_20230720T095005_049505_05F3ED_61B1
[ok joint] fid=124 aft -> 2 new .npy in /share/castor/home/e2406749/tropical_forest_disturbance/embeddings/joint/fid_124/aft/20230729T142719_20230729T142718_T20LNR__S1A_IW_GRDH_1SDV_20230801T094941_20230801T095006_049680_05F959_7E64
[ok joint] fid=128 bef -> 4 new .npy in /share/castor/home/e2406749/tropical_forest_disturbance/embeddings/joint/fid_128/bef/20230709T142719_20230709T142938_T20LNR__S1A_IW_GRDH_1SDV_20230708T094940_20230708T095005_049330_05EE9A_BD21
[ok joint] fid=128 bef -> 4 new .npy in /share/castor/home/e2406749/tropical_forest_disturbance/embeddings/joint/fid_128/bef/20230624T142721_20230624T142715_T20LNR__S1A_IW_GRDH_1SDV_20230626T094939_20230626T095004_049155_05E932_87DB
[ok joint] fid=128 bef -> 4 new .npy in /share/castor/home/e2406749/tropical_forest_disturbance/embeddings/joint/fid_128/bef/20230430T142719_20230430T142714_T20LNR__S1A_IW_GRDH_1SDV_20230427T094936_20230427T095001_048280_05CE51_C3AC
[ok joint] fid=128 bef -> 4 new .npy in /share/castor/home/e2406749/tropical_forest_disturbance/embeddings/joint/fid_128/bef/20230525T142721_20230525T142853_T20LNR__S1A_IW_GRDH_1SDV_20230521T094937_20230521T095002_048630_05D957_8119
[ok joint] fid=128 bef -> 4 new .npy in /share/castor/home/e2406749/tropical_forest_disturbance/embeddings/joint/fid_128/bef/20230609T142719_20230609T142938_T20LNR__S1A_IW_GRDH_1SDV_20230614T094938_20230614T095003_048980_05E3E7_B37E
[ok joint] fid=128 bef -> 4 new .npy in /share/castor/home/e2406749/tropical_forest_disturbance/embeddings/joint/fid_128/bef/20230515T142711_20230515T142713_T20LNR__S1A_IW_GRDH_1SDV_20230509T094937_20230509T095002_048455_05D42C_4A7D
[ok joint] fid=128 evt -> 4 new .npy in /share/castor/home/e2406749/tropical_forest_disturbance/embeddings/joint/fid_128/evt/20230724T142721_20230724T142717_T20LNR__S1A_IW_GRDH_1SDV_20230720T094940_20230720T095005_049505_05F3ED_61B1
[ok joint] fid=128 aft -> 4 new .npy in /share/castor/home/e2406749/tropical_forest_disturbance/embeddings/joint/fid_128/aft/20230808T142719_20230808T143119_T20LNR__S1A_IW_GRDH_1SDV_20230813T094942_20230813T095007_049855_05FF04_F481
[done joint] All embeddings already exist in /share/castor/home/e2406749/tropical_forest_disturbance/embeddings/joint/fid_320/bef/20230709T142719_20230709T142938_T20LNR__S1A_IW_GRDH_1SDV_20230708T094915_20230708T094940_049330_05EE9A_201B
[done joint] All embeddings already exist in /share/castor/home/e2406749/tropical_forest_disturbance/embeddings/joint/fid_320/bef/20230604T142721_20230604T142716_T20LNR__S1A_IW_GRDH_1SDV_20230602T094913_20230602T094938_048805_05DE8B_7193
[done joint] All embeddings already exist in /share/castor/home/e2406749/tropical_forest_disturbance/embeddings/joint/fid_320/bef/20230624T142721_20230624T142715_T20LNR__S1A_IW_GRDH_1SDV_20230626T094914_20230626T094939_049155_05E932_8E24
[done joint] All embeddings already exist in /share/castor/home/e2406749/tropical_forest_disturbance/embeddings/joint/fid_320/bef/20230430T142719_20230430T142714_T20LNR__S1A_IW_GRDH_1SDV_20230427T094911_20230427T094936_048280_05CE51_9F1D
[done joint] All embeddings already exist in /share/castor/home/e2406749/tropical_forest_disturbance/embeddings/joint/fid_320/bef/20230525T142721_20230525T142853_T20LNR__S1A_IW_GRDH_1SDV_20230521T094912_20230521T094937_048630_05D957_8539
[done joint] All embeddings already exist in /share/castor/home/e2406749/tropical_forest_disturbance/embeddings/joint/fid_320/bef/20230609T142719_20230609T142938_T20LNR__S1A_IW_GRDH_1SDV_20230614T094913_20230614T094938_048980_05E3E7_6485
[done joint] All embeddings already exist in /share/castor/home/e2406749/tropical_forest_disturbance/embeddings/joint/fid_320/bef/20230515T142711_20230515T142713_T20LNR__S1A_IW_GRDH_1SDV_20230509T094912_20230509T094937_048455_05D42C_BB80
[done joint] All embeddings already exist in /share/castor/home/e2406749/tropical_forest_disturbance/embeddings/joint/fid_320/evt/20230729T142719_20230729T142718_T20LNR__S1A_IW_GRDH_1SDV_20230801T094916_20230801T094941_049680_05F959_E6F2
[done joint] All embeddings already exist in /share/castor/home/e2406749/tropical_forest_disturbance/embeddings/joint/fid_320/evt/20230724T142721_20230724T142717_T20LNR__S1A_IW_GRDH_1SDV_20230720T094915_20230720T094940_049505_05F3ED_2372
[done joint] All embeddings already exist in /share/castor/home/e2406749/tropical_forest_disturbance/embeddings/joint/fid_320/aft/20230808T142719_20230808T143119_T20LNR__S1A_IW_GRDH_1SDV_20230813T094917_20230813T094942_049855_05FF04_E952
[ok joint] fid=356 bef -> 1 new .npy in /share/castor/home/e2406749/tropical_forest_disturbance/embeddings/joint/fid_356/bef/20230214T142711_20230214T143425_T20LNR__S1A_IW_GRDH_1SDV_20230214T094935_20230214T095000_047230_05AAD4_443E
[ok joint] fid=356 bef -> 1 new .npy in /share/castor/home/e2406749/tropical_forest_disturbance/embeddings/joint/fid_356/bef/20230709T142719_20230709T142938_T20LNR__S1A_IW_GRDH_1SDV_20230708T094940_20230708T095005_049330_05EE9A_BD21
[ok joint] fid=356 bef -> 1 new .npy in /share/castor/home/e2406749/tropical_forest_disturbance/embeddings/joint/fid_356/bef/20230604T142721_20230604T142716_T20LNR__S1A_IW_GRDH_1SDV_20230602T094938_20230602T095003_048805_05DE8B_61F1
[ok joint] fid=356 bef -> 1 new .npy in /share/castor/home/e2406749/tropical_forest_disturbance/embeddings/joint/fid_356/bef/20230430T142719_20230430T142714_T20LNR__S1A_IW_GRDH_1SDV_20230427T094936_20230427T095001_048280_05CE51_C3AC
[ok joint] fid=356 bef -> 1 new .npy in /share/castor/home/e2406749/tropical_forest_disturbance/embeddings/joint/fid_356/bef/20230629T142719_20230629T143340_T20LNR__S1A_IW_GRDH_1SDV_20230626T094939_20230626T095004_049155_05E932_87DB
[ok joint] fid=356 bef -> 1 new .npy in /share/castor/home/e2406749/tropical_forest_disturbance/embeddings/joint/fid_356/bef/20230729T142719_20230729T142718_T20LNR__S1A_IW_GRDH_1SDV_20230801T094941_20230801T095006_049680_05F959_7E64
[ok joint] fid=356 bef -> 1 new .npy in /share/castor/home/e2406749/tropical_forest_disturbance/embeddings/joint/fid_356/bef/20230326T142711_20230326T142710_T20LNR__S1A_IW_GRDH_1SDV_20230322T094935_20230322T095000_047755_05BCAD_A5E4
[ok joint] fid=356 bef -> 1 new .npy in /share/castor/home/e2406749/tropical_forest_disturbance/embeddings/joint/fid_356/bef/20230724T142721_20230724T142717_T20LNR__S1A_IW_GRDH_1SDV_20230720T094940_20230720T095005_049505_05F3ED_61B1
[ok joint] fid=356 bef -> 1 new .npy in /share/castor/home/e2406749/tropical_forest_disturbance/embeddings/joint/fid_356/bef/20230609T142719_20230609T142938_T20LNR__S1A_IW_GRDH_1SDV_20230614T094938_20230614T095003_048980_05E3E7_B37E
[ok joint] fid=356 bef -> 1 new .npy in /share/castor/home/e2406749/tropical_forest_disturbance/embeddings/joint/fid_356/bef/20230515T142711_20230515T142713_T20LNR__S1A_IW_GRDH_1SDV_20230509T094937_20230509T095002_048455_05D42C_4A7D
[ok joint] fid=356 aft -> 1 new .npy in /share/castor/home/e2406749/tropical_forest_disturbance/embeddings/joint/fid_356/aft/20230823T142721_20230823T143116_T20LNR__S1A_IW_GRDH_1SDV_20230825T094943_20230825T095008_050030_0604F6_5B1D
[ok joint] fid=210 bef -> 2 new .npy in /share/castor/home/e2406749/tropical_forest_disturbance/embeddings/joint/fid_210/bef/20230214T142711_20230214T143425_T20LNR__S1A_IW_GRDH_1SDV_20230214T094935_20230214T095000_047230_05AAD4_443E
[ok joint] fid=210 bef -> 2 new .npy in /share/castor/home/e2406749/tropical_forest_disturbance/embeddings/joint/fid_210/bef/20230709T142719_20230709T142938_T20LNR__S1A_IW_GRDH_1SDV_20230708T094940_20230708T095005_049330_05EE9A_BD21
[ok joint] fid=210 bef -> 2 new .npy in /share/castor/home/e2406749/tropical_forest_disturbance/embeddings/joint/fid_210/bef/20230604T142721_20230604T142716_T20LNR__S1A_IW_GRDH_1SDV_20230602T094938_20230602T095003_048805_05DE8B_61F1
[ok joint] fid=210 bef -> 2 new .npy in /share/castor/home/e2406749/tropical_forest_disturbance/embeddings/joint/fid_210/bef/20230624T142721_20230624T142715_T20LNR__S1A_IW_GRDH_1SDV_20230626T094939_20230626T095004_049155_05E932_87DB
[ok joint] fid=210 bef -> 2 new .npy in /share/castor/home/e2406749/tropical_forest_disturbance/embeddings/joint/fid_210/bef/20230729T142719_20230729T142718_T20LNR__S1A_IW_GRDH_1SDV_20230801T094941_20230801T095006_049680_05F959_7E64
[ok joint] fid=210 bef -> 2 new .npy in /share/castor/home/e2406749/tropical_forest_disturbance/embeddings/joint/fid_210/bef/20230724T142721_20230724T142717_T20LNR__S1A_IW_GRDH_1SDV_20230720T094940_20230720T095005_049505_05F3ED_61B1
[ok joint] fid=210 bef -> 2 new .npy in /share/castor/home/e2406749/tropical_forest_disturbance/embeddings/joint/fid_210/bef/20230420T142719_20230420T142714_T20LNR__S1A_IW_GRDH_1SDV_20230415T094936_20230415T095001_048105_05C876_7D01
[ok joint] fid=210 bef -> 2 new .npy in /share/castor/home/e2406749/tropical_forest_disturbance/embeddings/joint/fid_210/bef/20230609T142719_20230609T142938_T20LNR__S1A_IW_GRDH_1SDV_20230614T094938_20230614T095003_048980_05E3E7_B37E
[ok joint] fid=210 bef -> 2 new .npy in /share/castor/home/e2406749/tropical_forest_disturbance/embeddings/joint/fid_210/bef/20230515T142711_20230515T142713_T20LNR__S1A_IW_GRDH_1SDV_20230509T094937_20230509T095002_048455_05D42C_4A7D
[ok joint] fid=210 evt -> 2 new .npy in /share/castor/home/e2406749/tropical_forest_disturbance/embeddings/joint/fid_210/evt/20230808T142719_20230808T143119_T20LNR__S1A_IW_GRDH_1SDV_20230813T094942_20230813T095007_049855_05FF04_F481
[ok joint] fid=210 aft -> 2 new .npy in /share/castor/home/e2406749/tropical_forest_disturbance/embeddings/joint/fid_210/aft/20230823T142721_20230823T143116_T20LNR__S1A_IW_GRDH_1SDV_20230825T094943_20230825T095008_050030_0604F6_5B1D
[ok joint] fid=326 bef -> 1 new .npy in /share/castor/home/e2406749/tropical_forest_disturbance/embeddings/joint/fid_326/bef/20230214T142711_20230214T143425_T20LNR__S1A_IW_GRDH_1SDV_20230214T094935_20230214T095000_047230_05AAD4_443E
[ok joint] fid=326 bef -> 1 new .npy in /share/castor/home/e2406749/tropical_forest_disturbance/embeddings/joint/fid_326/bef/20230520T142719_20230520T142902_T20LNR__S1A_IW_GRDH_1SDV_20230521T094937_20230521T095002_048630_05D957_8119
[ok joint] fid=326 bef -> 1 new .npy in /share/castor/home/e2406749/tropical_forest_disturbance/embeddings/joint/fid_326/bef/20230709T142719_20230709T142938_T20LNR__S1A_IW_GRDH_1SDV_20230708T094940_20230708T095005_049330_05EE9A_BD21
[ok joint] fid=326 bef -> 1 new .npy in /share/castor/home/e2406749/tropical_forest_disturbance/embeddings/joint/fid_326/bef/20230719T142719_20230719T142939_T20LNR__S1A_IW_GRDH_1SDV_20230720T094940_20230720T095005_049505_05F3ED_61B1
[ok joint] fid=326 bef -> 1 new .npy in /share/castor/home/e2406749/tropical_forest_disturbance/embeddings/joint/fid_326/bef/20230604T142721_20230604T142716_T20LNR__S1A_IW_GRDH_1SDV_20230602T094938_20230602T095003_048805_05DE8B_61F1
[ok joint] fid=326 bef -> 1 new .npy in /share/castor/home/e2406749/tropical_forest_disturbance/embeddings/joint/fid_326/bef/20230624T142721_20230624T142715_T20LNR__S1A_IW_GRDH_1SDV_20230626T094939_20230626T095004_049155_05E932_87DB
[ok joint] fid=326 bef -> 1 new .npy in /share/castor/home/e2406749/tropical_forest_disturbance/embeddings/joint/fid_326/bef/20230430T142719_20230430T142714_T20LNR__S1A_IW_GRDH_1SDV_20230427T094936_20230427T095001_048280_05CE51_C3AC
[ok joint] fid=326 bef -> 1 new .npy in /share/castor/home/e2406749/tropical_forest_disturbance/embeddings/joint/fid_326/bef/20230609T142719_20230609T142938_T20LNR__S1A_IW_GRDH_1SDV_20230614T094938_20230614T095003_048980_05E3E7_B37E
[ok joint] fid=326 bef -> 1 new .npy in /share/castor/home/e2406749/tropical_forest_disturbance/embeddings/joint/fid_326/bef/20230515T142711_20230515T142713_T20LNR__S1A_IW_GRDH_1SDV_20230509T094937_20230509T095002_048455_05D42C_4A7D
[ok joint] fid=326 evt -> 1 new .npy in /share/castor/home/e2406749/tropical_forest_disturbance/embeddings/joint/fid_326/evt/20230808T142719_20230808T143119_T20LNR__S1A_IW_GRDH_1SDV_20230813T094942_20230813T095007_049855_05FF04_F481
[ok joint] fid=326 aft -> 1 new .npy in /share/castor/home/e2406749/tropical_forest_disturbance/embeddings/joint/fid_326/aft/20230823T142721_20230823T143116_T20LNR__S1A_IW_GRDH_1SDV_20230825T094943_20230825T095008_050030_0604F6_5B1D
[ok joint] fid=335 bef -> 2 new .npy in /share/castor/home/e2406749/tropical_forest_disturbance/embeddings/joint/fid_335/bef/20230520T142719_20230520T142902_T20LNR__S1A_IW_GRDH_1SDV_20230521T094937_20230521T095002_048630_05D957_8119
[ok joint] fid=335 bef -> 2 new .npy in /share/castor/home/e2406749/tropical_forest_disturbance/embeddings/joint/fid_335/bef/20230709T142719_20230709T142938_T20LNR__S1A_IW_GRDH_1SDV_20230708T094940_20230708T095005_049330_05EE9A_BD21
[ok joint] fid=335 bef -> 2 new .npy in /share/castor/home/e2406749/tropical_forest_disturbance/embeddings/joint/fid_335/bef/20230719T142719_20230719T142939_T20LNR__S1A_IW_GRDH_1SDV_20230720T094940_20230720T095005_049505_05F3ED_61B1
[ok joint] fid=335 bef -> 2 new .npy in /share/castor/home/e2406749/tropical_forest_disturbance/embeddings/joint/fid_335/bef/20230604T142721_20230604T142716_T20LNR__S1A_IW_GRDH_1SDV_20230602T094938_20230602T095003_048805_05DE8B_61F1
[ok joint] fid=335 bef -> 2 new .npy in /share/castor/home/e2406749/tropical_forest_disturbance/embeddings/joint/fid_335/bef/20230624T142721_20230624T142715_T20LNR__S1A_IW_GRDH_1SDV_20230626T094939_20230626T095004_049155_05E932_87DB
[ok joint] fid=335 bef -> 2 new .npy in /share/castor/home/e2406749/tropical_forest_disturbance/embeddings/joint/fid_335/bef/20230301T142709_20230301T142737_T20LNR__S1A_IW_GRDH_1SDV_20230226T094935_20230226T095000_047405_05B0D3_E8BA
[ok joint] fid=335 bef -> 2 new .npy in /share/castor/home/e2406749/tropical_forest_disturbance/embeddings/joint/fid_335/bef/20230729T142719_20230729T142718_T20LNR__S1A_IW_GRDH_1SDV_20230801T094941_20230801T095006_049680_05F959_7E64
[ok joint] fid=335 bef -> 2 new .npy in /share/castor/home/e2406749/tropical_forest_disturbance/embeddings/joint/fid_335/bef/20230326T142711_20230326T142710_T20LNR__S1A_IW_GRDH_1SDV_20230322T094935_20230322T095000_047755_05BCAD_A5E4
[ok joint] fid=335 bef -> 2 new .npy in /share/castor/home/e2406749/tropical_forest_disturbance/embeddings/joint/fid_335/bef/20230609T142719_20230609T142938_T20LNR__S1A_IW_GRDH_1SDV_20230614T094938_20230614T095003_048980_05E3E7_B37E
[ok joint] fid=335 bef -> 2 new .npy in /share/castor/home/e2406749/tropical_forest_disturbance/embeddings/joint/fid_335/bef/20230515T142711_20230515T142713_T20LNR__S1A_IW_GRDH_1SDV_20230509T094937_20230509T095002_048455_05D42C_4A7D
[ok joint] fid=335 evt -> 2 new .npy in /share/castor/home/e2406749/tropical_forest_disturbance/embeddings/joint/fid_335/evt/20230808T142719_20230808T143119_T20LNR__S1A_IW_GRDH_1SDV_20230813T094942_20230813T095007_049855_05FF04_F481
[ok joint] fid=335 aft -> 2 new .npy in /share/castor/home/e2406749/tropical_forest_disturbance/embeddings/joint/fid_335/aft/20230823T142721_20230823T143116_T20LNR__S1A_IW_GRDH_1SDV_20230825T094943_20230825T095008_050030_0604F6_5B1D
[ok joint] fid=386 bef -> 2 new .npy in /share/castor/home/e2406749/tropical_forest_disturbance/embeddings/joint/fid_386/bef/20230214T142711_20230214T143425_T20LMR__S1A_IW_GRDH_1SDV_20230214T094935_20230214T095000_047230_05AAD4_443E
[ok joint] fid=386 bef -> 2 new .npy in /share/castor/home/e2406749/tropical_forest_disturbance/embeddings/joint/fid_386/bef/20230709T142719_20230709T142938_T20LMR__S1A_IW_GRDH_1SDV_20230708T094940_20230708T095005_049330_05EE9A_BD21
[ok joint] fid=386 bef -> 2 new .npy in /share/castor/home/e2406749/tropical_forest_disturbance/embeddings/joint/fid_386/bef/20230719T142719_20230719T142939_T20LMR__S1A_IW_GRDH_1SDV_20230720T094940_20230720T095005_049505_05F3ED_61B1
[ok joint] fid=386 bef -> 2 new .npy in /share/castor/home/e2406749/tropical_forest_disturbance/embeddings/joint/fid_386/bef/20230604T142721_20230604T142716_T20LMR__S1A_IW_GRDH_1SDV_20230602T094938_20230602T095003_048805_05DE8B_61F1
[ok joint] fid=386 bef -> 2 new .npy in /share/castor/home/e2406749/tropical_forest_disturbance/embeddings/joint/fid_386/bef/20230624T142721_20230624T142715_T20LMR__S1A_IW_GRDH_1SDV_20230626T094939_20230626T095004_049155_05E932_87DB
[ok joint] fid=386 bef -> 2 new .npy in /share/castor/home/e2406749/tropical_forest_disturbance/embeddings/joint/fid_386/bef/20230430T142719_20230430T142714_T20LMR__S1A_IW_GRDH_1SDV_20230427T094936_20230427T095001_048280_05CE51_C3AC
[ok joint] fid=386 bef -> 2 new .npy in /share/castor/home/e2406749/tropical_forest_disturbance/embeddings/joint/fid_386/bef/20230729T142719_20230729T142718_T20LMR__S1A_IW_GRDH_1SDV_20230801T094941_20230801T095006_049680_05F959_7E64
[ok joint] fid=386 bef -> 2 new .npy in /share/castor/home/e2406749/tropical_forest_disturbance/embeddings/joint/fid_386/bef/20230505T142711_20230505T143450_T20LMR__S1A_IW_GRDH_1SDV_20230509T094937_20230509T095002_048455_05D42C_4A7D
[ok joint] fid=386 bef -> 2 new .npy in /share/castor/home/e2406749/tropical_forest_disturbance/embeddings/joint/fid_386/bef/20230609T142719_20230609T142938_T20LMR__S1A_IW_GRDH_1SDV_20230614T094938_20230614T095003_048980_05E3E7_B37E
[ok joint] fid=386 bef -> 2 new .npy in /share/castor/home/e2406749/tropical_forest_disturbance/embeddings/joint/fid_386/bef/20230115T142711_20230115T142817_T20LMR__S1A_IW_GRDH_1SDV_20230109T094936_20230109T095001_046705_05993A_763B
[ok joint] fid=386 bef -> 2 new .npy in /share/castor/home/e2406749/tropical_forest_disturbance/embeddings/joint/fid_386/bef/20230515T142711_20230515T142713_T20LMR__S1A_IW_GRDH_1SDV_20230521T094937_20230521T095002_048630_05D957_8119
[ok joint] fid=386 evt -> 2 new .npy in /share/castor/home/e2406749/tropical_forest_disturbance/embeddings/joint/fid_386/evt/20230808T142719_20230808T143119_T20LMR__S1A_IW_GRDH_1SDV_20230813T094942_20230813T095007_049855_05FF04_F481
[ok joint] fid=386 aft -> 2 new .npy in /share/castor/home/e2406749/tropical_forest_disturbance/embeddings/joint/fid_386/aft/20230823T142721_20230823T143116_T20LMR__S1A_IW_GRDH_1SDV_20230825T094943_20230825T095008_050030_0604F6_5B1D
[ok joint] fid=386 aft -> 2 new .npy in /share/castor/home/e2406749/tropical_forest_disturbance/embeddings/joint/fid_386/aft/20230902T142721_20230902T143115_T20LMR__S1A_IW_GRDH_1SDV_20230906T094943_20230906T095008_050205_060AF4_E713
[ok joint] fid=134 bef -> 4 new .npy in /share/castor/home/e2406749/tropical_forest_disturbance/embeddings/joint/fid_134/bef/20230214T142711_20230214T143425_T20LNR__S1A_IW_GRDH_1SDV_20230214T094935_20230214T095000_047230_05AAD4_443E
[ok joint] fid=134 bef -> 4 new .npy in /share/castor/home/e2406749/tropical_forest_disturbance/embeddings/joint/fid_134/bef/20230709T142719_20230709T142938_T20LNR__S1A_IW_GRDH_1SDV_20230708T094940_20230708T095005_049330_05EE9A_BD21
[ok joint] fid=134 bef -> 4 new .npy in /share/castor/home/e2406749/tropical_forest_disturbance/embeddings/joint/fid_134/bef/20230604T142721_20230604T142716_T20LNR__S1A_IW_GRDH_1SDV_20230602T094938_20230602T095003_048805_05DE8B_61F1
[ok joint] fid=134 bef -> 4 new .npy in /share/castor/home/e2406749/tropical_forest_disturbance/embeddings/joint/fid_134/bef/20230624T142721_20230624T142715_T20LNR__S1A_IW_GRDH_1SDV_20230626T094939_20230626T095004_049155_05E932_87DB
[ok joint] fid=134 bef -> 4 new .npy in /share/castor/home/e2406749/tropical_forest_disturbance/embeddings/joint/fid_134/bef/20230803T142721_20230803T143434_T20LNR__S1A_IW_GRDH_1SDV_20230801T094941_20230801T095006_049680_05F959_7E64
[ok joint] fid=134 bef -> 4 new .npy in /share/castor/home/e2406749/tropical_forest_disturbance/embeddings/joint/fid_134/bef/20230525T142721_20230525T142853_T20LNR__S1A_IW_GRDH_1SDV_20230521T094937_20230521T095002_048630_05D957_8119
[ok joint] fid=134 bef -> 4 new .npy in /share/castor/home/e2406749/tropical_forest_disturbance/embeddings/joint/fid_134/bef/20230724T142721_20230724T142717_T20LNR__S1A_IW_GRDH_1SDV_20230720T094940_20230720T095005_049505_05F3ED_61B1
[ok joint] fid=134 bef -> 4 new .npy in /share/castor/home/e2406749/tropical_forest_disturbance/embeddings/joint/fid_134/bef/20230420T142719_20230420T142714_T20LNR__S1A_IW_GRDH_1SDV_20230415T094936_20230415T095001_048105_05C876_7D01
[ok joint] fid=134 bef -> 4 new .npy in /share/castor/home/e2406749/tropical_forest_disturbance/embeddings/joint/fid_134/bef/20230609T142719_20230609T142938_T20LNR__S1A_IW_GRDH_1SDV_20230614T094938_20230614T095003_048980_05E3E7_B37E
[ok joint] fid=134 bef -> 4 new .npy in /share/castor/home/e2406749/tropical_forest_disturbance/embeddings/joint/fid_134/bef/20230515T142711_20230515T142713_T20LNR__S1A_IW_GRDH_1SDV_20230509T094937_20230509T095002_048455_05D42C_4A7D
[ok joint] fid=134 evt -> 4 new .npy in /share/castor/home/e2406749/tropical_forest_disturbance/embeddings/joint/fid_134/evt/20230808T142719_20230808T143119_T20LNR__S1A_IW_GRDH_1SDV_20230813T094942_20230813T095007_049855_05FF04_F481
[ok joint] fid=134 aft -> 4 new .npy in /share/castor/home/e2406749/tropical_forest_disturbance/embeddings/joint/fid_134/aft/20230823T142721_20230823T143116_T20LNR__S1A_IW_GRDH_1SDV_20230825T094943_20230825T095008_050030_0604F6_5B1D
[ok joint] fid=327 bef -> 4 new .npy in /share/castor/home/e2406749/tropical_forest_disturbance/embeddings/joint/fid_327/bef/20230709T142719_20230709T142938_T20LNR__S1A_IW_GRDH_1SDV_20230708T094915_20230708T094940_049330_05EE9A_201B
[ok joint] fid=327 bef -> 4 new .npy in /share/castor/home/e2406749/tropical_forest_disturbance/embeddings/joint/fid_327/bef/20230604T142721_20230604T142716_T20LNR__S1A_IW_GRDH_1SDV_20230602T094913_20230602T094938_048805_05DE8B_7193
[ok joint] fid=327 bef -> 4 new .npy in /share/castor/home/e2406749/tropical_forest_disturbance/embeddings/joint/fid_327/bef/20230624T142721_20230624T142715_T20LNR__S1A_IW_GRDH_1SDV_20230626T094914_20230626T094939_049155_05E932_8E24
[ok joint] fid=327 bef -> 4 new .npy in /share/castor/home/e2406749/tropical_forest_disturbance/embeddings/joint/fid_327/bef/20230803T142721_20230803T143434_T20LNR__S1A_IW_GRDH_1SDV_20230801T094916_20230801T094941_049680_05F959_E6F2
[ok joint] fid=327 bef -> 4 new .npy in /share/castor/home/e2406749/tropical_forest_disturbance/embeddings/joint/fid_327/bef/20230430T142719_20230430T142714_T20LNR__S1A_IW_GRDH_1SDV_20230427T094911_20230427T094936_048280_05CE51_9F1D
[ok joint] fid=327 bef -> 4 new .npy in /share/castor/home/e2406749/tropical_forest_disturbance/embeddings/joint/fid_327/bef/20230724T142721_20230724T142717_T20LNR__S1A_IW_GRDH_1SDV_20230720T094915_20230720T094940_049505_05F3ED_2372
[ok joint] fid=327 bef -> 4 new .npy in /share/castor/home/e2406749/tropical_forest_disturbance/embeddings/joint/fid_327/bef/20230609T142719_20230609T142938_T20LNR__S1A_IW_GRDH_1SDV_20230614T094913_20230614T094938_048980_05E3E7_6485
[ok joint] fid=327 bef -> 4 new .npy in /share/castor/home/e2406749/tropical_forest_disturbance/embeddings/joint/fid_327/bef/20230515T142711_20230515T142713_T20LNR__S1A_IW_GRDH_1SDV_20230509T094912_20230509T094937_048455_05D42C_BB80
[ok joint] fid=327 evt -> 4 new .npy in /share/castor/home/e2406749/tropical_forest_disturbance/embeddings/joint/fid_327/evt/20230808T142719_20230808T143119_T20LNR__S1A_IW_GRDH_1SDV_20230813T094917_20230813T094942_049855_05FF04_E952
[ok joint] fid=327 aft -> 4 new .npy in /share/castor/home/e2406749/tropical_forest_disturbance/embeddings/joint/fid_327/aft/20230823T142721_20230823T143116_T20LNR__S1A_IW_GRDH_1SDV_20230825T094918_20230825T094943_050030_0604F6_59F6
[ok joint] fid=337 bef -> 3 new .npy in /share/castor/home/e2406749/tropical_forest_disturbance/embeddings/joint/fid_337/bef/20230214T142711_20230214T143425_T20LNR__S1A_IW_GRDH_1SDV_20230214T094910_20230214T094935_047230_05AAD4_E27D
[ok joint] fid=337 bef -> 3 new .npy in /share/castor/home/e2406749/tropical_forest_disturbance/embeddings/joint/fid_337/bef/20230709T142719_20230709T142938_T20LNR__S1A_IW_GRDH_1SDV_20230708T094915_20230708T094940_049330_05EE9A_201B
[ok joint] fid=337 bef -> 3 new .npy in /share/castor/home/e2406749/tropical_forest_disturbance/embeddings/joint/fid_337/bef/20230719T142719_20230719T142939_T20LNR__S1A_IW_GRDH_1SDV_20230720T094915_20230720T094940_049505_05F3ED_2372
[ok joint] fid=337 bef -> 3 new .npy in /share/castor/home/e2406749/tropical_forest_disturbance/embeddings/joint/fid_337/bef/20230604T142721_20230604T142716_T20LNR__S1A_IW_GRDH_1SDV_20230602T094913_20230602T094938_048805_05DE8B_7193
[ok joint] fid=337 bef -> 3 new .npy in /share/castor/home/e2406749/tropical_forest_disturbance/embeddings/joint/fid_337/bef/20230624T142721_20230624T142715_T20LNR__S1A_IW_GRDH_1SDV_20230626T094914_20230626T094939_049155_05E932_8E24
[ok joint] fid=337 bef -> 3 new .npy in /share/castor/home/e2406749/tropical_forest_disturbance/embeddings/joint/fid_337/bef/20230729T142719_20230729T142718_T20LNR__S1A_IW_GRDH_1SDV_20230801T094916_20230801T094941_049680_05F959_E6F2
[ok joint] fid=337 bef -> 3 new .npy in /share/castor/home/e2406749/tropical_forest_disturbance/embeddings/joint/fid_337/bef/20230420T142719_20230420T142714_T20LNR__S1A_IW_GRDH_1SDV_20230415T094911_20230415T094936_048105_05C876_50BE
[ok joint] fid=337 bef -> 3 new .npy in /share/castor/home/e2406749/tropical_forest_disturbance/embeddings/joint/fid_337/bef/20230609T142719_20230609T142938_T20LNR__S1A_IW_GRDH_1SDV_20230614T094913_20230614T094938_048980_05E3E7_6485
[ok joint] fid=337 bef -> 3 new .npy in /share/castor/home/e2406749/tropical_forest_disturbance/embeddings/joint/fid_337/bef/20230515T142711_20230515T142713_T20LNR__S1A_IW_GRDH_1SDV_20230509T094912_20230509T094937_048455_05D42C_BB80
[ok joint] fid=337 evt -> 3 new .npy in /share/castor/home/e2406749/tropical_forest_disturbance/embeddings/joint/fid_337/evt/20230808T142719_20230808T143119_T20LNR__S1A_IW_GRDH_1SDV_20230813T094917_20230813T094942_049855_05FF04_E952
[ok joint] fid=337 aft -> 3 new .npy in /share/castor/home/e2406749/tropical_forest_disturbance/embeddings/joint/fid_337/aft/20230823T142721_20230823T143116_T20LNR__S1A_IW_GRDH_1SDV_20230825T094918_20230825T094943_050030_0604F6_59F6
[done joint] All embeddings already exist in /share/castor/home/e2406749/tropical_forest_disturbance/embeddings/joint/fid_387/bef/20230214T142711_20230214T143425_T20LNR__S1A_IW_GRDH_1SDV_20230214T094935_20230214T095000_047230_05AAD4_443E
[done joint] All embeddings already exist in /share/castor/home/e2406749/tropical_forest_disturbance/embeddings/joint/fid_387/bef/20230520T142719_20230520T142902_T20LNR__S1A_IW_GRDH_1SDV_20230521T094937_20230521T095002_048630_05D957_8119
[done joint] All embeddings already exist in /share/castor/home/e2406749/tropical_forest_disturbance/embeddings/joint/fid_387/bef/20230709T142719_20230709T142938_T20LNR__S1A_IW_GRDH_1SDV_20230708T094940_20230708T095005_049330_05EE9A_BD21
[done joint] All embeddings already exist in /share/castor/home/e2406749/tropical_forest_disturbance/embeddings/joint/fid_387/bef/20230604T142721_20230604T142716_T20LNR__S1A_IW_GRDH_1SDV_20230602T094938_20230602T095003_048805_05DE8B_61F1
[done joint] All embeddings already exist in /share/castor/home/e2406749/tropical_forest_disturbance/embeddings/joint/fid_387/bef/20230624T142721_20230624T142715_T20LNR__S1A_IW_GRDH_1SDV_20230626T094939_20230626T095004_049155_05E932_87DB
[done joint] All embeddings already exist in /share/castor/home/e2406749/tropical_forest_disturbance/embeddings/joint/fid_387/bef/20230803T142721_20230803T143434_T20LNR__S1A_IW_GRDH_1SDV_20230801T094941_20230801T095006_049680_05F959_7E64
[done joint] All embeddings already exist in /share/castor/home/e2406749/tropical_forest_disturbance/embeddings/joint/fid_387/bef/20230430T142719_20230430T142714_T20LNR__S1A_IW_GRDH_1SDV_20230427T094936_20230427T095001_048280_05CE51_C3AC
[done joint] All embeddings already exist in /share/castor/home/e2406749/tropical_forest_disturbance/embeddings/joint/fid_387/bef/20230724T142721_20230724T142717_T20LNR__S1A_IW_GRDH_1SDV_20230720T094940_20230720T095005_049505_05F3ED_61B1
[done joint] All embeddings already exist in /share/castor/home/e2406749/tropical_forest_disturbance/embeddings/joint/fid_387/bef/20230420T142719_20230420T142714_T20LNR__S1A_IW_GRDH_1SDV_20230415T094936_20230415T095001_048105_05C876_7D01
[done joint] All embeddings already exist in /share/castor/home/e2406749/tropical_forest_disturbance/embeddings/joint/fid_387/bef/20230609T142719_20230609T142938_T20LNR__S1A_IW_GRDH_1SDV_20230614T094938_20230614T095003_048980_05E3E7_B37E
[done joint] All embeddings already exist in /share/castor/home/e2406749/tropical_forest_disturbance/embeddings/joint/fid_387/bef/20230515T142711_20230515T142713_T20LNR__S1A_IW_GRDH_1SDV_20230509T094937_20230509T095002_048455_05D42C_4A7D
[done joint] All embeddings already exist in /share/castor/home/e2406749/tropical_forest_disturbance/embeddings/joint/fid_387/evt/20230818T142719_20230818T143227_T20LNR__S1A_IW_GRDH_1SDV_20230813T094942_20230813T095007_049855_05FF04_F481
[done joint] All embeddings already exist in /share/castor/home/e2406749/tropical_forest_disturbance/embeddings/joint/fid_387/aft/20230823T142721_20230823T143116_T20LNR__S1A_IW_GRDH_1SDV_20230825T094943_20230825T095008_050030_0604F6_5B1D
[ok joint] fid=38 bef -> 1 new .npy in /share/castor/home/e2406749/tropical_forest_disturbance/embeddings/joint/fid_38/bef/20230520T142719_20230520T142902_T20LNR__S1A_IW_GRDH_1SDV_20230521T094912_20230521T094937_048630_05D957_8539
[ok joint] fid=38 bef -> 1 new .npy in /share/castor/home/e2406749/tropical_forest_disturbance/embeddings/joint/fid_38/bef/20230709T142719_20230709T142938_T20LNR__S1A_IW_GRDH_1SDV_20230708T094915_20230708T094940_049330_05EE9A_201B
[ok joint] fid=38 bef -> 1 new .npy in /share/castor/home/e2406749/tropical_forest_disturbance/embeddings/joint/fid_38/bef/20230604T142721_20230604T142716_T20LNR__S1A_IW_GRDH_1SDV_20230602T094913_20230602T094938_048805_05DE8B_7193
[ok joint] fid=38 bef -> 1 new .npy in /share/castor/home/e2406749/tropical_forest_disturbance/embeddings/joint/fid_38/bef/20230624T142721_20230624T142715_T20LNR__S1A_IW_GRDH_1SDV_20230626T094914_20230626T094939_049155_05E932_8E24
[ok joint] fid=38 bef -> 1 new .npy in /share/castor/home/e2406749/tropical_forest_disturbance/embeddings/joint/fid_38/bef/20230803T142721_20230803T143434_T20LNR__S1A_IW_GRDH_1SDV_20230801T094916_20230801T094941_049680_05F959_E6F2
[ok joint] fid=38 bef -> 1 new .npy in /share/castor/home/e2406749/tropical_forest_disturbance/embeddings/joint/fid_38/bef/20230326T142711_20230326T142710_T20LNR__S1A_IW_GRDH_1SDV_20230322T094910_20230322T094935_047755_05BCAD_F524
[ok joint] fid=38 bef -> 1 new .npy in /share/castor/home/e2406749/tropical_forest_disturbance/embeddings/joint/fid_38/bef/20230724T142721_20230724T142717_T20LNR__S1A_IW_GRDH_1SDV_20230720T094915_20230720T094940_049505_05F3ED_2372
[ok joint] fid=38 bef -> 1 new .npy in /share/castor/home/e2406749/tropical_forest_disturbance/embeddings/joint/fid_38/bef/20230609T142719_20230609T142938_T20LNR__S1A_IW_GRDH_1SDV_20230614T094913_20230614T094938_048980_05E3E7_6485
[ok joint] fid=38 bef -> 1 new .npy in /share/castor/home/e2406749/tropical_forest_disturbance/embeddings/joint/fid_38/bef/20230515T142711_20230515T142713_T20LNR__S1A_IW_GRDH_1SDV_20230509T094912_20230509T094937_048455_05D42C_BB80
[ok joint] fid=38 evt -> 1 new .npy in /share/castor/home/e2406749/tropical_forest_disturbance/embeddings/joint/fid_38/evt/20230823T142721_20230823T143116_T20LNR__S1A_IW_GRDH_1SDV_20230825T094918_20230825T094943_050030_0604F6_59F6
[ok joint] fid=38 aft -> 1 new .npy in /share/castor/home/e2406749/tropical_forest_disturbance/embeddings/joint/fid_38/aft/20230912T142721_20230912T143158_T20LNR__S1A_IW_GRDH_1SDV_20230906T094918_20230906T094943_050205_060AF4_C05C
[ok joint] fid=340 bef -> 3 new .npy in /share/castor/home/e2406749/tropical_forest_disturbance/embeddings/joint/fid_340/bef/20230214T142711_20230214T143425_T20LNR__S1A_IW_GRDH_1SDV_20230214T094935_20230214T095000_047230_05AAD4_443E
[ok joint] fid=340 bef -> 3 new .npy in /share/castor/home/e2406749/tropical_forest_disturbance/embeddings/joint/fid_340/bef/20230520T142719_20230520T142902_T20LNR__S1A_IW_GRDH_1SDV_20230521T094937_20230521T095002_048630_05D957_8119
[ok joint] fid=340 bef -> 3 new .npy in /share/castor/home/e2406749/tropical_forest_disturbance/embeddings/joint/fid_340/bef/20230709T142719_20230709T142938_T20LNR__S1A_IW_GRDH_1SDV_20230708T094940_20230708T095005_049330_05EE9A_BD21
[ok joint] fid=340 bef -> 3 new .npy in /share/castor/home/e2406749/tropical_forest_disturbance/embeddings/joint/fid_340/bef/20230719T142719_20230719T142939_T20LNR__S1A_IW_GRDH_1SDV_20230720T094940_20230720T095005_049505_05F3ED_61B1
[ok joint] fid=340 bef -> 3 new .npy in /share/castor/home/e2406749/tropical_forest_disturbance/embeddings/joint/fid_340/bef/20230604T142721_20230604T142716_T20LNR__S1A_IW_GRDH_1SDV_20230602T094938_20230602T095003_048805_05DE8B_61F1
[ok joint] fid=340 bef -> 3 new .npy in /share/castor/home/e2406749/tropical_forest_disturbance/embeddings/joint/fid_340/bef/20230624T142721_20230624T142715_T20LNR__S1A_IW_GRDH_1SDV_20230626T094939_20230626T095004_049155_05E932_87DB
[ok joint] fid=340 bef -> 3 new .npy in /share/castor/home/e2406749/tropical_forest_disturbance/embeddings/joint/fid_340/bef/20230301T142709_20230301T142737_T20LNR__S1A_IW_GRDH_1SDV_20230226T094935_20230226T095000_047405_05B0D3_E8BA
[ok joint] fid=340 bef -> 3 new .npy in /share/castor/home/e2406749/tropical_forest_disturbance/embeddings/joint/fid_340/bef/20230430T142719_20230430T142714_T20LNR__S1A_IW_GRDH_1SDV_20230427T094936_20230427T095001_048280_05CE51_C3AC
[ok joint] fid=340 bef -> 3 new .npy in /share/castor/home/e2406749/tropical_forest_disturbance/embeddings/joint/fid_340/bef/20230729T142719_20230729T142718_T20LNR__S1A_IW_GRDH_1SDV_20230801T094941_20230801T095006_049680_05F959_7E64
[ok joint] fid=340 bef -> 3 new .npy in /share/castor/home/e2406749/tropical_forest_disturbance/embeddings/joint/fid_340/bef/20230609T142719_20230609T142938_T20LNR__S1A_IW_GRDH_1SDV_20230614T094938_20230614T095003_048980_05E3E7_B37E
[ok joint] fid=340 bef -> 3 new .npy in /share/castor/home/e2406749/tropical_forest_disturbance/embeddings/joint/fid_340/bef/20230808T142719_20230808T143119_T20LNR__S1A_IW_GRDH_1SDV_20230813T094942_20230813T095007_049855_05FF04_F481
[ok joint] fid=340 bef -> 3 new .npy in /share/castor/home/e2406749/tropical_forest_disturbance/embeddings/joint/fid_340/bef/20230115T142711_20230115T142817_T20LNR__S1A_IW_GRDH_1SDV_20230109T094936_20230109T095001_046705_05993A_763B
[ok joint] fid=340 bef -> 3 new .npy in /share/castor/home/e2406749/tropical_forest_disturbance/embeddings/joint/fid_340/bef/20230515T142711_20230515T142713_T20LNR__S1A_IW_GRDH_1SDV_20230509T094937_20230509T095002_048455_05D42C_4A7D
[ok joint] fid=340 evt -> 3 new .npy in /share/castor/home/e2406749/tropical_forest_disturbance/embeddings/joint/fid_340/evt/20230823T142721_20230823T143116_T20LNR__S1A_IW_GRDH_1SDV_20230825T094943_20230825T095008_050030_0604F6_5B1D
[ok joint] fid=342 bef -> 2 new .npy in /share/castor/home/e2406749/tropical_forest_disturbance/embeddings/joint/fid_342/bef/20230520T142719_20230520T142902_T20LNR__S1A_IW_GRDH_1SDV_20230521T094937_20230521T095002_048630_05D957_8119
[ok joint] fid=342 bef -> 2 new .npy in /share/castor/home/e2406749/tropical_forest_disturbance/embeddings/joint/fid_342/bef/20230709T142719_20230709T142938_T20LNR__S1A_IW_GRDH_1SDV_20230708T094940_20230708T095005_049330_05EE9A_BD21
[ok joint] fid=342 bef -> 2 new .npy in /share/castor/home/e2406749/tropical_forest_disturbance/embeddings/joint/fid_342/bef/20230719T142719_20230719T142939_T20LNR__S1A_IW_GRDH_1SDV_20230720T094940_20230720T095005_049505_05F3ED_61B1
[ok joint] fid=342 bef -> 2 new .npy in /share/castor/home/e2406749/tropical_forest_disturbance/embeddings/joint/fid_342/bef/20230604T142721_20230604T142716_T20LNR__S1A_IW_GRDH_1SDV_20230602T094938_20230602T095003_048805_05DE8B_61F1
[ok joint] fid=342 bef -> 2 new .npy in /share/castor/home/e2406749/tropical_forest_disturbance/embeddings/joint/fid_342/bef/20230430T142719_20230430T142714_T20LNR__S1A_IW_GRDH_1SDV_20230427T094936_20230427T095001_048280_05CE51_C3AC
[ok joint] fid=342 bef -> 2 new .npy in /share/castor/home/e2406749/tropical_forest_disturbance/embeddings/joint/fid_342/bef/20230629T142719_20230629T143340_T20LNR__S1A_IW_GRDH_1SDV_20230626T094939_20230626T095004_049155_05E932_87DB
[ok joint] fid=342 bef -> 2 new .npy in /share/castor/home/e2406749/tropical_forest_disturbance/embeddings/joint/fid_342/bef/20230729T142719_20230729T142718_T20LNR__S1A_IW_GRDH_1SDV_20230801T094941_20230801T095006_049680_05F959_7E64
[ok joint] fid=342 bef -> 2 new .npy in /share/castor/home/e2406749/tropical_forest_disturbance/embeddings/joint/fid_342/bef/20230609T142719_20230609T142938_T20LNR__S1A_IW_GRDH_1SDV_20230614T094938_20230614T095003_048980_05E3E7_B37E
[ok joint] fid=342 bef -> 2 new .npy in /share/castor/home/e2406749/tropical_forest_disturbance/embeddings/joint/fid_342/bef/20230808T142719_20230808T143119_T20LNR__S1A_IW_GRDH_1SDV_20230813T094942_20230813T095007_049855_05FF04_F481
[ok joint] fid=342 bef -> 2 new .npy in /share/castor/home/e2406749/tropical_forest_disturbance/embeddings/joint/fid_342/bef/20230115T142711_20230115T142817_T20LNR__S1A_IW_GRDH_1SDV_20230109T094936_20230109T095001_046705_05993A_763B
[ok joint] fid=342 bef -> 2 new .npy in /share/castor/home/e2406749/tropical_forest_disturbance/embeddings/joint/fid_342/bef/20230515T142711_20230515T142713_T20LNR__S1A_IW_GRDH_1SDV_20230509T094937_20230509T095002_048455_05D42C_4A7D
[ok joint] fid=342 evt -> 2 new .npy in /share/castor/home/e2406749/tropical_forest_disturbance/embeddings/joint/fid_342/evt/20230823T142721_20230823T143116_T20LNR__S1A_IW_GRDH_1SDV_20230825T094943_20230825T095008_050030_0604F6_5B1D
[ok joint] fid=383 bef -> 3 new .npy in /share/castor/home/e2406749/tropical_forest_disturbance/embeddings/joint/fid_383/bef/20230520T142719_20230520T142902_T20LNR__S1A_IW_GRDH_1SDV_20230521T094937_20230521T095002_048630_05D957_8119
[ok joint] fid=383 bef -> 3 new .npy in /share/castor/home/e2406749/tropical_forest_disturbance/embeddings/joint/fid_383/bef/20230709T142719_20230709T142938_T20LNR__S1A_IW_GRDH_1SDV_20230708T094940_20230708T095005_049330_05EE9A_BD21
[ok joint] fid=383 bef -> 3 new .npy in /share/castor/home/e2406749/tropical_forest_disturbance/embeddings/joint/fid_383/bef/20230719T142719_20230719T142939_T20LNR__S1A_IW_GRDH_1SDV_20230720T094940_20230720T095005_049505_05F3ED_61B1
[ok joint] fid=383 bef -> 3 new .npy in /share/castor/home/e2406749/tropical_forest_disturbance/embeddings/joint/fid_383/bef/20230604T142721_20230604T142716_T20LNR__S1A_IW_GRDH_1SDV_20230602T094938_20230602T095003_048805_05DE8B_61F1
[ok joint] fid=383 bef -> 3 new .npy in /share/castor/home/e2406749/tropical_forest_disturbance/embeddings/joint/fid_383/bef/20230624T142721_20230624T142715_T20LNR__S1A_IW_GRDH_1SDV_20230626T094939_20230626T095004_049155_05E932_87DB
[ok joint] fid=383 bef -> 3 new .npy in /share/castor/home/e2406749/tropical_forest_disturbance/embeddings/joint/fid_383/bef/20230729T142719_20230729T142718_T20LNR__S1A_IW_GRDH_1SDV_20230801T094941_20230801T095006_049680_05F959_7E64
[ok joint] fid=383 bef -> 3 new .npy in /share/castor/home/e2406749/tropical_forest_disturbance/embeddings/joint/fid_383/bef/20230609T142719_20230609T142938_T20LNR__S1A_IW_GRDH_1SDV_20230614T094938_20230614T095003_048980_05E3E7_B37E
[ok joint] fid=383 bef -> 3 new .npy in /share/castor/home/e2406749/tropical_forest_disturbance/embeddings/joint/fid_383/bef/20230808T142719_20230808T143119_T20LNR__S1A_IW_GRDH_1SDV_20230813T094942_20230813T095007_049855_05FF04_F481
[ok joint] fid=383 bef -> 3 new .npy in /share/castor/home/e2406749/tropical_forest_disturbance/embeddings/joint/fid_383/bef/20230515T142711_20230515T142713_T20LNR__S1A_IW_GRDH_1SDV_20230509T094937_20230509T095002_048455_05D42C_4A7D
[ok joint] fid=383 evt -> 3 new .npy in /share/castor/home/e2406749/tropical_forest_disturbance/embeddings/joint/fid_383/evt/20230823T142721_20230823T143116_T20LNR__S1A_IW_GRDH_1SDV_20230825T094943_20230825T095008_050030_0604F6_5B1D
[ok joint] fid=52 bef -> 3 new .npy in /share/castor/home/e2406749/tropical_forest_disturbance/embeddings/joint/fid_52/bef/20230214T142711_20230214T143425_T20LNR__S1A_IW_GRDH_1SDV_20230214T094910_20230214T094935_047230_05AAD4_E27D
[ok joint] fid=52 bef -> 3 new .npy in /share/castor/home/e2406749/tropical_forest_disturbance/embeddings/joint/fid_52/bef/20230709T142719_20230709T142938_T20LNR__S1A_IW_GRDH_1SDV_20230708T094915_20230708T094940_049330_05EE9A_201B
[ok joint] fid=52 bef -> 3 new .npy in /share/castor/home/e2406749/tropical_forest_disturbance/embeddings/joint/fid_52/bef/20230604T142721_20230604T142716_T20LNR__S1A_IW_GRDH_1SDV_20230602T094913_20230602T094938_048805_05DE8B_7193
[ok joint] fid=52 bef -> 3 new .npy in /share/castor/home/e2406749/tropical_forest_disturbance/embeddings/joint/fid_52/bef/20230624T142721_20230624T142715_T20LNR__S1A_IW_GRDH_1SDV_20230626T094914_20230626T094939_049155_05E932_8E24
[ok joint] fid=52 bef -> 3 new .npy in /share/castor/home/e2406749/tropical_forest_disturbance/embeddings/joint/fid_52/bef/20230803T142721_20230803T143434_T20LNR__S1A_IW_GRDH_1SDV_20230801T094916_20230801T094941_049680_05F959_E6F2
[ok joint] fid=52 bef -> 3 new .npy in /share/castor/home/e2406749/tropical_forest_disturbance/embeddings/joint/fid_52/bef/20230301T142709_20230301T142737_T20LNR__S1A_IW_GRDH_1SDV_20230226T094910_20230226T094935_047405_05B0D3_9DE4
[ok joint] fid=52 bef -> 3 new .npy in /share/castor/home/e2406749/tropical_forest_disturbance/embeddings/joint/fid_52/bef/20230724T142721_20230724T142717_T20LNR__S1A_IW_GRDH_1SDV_20230720T094915_20230720T094940_049505_05F3ED_2372
[ok joint] fid=52 bef -> 3 new .npy in /share/castor/home/e2406749/tropical_forest_disturbance/embeddings/joint/fid_52/bef/20230420T142719_20230420T142714_T20LNR__S1A_IW_GRDH_1SDV_20230415T094911_20230415T094936_048105_05C876_50BE
[ok joint] fid=52 bef -> 3 new .npy in /share/castor/home/e2406749/tropical_forest_disturbance/embeddings/joint/fid_52/bef/20230609T142719_20230609T142938_T20LNR__S1A_IW_GRDH_1SDV_20230614T094913_20230614T094938_048980_05E3E7_6485
[ok joint] fid=52 bef -> 3 new .npy in /share/castor/home/e2406749/tropical_forest_disturbance/embeddings/joint/fid_52/bef/20230808T142719_20230808T143119_T20LNR__S1A_IW_GRDH_1SDV_20230813T094917_20230813T094942_049855_05FF04_E952
[ok joint] fid=52 bef -> 3 new .npy in /share/castor/home/e2406749/tropical_forest_disturbance/embeddings/joint/fid_52/bef/20230515T142711_20230515T142713_T20LNR__S1A_IW_GRDH_1SDV_20230509T094912_20230509T094937_048455_05D42C_BB80
[ok joint] fid=52 evt -> 3 new .npy in /share/castor/home/e2406749/tropical_forest_disturbance/embeddings/joint/fid_52/evt/20230823T142721_20230823T143116_T20LNR__S1A_IW_GRDH_1SDV_20230825T094918_20230825T094943_050030_0604F6_59F6
[ok joint] fid=66 bef -> 2 new .npy in /share/castor/home/e2406749/tropical_forest_disturbance/embeddings/joint/fid_66/bef/20230709T142719_20230709T142938_T20LNR__S1A_IW_GRDH_1SDV_20230708T094940_20230708T095005_049330_05EE9A_BD21
[ok joint] fid=66 bef -> 2 new .npy in /share/castor/home/e2406749/tropical_forest_disturbance/embeddings/joint/fid_66/bef/20230719T142719_20230719T142939_T20LNR__S1A_IW_GRDH_1SDV_20230720T094940_20230720T095005_049505_05F3ED_61B1
[ok joint] fid=66 bef -> 2 new .npy in /share/castor/home/e2406749/tropical_forest_disturbance/embeddings/joint/fid_66/bef/20230604T142721_20230604T142716_T20LNR__S1A_IW_GRDH_1SDV_20230602T094938_20230602T095003_048805_05DE8B_61F1
[ok joint] fid=66 bef -> 2 new .npy in /share/castor/home/e2406749/tropical_forest_disturbance/embeddings/joint/fid_66/bef/20230624T142721_20230624T142715_T20LNR__S1A_IW_GRDH_1SDV_20230626T094939_20230626T095004_049155_05E932_87DB
[ok joint] fid=66 bef -> 2 new .npy in /share/castor/home/e2406749/tropical_forest_disturbance/embeddings/joint/fid_66/bef/20230803T142721_20230803T143434_T20LNR__S1A_IW_GRDH_1SDV_20230801T094941_20230801T095006_049680_05F959_7E64
[ok joint] fid=66 bef -> 2 new .npy in /share/castor/home/e2406749/tropical_forest_disturbance/embeddings/joint/fid_66/bef/20230823T142721_20230823T143116_T20LNR__S1A_IW_GRDH_1SDV_20230825T094943_20230825T095008_050030_0604F6_5B1D
[ok joint] fid=66 bef -> 2 new .npy in /share/castor/home/e2406749/tropical_forest_disturbance/embeddings/joint/fid_66/bef/20230430T142719_20230430T142714_T20LNR__S1A_IW_GRDH_1SDV_20230427T094936_20230427T095001_048280_05CE51_C3AC
[ok joint] fid=66 bef -> 2 new .npy in /share/castor/home/e2406749/tropical_forest_disturbance/embeddings/joint/fid_66/bef/20230525T142721_20230525T142853_T20LNR__S1A_IW_GRDH_1SDV_20230521T094937_20230521T095002_048630_05D957_8119
[ok joint] fid=66 bef -> 2 new .npy in /share/castor/home/e2406749/tropical_forest_disturbance/embeddings/joint/fid_66/bef/20230609T142719_20230609T142938_T20LNR__S1A_IW_GRDH_1SDV_20230614T094938_20230614T095003_048980_05E3E7_B37E
[ok joint] fid=66 bef -> 2 new .npy in /share/castor/home/e2406749/tropical_forest_disturbance/embeddings/joint/fid_66/bef/20230808T142719_20230808T143119_T20LNR__S1A_IW_GRDH_1SDV_20230813T094942_20230813T095007_049855_05FF04_F481
[ok joint] fid=66 bef -> 2 new .npy in /share/castor/home/e2406749/tropical_forest_disturbance/embeddings/joint/fid_66/bef/20230515T142711_20230515T142713_T20LNR__S1A_IW_GRDH_1SDV_20230509T094937_20230509T095002_048455_05D42C_4A7D
[ok joint] fid=66 aft -> 2 new .npy in /share/castor/home/e2406749/tropical_forest_disturbance/embeddings/joint/fid_66/aft/20231002T142711_20231002T143108_T20LNR__S1A_IW_GRDH_1SDV_20230930T094944_20230930T095009_050555_0616E4_8B83
[ok joint] fid=67 bef -> 2 new .npy in /share/castor/home/e2406749/tropical_forest_disturbance/embeddings/joint/fid_67/bef/20230709T142719_20230709T142938_T20LNR__S1A_IW_GRDH_1SDV_20230708T094940_20230708T095005_049330_05EE9A_BD21
[ok joint] fid=67 bef -> 2 new .npy in /share/castor/home/e2406749/tropical_forest_disturbance/embeddings/joint/fid_67/bef/20230719T142719_20230719T142939_T20LNR__S1A_IW_GRDH_1SDV_20230720T094940_20230720T095005_049505_05F3ED_61B1
[ok joint] fid=67 bef -> 2 new .npy in /share/castor/home/e2406749/tropical_forest_disturbance/embeddings/joint/fid_67/bef/20230604T142721_20230604T142716_T20LNR__S1A_IW_GRDH_1SDV_20230602T094938_20230602T095003_048805_05DE8B_61F1
[ok joint] fid=67 bef -> 2 new .npy in /share/castor/home/e2406749/tropical_forest_disturbance/embeddings/joint/fid_67/bef/20230624T142721_20230624T142715_T20LNR__S1A_IW_GRDH_1SDV_20230626T094939_20230626T095004_049155_05E932_87DB
[ok joint] fid=67 bef -> 2 new .npy in /share/castor/home/e2406749/tropical_forest_disturbance/embeddings/joint/fid_67/bef/20230803T142721_20230803T143434_T20LNR__S1A_IW_GRDH_1SDV_20230801T094941_20230801T095006_049680_05F959_7E64
[ok joint] fid=67 bef -> 2 new .npy in /share/castor/home/e2406749/tropical_forest_disturbance/embeddings/joint/fid_67/bef/20230823T142721_20230823T143116_T20LNR__S1A_IW_GRDH_1SDV_20230825T094943_20230825T095008_050030_0604F6_5B1D
[ok joint] fid=67 bef -> 2 new .npy in /share/castor/home/e2406749/tropical_forest_disturbance/embeddings/joint/fid_67/bef/20230430T142719_20230430T142714_T20LNR__S1A_IW_GRDH_1SDV_20230427T094936_20230427T095001_048280_05CE51_C3AC
[ok joint] fid=67 bef -> 2 new .npy in /share/castor/home/e2406749/tropical_forest_disturbance/embeddings/joint/fid_67/bef/20230525T142721_20230525T142853_T20LNR__S1A_IW_GRDH_1SDV_20230521T094937_20230521T095002_048630_05D957_8119
[ok joint] fid=67 bef -> 2 new .npy in /share/castor/home/e2406749/tropical_forest_disturbance/embeddings/joint/fid_67/bef/20230609T142719_20230609T142938_T20LNR__S1A_IW_GRDH_1SDV_20230614T094938_20230614T095003_048980_05E3E7_B37E
[ok joint] fid=67 bef -> 2 new .npy in /share/castor/home/e2406749/tropical_forest_disturbance/embeddings/joint/fid_67/bef/20230818T142719_20230818T143227_T20LNR__S1A_IW_GRDH_1SDV_20230813T094942_20230813T095007_049855_05FF04_F481
[ok joint] fid=67 bef -> 2 new .npy in /share/castor/home/e2406749/tropical_forest_disturbance/embeddings/joint/fid_67/bef/20230515T142711_20230515T142713_T20LNR__S1A_IW_GRDH_1SDV_20230509T094937_20230509T095002_048455_05D42C_4A7D
[ok joint] fid=67 aft -> 2 new .npy in /share/castor/home/e2406749/tropical_forest_disturbance/embeddings/joint/fid_67/aft/20231002T142711_20231002T143108_T20LNR__S1A_IW_GRDH_1SDV_20230930T094944_20230930T095009_050555_0616E4_8B83
[ok joint] fid=70 bef -> 1 new .npy in /share/castor/home/e2406749/tropical_forest_disturbance/embeddings/joint/fid_70/bef/20230709T142719_20230709T142938_T20LNR__S1A_IW_GRDH_1SDV_20230708T094915_20230708T094940_049330_05EE9A_201B
[ok joint] fid=70 bef -> 1 new .npy in /share/castor/home/e2406749/tropical_forest_disturbance/embeddings/joint/fid_70/bef/20230604T142721_20230604T142716_T20LNR__S1A_IW_GRDH_1SDV_20230602T094913_20230602T094938_048805_05DE8B_7193
[ok joint] fid=70 bef -> 1 new .npy in /share/castor/home/e2406749/tropical_forest_disturbance/embeddings/joint/fid_70/bef/20230624T142721_20230624T142715_T20LNR__S1A_IW_GRDH_1SDV_20230626T094914_20230626T094939_049155_05E932_8E24
[ok joint] fid=70 bef -> 1 new .npy in /share/castor/home/e2406749/tropical_forest_disturbance/embeddings/joint/fid_70/bef/20230803T142721_20230803T143434_T20LNR__S1A_IW_GRDH_1SDV_20230801T094916_20230801T094941_049680_05F959_E6F2
[ok joint] fid=70 bef -> 1 new .npy in /share/castor/home/e2406749/tropical_forest_disturbance/embeddings/joint/fid_70/bef/20230823T142721_20230823T143116_T20LNR__S1A_IW_GRDH_1SDV_20230825T094918_20230825T094943_050030_0604F6_59F6
[ok joint] fid=70 bef -> 1 new .npy in /share/castor/home/e2406749/tropical_forest_disturbance/embeddings/joint/fid_70/bef/20230430T142719_20230430T142714_T20LNR__S1A_IW_GRDH_1SDV_20230427T094911_20230427T094936_048280_05CE51_9F1D
[ok joint] fid=70 bef -> 1 new .npy in /share/castor/home/e2406749/tropical_forest_disturbance/embeddings/joint/fid_70/bef/20230724T142721_20230724T142717_T20LNR__S1A_IW_GRDH_1SDV_20230720T094915_20230720T094940_049505_05F3ED_2372
[ok joint] fid=70 bef -> 1 new .npy in /share/castor/home/e2406749/tropical_forest_disturbance/embeddings/joint/fid_70/bef/20230609T142719_20230609T142938_T20LNR__S1A_IW_GRDH_1SDV_20230614T094913_20230614T094938_048980_05E3E7_6485
[ok joint] fid=70 bef -> 1 new .npy in /share/castor/home/e2406749/tropical_forest_disturbance/embeddings/joint/fid_70/bef/20230808T142719_20230808T143119_T20LNR__S1A_IW_GRDH_1SDV_20230813T094917_20230813T094942_049855_05FF04_E952
[ok joint] fid=70 bef -> 1 new .npy in /share/castor/home/e2406749/tropical_forest_disturbance/embeddings/joint/fid_70/bef/20230515T142711_20230515T142713_T20LNR__S1A_IW_GRDH_1SDV_20230509T094912_20230509T094937_048455_05D42C_BB80
[ok joint] fid=70 evt -> 1 new .npy in /share/castor/home/e2406749/tropical_forest_disturbance/embeddings/joint/fid_70/evt/20230912T142721_20230912T143158_T20LNR__S1A_IW_GRDH_1SDV_20230906T094918_20230906T094943_050205_060AF4_C05C
[ok joint] fid=70 aft -> 1 new .npy in /share/castor/home/e2406749/tropical_forest_disturbance/embeddings/joint/fid_70/aft/20231002T142711_20231002T143108_T20LNR__S1A_IW_GRDH_1SDV_20230930T094919_20230930T094944_050555_0616E4_C554
[ok joint] fid=75 bef -> 3 new .npy in /share/castor/home/e2406749/tropical_forest_disturbance/embeddings/joint/fid_75/bef/20230709T142719_20230709T142938_T20LNR__S1A_IW_GRDH_1SDV_20230708T094915_20230708T094940_049330_05EE9A_201B
[ok joint] fid=75 bef -> 3 new .npy in /share/castor/home/e2406749/tropical_forest_disturbance/embeddings/joint/fid_75/bef/20230604T142721_20230604T142716_T20LNR__S1A_IW_GRDH_1SDV_20230602T094913_20230602T094938_048805_05DE8B_7193
[ok joint] fid=75 bef -> 3 new .npy in /share/castor/home/e2406749/tropical_forest_disturbance/embeddings/joint/fid_75/bef/20230624T142721_20230624T142715_T20LNR__S1A_IW_GRDH_1SDV_20230626T094914_20230626T094939_049155_05E932_8E24
[ok joint] fid=75 bef -> 3 new .npy in /share/castor/home/e2406749/tropical_forest_disturbance/embeddings/joint/fid_75/bef/20230803T142721_20230803T143434_T20LNR__S1A_IW_GRDH_1SDV_20230801T094916_20230801T094941_049680_05F959_E6F2
[ok joint] fid=75 bef -> 3 new .npy in /share/castor/home/e2406749/tropical_forest_disturbance/embeddings/joint/fid_75/bef/20230823T142721_20230823T143116_T20LNR__S1A_IW_GRDH_1SDV_20230825T094918_20230825T094943_050030_0604F6_59F6
[ok joint] fid=75 bef -> 3 new .npy in /share/castor/home/e2406749/tropical_forest_disturbance/embeddings/joint/fid_75/bef/20230724T142721_20230724T142717_T20LNR__S1A_IW_GRDH_1SDV_20230720T094915_20230720T094940_049505_05F3ED_2372
[ok joint] fid=75 bef -> 3 new .npy in /share/castor/home/e2406749/tropical_forest_disturbance/embeddings/joint/fid_75/bef/20230609T142719_20230609T142938_T20LNR__S1A_IW_GRDH_1SDV_20230614T094913_20230614T094938_048980_05E3E7_6485
[ok joint] fid=75 bef -> 3 new .npy in /share/castor/home/e2406749/tropical_forest_disturbance/embeddings/joint/fid_75/bef/20230808T142719_20230808T143119_T20LNR__S1A_IW_GRDH_1SDV_20230813T094917_20230813T094942_049855_05FF04_E952
[ok joint] fid=75 bef -> 3 new .npy in /share/castor/home/e2406749/tropical_forest_disturbance/embeddings/joint/fid_75/bef/20230515T142711_20230515T142713_T20LNR__S1A_IW_GRDH_1SDV_20230509T094912_20230509T094937_048455_05D42C_BB80
[ok joint] fid=75 evt -> 3 new .npy in /share/castor/home/e2406749/tropical_forest_disturbance/embeddings/joint/fid_75/evt/20230912T142721_20230912T143158_T20LNR__S1A_IW_GRDH_1SDV_20230906T094918_20230906T094943_050205_060AF4_C05C
[ok joint] fid=75 aft -> 3 new .npy in /share/castor/home/e2406749/tropical_forest_disturbance/embeddings/joint/fid_75/aft/20231002T142711_20231002T143108_T20LNR__S1A_IW_GRDH_1SDV_20230930T094919_20230930T094944_050555_0616E4_C554
[ok joint] fid=331 bef -> 2 new .npy in /share/castor/home/e2406749/tropical_forest_disturbance/embeddings/joint/fid_331/bef/20230214T142711_20230214T143425_T20LNR__S1A_IW_GRDH_1SDV_20230214T094935_20230214T095000_047230_05AAD4_443E
[ok joint] fid=331 bef -> 2 new .npy in /share/castor/home/e2406749/tropical_forest_disturbance/embeddings/joint/fid_331/bef/20230520T142719_20230520T142902_T20LNR__S1A_IW_GRDH_1SDV_20230521T094937_20230521T095002_048630_05D957_8119
[ok joint] fid=331 bef -> 2 new .npy in /share/castor/home/e2406749/tropical_forest_disturbance/embeddings/joint/fid_331/bef/20230709T142719_20230709T142938_T20LNR__S1A_IW_GRDH_1SDV_20230708T094940_20230708T095005_049330_05EE9A_BD21
[ok joint] fid=331 bef -> 2 new .npy in /share/castor/home/e2406749/tropical_forest_disturbance/embeddings/joint/fid_331/bef/20230604T142721_20230604T142716_T20LNR__S1A_IW_GRDH_1SDV_20230602T094938_20230602T095003_048805_05DE8B_61F1
[ok joint] fid=331 bef -> 2 new .npy in /share/castor/home/e2406749/tropical_forest_disturbance/embeddings/joint/fid_331/bef/20230624T142721_20230624T142715_T20LNR__S1A_IW_GRDH_1SDV_20230626T094939_20230626T095004_049155_05E932_87DB
[ok joint] fid=331 bef -> 2 new .npy in /share/castor/home/e2406749/tropical_forest_disturbance/embeddings/joint/fid_331/bef/20230803T142721_20230803T143434_T20LNR__S1A_IW_GRDH_1SDV_20230801T094941_20230801T095006_049680_05F959_7E64
[ok joint] fid=331 bef -> 2 new .npy in /share/castor/home/e2406749/tropical_forest_disturbance/embeddings/joint/fid_331/bef/20230823T142721_20230823T143116_T20LNR__S1A_IW_GRDH_1SDV_20230825T094943_20230825T095008_050030_0604F6_5B1D
[ok joint] fid=331 bef -> 2 new .npy in /share/castor/home/e2406749/tropical_forest_disturbance/embeddings/joint/fid_331/bef/20230724T142721_20230724T142717_T20LNR__S1A_IW_GRDH_1SDV_20230720T094940_20230720T095005_049505_05F3ED_61B1
[ok joint] fid=331 bef -> 2 new .npy in /share/castor/home/e2406749/tropical_forest_disturbance/embeddings/joint/fid_331/bef/20230420T142719_20230420T142714_T20LNR__S1A_IW_GRDH_1SDV_20230415T094936_20230415T095001_048105_05C876_7D01
[ok joint] fid=331 bef -> 2 new .npy in /share/castor/home/e2406749/tropical_forest_disturbance/embeddings/joint/fid_331/bef/20230609T142719_20230609T142938_T20LNR__S1A_IW_GRDH_1SDV_20230614T094938_20230614T095003_048980_05E3E7_B37E
[ok joint] fid=331 bef -> 2 new .npy in /share/castor/home/e2406749/tropical_forest_disturbance/embeddings/joint/fid_331/bef/20230808T142719_20230808T143119_T20LNR__S1A_IW_GRDH_1SDV_20230813T094942_20230813T095007_049855_05FF04_F481
[ok joint] fid=331 bef -> 2 new .npy in /share/castor/home/e2406749/tropical_forest_disturbance/embeddings/joint/fid_331/bef/20230515T142711_20230515T142713_T20LNR__S1A_IW_GRDH_1SDV_20230509T094937_20230509T095002_048455_05D42C_4A7D
[ok joint] fid=331 evt -> 2 new .npy in /share/castor/home/e2406749/tropical_forest_disturbance/embeddings/joint/fid_331/evt/20230912T142721_20230912T143158_T20LNR__S1A_IW_GRDH_1SDV_20230906T094943_20230906T095008_050205_060AF4_E713
[ok joint] fid=331 aft -> 2 new .npy in /share/castor/home/e2406749/tropical_forest_disturbance/embeddings/joint/fid_331/aft/20231002T142711_20231002T143108_T20LNR__S1A_IW_GRDH_1SDV_20230930T094944_20230930T095009_050555_0616E4_8B83
[ok joint] fid=344 bef -> 4 new .npy in /share/castor/home/e2406749/tropical_forest_disturbance/embeddings/joint/fid_344/bef/20230709T142719_20230709T142938_T20LNR__S1A_IW_GRDH_1SDV_20230708T094940_20230708T095005_049330_05EE9A_BD21
[ok joint] fid=344 bef -> 4 new .npy in /share/castor/home/e2406749/tropical_forest_disturbance/embeddings/joint/fid_344/bef/20230719T142719_20230719T142939_T20LNR__S1A_IW_GRDH_1SDV_20230720T094940_20230720T095005_049505_05F3ED_61B1
[ok joint] fid=344 bef -> 4 new .npy in /share/castor/home/e2406749/tropical_forest_disturbance/embeddings/joint/fid_344/bef/20230604T142721_20230604T142716_T20LNR__S1A_IW_GRDH_1SDV_20230602T094938_20230602T095003_048805_05DE8B_61F1
[ok joint] fid=344 bef -> 4 new .npy in /share/castor/home/e2406749/tropical_forest_disturbance/embeddings/joint/fid_344/bef/20230624T142721_20230624T142715_T20LNR__S1A_IW_GRDH_1SDV_20230626T094939_20230626T095004_049155_05E932_87DB
[ok joint] fid=344 bef -> 4 new .npy in /share/castor/home/e2406749/tropical_forest_disturbance/embeddings/joint/fid_344/bef/20230803T142721_20230803T143434_T20LNR__S1A_IW_GRDH_1SDV_20230801T094941_20230801T095006_049680_05F959_7E64
[ok joint] fid=344 bef -> 4 new .npy in /share/castor/home/e2406749/tropical_forest_disturbance/embeddings/joint/fid_344/bef/20230823T142721_20230823T143116_T20LNR__S1A_IW_GRDH_1SDV_20230825T094943_20230825T095008_050030_0604F6_5B1D
[ok joint] fid=344 bef -> 4 new .npy in /share/castor/home/e2406749/tropical_forest_disturbance/embeddings/joint/fid_344/bef/20230301T142709_20230301T142737_T20LNR__S1A_IW_GRDH_1SDV_20230226T094935_20230226T095000_047405_05B0D3_E8BA
[ok joint] fid=344 bef -> 4 new .npy in /share/castor/home/e2406749/tropical_forest_disturbance/embeddings/joint/fid_344/bef/20230430T142719_20230430T142714_T20LNR__S1A_IW_GRDH_1SDV_20230427T094936_20230427T095001_048280_05CE51_C3AC
[ok joint] fid=344 bef -> 4 new .npy in /share/castor/home/e2406749/tropical_forest_disturbance/embeddings/joint/fid_344/bef/20230525T142721_20230525T142853_T20LNR__S1A_IW_GRDH_1SDV_20230521T094937_20230521T095002_048630_05D957_8119
[ok joint] fid=344 bef -> 4 new .npy in /share/castor/home/e2406749/tropical_forest_disturbance/embeddings/joint/fid_344/bef/20230609T142719_20230609T142938_T20LNR__S1A_IW_GRDH_1SDV_20230614T094938_20230614T095003_048980_05E3E7_B37E
[ok joint] fid=344 bef -> 4 new .npy in /share/castor/home/e2406749/tropical_forest_disturbance/embeddings/joint/fid_344/bef/20230808T142719_20230808T143119_T20LNR__S1A_IW_GRDH_1SDV_20230813T094942_20230813T095007_049855_05FF04_F481
[ok joint] fid=344 bef -> 4 new .npy in /share/castor/home/e2406749/tropical_forest_disturbance/embeddings/joint/fid_344/bef/20230515T142711_20230515T142713_T20LNR__S1A_IW_GRDH_1SDV_20230509T094937_20230509T095002_048455_05D42C_4A7D
[ok joint] fid=344 aft -> 4 new .npy in /share/castor/home/e2406749/tropical_forest_disturbance/embeddings/joint/fid_344/aft/20231002T142711_20231002T143108_T20LNR__S1A_IW_GRDH_1SDV_20230930T094944_20230930T095009_050555_0616E4_8B83
[ok joint] fid=77 bef -> 2 new .npy in /share/castor/home/e2406749/tropical_forest_disturbance/embeddings/joint/fid_77/bef/20230709T142719_20230709T142938_T20LNR__S1A_IW_GRDH_1SDV_20230708T094915_20230708T094940_049330_05EE9A_201B
[ok joint] fid=77 bef -> 2 new .npy in /share/castor/home/e2406749/tropical_forest_disturbance/embeddings/joint/fid_77/bef/20230719T142719_20230719T142939_T20LNR__S1A_IW_GRDH_1SDV_20230720T094915_20230720T094940_049505_05F3ED_2372
[ok joint] fid=77 bef -> 2 new .npy in /share/castor/home/e2406749/tropical_forest_disturbance/embeddings/joint/fid_77/bef/20230604T142721_20230604T142716_T20LNR__S1A_IW_GRDH_1SDV_20230602T094913_20230602T094938_048805_05DE8B_7193
[ok joint] fid=77 bef -> 2 new .npy in /share/castor/home/e2406749/tropical_forest_disturbance/embeddings/joint/fid_77/bef/20230624T142721_20230624T142715_T20LNR__S1A_IW_GRDH_1SDV_20230626T094914_20230626T094939_049155_05E932_8E24
[ok joint] fid=77 bef -> 2 new .npy in /share/castor/home/e2406749/tropical_forest_disturbance/embeddings/joint/fid_77/bef/20230823T142721_20230823T143116_T20LNR__S1A_IW_GRDH_1SDV_20230825T094918_20230825T094943_050030_0604F6_59F6
[ok joint] fid=77 bef -> 2 new .npy in /share/castor/home/e2406749/tropical_forest_disturbance/embeddings/joint/fid_77/bef/20230729T142719_20230729T142718_T20LNR__S1A_IW_GRDH_1SDV_20230801T094916_20230801T094941_049680_05F959_E6F2
[ok joint] fid=77 bef -> 2 new .npy in /share/castor/home/e2406749/tropical_forest_disturbance/embeddings/joint/fid_77/bef/20230420T142719_20230420T142714_T20LNR__S1A_IW_GRDH_1SDV_20230415T094911_20230415T094936_048105_05C876_50BE
[ok joint] fid=77 bef -> 2 new .npy in /share/castor/home/e2406749/tropical_forest_disturbance/embeddings/joint/fid_77/bef/20230609T142719_20230609T142938_T20LNR__S1A_IW_GRDH_1SDV_20230614T094913_20230614T094938_048980_05E3E7_6485
[ok joint] fid=77 bef -> 2 new .npy in /share/castor/home/e2406749/tropical_forest_disturbance/embeddings/joint/fid_77/bef/20230808T142719_20230808T143119_T20LNR__S1A_IW_GRDH_1SDV_20230813T094917_20230813T094942_049855_05FF04_E952
[ok joint] fid=77 evt -> 2 new .npy in /share/castor/home/e2406749/tropical_forest_disturbance/embeddings/joint/fid_77/evt/20230912T142721_20230912T143158_T20LNR__S1A_IW_GRDH_1SDV_20230906T094918_20230906T094943_050205_060AF4_C05C
[ok joint] fid=77 aft -> 2 new .npy in /share/castor/home/e2406749/tropical_forest_disturbance/embeddings/joint/fid_77/aft/20231002T142711_20231002T143108_T20LNR__S1A_IW_GRDH_1SDV_20230930T094919_20230930T094944_050555_0616E4_C554
[ok joint] fid=138 bef -> 4 new .npy in /share/castor/home/e2406749/tropical_forest_disturbance/embeddings/joint/fid_138/bef/20230214T142711_20230214T143425_T20LNR__S1A_IW_GRDH_1SDV_20230214T094935_20230214T095000_047230_05AAD4_443E
[ok joint] fid=138 bef -> 4 new .npy in /share/castor/home/e2406749/tropical_forest_disturbance/embeddings/joint/fid_138/bef/20230709T142719_20230709T142938_T20LNR__S1A_IW_GRDH_1SDV_20230708T094940_20230708T095005_049330_05EE9A_BD21
[ok joint] fid=138 bef -> 4 new .npy in /share/castor/home/e2406749/tropical_forest_disturbance/embeddings/joint/fid_138/bef/20230604T142721_20230604T142716_T20LNR__S1A_IW_GRDH_1SDV_20230602T094938_20230602T095003_048805_05DE8B_61F1
[ok joint] fid=138 bef -> 4 new .npy in /share/castor/home/e2406749/tropical_forest_disturbance/embeddings/joint/fid_138/bef/20230624T142721_20230624T142715_T20LNR__S1A_IW_GRDH_1SDV_20230626T094939_20230626T095004_049155_05E932_87DB
[ok joint] fid=138 bef -> 4 new .npy in /share/castor/home/e2406749/tropical_forest_disturbance/embeddings/joint/fid_138/bef/20230430T142719_20230430T142714_T20LNR__S1A_IW_GRDH_1SDV_20230427T094936_20230427T095001_048280_05CE51_C3AC
[ok joint] fid=138 bef -> 4 new .npy in /share/castor/home/e2406749/tropical_forest_disturbance/embeddings/joint/fid_138/bef/20230729T142719_20230729T142718_T20LNR__S1A_IW_GRDH_1SDV_20230801T094941_20230801T095006_049680_05F959_7E64
[ok joint] fid=138 bef -> 4 new .npy in /share/castor/home/e2406749/tropical_forest_disturbance/embeddings/joint/fid_138/bef/20230828T142719_20230828T142716_T20LNR__S1A_IW_GRDH_1SDV_20230825T094943_20230825T095008_050030_0604F6_5B1D
[ok joint] fid=138 bef -> 4 new .npy in /share/castor/home/e2406749/tropical_forest_disturbance/embeddings/joint/fid_138/bef/20230724T142721_20230724T142717_T20LNR__S1A_IW_GRDH_1SDV_20230720T094940_20230720T095005_049505_05F3ED_61B1
[ok joint] fid=138 bef -> 4 new .npy in /share/castor/home/e2406749/tropical_forest_disturbance/embeddings/joint/fid_138/bef/20230609T142719_20230609T142938_T20LNR__S1A_IW_GRDH_1SDV_20230614T094938_20230614T095003_048980_05E3E7_B37E
[ok joint] fid=138 bef -> 4 new .npy in /share/castor/home/e2406749/tropical_forest_disturbance/embeddings/joint/fid_138/bef/20230808T142719_20230808T143119_T20LNR__S1A_IW_GRDH_1SDV_20230813T094942_20230813T095007_049855_05FF04_F481
[ok joint] fid=138 bef -> 4 new .npy in /share/castor/home/e2406749/tropical_forest_disturbance/embeddings/joint/fid_138/bef/20230515T142711_20230515T142713_T20LNR__S1A_IW_GRDH_1SDV_20230509T094937_20230509T095002_048455_05D42C_4A7D
[ok joint] fid=138 aft -> 4 new .npy in /share/castor/home/e2406749/tropical_forest_disturbance/embeddings/joint/fid_138/aft/20231002T142711_20231002T143108_T20LNR__S1A_IW_GRDH_1SDV_20230930T094944_20230930T095009_050555_0616E4_8B83
[ok joint] fid=136 bef -> 2 new .npy in /share/castor/home/e2406749/tropical_forest_disturbance/embeddings/joint/fid_136/bef/20230214T142711_20230214T143425_T20LNR__S1A_IW_GRDH_1SDV_20230214T094935_20230214T095000_047230_05AAD4_443E
[ok joint] fid=136 bef -> 2 new .npy in /share/castor/home/e2406749/tropical_forest_disturbance/embeddings/joint/fid_136/bef/20230709T142719_20230709T142938_T20LNR__S1A_IW_GRDH_1SDV_20230708T094940_20230708T095005_049330_05EE9A_BD21
[ok joint] fid=136 bef -> 2 new .npy in /share/castor/home/e2406749/tropical_forest_disturbance/embeddings/joint/fid_136/bef/20230719T142719_20230719T142939_T20LNR__S1A_IW_GRDH_1SDV_20230720T094940_20230720T095005_049505_05F3ED_61B1
[ok joint] fid=136 bef -> 2 new .npy in /share/castor/home/e2406749/tropical_forest_disturbance/embeddings/joint/fid_136/bef/20230604T142721_20230604T142716_T20LNR__S1A_IW_GRDH_1SDV_20230602T094938_20230602T095003_048805_05DE8B_61F1
[ok joint] fid=136 bef -> 2 new .npy in /share/castor/home/e2406749/tropical_forest_disturbance/embeddings/joint/fid_136/bef/20230624T142721_20230624T142715_T20LNR__S1A_IW_GRDH_1SDV_20230626T094939_20230626T095004_049155_05E932_87DB
[ok joint] fid=136 bef -> 2 new .npy in /share/castor/home/e2406749/tropical_forest_disturbance/embeddings/joint/fid_136/bef/20230803T142721_20230803T143434_T20LNR__S1A_IW_GRDH_1SDV_20230801T094941_20230801T095006_049680_05F959_7E64
[ok joint] fid=136 bef -> 2 new .npy in /share/castor/home/e2406749/tropical_forest_disturbance/embeddings/joint/fid_136/bef/20230823T142721_20230823T143116_T20LNR__S1A_IW_GRDH_1SDV_20230825T094943_20230825T095008_050030_0604F6_5B1D
[ok joint] fid=136 bef -> 2 new .npy in /share/castor/home/e2406749/tropical_forest_disturbance/embeddings/joint/fid_136/bef/20230430T142719_20230430T142714_T20LNR__S1A_IW_GRDH_1SDV_20230427T094936_20230427T095001_048280_05CE51_C3AC
[ok joint] fid=136 bef -> 2 new .npy in /share/castor/home/e2406749/tropical_forest_disturbance/embeddings/joint/fid_136/bef/20230420T142719_20230420T142714_T20LNR__S1A_IW_GRDH_1SDV_20230415T094936_20230415T095001_048105_05C876_7D01
[ok joint] fid=136 bef -> 2 new .npy in /share/castor/home/e2406749/tropical_forest_disturbance/embeddings/joint/fid_136/bef/20230609T142719_20230609T142938_T20LNR__S1A_IW_GRDH_1SDV_20230614T094938_20230614T095003_048980_05E3E7_B37E
[ok joint] fid=136 bef -> 2 new .npy in /share/castor/home/e2406749/tropical_forest_disturbance/embeddings/joint/fid_136/bef/20230808T142719_20230808T143119_T20LNR__S1A_IW_GRDH_1SDV_20230813T094942_20230813T095007_049855_05FF04_F481
[ok joint] fid=136 bef -> 2 new .npy in /share/castor/home/e2406749/tropical_forest_disturbance/embeddings/joint/fid_136/bef/20230515T142711_20230515T142713_T20LNR__S1A_IW_GRDH_1SDV_20230509T094937_20230509T095002_048455_05D42C_4A7D
[ok joint] fid=136 aft -> 2 new .npy in /share/castor/home/e2406749/tropical_forest_disturbance/embeddings/joint/fid_136/aft/20230927T142719_20230927T142849_T20LNR__S1A_IW_GRDH_1SDV_20230930T094944_20230930T095009_050555_0616E4_8B83
[ok joint] fid=60 bef -> 3 new .npy in /share/castor/home/e2406749/tropical_forest_disturbance/embeddings/joint/fid_60/bef/20230214T142711_20230214T143425_T20LNR__S1A_IW_GRDH_1SDV_20230214T094935_20230214T095000_047230_05AAD4_443E
[ok joint] fid=60 bef -> 3 new .npy in /share/castor/home/e2406749/tropical_forest_disturbance/embeddings/joint/fid_60/bef/20230520T142719_20230520T142902_T20LNR__S1A_IW_GRDH_1SDV_20230521T094937_20230521T095002_048630_05D957_8119
[ok joint] fid=60 bef -> 3 new .npy in /share/castor/home/e2406749/tropical_forest_disturbance/embeddings/joint/fid_60/bef/20230709T142719_20230709T142938_T20LNR__S1A_IW_GRDH_1SDV_20230708T094940_20230708T095005_049330_05EE9A_BD21
[ok joint] fid=60 bef -> 3 new .npy in /share/castor/home/e2406749/tropical_forest_disturbance/embeddings/joint/fid_60/bef/20230719T142719_20230719T142939_T20LNR__S1A_IW_GRDH_1SDV_20230720T094940_20230720T095005_049505_05F3ED_61B1
[ok joint] fid=60 bef -> 3 new .npy in /share/castor/home/e2406749/tropical_forest_disturbance/embeddings/joint/fid_60/bef/20230604T142721_20230604T142716_T20LNR__S1A_IW_GRDH_1SDV_20230602T094938_20230602T095003_048805_05DE8B_61F1
[ok joint] fid=60 bef -> 3 new .npy in /share/castor/home/e2406749/tropical_forest_disturbance/embeddings/joint/fid_60/bef/20230624T142721_20230624T142715_T20LNR__S1A_IW_GRDH_1SDV_20230626T094939_20230626T095004_049155_05E932_87DB
[ok joint] fid=60 bef -> 3 new .npy in /share/castor/home/e2406749/tropical_forest_disturbance/embeddings/joint/fid_60/bef/20230823T142721_20230823T143116_T20LNR__S1A_IW_GRDH_1SDV_20230825T094943_20230825T095008_050030_0604F6_5B1D
[ok joint] fid=60 bef -> 3 new .npy in /share/castor/home/e2406749/tropical_forest_disturbance/embeddings/joint/fid_60/bef/20230430T142719_20230430T142714_T20LNR__S1A_IW_GRDH_1SDV_20230427T094936_20230427T095001_048280_05CE51_C3AC
[ok joint] fid=60 bef -> 3 new .npy in /share/castor/home/e2406749/tropical_forest_disturbance/embeddings/joint/fid_60/bef/20230729T142719_20230729T142718_T20LNR__S1A_IW_GRDH_1SDV_20230801T094941_20230801T095006_049680_05F959_7E64
[ok joint] fid=60 bef -> 3 new .npy in /share/castor/home/e2406749/tropical_forest_disturbance/embeddings/joint/fid_60/bef/20230609T142719_20230609T142938_T20LNR__S1A_IW_GRDH_1SDV_20230614T094938_20230614T095003_048980_05E3E7_B37E
[ok joint] fid=60 bef -> 3 new .npy in /share/castor/home/e2406749/tropical_forest_disturbance/embeddings/joint/fid_60/bef/20230818T142719_20230818T143227_T20LNR__S1A_IW_GRDH_1SDV_20230813T094942_20230813T095007_049855_05FF04_F481
[ok joint] fid=60 bef -> 3 new .npy in /share/castor/home/e2406749/tropical_forest_disturbance/embeddings/joint/fid_60/bef/20230515T142711_20230515T142713_T20LNR__S1A_IW_GRDH_1SDV_20230509T094937_20230509T095002_048455_05D42C_4A7D
[ok joint] fid=60 aft -> 3 new .npy in /share/castor/home/e2406749/tropical_forest_disturbance/embeddings/joint/fid_60/aft/20231002T142711_20231002T143108_T20LNR__S1A_IW_GRDH_1SDV_20230930T094944_20230930T095009_050555_0616E4_8B83
[ok joint] fid=60 aft -> 3 new .npy in /share/castor/home/e2406749/tropical_forest_disturbance/embeddings/joint/fid_60/aft/20231007T142709_20231007T142929_T20LNR__S1A_IW_GRDH_1SDV_20231012T094943_20231012T095008_050730_061CE6_B0FB
[ok joint] fid=369 bef -> 8 new .npy in /share/castor/home/e2406749/tropical_forest_disturbance/embeddings/joint/fid_369/bef/20230214T142711_20230214T143425_T20LNR__S1A_IW_GRDH_1SDV_20230214T094935_20230214T095000_047230_05AAD4_443E
[ok joint] fid=369 bef -> 8 new .npy in /share/castor/home/e2406749/tropical_forest_disturbance/embeddings/joint/fid_369/bef/20230709T142719_20230709T142938_T20LNR__S1A_IW_GRDH_1SDV_20230708T094940_20230708T095005_049330_05EE9A_BD21
[ok joint] fid=369 bef -> 8 new .npy in /share/castor/home/e2406749/tropical_forest_disturbance/embeddings/joint/fid_369/bef/20230719T142719_20230719T142939_T20LNR__S1A_IW_GRDH_1SDV_20230720T094940_20230720T095005_049505_05F3ED_61B1
[ok joint] fid=369 bef -> 8 new .npy in /share/castor/home/e2406749/tropical_forest_disturbance/embeddings/joint/fid_369/bef/20230604T142721_20230604T142716_T20LNR__S1A_IW_GRDH_1SDV_20230602T094938_20230602T095003_048805_05DE8B_61F1
[ok joint] fid=369 bef -> 8 new .npy in /share/castor/home/e2406749/tropical_forest_disturbance/embeddings/joint/fid_369/bef/20230624T142721_20230624T142715_T20LNR__S1A_IW_GRDH_1SDV_20230626T094939_20230626T095004_049155_05E932_87DB
[ok joint] fid=369 bef -> 8 new .npy in /share/castor/home/e2406749/tropical_forest_disturbance/embeddings/joint/fid_369/bef/20230823T142721_20230823T143116_T20LNR__S1A_IW_GRDH_1SDV_20230825T094943_20230825T095008_050030_0604F6_5B1D
[ok joint] fid=369 bef -> 8 new .npy in /share/castor/home/e2406749/tropical_forest_disturbance/embeddings/joint/fid_369/bef/20230430T142719_20230430T142714_T20LNR__S1A_IW_GRDH_1SDV_20230427T094936_20230427T095001_048280_05CE51_C3AC
[ok joint] fid=369 bef -> 8 new .npy in /share/castor/home/e2406749/tropical_forest_disturbance/embeddings/joint/fid_369/bef/20230729T142719_20230729T142718_T20LNR__S1A_IW_GRDH_1SDV_20230801T094941_20230801T095006_049680_05F959_7E64
[ok joint] fid=369 bef -> 8 new .npy in /share/castor/home/e2406749/tropical_forest_disturbance/embeddings/joint/fid_369/bef/20230525T142721_20230525T142853_T20LNR__S1A_IW_GRDH_1SDV_20230521T094937_20230521T095002_048630_05D957_8119
[ok joint] fid=369 bef -> 8 new .npy in /share/castor/home/e2406749/tropical_forest_disturbance/embeddings/joint/fid_369/bef/20230609T142719_20230609T142938_T20LNR__S1A_IW_GRDH_1SDV_20230614T094938_20230614T095003_048980_05E3E7_B37E
[ok joint] fid=369 bef -> 8 new .npy in /share/castor/home/e2406749/tropical_forest_disturbance/embeddings/joint/fid_369/bef/20230515T142711_20230515T142713_T20LNR__S1A_IW_GRDH_1SDV_20230509T094937_20230509T095002_048455_05D42C_4A7D
[ok joint] fid=369 aft -> 8 new .npy in /share/castor/home/e2406749/tropical_forest_disturbance/embeddings/joint/fid_369/aft/20231002T142711_20231002T143108_T20LNR__S1A_IW_GRDH_1SDV_20230930T094944_20230930T095009_050555_0616E4_8B83
[ok joint] fid=369 aft -> 8 new .npy in /share/castor/home/e2406749/tropical_forest_disturbance/embeddings/joint/fid_369/aft/20231007T142709_20231007T142929_T20LNR__S1A_IW_GRDH_1SDV_20231012T094943_20231012T095008_050730_061CE6_B0FB
[ok joint] fid=371 bef -> 2 new .npy in /share/castor/home/e2406749/tropical_forest_disturbance/embeddings/joint/fid_371/bef/20230214T142711_20230214T143425_T20LNR__S1A_IW_GRDH_1SDV_20230214T094935_20230214T095000_047230_05AAD4_443E
[ok joint] fid=371 bef -> 2 new .npy in /share/castor/home/e2406749/tropical_forest_disturbance/embeddings/joint/fid_371/bef/20230520T142719_20230520T142902_T20LNR__S1A_IW_GRDH_1SDV_20230521T094937_20230521T095002_048630_05D957_8119
[ok joint] fid=371 bef -> 2 new .npy in /share/castor/home/e2406749/tropical_forest_disturbance/embeddings/joint/fid_371/bef/20230709T142719_20230709T142938_T20LNR__S1A_IW_GRDH_1SDV_20230708T094940_20230708T095005_049330_05EE9A_BD21
[ok joint] fid=371 bef -> 2 new .npy in /share/castor/home/e2406749/tropical_forest_disturbance/embeddings/joint/fid_371/bef/20230719T142719_20230719T142939_T20LNR__S1A_IW_GRDH_1SDV_20230720T094940_20230720T095005_049505_05F3ED_61B1
[ok joint] fid=371 bef -> 2 new .npy in /share/castor/home/e2406749/tropical_forest_disturbance/embeddings/joint/fid_371/bef/20230604T142721_20230604T142716_T20LNR__S1A_IW_GRDH_1SDV_20230602T094938_20230602T095003_048805_05DE8B_61F1
[ok joint] fid=371 bef -> 2 new .npy in /share/castor/home/e2406749/tropical_forest_disturbance/embeddings/joint/fid_371/bef/20230624T142721_20230624T142715_T20LNR__S1A_IW_GRDH_1SDV_20230626T094939_20230626T095004_049155_05E932_87DB
[ok joint] fid=371 bef -> 2 new .npy in /share/castor/home/e2406749/tropical_forest_disturbance/embeddings/joint/fid_371/bef/20230823T142721_20230823T143116_T20LNR__S1A_IW_GRDH_1SDV_20230825T094943_20230825T095008_050030_0604F6_5B1D
[ok joint] fid=371 bef -> 2 new .npy in /share/castor/home/e2406749/tropical_forest_disturbance/embeddings/joint/fid_371/bef/20230430T142719_20230430T142714_T20LNR__S1A_IW_GRDH_1SDV_20230427T094936_20230427T095001_048280_05CE51_C3AC
[ok joint] fid=371 bef -> 2 new .npy in /share/castor/home/e2406749/tropical_forest_disturbance/embeddings/joint/fid_371/bef/20230729T142719_20230729T142718_T20LNR__S1A_IW_GRDH_1SDV_20230801T094941_20230801T095006_049680_05F959_7E64
[ok joint] fid=371 bef -> 2 new .npy in /share/castor/home/e2406749/tropical_forest_disturbance/embeddings/joint/fid_371/bef/20230609T142719_20230609T142938_T20LNR__S1A_IW_GRDH_1SDV_20230614T094938_20230614T095003_048980_05E3E7_B37E
[ok joint] fid=371 bef -> 2 new .npy in /share/castor/home/e2406749/tropical_forest_disturbance/embeddings/joint/fid_371/bef/20230818T142719_20230818T143227_T20LNR__S1A_IW_GRDH_1SDV_20230813T094942_20230813T095007_049855_05FF04_F481
[ok joint] fid=371 bef -> 2 new .npy in /share/castor/home/e2406749/tropical_forest_disturbance/embeddings/joint/fid_371/bef/20230115T142711_20230115T142817_T20LNR__S1A_IW_GRDH_1SDV_20230109T094936_20230109T095001_046705_05993A_763B
[ok joint] fid=371 bef -> 2 new .npy in /share/castor/home/e2406749/tropical_forest_disturbance/embeddings/joint/fid_371/bef/20230515T142711_20230515T142713_T20LNR__S1A_IW_GRDH_1SDV_20230509T094937_20230509T095002_048455_05D42C_4A7D
[ok joint] fid=371 aft -> 2 new .npy in /share/castor/home/e2406749/tropical_forest_disturbance/embeddings/joint/fid_371/aft/20231002T142711_20231002T143108_T20LNR__S1A_IW_GRDH_1SDV_20230930T094944_20230930T095009_050555_0616E4_8B83
[ok joint] fid=371 aft -> 2 new .npy in /share/castor/home/e2406749/tropical_forest_disturbance/embeddings/joint/fid_371/aft/20231007T142709_20231007T142929_T20LNR__S1A_IW_GRDH_1SDV_20231012T094943_20231012T095008_050730_061CE6_B0FB
[ok joint] fid=372 bef -> 6 new .npy in /share/castor/home/e2406749/tropical_forest_disturbance/embeddings/joint/fid_372/bef/20230709T142719_20230709T142938_T20LNR__S1A_IW_GRDH_1SDV_20230708T094940_20230708T095005_049330_05EE9A_BD21
[ok joint] fid=372 bef -> 6 new .npy in /share/castor/home/e2406749/tropical_forest_disturbance/embeddings/joint/fid_372/bef/20230719T142719_20230719T142939_T20LNR__S1A_IW_GRDH_1SDV_20230720T094940_20230720T095005_049505_05F3ED_61B1
[ok joint] fid=372 bef -> 6 new .npy in /share/castor/home/e2406749/tropical_forest_disturbance/embeddings/joint/fid_372/bef/20230604T142721_20230604T142716_T20LNR__S1A_IW_GRDH_1SDV_20230602T094938_20230602T095003_048805_05DE8B_61F1
[ok joint] fid=372 bef -> 6 new .npy in /share/castor/home/e2406749/tropical_forest_disturbance/embeddings/joint/fid_372/bef/20230624T142721_20230624T142715_T20LNR__S1A_IW_GRDH_1SDV_20230626T094939_20230626T095004_049155_05E932_87DB
[ok joint] fid=372 bef -> 6 new .npy in /share/castor/home/e2406749/tropical_forest_disturbance/embeddings/joint/fid_372/bef/20230823T142721_20230823T143116_T20LNR__S1A_IW_GRDH_1SDV_20230825T094943_20230825T095008_050030_0604F6_5B1D
[ok joint] fid=372 bef -> 6 new .npy in /share/castor/home/e2406749/tropical_forest_disturbance/embeddings/joint/fid_372/bef/20230430T142719_20230430T142714_T20LNR__S1A_IW_GRDH_1SDV_20230427T094936_20230427T095001_048280_05CE51_C3AC
[ok joint] fid=372 bef -> 6 new .npy in /share/castor/home/e2406749/tropical_forest_disturbance/embeddings/joint/fid_372/bef/20230729T142719_20230729T142718_T20LNR__S1A_IW_GRDH_1SDV_20230801T094941_20230801T095006_049680_05F959_7E64
[ok joint] fid=372 bef -> 6 new .npy in /share/castor/home/e2406749/tropical_forest_disturbance/embeddings/joint/fid_372/bef/20230525T142721_20230525T142853_T20LNR__S1A_IW_GRDH_1SDV_20230521T094937_20230521T095002_048630_05D957_8119
[ok joint] fid=372 bef -> 6 new .npy in /share/castor/home/e2406749/tropical_forest_disturbance/embeddings/joint/fid_372/bef/20230609T142719_20230609T142938_T20LNR__S1A_IW_GRDH_1SDV_20230614T094938_20230614T095003_048980_05E3E7_B37E
[ok joint] fid=372 bef -> 6 new .npy in /share/castor/home/e2406749/tropical_forest_disturbance/embeddings/joint/fid_372/bef/20230808T142719_20230808T143119_T20LNR__S1A_IW_GRDH_1SDV_20230813T094942_20230813T095007_049855_05FF04_F481
[ok joint] fid=372 bef -> 6 new .npy in /share/castor/home/e2406749/tropical_forest_disturbance/embeddings/joint/fid_372/bef/20230515T142711_20230515T142713_T20LNR__S1A_IW_GRDH_1SDV_20230509T094937_20230509T095002_048455_05D42C_4A7D
[ok joint] fid=372 aft -> 6 new .npy in /share/castor/home/e2406749/tropical_forest_disturbance/embeddings/joint/fid_372/aft/20231002T142711_20231002T143108_T20LNR__S1A_IW_GRDH_1SDV_20230930T094944_20230930T095009_050555_0616E4_8B83
[ok joint] fid=372 aft -> 6 new .npy in /share/castor/home/e2406749/tropical_forest_disturbance/embeddings/joint/fid_372/aft/20231007T142709_20231007T142929_T20LNR__S1A_IW_GRDH_1SDV_20231012T094943_20231012T095008_050730_061CE6_B0FB
[ok joint] fid=379 bef -> 2 new .npy in /share/castor/home/e2406749/tropical_forest_disturbance/embeddings/joint/fid_379/bef/20230214T142711_20230214T143425_T20LNR__S1A_IW_GRDH_1SDV_20230214T094935_20230214T095000_047230_05AAD4_443E
[ok joint] fid=379 bef -> 2 new .npy in /share/castor/home/e2406749/tropical_forest_disturbance/embeddings/joint/fid_379/bef/20230709T142719_20230709T142938_T20LNR__S1A_IW_GRDH_1SDV_20230708T094940_20230708T095005_049330_05EE9A_BD21
[ok joint] fid=379 bef -> 2 new .npy in /share/castor/home/e2406749/tropical_forest_disturbance/embeddings/joint/fid_379/bef/20230624T142721_20230624T142715_T20LNR__S1A_IW_GRDH_1SDV_20230626T094939_20230626T095004_049155_05E932_87DB
[ok joint] fid=379 bef -> 2 new .npy in /share/castor/home/e2406749/tropical_forest_disturbance/embeddings/joint/fid_379/bef/20230823T142721_20230823T143116_T20LNR__S1A_IW_GRDH_1SDV_20230825T094943_20230825T095008_050030_0604F6_5B1D
[ok joint] fid=379 bef -> 2 new .npy in /share/castor/home/e2406749/tropical_forest_disturbance/embeddings/joint/fid_379/bef/20230430T142719_20230430T142714_T20LNR__S1A_IW_GRDH_1SDV_20230427T094936_20230427T095001_048280_05CE51_C3AC
[ok joint] fid=379 bef -> 2 new .npy in /share/castor/home/e2406749/tropical_forest_disturbance/embeddings/joint/fid_379/bef/20230724T142721_20230724T142717_T20LNR__S1A_IW_GRDH_1SDV_20230720T094940_20230720T095005_049505_05F3ED_61B1
[ok joint] fid=379 bef -> 2 new .npy in /share/castor/home/e2406749/tropical_forest_disturbance/embeddings/joint/fid_379/bef/20230609T142719_20230609T142938_T20LNR__S1A_IW_GRDH_1SDV_20230614T094938_20230614T095003_048980_05E3E7_B37E
[ok joint] fid=379 bef -> 2 new .npy in /share/castor/home/e2406749/tropical_forest_disturbance/embeddings/joint/fid_379/bef/20230808T142719_20230808T143119_T20LNR__S1A_IW_GRDH_1SDV_20230813T094942_20230813T095007_049855_05FF04_F481
[ok joint] fid=379 bef -> 2 new .npy in /share/castor/home/e2406749/tropical_forest_disturbance/embeddings/joint/fid_379/bef/20230515T142711_20230515T142713_T20LNR__S1A_IW_GRDH_1SDV_20230509T094937_20230509T095002_048455_05D42C_4A7D
[ok joint] fid=379 aft -> 2 new .npy in /share/castor/home/e2406749/tropical_forest_disturbance/embeddings/joint/fid_379/aft/20231012T142711_20231012T143437_T20LNR__S1A_IW_GRDH_1SDV_20231012T094943_20231012T095008_050730_061CE6_B0FB
[ok joint] fid=388 bef -> 2 new .npy in /share/castor/home/e2406749/tropical_forest_disturbance/embeddings/joint/fid_388/bef/20230214T142711_20230214T143425_T20LMR__S1A_IW_GRDH_1SDV_20230214T094935_20230214T095000_047230_05AAD4_443E
[ok joint] fid=388 bef -> 2 new .npy in /share/castor/home/e2406749/tropical_forest_disturbance/embeddings/joint/fid_388/bef/20230709T142719_20230709T142938_T20LMR__S1A_IW_GRDH_1SDV_20230708T094940_20230708T095005_049330_05EE9A_BD21
[ok joint] fid=388 bef -> 2 new .npy in /share/castor/home/e2406749/tropical_forest_disturbance/embeddings/joint/fid_388/bef/20230719T142719_20230719T142939_T20LMR__S1A_IW_GRDH_1SDV_20230720T094940_20230720T095005_049505_05F3ED_61B1
[ok joint] fid=388 bef -> 2 new .npy in /share/castor/home/e2406749/tropical_forest_disturbance/embeddings/joint/fid_388/bef/20230604T142721_20230604T142716_T20LMR__S1A_IW_GRDH_1SDV_20230602T094938_20230602T095003_048805_05DE8B_61F1
[ok joint] fid=388 bef -> 2 new .npy in /share/castor/home/e2406749/tropical_forest_disturbance/embeddings/joint/fid_388/bef/20230624T142721_20230624T142715_T20LMR__S1A_IW_GRDH_1SDV_20230626T094939_20230626T095004_049155_05E932_87DB
[ok joint] fid=388 bef -> 2 new .npy in /share/castor/home/e2406749/tropical_forest_disturbance/embeddings/joint/fid_388/bef/20230823T142721_20230823T143116_T20LMR__S1A_IW_GRDH_1SDV_20230825T094943_20230825T095008_050030_0604F6_5B1D
[ok joint] fid=388 bef -> 2 new .npy in /share/castor/home/e2406749/tropical_forest_disturbance/embeddings/joint/fid_388/bef/20230301T142709_20230301T142737_T20LMR__S1A_IW_GRDH_1SDV_20230226T094935_20230226T095000_047405_05B0D3_E8BA
[ok joint] fid=388 bef -> 2 new .npy in /share/castor/home/e2406749/tropical_forest_disturbance/embeddings/joint/fid_388/bef/20230430T142719_20230430T142714_T20LMR__S1A_IW_GRDH_1SDV_20230427T094936_20230427T095001_048280_05CE51_C3AC
[ok joint] fid=388 bef -> 2 new .npy in /share/castor/home/e2406749/tropical_forest_disturbance/embeddings/joint/fid_388/bef/20230729T142719_20230729T142718_T20LMR__S1A_IW_GRDH_1SDV_20230801T094941_20230801T095006_049680_05F959_7E64
[ok joint] fid=388 bef -> 2 new .npy in /share/castor/home/e2406749/tropical_forest_disturbance/embeddings/joint/fid_388/bef/20230525T142721_20230525T142853_T20LMR__S1A_IW_GRDH_1SDV_20230521T094937_20230521T095002_048630_05D957_8119
[ok joint] fid=388 bef -> 2 new .npy in /share/castor/home/e2406749/tropical_forest_disturbance/embeddings/joint/fid_388/bef/20230609T142719_20230609T142938_T20LMR__S1A_IW_GRDH_1SDV_20230614T094938_20230614T095003_048980_05E3E7_B37E
[ok joint] fid=388 bef -> 2 new .npy in /share/castor/home/e2406749/tropical_forest_disturbance/embeddings/joint/fid_388/bef/20230808T142719_20230808T143119_T20LMR__S1A_IW_GRDH_1SDV_20230813T094942_20230813T095007_049855_05FF04_F481
[ok joint] fid=388 bef -> 2 new .npy in /share/castor/home/e2406749/tropical_forest_disturbance/embeddings/joint/fid_388/bef/20230115T142711_20230115T142817_T20LMR__S1A_IW_GRDH_1SDV_20230109T094936_20230109T095001_046705_05993A_763B
[ok joint] fid=388 bef -> 2 new .npy in /share/castor/home/e2406749/tropical_forest_disturbance/embeddings/joint/fid_388/bef/20230515T142711_20230515T142713_T20LMR__S1A_IW_GRDH_1SDV_20230509T094937_20230509T095002_048455_05D42C_4A7D
[ok joint] fid=388 evt -> 2 new .npy in /share/castor/home/e2406749/tropical_forest_disturbance/embeddings/joint/fid_388/evt/20230927T142719_20230927T142849_T20LMR__S1A_IW_GRDH_1SDV_20230930T094944_20230930T095009_050555_0616E4_8B83
[ok joint] fid=388 aft -> 2 new .npy in /share/castor/home/e2406749/tropical_forest_disturbance/embeddings/joint/fid_388/aft/20231012T142711_20231012T143437_T20LMR__S1A_IW_GRDH_1SDV_20231012T094943_20231012T095008_050730_061CE6_B0FB
[ok joint] fid=389 bef -> 1 new .npy in /share/castor/home/e2406749/tropical_forest_disturbance/embeddings/joint/fid_389/bef/20230214T142711_20230214T143425_T20LNR__S1A_IW_GRDH_1SDV_20230214T094910_20230214T094935_047230_05AAD4_E27D
[ok joint] fid=389 bef -> 1 new .npy in /share/castor/home/e2406749/tropical_forest_disturbance/embeddings/joint/fid_389/bef/20230510T142719_20230510T142819_T20LNR__S1A_IW_GRDH_1SDV_20230509T094912_20230509T094937_048455_05D42C_BB80
[ok joint] fid=389 bef -> 1 new .npy in /share/castor/home/e2406749/tropical_forest_disturbance/embeddings/joint/fid_389/bef/20230520T142719_20230520T142902_T20LNR__S1A_IW_GRDH_1SDV_20230521T094912_20230521T094937_048630_05D957_8539
[ok joint] fid=389 bef -> 1 new .npy in /share/castor/home/e2406749/tropical_forest_disturbance/embeddings/joint/fid_389/bef/20230709T142719_20230709T142938_T20LNR__S1A_IW_GRDH_1SDV_20230708T094915_20230708T094940_049330_05EE9A_201B
[ok joint] fid=389 bef -> 1 new .npy in /share/castor/home/e2406749/tropical_forest_disturbance/embeddings/joint/fid_389/bef/20230719T142719_20230719T142939_T20LNR__S1A_IW_GRDH_1SDV_20230720T094915_20230720T094940_049505_05F3ED_2372
[ok joint] fid=389 bef -> 1 new .npy in /share/castor/home/e2406749/tropical_forest_disturbance/embeddings/joint/fid_389/bef/20230604T142721_20230604T142716_T20LNR__S1A_IW_GRDH_1SDV_20230602T094913_20230602T094938_048805_05DE8B_7193
[ok joint] fid=389 bef -> 1 new .npy in /share/castor/home/e2406749/tropical_forest_disturbance/embeddings/joint/fid_389/bef/20230823T142721_20230823T143116_T20LNR__S1A_IW_GRDH_1SDV_20230825T094918_20230825T094943_050030_0604F6_59F6
[ok joint] fid=389 bef -> 1 new .npy in /share/castor/home/e2406749/tropical_forest_disturbance/embeddings/joint/fid_389/bef/20230301T142709_20230301T142737_T20LNR__S1A_IW_GRDH_1SDV_20230226T094910_20230226T094935_047405_05B0D3_9DE4
[ok joint] fid=389 bef -> 1 new .npy in /share/castor/home/e2406749/tropical_forest_disturbance/embeddings/joint/fid_389/bef/20230629T142719_20230629T143340_T20LNR__S1A_IW_GRDH_1SDV_20230626T094914_20230626T094939_049155_05E932_8E24
[ok joint] fid=389 bef -> 1 new .npy in /share/castor/home/e2406749/tropical_forest_disturbance/embeddings/joint/fid_389/bef/20230729T142719_20230729T142718_T20LNR__S1A_IW_GRDH_1SDV_20230801T094916_20230801T094941_049680_05F959_E6F2
[ok joint] fid=389 bef -> 1 new .npy in /share/castor/home/e2406749/tropical_forest_disturbance/embeddings/joint/fid_389/bef/20230420T142719_20230420T142714_T20LNR__S1A_IW_GRDH_1SDV_20230415T094911_20230415T094936_048105_05C876_50BE
[ok joint] fid=389 bef -> 1 new .npy in /share/castor/home/e2406749/tropical_forest_disturbance/embeddings/joint/fid_389/bef/20230609T142719_20230609T142938_T20LNR__S1A_IW_GRDH_1SDV_20230614T094913_20230614T094938_048980_05E3E7_6485
[ok joint] fid=389 bef -> 1 new .npy in /share/castor/home/e2406749/tropical_forest_disturbance/embeddings/joint/fid_389/bef/20230808T142719_20230808T143119_T20LNR__S1A_IW_GRDH_1SDV_20230813T094917_20230813T094942_049855_05FF04_E952
[ok joint] fid=389 bef -> 1 new .npy in /share/castor/home/e2406749/tropical_forest_disturbance/embeddings/joint/fid_389/bef/20230912T142721_20230912T143158_T20LNR__S1A_IW_GRDH_1SDV_20230906T094918_20230906T094943_050205_060AF4_C05C
[ok joint] fid=389 evt -> 1 new .npy in /share/castor/home/e2406749/tropical_forest_disturbance/embeddings/joint/fid_389/evt/20231002T142711_20231002T143108_T20LNR__S1A_IW_GRDH_1SDV_20230930T094919_20230930T094944_050555_0616E4_C554
[ok joint] fid=389 aft -> 1 new .npy in /share/castor/home/e2406749/tropical_forest_disturbance/embeddings/joint/fid_389/aft/20231012T142711_20231012T143437_T20LNR__S1A_IW_GRDH_1SDV_20231012T094918_20231012T094943_050730_061CE6_51C0
[ok joint] fid=389 aft -> 1 new .npy in /share/castor/home/e2406749/tropical_forest_disturbance/embeddings/joint/fid_389/aft/20231017T142719_20231017T143221_T20LNR__S1A_IW_GRDH_1SDV_20231024T094919_20231024T094944_050905_0622DD_B043
[ok joint] fid=162 bef -> 3 new .npy in /share/castor/home/e2406749/tropical_forest_disturbance/embeddings/joint/fid_162/bef/20230214T142711_20230214T143425_T20LNR__S1A_IW_GRDH_1SDV_20230214T094935_20230214T095000_047230_05AAD4_443E
[ok joint] fid=162 bef -> 3 new .npy in /share/castor/home/e2406749/tropical_forest_disturbance/embeddings/joint/fid_162/bef/20230301T142709_20230301T142737_T20LNR__S1A_IW_GRDH_1SDV_20230226T094935_20230226T095000_047405_05B0D3_E8BA
[ok joint] fid=162 bef -> 3 new .npy in /share/castor/home/e2406749/tropical_forest_disturbance/embeddings/joint/fid_162/bef/20230430T142719_20230430T142714_T20LNR__S1A_IW_GRDH_1SDV_20230427T094936_20230427T095001_048280_05CE51_C3AC
[ok joint] fid=162 bef -> 1 new .npy in /share/castor/home/e2406749/tropical_forest_disturbance/embeddings/joint/fid_162/bef/20230326T142711_20230326T142710_T20LMR__S1A_IW_GRDH_1SDV_20230322T094935_20230322T095000_047755_05BCAD_A5E4
[ok joint] fid=162 bef -> 3 new .npy in /share/castor/home/e2406749/tropical_forest_disturbance/embeddings/joint/fid_162/bef/20230115T142711_20230115T142817_T20LNR__S1A_IW_GRDH_1SDV_20230109T094936_20230109T095001_046705_05993A_763B
[ok joint] fid=162 evt -> 1 new .npy in /share/castor/home/e2406749/tropical_forest_disturbance/embeddings/joint/fid_162/evt/20230510T142719_20230510T142819_T20LMR__S1A_IW_GRDH_1SDV_20230509T094937_20230509T095002_048455_05D42C_4A7D
[ok joint] fid=162 evt -> 3 new .npy in /share/castor/home/e2406749/tropical_forest_disturbance/embeddings/joint/fid_162/evt/20230520T142719_20230520T142902_T20LNR__S1A_IW_GRDH_1SDV_20230521T094937_20230521T095002_048630_05D957_8119
[ok joint] fid=162 aft -> 3 new .npy in /share/castor/home/e2406749/tropical_forest_disturbance/embeddings/joint/fid_162/aft/20230604T142721_20230604T142716_T20LNR__S1A_IW_GRDH_1SDV_20230602T094938_20230602T095003_048805_05DE8B_61F1
[ok joint] fid=172 bef -> 4 new .npy in /share/castor/home/e2406749/tropical_forest_disturbance/embeddings/joint/fid_172/bef/20230214T142711_20230214T143425_T20LMR__S1A_IW_GRDH_1SDV_20230214T094935_20230214T095000_047230_05AAD4_443E
[ok joint] fid=172 bef -> 4 new .npy in /share/castor/home/e2406749/tropical_forest_disturbance/embeddings/joint/fid_172/bef/20230301T142709_20230301T142737_T20LMR__S1A_IW_GRDH_1SDV_20230226T094935_20230226T095000_047405_05B0D3_E8BA
[ok joint] fid=172 bef -> 4 new .npy in /share/castor/home/e2406749/tropical_forest_disturbance/embeddings/joint/fid_172/bef/20230430T142719_20230430T142714_T20LMR__S1A_IW_GRDH_1SDV_20230427T094936_20230427T095001_048280_05CE51_C3AC
[ok joint] fid=172 bef -> 4 new .npy in /share/castor/home/e2406749/tropical_forest_disturbance/embeddings/joint/fid_172/bef/20230125T142711_20230125T142709_T20LNR__S1A_IW_GRDH_1SDV_20230121T094935_20230121T095000_046880_059F24_7A3A
[ok joint] fid=172 bef -> 4 new .npy in /share/castor/home/e2406749/tropical_forest_disturbance/embeddings/joint/fid_172/bef/20230420T142719_20230420T142714_T20LMR__S1A_IW_GRDH_1SDV_20230415T094936_20230415T095001_048105_05C876_7D01
[ok joint] fid=172 evt -> 4 new .npy in /share/castor/home/e2406749/tropical_forest_disturbance/embeddings/joint/fid_172/evt/20230604T142721_20230604T142716_T20LMR__S1A_IW_GRDH_1SDV_20230602T094938_20230602T095003_048805_05DE8B_61F1
[ok joint] fid=172 aft -> 4 new .npy in /share/castor/home/e2406749/tropical_forest_disturbance/embeddings/joint/fid_172/aft/20230609T142719_20230609T142938_T20LMR__S1A_IW_GRDH_1SDV_20230614T094938_20230614T095003_048980_05E3E7_B37E
[ok joint] fid=235 bef -> 2 new .npy in /share/castor/home/e2406749/tropical_forest_disturbance/embeddings/joint/fid_235/bef/20230214T142711_20230214T143425_T20LMR__S1A_IW_GRDH_1SDV_20230214T094935_20230214T095000_047230_05AAD4_443E
[ok joint] fid=235 bef -> 2 new .npy in /share/castor/home/e2406749/tropical_forest_disturbance/embeddings/joint/fid_235/bef/20230430T142719_20230430T142714_T20LMR__S1A_IW_GRDH_1SDV_20230427T094936_20230427T095001_048280_05CE51_C3AC
[ok joint] fid=235 bef -> 2 new .npy in /share/castor/home/e2406749/tropical_forest_disturbance/embeddings/joint/fid_235/bef/20230515T142711_20230515T142713_T20LMR__S1A_IW_GRDH_1SDV_20230509T094937_20230509T095002_048455_05D42C_4A7D
[ok joint] fid=235 evt -> 2 new .npy in /share/castor/home/e2406749/tropical_forest_disturbance/embeddings/joint/fid_235/evt/20230604T142721_20230604T142716_T20LMR__S1A_IW_GRDH_1SDV_20230602T094938_20230602T095003_048805_05DE8B_61F1
[ok joint] fid=235 aft -> 2 new .npy in /share/castor/home/e2406749/tropical_forest_disturbance/embeddings/joint/fid_235/aft/20230609T142719_20230609T142938_T20LMR__S1A_IW_GRDH_1SDV_20230614T094938_20230614T095003_048980_05E3E7_B37E
[ok joint] fid=237 bef -> 3 new .npy in /share/castor/home/e2406749/tropical_forest_disturbance/embeddings/joint/fid_237/bef/20230301T142709_20230301T142737_T20LMR__S1A_IW_GRDH_1SDV_20230226T094935_20230226T095000_047405_05B0D3_E8BA
[ok joint] fid=237 bef -> 3 new .npy in /share/castor/home/e2406749/tropical_forest_disturbance/embeddings/joint/fid_237/bef/20230430T142719_20230430T142714_T20LMR__S1A_IW_GRDH_1SDV_20230427T094936_20230427T095001_048280_05CE51_C3AC
[ok joint] fid=237 bef -> 3 new .npy in /share/castor/home/e2406749/tropical_forest_disturbance/embeddings/joint/fid_237/bef/20230420T142719_20230420T142714_T20LMR__S1A_IW_GRDH_1SDV_20230415T094936_20230415T095001_048105_05C876_7D01
[ok joint] fid=237 bef -> 3 new .npy in /share/castor/home/e2406749/tropical_forest_disturbance/embeddings/joint/fid_237/bef/20230115T142711_20230115T142817_T20LMR__S1A_IW_GRDH_1SDV_20230109T094936_20230109T095001_046705_05993A_763B
[ok joint] fid=237 bef -> 3 new .npy in /share/castor/home/e2406749/tropical_forest_disturbance/embeddings/joint/fid_237/bef/20230515T142711_20230515T142713_T20LMR__S1A_IW_GRDH_1SDV_20230509T094937_20230509T095002_048455_05D42C_4A7D
[ok joint] fid=237 evt -> 3 new .npy in /share/castor/home/e2406749/tropical_forest_disturbance/embeddings/joint/fid_237/evt/20230604T142721_20230604T142716_T20LMR__S1A_IW_GRDH_1SDV_20230602T094938_20230602T095003_048805_05DE8B_61F1
[ok joint] fid=237 aft -> 3 new .npy in /share/castor/home/e2406749/tropical_forest_disturbance/embeddings/joint/fid_237/aft/20230609T142719_20230609T142938_T20LMR__S1A_IW_GRDH_1SDV_20230614T094938_20230614T095003_048980_05E3E7_B37E
[ok joint] fid=123 bef -> 2 new .npy in /share/castor/home/e2406749/tropical_forest_disturbance/embeddings/joint/fid_123/bef/20230214T142711_20230214T143425_T20LNR__S1A_IW_GRDH_1SDV_20230214T094935_20230214T095000_047230_05AAD4_443E
[ok joint] fid=123 bef -> 2 new .npy in /share/castor/home/e2406749/tropical_forest_disturbance/embeddings/joint/fid_123/bef/20230520T142719_20230520T142902_T20LNR__S1A_IW_GRDH_1SDV_20230521T094937_20230521T095002_048630_05D957_8119
[ok joint] fid=123 bef -> 2 new .npy in /share/castor/home/e2406749/tropical_forest_disturbance/embeddings/joint/fid_123/bef/20230604T142721_20230604T142716_T20LNR__S1A_IW_GRDH_1SDV_20230602T094938_20230602T095003_048805_05DE8B_61F1
[ok joint] fid=123 bef -> 2 new .npy in /share/castor/home/e2406749/tropical_forest_disturbance/embeddings/joint/fid_123/bef/20230430T142719_20230430T142714_T20LNR__S1A_IW_GRDH_1SDV_20230427T094936_20230427T095001_048280_05CE51_C3AC
[ok joint] fid=123 bef -> 2 new .npy in /share/castor/home/e2406749/tropical_forest_disturbance/embeddings/joint/fid_123/bef/20230609T142719_20230609T142938_T20LNR__S1A_IW_GRDH_1SDV_20230614T094938_20230614T095003_048980_05E3E7_B37E
[ok joint] fid=123 bef -> 2 new .npy in /share/castor/home/e2406749/tropical_forest_disturbance/embeddings/joint/fid_123/bef/20230515T142711_20230515T142713_T20LNR__S1A_IW_GRDH_1SDV_20230509T094937_20230509T095002_048455_05D42C_4A7D
[ok joint] fid=123 evt -> 2 new .npy in /share/castor/home/e2406749/tropical_forest_disturbance/embeddings/joint/fid_123/evt/20230709T142719_20230709T142938_T20LNR__S1A_IW_GRDH_1SDV_20230708T094940_20230708T095005_049330_05EE9A_BD21
[ok joint] fid=123 evt -> 2 new .npy in /share/castor/home/e2406749/tropical_forest_disturbance/embeddings/joint/fid_123/evt/20230629T142719_20230629T143340_T20LNR__S1A_IW_GRDH_1SDV_20230626T094939_20230626T095004_049155_05E932_87DB
[ok joint] fid=123 aft -> 2 new .npy in /share/castor/home/e2406749/tropical_forest_disturbance/embeddings/joint/fid_123/aft/20230719T142719_20230719T142939_T20LNR__S1A_IW_GRDH_1SDV_20230720T094940_20230720T095005_049505_05F3ED_61B1
[ok joint] fid=85 bef -> 4 new .npy in /share/castor/home/e2406749/tropical_forest_disturbance/embeddings/joint/fid_85/bef/20230214T142711_20230214T143425_T20LMR__S1A_IW_GRDH_1SDV_20230214T094935_20230214T095000_047230_05AAD4_443E
[ok joint] fid=85 bef -> 4 new .npy in /share/castor/home/e2406749/tropical_forest_disturbance/embeddings/joint/fid_85/bef/20230520T142719_20230520T142902_T20LMR__S1A_IW_GRDH_1SDV_20230521T094937_20230521T095002_048630_05D957_8119
[ok joint] fid=85 bef -> 4 new .npy in /share/castor/home/e2406749/tropical_forest_disturbance/embeddings/joint/fid_85/bef/20230709T142719_20230709T142938_T20LMR__S1A_IW_GRDH_1SDV_20230708T094940_20230708T095005_049330_05EE9A_BD21
[ok joint] fid=85 bef -> 4 new .npy in /share/castor/home/e2406749/tropical_forest_disturbance/embeddings/joint/fid_85/bef/20230719T142719_20230719T142939_T20LMR__S1A_IW_GRDH_1SDV_20230720T094940_20230720T095005_049505_05F3ED_61B1
[ok joint] fid=85 bef -> 4 new .npy in /share/castor/home/e2406749/tropical_forest_disturbance/embeddings/joint/fid_85/bef/20230604T142721_20230604T142716_T20LMR__S1A_IW_GRDH_1SDV_20230602T094938_20230602T095003_048805_05DE8B_61F1
[ok joint] fid=85 bef -> 4 new .npy in /share/castor/home/e2406749/tropical_forest_disturbance/embeddings/joint/fid_85/bef/20230624T142721_20230624T142715_T20LMR__S1A_IW_GRDH_1SDV_20230626T094939_20230626T095004_049155_05E932_87DB
[ok joint] fid=85 bef -> 4 new .npy in /share/castor/home/e2406749/tropical_forest_disturbance/embeddings/joint/fid_85/bef/20230823T142721_20230823T143116_T20LMR__S1A_IW_GRDH_1SDV_20230825T094943_20230825T095008_050030_0604F6_5B1D
[ok joint] fid=85 bef -> 4 new .npy in /share/castor/home/e2406749/tropical_forest_disturbance/embeddings/joint/fid_85/bef/20230301T142709_20230301T142737_T20LMR__S1A_IW_GRDH_1SDV_20230226T094935_20230226T095000_047405_05B0D3_E8BA
[ok joint] fid=85 bef -> 4 new .npy in /share/castor/home/e2406749/tropical_forest_disturbance/embeddings/joint/fid_85/bef/20230430T142719_20230430T142714_T20LMR__S1A_IW_GRDH_1SDV_20230427T094936_20230427T095001_048280_05CE51_C3AC
[ok joint] fid=85 bef -> 4 new .npy in /share/castor/home/e2406749/tropical_forest_disturbance/embeddings/joint/fid_85/bef/20230729T142719_20230729T142718_T20LMR__S1A_IW_GRDH_1SDV_20230801T094941_20230801T095006_049680_05F959_7E64
[ok joint] fid=85 bef -> 4 new .npy in /share/castor/home/e2406749/tropical_forest_disturbance/embeddings/joint/fid_85/bef/20230609T142719_20230609T142938_T20LMR__S1A_IW_GRDH_1SDV_20230614T094938_20230614T095003_048980_05E3E7_B37E
[ok joint] fid=85 bef -> 4 new .npy in /share/castor/home/e2406749/tropical_forest_disturbance/embeddings/joint/fid_85/bef/20230808T142719_20230808T143119_T20LMR__S1A_IW_GRDH_1SDV_20230813T094942_20230813T095007_049855_05FF04_F481
[ok joint] fid=85 bef -> 4 new .npy in /share/castor/home/e2406749/tropical_forest_disturbance/embeddings/joint/fid_85/bef/20230515T142711_20230515T142713_T20LMR__S1A_IW_GRDH_1SDV_20230509T094937_20230509T095002_048455_05D42C_4A7D
[ok joint] fid=85 aft -> 4 new .npy in /share/castor/home/e2406749/tropical_forest_disturbance/embeddings/joint/fid_85/aft/20231007T142709_20231007T142929_T20LMR__S1A_IW_GRDH_1SDV_20230930T094944_20230930T095009_050555_0616E4_8B83
[ok joint] fid=213 bef -> 1 new .npy in /share/castor/home/e2406749/tropical_forest_disturbance/embeddings/joint/fid_213/bef/20230214T142711_20230214T143425_T20LNR__S1A_IW_GRDH_1SDV_20230214T094935_20230214T095000_047230_05AAD4_443E
[ok joint] fid=213 bef -> 1 new .npy in /share/castor/home/e2406749/tropical_forest_disturbance/embeddings/joint/fid_213/bef/20230520T142719_20230520T142902_T20LNR__S1A_IW_GRDH_1SDV_20230521T094937_20230521T095002_048630_05D957_8119
[ok joint] fid=213 bef -> 1 new .npy in /share/castor/home/e2406749/tropical_forest_disturbance/embeddings/joint/fid_213/bef/20230709T142719_20230709T142938_T20LNR__S1A_IW_GRDH_1SDV_20230708T094940_20230708T095005_049330_05EE9A_BD21
[ok joint] fid=213 bef -> 1 new .npy in /share/castor/home/e2406749/tropical_forest_disturbance/embeddings/joint/fid_213/bef/20230719T142719_20230719T142939_T20LNR__S1A_IW_GRDH_1SDV_20230720T094940_20230720T095005_049505_05F3ED_61B1
[ok joint] fid=213 bef -> 1 new .npy in /share/castor/home/e2406749/tropical_forest_disturbance/embeddings/joint/fid_213/bef/20230604T142721_20230604T142716_T20LNR__S1A_IW_GRDH_1SDV_20230602T094938_20230602T095003_048805_05DE8B_61F1
[ok joint] fid=213 bef -> 1 new .npy in /share/castor/home/e2406749/tropical_forest_disturbance/embeddings/joint/fid_213/bef/20230624T142721_20230624T142715_T20LNR__S1A_IW_GRDH_1SDV_20230626T094939_20230626T095004_049155_05E932_87DB
[ok joint] fid=213 bef -> 1 new .npy in /share/castor/home/e2406749/tropical_forest_disturbance/embeddings/joint/fid_213/bef/20230803T142721_20230803T143434_T20LNR__S1A_IW_GRDH_1SDV_20230801T094941_20230801T095006_049680_05F959_7E64
[ok joint] fid=213 bef -> 1 new .npy in /share/castor/home/e2406749/tropical_forest_disturbance/embeddings/joint/fid_213/bef/20230301T142709_20230301T142737_T20LNR__S1A_IW_GRDH_1SDV_20230226T094935_20230226T095000_047405_05B0D3_E8BA
[ok joint] fid=213 bef -> 1 new .npy in /share/castor/home/e2406749/tropical_forest_disturbance/embeddings/joint/fid_213/bef/20230430T142719_20230430T142714_T20LNR__S1A_IW_GRDH_1SDV_20230427T094936_20230427T095001_048280_05CE51_C3AC
[ok joint] fid=213 bef -> 1 new .npy in /share/castor/home/e2406749/tropical_forest_disturbance/embeddings/joint/fid_213/bef/20230828T142719_20230828T142716_T20LNR__S1A_IW_GRDH_1SDV_20230825T094943_20230825T095008_050030_0604F6_5B1D
[ok joint] fid=213 bef -> 1 new .npy in /share/castor/home/e2406749/tropical_forest_disturbance/embeddings/joint/fid_213/bef/20230609T142719_20230609T142938_T20LNR__S1A_IW_GRDH_1SDV_20230614T094938_20230614T095003_048980_05E3E7_B37E
[ok joint] fid=213 bef -> 1 new .npy in /share/castor/home/e2406749/tropical_forest_disturbance/embeddings/joint/fid_213/bef/20230808T142719_20230808T143119_T20LNR__S1A_IW_GRDH_1SDV_20230813T094942_20230813T095007_049855_05FF04_F481
[ok joint] fid=213 bef -> 1 new .npy in /share/castor/home/e2406749/tropical_forest_disturbance/embeddings/joint/fid_213/bef/20230515T142711_20230515T142713_T20LNR__S1A_IW_GRDH_1SDV_20230509T094937_20230509T095002_048455_05D42C_4A7D
[ok joint] fid=213 aft -> 1 new .npy in /share/castor/home/e2406749/tropical_forest_disturbance/embeddings/joint/fid_213/aft/20231002T142711_20231002T143108_T20LNR__S1A_IW_GRDH_1SDV_20230930T094944_20230930T095009_050555_0616E4_8B83
[ok joint] fid=367 bef -> 2 new .npy in /share/castor/home/e2406749/tropical_forest_disturbance/embeddings/joint/fid_367/bef/20230709T142719_20230709T142938_T20LNR__S1A_IW_GRDH_1SDV_20230708T094940_20230708T095005_049330_05EE9A_BD21
[ok joint] fid=367 bef -> 2 new .npy in /share/castor/home/e2406749/tropical_forest_disturbance/embeddings/joint/fid_367/bef/20230719T142719_20230719T142939_T20LNR__S1A_IW_GRDH_1SDV_20230720T094940_20230720T095005_049505_05F3ED_61B1
[ok joint] fid=367 bef -> 2 new .npy in /share/castor/home/e2406749/tropical_forest_disturbance/embeddings/joint/fid_367/bef/20230624T142721_20230624T142715_T20LNR__S1A_IW_GRDH_1SDV_20230626T094939_20230626T095004_049155_05E932_87DB
[ok joint] fid=367 bef -> 2 new .npy in /share/castor/home/e2406749/tropical_forest_disturbance/embeddings/joint/fid_367/bef/20230803T142721_20230803T143434_T20LNR__S1A_IW_GRDH_1SDV_20230801T094941_20230801T095006_049680_05F959_7E64
[ok joint] fid=367 bef -> 2 new .npy in /share/castor/home/e2406749/tropical_forest_disturbance/embeddings/joint/fid_367/bef/20230823T142721_20230823T143116_T20LNR__S1A_IW_GRDH_1SDV_20230825T094943_20230825T095008_050030_0604F6_5B1D
[ok joint] fid=367 bef -> 2 new .npy in /share/castor/home/e2406749/tropical_forest_disturbance/embeddings/joint/fid_367/bef/20230301T142709_20230301T142737_T20LNR__S1A_IW_GRDH_1SDV_20230226T094935_20230226T095000_047405_05B0D3_E8BA
[ok joint] fid=367 bef -> 2 new .npy in /share/castor/home/e2406749/tropical_forest_disturbance/embeddings/joint/fid_367/bef/20230430T142719_20230430T142714_T20LNR__S1A_IW_GRDH_1SDV_20230427T094936_20230427T095001_048280_05CE51_C3AC
[ok joint] fid=367 bef -> 2 new .npy in /share/castor/home/e2406749/tropical_forest_disturbance/embeddings/joint/fid_367/bef/20230609T142719_20230609T142938_T20LNR__S1A_IW_GRDH_1SDV_20230614T094938_20230614T095003_048980_05E3E7_B37E
[ok joint] fid=367 bef -> 2 new .npy in /share/castor/home/e2406749/tropical_forest_disturbance/embeddings/joint/fid_367/bef/20230818T142719_20230818T143227_T20LNR__S1A_IW_GRDH_1SDV_20230813T094942_20230813T095007_049855_05FF04_F481
[ok joint] fid=367 bef -> 2 new .npy in /share/castor/home/e2406749/tropical_forest_disturbance/embeddings/joint/fid_367/bef/20230515T142711_20230515T142713_T20LNR__S1A_IW_GRDH_1SDV_20230509T094937_20230509T095002_048455_05D42C_4A7D
[ok joint] fid=367 aft -> 2 new .npy in /share/castor/home/e2406749/tropical_forest_disturbance/embeddings/joint/fid_367/aft/20231012T142711_20231012T143437_T20LNR__S1A_IW_GRDH_1SDV_20231012T094943_20231012T095008_050730_061CE6_B0FB
[ok joint] fid=367 aft -> 2 new .npy in /share/castor/home/e2406749/tropical_forest_disturbance/embeddings/joint/fid_367/aft/20231002T142711_20231002T143108_T20LNR__S1A_IW_GRDH_1SDV_20230930T094944_20230930T095009_050555_0616E4_8B83
[ok joint] fid=97 bef -> 4 new .npy in /share/castor/home/e2406749/tropical_forest_disturbance/embeddings/joint/fid_97/bef/20230214T142711_20230214T143425_T20LMR__S1A_IW_GRDH_1SDV_20230214T094935_20230214T095000_047230_05AAD4_443E
[ok joint] fid=97 bef -> 4 new .npy in /share/castor/home/e2406749/tropical_forest_disturbance/embeddings/joint/fid_97/bef/20230301T142709_20230301T142737_T20LMR__S1A_IW_GRDH_1SDV_20230226T094935_20230226T095000_047405_05B0D3_E8BA
[ok joint] fid=97 aft -> 4 new .npy in /share/castor/home/e2406749/tropical_forest_disturbance/embeddings/joint/fid_97/aft/20230430T142719_20230430T142714_T20LMR__S1A_IW_GRDH_1SDV_20230427T094936_20230427T095001_048280_05CE51_C3AC
[ok joint] fid=97 aft -> 4 new .npy in /share/castor/home/e2406749/tropical_forest_disturbance/embeddings/joint/fid_97/aft/20230515T142711_20230515T142713_T20LMR__S1A_IW_GRDH_1SDV_20230509T094937_20230509T095002_048455_05D42C_4A7D
[ok joint] fid=223 bef -> 2 new .npy in /share/castor/home/e2406749/tropical_forest_disturbance/embeddings/joint/fid_223/bef/20230214T142711_20230214T143425_T20LMR__S1A_IW_GRDH_1SDV_20230214T094935_20230214T095000_047230_05AAD4_443E
[ok joint] fid=223 bef -> 2 new .npy in /share/castor/home/e2406749/tropical_forest_disturbance/embeddings/joint/fid_223/bef/20230301T142709_20230301T142737_T20LMR__S1A_IW_GRDH_1SDV_20230226T094935_20230226T095000_047405_05B0D3_E8BA
[ok joint] fid=223 bef -> 2 new .npy in /share/castor/home/e2406749/tropical_forest_disturbance/embeddings/joint/fid_223/bef/20230115T142711_20230115T142817_T20LMR__S1A_IW_GRDH_1SDV_20230109T094936_20230109T095001_046705_05993A_763B
[ok joint] fid=223 aft -> 2 new .npy in /share/castor/home/e2406749/tropical_forest_disturbance/embeddings/joint/fid_223/aft/20230520T142719_20230520T142902_T20LMR__S1A_IW_GRDH_1SDV_20230521T094937_20230521T095002_048630_05D957_8119
[ok joint] fid=223 aft -> 2 new .npy in /share/castor/home/e2406749/tropical_forest_disturbance/embeddings/joint/fid_223/aft/20230515T142711_20230515T142713_T20LMR__S1A_IW_GRDH_1SDV_20230509T094937_20230509T095002_048455_05D42C_4A7D
[ok joint] fid=230 bef -> 2 new .npy in /share/castor/home/e2406749/tropical_forest_disturbance/embeddings/joint/fid_230/bef/20230214T142711_20230214T143425_T20LMR__S1A_IW_GRDH_1SDV_20230214T094935_20230214T095000_047230_05AAD4_443E
[ok joint] fid=230 bef -> 2 new .npy in /share/castor/home/e2406749/tropical_forest_disturbance/embeddings/joint/fid_230/bef/20230224T142711_20230224T143045_T20LNR__S1A_IW_GRDH_1SDV_20230226T094935_20230226T095000_047405_05B0D3_E8BA
[ok joint] fid=230 bef -> 2 new .npy in /share/castor/home/e2406749/tropical_forest_disturbance/embeddings/joint/fid_230/bef/20230115T142711_20230115T142817_T20LMR__S1A_IW_GRDH_1SDV_20230109T094936_20230109T095001_046705_05993A_763B
[ok joint] fid=230 evt -> 2 new .npy in /share/castor/home/e2406749/tropical_forest_disturbance/embeddings/joint/fid_230/evt/20230515T142711_20230515T142713_T20LMR__S1A_IW_GRDH_1SDV_20230509T094937_20230509T095002_048455_05D42C_4A7D
[ok joint] fid=230 aft -> 2 new .npy in /share/castor/home/e2406749/tropical_forest_disturbance/embeddings/joint/fid_230/aft/20230604T142721_20230604T142716_T20LMR__S1A_IW_GRDH_1SDV_20230602T094938_20230602T095003_048805_05DE8B_61F1
[done joint] All embeddings already exist in /share/castor/home/e2406749/tropical_forest_disturbance/embeddings/joint/fid_281/bef/20230214T142711_20230214T143425_T20LMR__S1A_IW_GRDH_1SDV_20230214T094935_20230214T095000_047230_05AAD4_443E
[done joint] All embeddings already exist in /share/castor/home/e2406749/tropical_forest_disturbance/embeddings/joint/fid_281/bef/20230301T142709_20230301T142737_T20LMR__S1A_IW_GRDH_1SDV_20230226T094935_20230226T095000_047405_05B0D3_E8BA
[done joint] All embeddings already exist in /share/castor/home/e2406749/tropical_forest_disturbance/embeddings/joint/fid_281/bef/20230430T142719_20230430T142714_T20LMR__S1A_IW_GRDH_1SDV_20230427T094936_20230427T095001_048280_05CE51_C3AC
[done joint] All embeddings already exist in /share/castor/home/e2406749/tropical_forest_disturbance/embeddings/joint/fid_281/evt/20230515T142711_20230515T142713_T20LMR__S1A_IW_GRDH_1SDV_20230509T094937_20230509T095002_048455_05D42C_4A7D
[done joint] All embeddings already exist in /share/castor/home/e2406749/tropical_forest_disturbance/embeddings/joint/fid_281/aft/20230604T142721_20230604T142716_T20LMR__S1A_IW_GRDH_1SDV_20230602T094938_20230602T095003_048805_05DE8B_61F1
[done joint] All embeddings already exist in /share/castor/home/e2406749/tropical_forest_disturbance/embeddings/joint/fid_240/bef/20230214T142711_20230214T143425_T20LNR__S1A_IW_GRDH_1SDV_20230214T094935_20230214T095000_047230_05AAD4_443E
[done joint] All embeddings already exist in /share/castor/home/e2406749/tropical_forest_disturbance/embeddings/joint/fid_240/bef/20230520T142719_20230520T142902_T20LNR__S1A_IW_GRDH_1SDV_20230521T094937_20230521T095002_048630_05D957_8119
[done joint] All embeddings already exist in /share/castor/home/e2406749/tropical_forest_disturbance/embeddings/joint/fid_240/bef/20230301T142709_20230301T142737_T20LNR__S1A_IW_GRDH_1SDV_20230226T094935_20230226T095000_047405_05B0D3_E8BA
[done joint] All embeddings already exist in /share/castor/home/e2406749/tropical_forest_disturbance/embeddings/joint/fid_240/bef/20230115T142711_20230115T142817_T20LNR__S1A_IW_GRDH_1SDV_20230109T094936_20230109T095001_046705_05993A_763B
[done joint] All embeddings already exist in /share/castor/home/e2406749/tropical_forest_disturbance/embeddings/joint/fid_240/bef/20230515T142711_20230515T142713_T20LNR__S1A_IW_GRDH_1SDV_20230509T094937_20230509T095002_048455_05D42C_4A7D
[done joint] All embeddings already exist in /share/castor/home/e2406749/tropical_forest_disturbance/embeddings/joint/fid_240/evt/20230609T142719_20230609T142938_T20LNR__S1A_IW_GRDH_1SDV_20230614T094938_20230614T095003_048980_05E3E7_B37E
[done joint] All embeddings already exist in /share/castor/home/e2406749/tropical_forest_disturbance/embeddings/joint/fid_240/aft/20230624T142721_20230624T142715_T20LNR__S1A_IW_GRDH_1SDV_20230626T094939_20230626T095004_049155_05E932_87DB
[done joint] All embeddings already exist in /share/castor/home/e2406749/tropical_forest_disturbance/embeddings/joint/fid_240/aft/20230704T142721_20230704T142729_T20LNR__S1A_IW_GRDH_1SDV_20230708T094940_20230708T095005_049330_05EE9A_BD21
[ok joint] fid=177 bef -> 2 new .npy in /share/castor/home/e2406749/tropical_forest_disturbance/embeddings/joint/fid_177/bef/20230214T142711_20230214T143425_T20LNR__S1A_IW_GRDH_1SDV_20230214T094910_20230214T094935_047230_05AAD4_E27D
[ok joint] fid=177 bef -> 2 new .npy in /share/castor/home/e2406749/tropical_forest_disturbance/embeddings/joint/fid_177/bef/20230510T142719_20230510T142819_T20LNR__S1A_IW_GRDH_1SDV_20230509T094912_20230509T094937_048455_05D42C_BB80
[ok joint] fid=177 bef -> 2 new .npy in /share/castor/home/e2406749/tropical_forest_disturbance/embeddings/joint/fid_177/bef/20230430T142719_20230430T142714_T20LNR__S1A_IW_GRDH_1SDV_20230427T094911_20230427T094936_048280_05CE51_9F1D
[ok joint] fid=177 bef -> 2 new .npy in /share/castor/home/e2406749/tropical_forest_disturbance/embeddings/joint/fid_177/bef/20230525T142721_20230525T142853_T20LNR__S1A_IW_GRDH_1SDV_20230521T094912_20230521T094937_048630_05D957_8539
[ok joint] fid=177 evt -> 2 new .npy in /share/castor/home/e2406749/tropical_forest_disturbance/embeddings/joint/fid_177/evt/20230609T142719_20230609T142938_T20LNR__S1A_IW_GRDH_1SDV_20230614T094913_20230614T094938_048980_05E3E7_6485
[ok joint] fid=177 aft -> 2 new .npy in /share/castor/home/e2406749/tropical_forest_disturbance/embeddings/joint/fid_177/aft/20230624T142721_20230624T142715_T20LNR__S1A_IW_GRDH_1SDV_20230626T094914_20230626T094939_049155_05E932_8E24
[ok joint] fid=177 aft -> 2 new .npy in /share/castor/home/e2406749/tropical_forest_disturbance/embeddings/joint/fid_177/aft/20230704T142721_20230704T142729_T20LNR__S1A_IW_GRDH_1SDV_20230708T094915_20230708T094940_049330_05EE9A_201B
[ok joint] fid=178 bef -> 4 new .npy in /share/castor/home/e2406749/tropical_forest_disturbance/embeddings/joint/fid_178/bef/20230214T142711_20230214T143425_T20LNR__S1A_IW_GRDH_1SDV_20230214T094910_20230214T094935_047230_05AAD4_E27D
[ok joint] fid=178 bef -> 4 new .npy in /share/castor/home/e2406749/tropical_forest_disturbance/embeddings/joint/fid_178/bef/20230510T142719_20230510T142819_T20LNR__S1A_IW_GRDH_1SDV_20230509T094912_20230509T094937_048455_05D42C_BB80
[ok joint] fid=178 bef -> 4 new .npy in /share/castor/home/e2406749/tropical_forest_disturbance/embeddings/joint/fid_178/bef/20230430T142719_20230430T142714_T20LNR__S1A_IW_GRDH_1SDV_20230427T094911_20230427T094936_048280_05CE51_9F1D
[ok joint] fid=178 bef -> 4 new .npy in /share/castor/home/e2406749/tropical_forest_disturbance/embeddings/joint/fid_178/bef/20230525T142721_20230525T142853_T20LNR__S1A_IW_GRDH_1SDV_20230521T094912_20230521T094937_048630_05D957_8539
[ok joint] fid=178 evt -> 4 new .npy in /share/castor/home/e2406749/tropical_forest_disturbance/embeddings/joint/fid_178/evt/20230609T142719_20230609T142938_T20LNR__S1A_IW_GRDH_1SDV_20230614T094913_20230614T094938_048980_05E3E7_6485
[ok joint] fid=178 aft -> 4 new .npy in /share/castor/home/e2406749/tropical_forest_disturbance/embeddings/joint/fid_178/aft/20230624T142721_20230624T142715_T20LNR__S1A_IW_GRDH_1SDV_20230626T094914_20230626T094939_049155_05E932_8E24
[ok joint] fid=178 aft -> 4 new .npy in /share/castor/home/e2406749/tropical_forest_disturbance/embeddings/joint/fid_178/aft/20230704T142721_20230704T142729_T20LNR__S1A_IW_GRDH_1SDV_20230708T094915_20230708T094940_049330_05EE9A_201B
[ok joint] fid=239 bef -> 2 new .npy in /share/castor/home/e2406749/tropical_forest_disturbance/embeddings/joint/fid_239/bef/20230430T142719_20230430T142714_T20LNR__S1A_IW_GRDH_1SDV_20230427T094911_20230427T094936_048280_05CE51_9F1D
[ok joint] fid=239 bef -> 2 new .npy in /share/castor/home/e2406749/tropical_forest_disturbance/embeddings/joint/fid_239/bef/20230420T142719_20230420T142714_T20LNR__S1A_IW_GRDH_1SDV_20230415T094911_20230415T094936_048105_05C876_50BE
[ok joint] fid=239 bef -> 2 new .npy in /share/castor/home/e2406749/tropical_forest_disturbance/embeddings/joint/fid_239/bef/20230515T142711_20230515T142713_T20LNR__S1A_IW_GRDH_1SDV_20230509T094912_20230509T094937_048455_05D42C_BB80
[ok joint] fid=239 evt -> 2 new .npy in /share/castor/home/e2406749/tropical_forest_disturbance/embeddings/joint/fid_239/evt/20230609T142719_20230609T142938_T20LNR__S1A_IW_GRDH_1SDV_20230614T094913_20230614T094938_048980_05E3E7_6485
[ok joint] fid=239 aft -> 2 new .npy in /share/castor/home/e2406749/tropical_forest_disturbance/embeddings/joint/fid_239/aft/20230624T142721_20230624T142715_T20LNR__S1A_IW_GRDH_1SDV_20230626T094914_20230626T094939_049155_05E932_8E24
[ok joint] fid=239 aft -> 2 new .npy in /share/castor/home/e2406749/tropical_forest_disturbance/embeddings/joint/fid_239/aft/20230704T142721_20230704T142729_T20LNR__S1A_IW_GRDH_1SDV_20230708T094915_20230708T094940_049330_05EE9A_201B
[ok joint] fid=296 bef -> 1 new .npy in /share/castor/home/e2406749/tropical_forest_disturbance/embeddings/joint/fid_296/bef/20230520T142719_20230520T142902_T20LNR__S1A_IW_GRDH_1SDV_20230521T094937_20230521T095002_048630_05D957_8119
[ok joint] fid=296 bef -> 1 new .npy in /share/castor/home/e2406749/tropical_forest_disturbance/embeddings/joint/fid_296/bef/20230604T142721_20230604T142716_T20LNR__S1A_IW_GRDH_1SDV_20230602T094938_20230602T095003_048805_05DE8B_61F1
[ok joint] fid=296 bef -> 1 new .npy in /share/castor/home/e2406749/tropical_forest_disturbance/embeddings/joint/fid_296/bef/20230430T142719_20230430T142714_T20LNR__S1A_IW_GRDH_1SDV_20230427T094936_20230427T095001_048280_05CE51_C3AC
[ok joint] fid=296 bef -> 1 new .npy in /share/castor/home/e2406749/tropical_forest_disturbance/embeddings/joint/fid_296/bef/20230515T142711_20230515T142713_T20LNR__S1A_IW_GRDH_1SDV_20230509T094937_20230509T095002_048455_05D42C_4A7D
[ok joint] fid=296 evt -> 1 new .npy in /share/castor/home/e2406749/tropical_forest_disturbance/embeddings/joint/fid_296/evt/20230609T142719_20230609T142938_T20LNR__S1A_IW_GRDH_1SDV_20230614T094938_20230614T095003_048980_05E3E7_B37E
[ok joint] fid=296 aft -> 1 new .npy in /share/castor/home/e2406749/tropical_forest_disturbance/embeddings/joint/fid_296/aft/20230709T142719_20230709T142938_T20LNR__S1A_IW_GRDH_1SDV_20230708T094940_20230708T095005_049330_05EE9A_BD21
[ok joint] fid=296 aft -> 1 new .npy in /share/castor/home/e2406749/tropical_forest_disturbance/embeddings/joint/fid_296/aft/20230624T142721_20230624T142715_T20LNR__S1A_IW_GRDH_1SDV_20230626T094939_20230626T095004_049155_05E932_87DB
[done joint] All embeddings already exist in /share/castor/home/e2406749/tropical_forest_disturbance/embeddings/joint/fid_113/bef/20230604T142721_20230604T142716_T20LNR__S1A_IW_GRDH_1SDV_20230602T094913_20230602T094938_048805_05DE8B_7193
[done joint] All embeddings already exist in /share/castor/home/e2406749/tropical_forest_disturbance/embeddings/joint/fid_113/bef/20230430T142719_20230430T142714_T20LNR__S1A_IW_GRDH_1SDV_20230427T094911_20230427T094936_048280_05CE51_9F1D
[done joint] All embeddings already exist in /share/castor/home/e2406749/tropical_forest_disturbance/embeddings/joint/fid_113/bef/20230515T142711_20230515T142713_T20LNR__S1A_IW_GRDH_1SDV_20230509T094912_20230509T094937_048455_05D42C_BB80
[done joint] All embeddings already exist in /share/castor/home/e2406749/tropical_forest_disturbance/embeddings/joint/fid_113/evt/20230609T142719_20230609T142938_T20LNR__S1A_IW_GRDH_1SDV_20230614T094913_20230614T094938_048980_05E3E7_6485
[done joint] All embeddings already exist in /share/castor/home/e2406749/tropical_forest_disturbance/embeddings/joint/fid_113/aft/20230709T142719_20230709T142938_T20LNR__S1A_IW_GRDH_1SDV_20230708T094915_20230708T094940_049330_05EE9A_201B
[done joint] All embeddings already exist in /share/castor/home/e2406749/tropical_forest_disturbance/embeddings/joint/fid_113/aft/20230624T142721_20230624T142715_T20LNR__S1A_IW_GRDH_1SDV_20230626T094914_20230626T094939_049155_05E932_8E24
[ok joint] fid=238 bef -> 1 new .npy in /share/castor/home/e2406749/tropical_forest_disturbance/embeddings/joint/fid_238/bef/20230604T142721_20230604T142716_T20LNR__S1A_IW_GRDH_1SDV_20230602T094913_20230602T094938_048805_05DE8B_7193
[ok joint] fid=238 bef -> 1 new .npy in /share/castor/home/e2406749/tropical_forest_disturbance/embeddings/joint/fid_238/bef/20230430T142719_20230430T142714_T20LNR__S1A_IW_GRDH_1SDV_20230427T094911_20230427T094936_048280_05CE51_9F1D
[ok joint] fid=238 bef -> 1 new .npy in /share/castor/home/e2406749/tropical_forest_disturbance/embeddings/joint/fid_238/bef/20230515T142711_20230515T142713_T20LNR__S1A_IW_GRDH_1SDV_20230509T094912_20230509T094937_048455_05D42C_BB80
[ok joint] fid=238 evt -> 1 new .npy in /share/castor/home/e2406749/tropical_forest_disturbance/embeddings/joint/fid_238/evt/20230609T142719_20230609T142938_T20LNR__S1A_IW_GRDH_1SDV_20230614T094913_20230614T094938_048980_05E3E7_6485
[ok joint] fid=238 aft -> 1 new .npy in /share/castor/home/e2406749/tropical_forest_disturbance/embeddings/joint/fid_238/aft/20230709T142719_20230709T142938_T20LNR__S1A_IW_GRDH_1SDV_20230708T094915_20230708T094940_049330_05EE9A_201B
[ok joint] fid=238 aft -> 1 new .npy in /share/castor/home/e2406749/tropical_forest_disturbance/embeddings/joint/fid_238/aft/20230624T142721_20230624T142715_T20LNR__S1A_IW_GRDH_1SDV_20230626T094914_20230626T094939_049155_05E932_8E24
[done joint] All embeddings already exist in /share/castor/home/e2406749/tropical_forest_disturbance/embeddings/joint/fid_180/bef/20230214T142711_20230214T143425_T20LNR__S1A_IW_GRDH_1SDV_20230214T094935_20230214T095000_047230_05AAD4_443E
[done joint] All embeddings already exist in /share/castor/home/e2406749/tropical_forest_disturbance/embeddings/joint/fid_180/bef/20230604T142721_20230604T142716_T20LNR__S1A_IW_GRDH_1SDV_20230602T094938_20230602T095003_048805_05DE8B_61F1
[done joint] All embeddings already exist in /share/castor/home/e2406749/tropical_forest_disturbance/embeddings/joint/fid_180/bef/20230301T142709_20230301T142737_T20LNR__S1A_IW_GRDH_1SDV_20230226T094935_20230226T095000_047405_05B0D3_E8BA
[done joint] All embeddings already exist in /share/castor/home/e2406749/tropical_forest_disturbance/embeddings/joint/fid_180/bef/20230430T142719_20230430T142714_T20LNR__S1A_IW_GRDH_1SDV_20230427T094936_20230427T095001_048280_05CE51_C3AC
[done joint] All embeddings already exist in /share/castor/home/e2406749/tropical_forest_disturbance/embeddings/joint/fid_180/bef/20230115T142711_20230115T142817_T20LNR__S1A_IW_GRDH_1SDV_20230109T094936_20230109T095001_046705_05993A_763B
[done joint] All embeddings already exist in /share/castor/home/e2406749/tropical_forest_disturbance/embeddings/joint/fid_180/bef/20230515T142711_20230515T142713_T20LNR__S1A_IW_GRDH_1SDV_20230509T094937_20230509T095002_048455_05D42C_4A7D
[done joint] All embeddings already exist in /share/castor/home/e2406749/tropical_forest_disturbance/embeddings/joint/fid_180/evt/20230609T142719_20230609T142938_T20LNR__S1A_IW_GRDH_1SDV_20230614T094938_20230614T095003_048980_05E3E7_B37E
[done joint] All embeddings already exist in /share/castor/home/e2406749/tropical_forest_disturbance/embeddings/joint/fid_180/aft/20230709T142719_20230709T142938_T20LNR__S1A_IW_GRDH_1SDV_20230708T094940_20230708T095005_049330_05EE9A_BD21
[done joint] All embeddings already exist in /share/castor/home/e2406749/tropical_forest_disturbance/embeddings/joint/fid_180/aft/20230624T142721_20230624T142715_T20LNR__S1A_IW_GRDH_1SDV_20230626T094939_20230626T095004_049155_05E932_87DB
[ok joint] fid=181 bef -> 2 new .npy in /share/castor/home/e2406749/tropical_forest_disturbance/embeddings/joint/fid_181/bef/20230214T142711_20230214T143425_T20LNR__S1A_IW_GRDH_1SDV_20230214T094935_20230214T095000_047230_05AAD4_443E
[ok joint] fid=181 bef -> 2 new .npy in /share/castor/home/e2406749/tropical_forest_disturbance/embeddings/joint/fid_181/bef/20230520T142719_20230520T142902_T20LNR__S1A_IW_GRDH_1SDV_20230521T094937_20230521T095002_048630_05D957_8119
[ok joint] fid=181 bef -> 2 new .npy in /share/castor/home/e2406749/tropical_forest_disturbance/embeddings/joint/fid_181/bef/20230604T142721_20230604T142716_T20LNR__S1A_IW_GRDH_1SDV_20230602T094938_20230602T095003_048805_05DE8B_61F1
[ok joint] fid=181 bef -> 2 new .npy in /share/castor/home/e2406749/tropical_forest_disturbance/embeddings/joint/fid_181/bef/20230430T142719_20230430T142714_T20LNR__S1A_IW_GRDH_1SDV_20230427T094936_20230427T095001_048280_05CE51_C3AC
[ok joint] fid=181 bef -> 2 new .npy in /share/castor/home/e2406749/tropical_forest_disturbance/embeddings/joint/fid_181/bef/20230515T142711_20230515T142713_T20LNR__S1A_IW_GRDH_1SDV_20230509T094937_20230509T095002_048455_05D42C_4A7D
[ok joint] fid=181 evt -> 2 new .npy in /share/castor/home/e2406749/tropical_forest_disturbance/embeddings/joint/fid_181/evt/20230609T142719_20230609T142938_T20LNR__S1A_IW_GRDH_1SDV_20230614T094938_20230614T095003_048980_05E3E7_B37E
[ok joint] fid=181 aft -> 2 new .npy in /share/castor/home/e2406749/tropical_forest_disturbance/embeddings/joint/fid_181/aft/20230709T142719_20230709T142938_T20LNR__S1A_IW_GRDH_1SDV_20230708T094940_20230708T095005_049330_05EE9A_BD21
[ok joint] fid=181 aft -> 2 new .npy in /share/castor/home/e2406749/tropical_forest_disturbance/embeddings/joint/fid_181/aft/20230624T142721_20230624T142715_T20LNR__S1A_IW_GRDH_1SDV_20230626T094939_20230626T095004_049155_05E932_87DB
[ok joint] fid=298 bef -> 4 new .npy in /share/castor/home/e2406749/tropical_forest_disturbance/embeddings/joint/fid_298/bef/20230214T142711_20230214T143425_T20LNR__S1A_IW_GRDH_1SDV_20230214T094935_20230214T095000_047230_05AAD4_443E
[ok joint] fid=298 bef -> 4 new .npy in /share/castor/home/e2406749/tropical_forest_disturbance/embeddings/joint/fid_298/bef/20230520T142719_20230520T142902_T20LNR__S1A_IW_GRDH_1SDV_20230521T094937_20230521T095002_048630_05D957_8119
[ok joint] fid=298 bef -> 4 new .npy in /share/castor/home/e2406749/tropical_forest_disturbance/embeddings/joint/fid_298/bef/20230604T142721_20230604T142716_T20LNR__S1A_IW_GRDH_1SDV_20230602T094938_20230602T095003_048805_05DE8B_61F1
[ok joint] fid=298 bef -> 4 new .npy in /share/castor/home/e2406749/tropical_forest_disturbance/embeddings/joint/fid_298/bef/20230430T142719_20230430T142714_T20LNR__S1A_IW_GRDH_1SDV_20230427T094936_20230427T095001_048280_05CE51_C3AC
[ok joint] fid=298 bef -> 4 new .npy in /share/castor/home/e2406749/tropical_forest_disturbance/embeddings/joint/fid_298/bef/20230515T142711_20230515T142713_T20LNR__S1A_IW_GRDH_1SDV_20230509T094937_20230509T095002_048455_05D42C_4A7D
[ok joint] fid=298 evt -> 4 new .npy in /share/castor/home/e2406749/tropical_forest_disturbance/embeddings/joint/fid_298/evt/20230609T142719_20230609T142938_T20LNR__S1A_IW_GRDH_1SDV_20230614T094938_20230614T095003_048980_05E3E7_B37E
[ok joint] fid=298 aft -> 4 new .npy in /share/castor/home/e2406749/tropical_forest_disturbance/embeddings/joint/fid_298/aft/20230709T142719_20230709T142938_T20LNR__S1A_IW_GRDH_1SDV_20230708T094940_20230708T095005_049330_05EE9A_BD21
[ok joint] fid=298 aft -> 4 new .npy in /share/castor/home/e2406749/tropical_forest_disturbance/embeddings/joint/fid_298/aft/20230624T142721_20230624T142715_T20LNR__S1A_IW_GRDH_1SDV_20230626T094939_20230626T095004_049155_05E932_87DB
[ok joint] fid=299 bef -> 2 new .npy in /share/castor/home/e2406749/tropical_forest_disturbance/embeddings/joint/fid_299/bef/20230214T142711_20230214T143425_T20LNR__S1A_IW_GRDH_1SDV_20230214T094935_20230214T095000_047230_05AAD4_443E
[ok joint] fid=299 bef -> 2 new .npy in /share/castor/home/e2406749/tropical_forest_disturbance/embeddings/joint/fid_299/bef/20230520T142719_20230520T142902_T20LNR__S1A_IW_GRDH_1SDV_20230521T094937_20230521T095002_048630_05D957_8119
[ok joint] fid=299 bef -> 2 new .npy in /share/castor/home/e2406749/tropical_forest_disturbance/embeddings/joint/fid_299/bef/20230604T142721_20230604T142716_T20LNR__S1A_IW_GRDH_1SDV_20230602T094938_20230602T095003_048805_05DE8B_61F1
[ok joint] fid=299 bef -> 2 new .npy in /share/castor/home/e2406749/tropical_forest_disturbance/embeddings/joint/fid_299/bef/20230301T142709_20230301T142737_T20LNR__S1A_IW_GRDH_1SDV_20230226T094935_20230226T095000_047405_05B0D3_E8BA
[ok joint] fid=299 bef -> 2 new .npy in /share/castor/home/e2406749/tropical_forest_disturbance/embeddings/joint/fid_299/bef/20230326T142711_20230326T142710_T20LNR__S1A_IW_GRDH_1SDV_20230322T094935_20230322T095000_047755_05BCAD_A5E4
[ok joint] fid=299 bef -> 2 new .npy in /share/castor/home/e2406749/tropical_forest_disturbance/embeddings/joint/fid_299/bef/20230115T142711_20230115T142817_T20LNR__S1A_IW_GRDH_1SDV_20230109T094936_20230109T095001_046705_05993A_763B
[ok joint] fid=299 bef -> 2 new .npy in /share/castor/home/e2406749/tropical_forest_disturbance/embeddings/joint/fid_299/bef/20230515T142711_20230515T142713_T20LNR__S1A_IW_GRDH_1SDV_20230509T094937_20230509T095002_048455_05D42C_4A7D
[ok joint] fid=299 evt -> 2 new .npy in /share/castor/home/e2406749/tropical_forest_disturbance/embeddings/joint/fid_299/evt/20230609T142719_20230609T142938_T20LNR__S1A_IW_GRDH_1SDV_20230614T094938_20230614T095003_048980_05E3E7_B37E
[ok joint] fid=299 aft -> 2 new .npy in /share/castor/home/e2406749/tropical_forest_disturbance/embeddings/joint/fid_299/aft/20230709T142719_20230709T142938_T20LNR__S1A_IW_GRDH_1SDV_20230708T094940_20230708T095005_049330_05EE9A_BD21
[ok joint] fid=299 aft -> 2 new .npy in /share/castor/home/e2406749/tropical_forest_disturbance/embeddings/joint/fid_299/aft/20230624T142721_20230624T142715_T20LNR__S1A_IW_GRDH_1SDV_20230626T094939_20230626T095004_049155_05E932_87DB
[ok joint] fid=241 bef -> 2 new .npy in /share/castor/home/e2406749/tropical_forest_disturbance/embeddings/joint/fid_241/bef/20230520T142719_20230520T142902_T20LNR__S1A_IW_GRDH_1SDV_20230521T094937_20230521T095002_048630_05D957_8119
[ok joint] fid=241 bef -> 2 new .npy in /share/castor/home/e2406749/tropical_forest_disturbance/embeddings/joint/fid_241/bef/20230604T142721_20230604T142716_T20LNR__S1A_IW_GRDH_1SDV_20230602T094938_20230602T095003_048805_05DE8B_61F1
[ok joint] fid=241 bef -> 2 new .npy in /share/castor/home/e2406749/tropical_forest_disturbance/embeddings/joint/fid_241/bef/20230301T142709_20230301T142737_T20LNR__S1A_IW_GRDH_1SDV_20230226T094935_20230226T095000_047405_05B0D3_E8BA
[ok joint] fid=241 bef -> 2 new .npy in /share/castor/home/e2406749/tropical_forest_disturbance/embeddings/joint/fid_241/bef/20230430T142719_20230430T142714_T20LNR__S1A_IW_GRDH_1SDV_20230427T094936_20230427T095001_048280_05CE51_C3AC
[ok joint] fid=241 bef -> 2 new .npy in /share/castor/home/e2406749/tropical_forest_disturbance/embeddings/joint/fid_241/bef/20230515T142711_20230515T142713_T20LNR__S1A_IW_GRDH_1SDV_20230509T094937_20230509T095002_048455_05D42C_4A7D
[ok joint] fid=241 evt -> 2 new .npy in /share/castor/home/e2406749/tropical_forest_disturbance/embeddings/joint/fid_241/evt/20230609T142719_20230609T142938_T20LNR__S1A_IW_GRDH_1SDV_20230614T094938_20230614T095003_048980_05E3E7_B37E
[ok joint] fid=241 aft -> 2 new .npy in /share/castor/home/e2406749/tropical_forest_disturbance/embeddings/joint/fid_241/aft/20230709T142719_20230709T142938_T20LNR__S1A_IW_GRDH_1SDV_20230708T094940_20230708T095005_049330_05EE9A_BD21
[ok joint] fid=241 aft -> 2 new .npy in /share/castor/home/e2406749/tropical_forest_disturbance/embeddings/joint/fid_241/aft/20230624T142721_20230624T142715_T20LNR__S1A_IW_GRDH_1SDV_20230626T094939_20230626T095004_049155_05E932_87DB
[ok joint] fid=297 bef -> 1 new .npy in /share/castor/home/e2406749/tropical_forest_disturbance/embeddings/joint/fid_297/bef/20230214T142711_20230214T143425_T20LNR__S1A_IW_GRDH_1SDV_20230214T094935_20230214T095000_047230_05AAD4_443E
[ok joint] fid=297 bef -> 1 new .npy in /share/castor/home/e2406749/tropical_forest_disturbance/embeddings/joint/fid_297/bef/20230604T142721_20230604T142716_T20LNR__S1A_IW_GRDH_1SDV_20230602T094938_20230602T095003_048805_05DE8B_61F1
[ok joint] fid=297 bef -> 1 new .npy in /share/castor/home/e2406749/tropical_forest_disturbance/embeddings/joint/fid_297/bef/20230430T142719_20230430T142714_T20LNR__S1A_IW_GRDH_1SDV_20230427T094936_20230427T095001_048280_05CE51_C3AC
[ok joint] fid=297 bef -> 1 new .npy in /share/castor/home/e2406749/tropical_forest_disturbance/embeddings/joint/fid_297/bef/20230515T142711_20230515T142713_T20LNR__S1A_IW_GRDH_1SDV_20230509T094937_20230509T095002_048455_05D42C_4A7D
[ok joint] fid=297 evt -> 1 new .npy in /share/castor/home/e2406749/tropical_forest_disturbance/embeddings/joint/fid_297/evt/20230609T142719_20230609T142938_T20LNR__S1A_IW_GRDH_1SDV_20230614T094938_20230614T095003_048980_05E3E7_B37E
[ok joint] fid=297 aft -> 1 new .npy in /share/castor/home/e2406749/tropical_forest_disturbance/embeddings/joint/fid_297/aft/20230709T142719_20230709T142938_T20LNR__S1A_IW_GRDH_1SDV_20230708T094940_20230708T095005_049330_05EE9A_BD21
[ok joint] fid=297 aft -> 1 new .npy in /share/castor/home/e2406749/tropical_forest_disturbance/embeddings/joint/fid_297/aft/20230624T142721_20230624T142715_T20LNR__S1A_IW_GRDH_1SDV_20230626T094939_20230626T095004_049155_05E932_87DB
[ok joint] fid=179 bef -> 3 new .npy in /share/castor/home/e2406749/tropical_forest_disturbance/embeddings/joint/fid_179/bef/20230214T142711_20230214T143425_T20LNR__S1A_IW_GRDH_1SDV_20230214T094910_20230214T094935_047230_05AAD4_E27D
[ok joint] fid=179 bef -> 3 new .npy in /share/castor/home/e2406749/tropical_forest_disturbance/embeddings/joint/fid_179/bef/20230125T142711_20230125T142709_T20LNR__S1A_IW_GRDH_1SDV_20230121T094910_20230121T094935_046880_059F24_ED7C
[ok joint] fid=179 bef -> 3 new .npy in /share/castor/home/e2406749/tropical_forest_disturbance/embeddings/joint/fid_179/bef/20230525T142721_20230525T142853_T20LNR__S1A_IW_GRDH_1SDV_20230521T094912_20230521T094937_048630_05D957_8539
[ok joint] fid=179 bef -> 3 new .npy in /share/castor/home/e2406749/tropical_forest_disturbance/embeddings/joint/fid_179/bef/20230515T142711_20230515T142713_T20LNR__S1A_IW_GRDH_1SDV_20230509T094912_20230509T094937_048455_05D42C_BB80
[ok joint] fid=179 evt -> 3 new .npy in /share/castor/home/e2406749/tropical_forest_disturbance/embeddings/joint/fid_179/evt/20230609T142719_20230609T142938_T20LNR__S1A_IW_GRDH_1SDV_20230614T094913_20230614T094938_048980_05E3E7_6485
[ok joint] fid=179 aft -> 3 new .npy in /share/castor/home/e2406749/tropical_forest_disturbance/embeddings/joint/fid_179/aft/20230709T142719_20230709T142938_T20LNR__S1A_IW_GRDH_1SDV_20230708T094915_20230708T094940_049330_05EE9A_201B
[ok joint] fid=179 aft -> 3 new .npy in /share/castor/home/e2406749/tropical_forest_disturbance/embeddings/joint/fid_179/aft/20230624T142721_20230624T142715_T20LNR__S1A_IW_GRDH_1SDV_20230626T094914_20230626T094939_049155_05E932_8E24
[done joint] All embeddings already exist in /share/castor/home/e2406749/tropical_forest_disturbance/embeddings/joint/fid_115/bef/20230214T142711_20230214T143425_T20LNR__S1A_IW_GRDH_1SDV_20230214T094935_20230214T095000_047230_05AAD4_443E
[done joint] All embeddings already exist in /share/castor/home/e2406749/tropical_forest_disturbance/embeddings/joint/fid_115/bef/20230604T142721_20230604T142716_T20LNR__S1A_IW_GRDH_1SDV_20230602T094938_20230602T095003_048805_05DE8B_61F1
[done joint] All embeddings already exist in /share/castor/home/e2406749/tropical_forest_disturbance/embeddings/joint/fid_115/bef/20230420T142719_20230420T142714_T20LNR__S1A_IW_GRDH_1SDV_20230415T094936_20230415T095001_048105_05C876_7D01
[done joint] All embeddings already exist in /share/castor/home/e2406749/tropical_forest_disturbance/embeddings/joint/fid_115/bef/20230515T142711_20230515T142713_T20LNR__S1A_IW_GRDH_1SDV_20230509T094937_20230509T095002_048455_05D42C_4A7D
[done joint] All embeddings already exist in /share/castor/home/e2406749/tropical_forest_disturbance/embeddings/joint/fid_115/evt/20230619T142719_20230619T142934_T20LNR__S1A_IW_GRDH_1SDV_20230614T094938_20230614T095003_048980_05E3E7_B37E
[done joint] All embeddings already exist in /share/castor/home/e2406749/tropical_forest_disturbance/embeddings/joint/fid_115/aft/20230709T142719_20230709T142938_T20LNR__S1A_IW_GRDH_1SDV_20230708T094940_20230708T095005_049330_05EE9A_BD21
[ok joint] fid=182 bef -> 2 new .npy in /share/castor/home/e2406749/tropical_forest_disturbance/embeddings/joint/fid_182/bef/20230604T142721_20230604T142716_T20LNR__S1A_IW_GRDH_1SDV_20230602T094913_20230602T094938_048805_05DE8B_7193
[ok joint] fid=182 bef -> 2 new .npy in /share/castor/home/e2406749/tropical_forest_disturbance/embeddings/joint/fid_182/bef/20230430T142719_20230430T142714_T20LNR__S1A_IW_GRDH_1SDV_20230427T094911_20230427T094936_048280_05CE51_9F1D
[ok joint] fid=182 bef -> 2 new .npy in /share/castor/home/e2406749/tropical_forest_disturbance/embeddings/joint/fid_182/bef/20230525T142721_20230525T142853_T20LNR__S1A_IW_GRDH_1SDV_20230521T094912_20230521T094937_048630_05D957_8539
[ok joint] fid=182 bef -> 2 new .npy in /share/castor/home/e2406749/tropical_forest_disturbance/embeddings/joint/fid_182/bef/20230515T142711_20230515T142713_T20LNR__S1A_IW_GRDH_1SDV_20230509T094912_20230509T094937_048455_05D42C_BB80
[ok joint] fid=182 evt -> 2 new .npy in /share/castor/home/e2406749/tropical_forest_disturbance/embeddings/joint/fid_182/evt/20230624T142721_20230624T142715_T20LNR__S1A_IW_GRDH_1SDV_20230626T094914_20230626T094939_049155_05E932_8E24
[ok joint] fid=182 evt -> 2 new .npy in /share/castor/home/e2406749/tropical_forest_disturbance/embeddings/joint/fid_182/evt/20230619T142719_20230619T142934_T20LNR__S1A_IW_GRDH_1SDV_20230614T094913_20230614T094938_048980_05E3E7_6485
[ok joint] fid=182 aft -> 2 new .npy in /share/castor/home/e2406749/tropical_forest_disturbance/embeddings/joint/fid_182/aft/20230709T142719_20230709T142938_T20LNR__S1A_IW_GRDH_1SDV_20230708T094915_20230708T094940_049330_05EE9A_201B
[ok joint] fid=183 bef -> 1 new .npy in /share/castor/home/e2406749/tropical_forest_disturbance/embeddings/joint/fid_183/bef/20230214T142711_20230214T143425_T20LNR__S1A_IW_GRDH_1SDV_20230214T094910_20230214T094935_047230_05AAD4_E27D
[ok joint] fid=183 bef -> 1 new .npy in /share/castor/home/e2406749/tropical_forest_disturbance/embeddings/joint/fid_183/bef/20230520T142719_20230520T142902_T20LNR__S1A_IW_GRDH_1SDV_20230521T094912_20230521T094937_048630_05D957_8539
[ok joint] fid=183 bef -> 1 new .npy in /share/castor/home/e2406749/tropical_forest_disturbance/embeddings/joint/fid_183/bef/20230420T142719_20230420T142714_T20LNR__S1A_IW_GRDH_1SDV_20230415T094911_20230415T094936_048105_05C876_50BE
[ok joint] fid=183 bef -> 1 new .npy in /share/castor/home/e2406749/tropical_forest_disturbance/embeddings/joint/fid_183/bef/20230515T142711_20230515T142713_T20LNR__S1A_IW_GRDH_1SDV_20230509T094912_20230509T094937_048455_05D42C_BB80
[ok joint] fid=183 bef -> 1 new .npy in /share/castor/home/e2406749/tropical_forest_disturbance/embeddings/joint/fid_183/bef/20230609T142719_20230609T142938_T20LNR__S1A_IW_GRDH_1SDV_20230602T094913_20230602T094938_048805_05DE8B_7193
[ok joint] fid=183 evt -> 1 new .npy in /share/castor/home/e2406749/tropical_forest_disturbance/embeddings/joint/fid_183/evt/20230624T142721_20230624T142715_T20LNR__S1A_IW_GRDH_1SDV_20230626T094914_20230626T094939_049155_05E932_8E24
[ok joint] fid=183 evt -> 1 new .npy in /share/castor/home/e2406749/tropical_forest_disturbance/embeddings/joint/fid_183/evt/20230619T142719_20230619T142934_T20LNR__S1A_IW_GRDH_1SDV_20230614T094913_20230614T094938_048980_05E3E7_6485
[ok joint] fid=183 aft -> 1 new .npy in /share/castor/home/e2406749/tropical_forest_disturbance/embeddings/joint/fid_183/aft/20230709T142719_20230709T142938_T20LNR__S1A_IW_GRDH_1SDV_20230708T094915_20230708T094940_049330_05EE9A_201B
[done joint] All embeddings already exist in /share/castor/home/e2406749/tropical_forest_disturbance/embeddings/joint/fid_116/bef/20230214T142711_20230214T143425_T20LNR__S1A_IW_GRDH_1SDV_20230214T094935_20230214T095000_047230_05AAD4_443E
[done joint] All embeddings already exist in /share/castor/home/e2406749/tropical_forest_disturbance/embeddings/joint/fid_116/bef/20230520T142719_20230520T142902_T20LNR__S1A_IW_GRDH_1SDV_20230521T094937_20230521T095002_048630_05D957_8119
[done joint] All embeddings already exist in /share/castor/home/e2406749/tropical_forest_disturbance/embeddings/joint/fid_116/bef/20230604T142721_20230604T142716_T20LNR__S1A_IW_GRDH_1SDV_20230602T094938_20230602T095003_048805_05DE8B_61F1
[done joint] All embeddings already exist in /share/castor/home/e2406749/tropical_forest_disturbance/embeddings/joint/fid_116/bef/20230301T142709_20230301T142737_T20LNR__S1A_IW_GRDH_1SDV_20230226T094935_20230226T095000_047405_05B0D3_E8BA
[done joint] All embeddings already exist in /share/castor/home/e2406749/tropical_forest_disturbance/embeddings/joint/fid_116/bef/20230609T142719_20230609T142938_T20LNR__S1A_IW_GRDH_1SDV_20230614T094938_20230614T095003_048980_05E3E7_B37E
[done joint] All embeddings already exist in /share/castor/home/e2406749/tropical_forest_disturbance/embeddings/joint/fid_116/bef/20230115T142711_20230115T142817_T20LNR__S1A_IW_GRDH_1SDV_20230109T094936_20230109T095001_046705_05993A_763B
[done joint] All embeddings already exist in /share/castor/home/e2406749/tropical_forest_disturbance/embeddings/joint/fid_116/bef/20230515T142711_20230515T142713_T20LNR__S1A_IW_GRDH_1SDV_20230509T094937_20230509T095002_048455_05D42C_4A7D
[done joint] All embeddings already exist in /share/castor/home/e2406749/tropical_forest_disturbance/embeddings/joint/fid_116/evt/20230624T142721_20230624T142715_T20LNR__S1A_IW_GRDH_1SDV_20230626T094939_20230626T095004_049155_05E932_87DB
[done joint] All embeddings already exist in /share/castor/home/e2406749/tropical_forest_disturbance/embeddings/joint/fid_116/aft/20230709T142719_20230709T142938_T20LNR__S1A_IW_GRDH_1SDV_20230708T094940_20230708T095005_049330_05EE9A_BD21
[done joint] All embeddings already exist in /share/castor/home/e2406749/tropical_forest_disturbance/embeddings/joint/fid_116/aft/20230719T142719_20230719T142939_T20LNR__S1A_IW_GRDH_1SDV_20230720T094940_20230720T095005_049505_05F3ED_61B1
[ok joint] fid=184 bef -> 1 new .npy in /share/castor/home/e2406749/tropical_forest_disturbance/embeddings/joint/fid_184/bef/20230214T142711_20230214T143425_T20LNR__S1A_IW_GRDH_1SDV_20230214T094935_20230214T095000_047230_05AAD4_443E
[ok joint] fid=184 bef -> 1 new .npy in /share/castor/home/e2406749/tropical_forest_disturbance/embeddings/joint/fid_184/bef/20230604T142721_20230604T142716_T20LNR__S1A_IW_GRDH_1SDV_20230602T094938_20230602T095003_048805_05DE8B_61F1
[ok joint] fid=184 bef -> 1 new .npy in /share/castor/home/e2406749/tropical_forest_disturbance/embeddings/joint/fid_184/bef/20230301T142709_20230301T142737_T20LNR__S1A_IW_GRDH_1SDV_20230226T094935_20230226T095000_047405_05B0D3_E8BA
[ok joint] fid=184 bef -> 1 new .npy in /share/castor/home/e2406749/tropical_forest_disturbance/embeddings/joint/fid_184/bef/20230430T142719_20230430T142714_T20LNR__S1A_IW_GRDH_1SDV_20230427T094936_20230427T095001_048280_05CE51_C3AC
[ok joint] fid=184 bef -> 1 new .npy in /share/castor/home/e2406749/tropical_forest_disturbance/embeddings/joint/fid_184/bef/20230609T142719_20230609T142938_T20LNR__S1A_IW_GRDH_1SDV_20230614T094938_20230614T095003_048980_05E3E7_B37E
[ok joint] fid=184 bef -> 1 new .npy in /share/castor/home/e2406749/tropical_forest_disturbance/embeddings/joint/fid_184/bef/20230115T142711_20230115T142817_T20LNR__S1A_IW_GRDH_1SDV_20230109T094936_20230109T095001_046705_05993A_763B
[ok joint] fid=184 bef -> 1 new .npy in /share/castor/home/e2406749/tropical_forest_disturbance/embeddings/joint/fid_184/bef/20230515T142711_20230515T142713_T20LNR__S1A_IW_GRDH_1SDV_20230509T094937_20230509T095002_048455_05D42C_4A7D
[ok joint] fid=184 evt -> 1 new .npy in /share/castor/home/e2406749/tropical_forest_disturbance/embeddings/joint/fid_184/evt/20230624T142721_20230624T142715_T20LNR__S1A_IW_GRDH_1SDV_20230626T094939_20230626T095004_049155_05E932_87DB
[ok joint] fid=184 aft -> 1 new .npy in /share/castor/home/e2406749/tropical_forest_disturbance/embeddings/joint/fid_184/aft/20230709T142719_20230709T142938_T20LNR__S1A_IW_GRDH_1SDV_20230708T094940_20230708T095005_049330_05EE9A_BD21
[ok joint] fid=184 aft -> 1 new .npy in /share/castor/home/e2406749/tropical_forest_disturbance/embeddings/joint/fid_184/aft/20230719T142719_20230719T142939_T20LNR__S1A_IW_GRDH_1SDV_20230720T094940_20230720T095005_049505_05F3ED_61B1
[ok joint] fid=245 bef -> 1 new .npy in /share/castor/home/e2406749/tropical_forest_disturbance/embeddings/joint/fid_245/bef/20230604T142721_20230604T142716_T20LNR__S1A_IW_GRDH_1SDV_20230602T094938_20230602T095003_048805_05DE8B_61F1
[ok joint] fid=245 bef -> 1 new .npy in /share/castor/home/e2406749/tropical_forest_disturbance/embeddings/joint/fid_245/bef/20230430T142719_20230430T142714_T20LNR__S1A_IW_GRDH_1SDV_20230427T094936_20230427T095001_048280_05CE51_C3AC
[ok joint] fid=245 bef -> 1 new .npy in /share/castor/home/e2406749/tropical_forest_disturbance/embeddings/joint/fid_245/bef/20230525T142721_20230525T142853_T20LNR__S1A_IW_GRDH_1SDV_20230521T094937_20230521T095002_048630_05D957_8119
[ok joint] fid=245 bef -> 1 new .npy in /share/castor/home/e2406749/tropical_forest_disturbance/embeddings/joint/fid_245/bef/20230609T142719_20230609T142938_T20LNR__S1A_IW_GRDH_1SDV_20230614T094938_20230614T095003_048980_05E3E7_B37E
[ok joint] fid=245 bef -> 1 new .npy in /share/castor/home/e2406749/tropical_forest_disturbance/embeddings/joint/fid_245/bef/20230115T142711_20230115T142817_T20LNR__S1A_IW_GRDH_1SDV_20230109T094936_20230109T095001_046705_05993A_763B
[ok joint] fid=245 bef -> 1 new .npy in /share/castor/home/e2406749/tropical_forest_disturbance/embeddings/joint/fid_245/bef/20230515T142711_20230515T142713_T20LNR__S1A_IW_GRDH_1SDV_20230509T094937_20230509T095002_048455_05D42C_4A7D
[ok joint] fid=245 evt -> 1 new .npy in /share/castor/home/e2406749/tropical_forest_disturbance/embeddings/joint/fid_245/evt/20230624T142721_20230624T142715_T20LNR__S1A_IW_GRDH_1SDV_20230626T094939_20230626T095004_049155_05E932_87DB
[ok joint] fid=245 aft -> 1 new .npy in /share/castor/home/e2406749/tropical_forest_disturbance/embeddings/joint/fid_245/aft/20230709T142719_20230709T142938_T20LNR__S1A_IW_GRDH_1SDV_20230708T094940_20230708T095005_049330_05EE9A_BD21
[ok joint] fid=245 aft -> 1 new .npy in /share/castor/home/e2406749/tropical_forest_disturbance/embeddings/joint/fid_245/aft/20230719T142719_20230719T142939_T20LNR__S1A_IW_GRDH_1SDV_20230720T094940_20230720T095005_049505_05F3ED_61B1
[ok joint] fid=246 bef -> 2 new .npy in /share/castor/home/e2406749/tropical_forest_disturbance/embeddings/joint/fid_246/bef/20230214T142711_20230214T143425_T20LNR__S1A_IW_GRDH_1SDV_20230214T094935_20230214T095000_047230_05AAD4_443E
[ok joint] fid=246 bef -> 2 new .npy in /share/castor/home/e2406749/tropical_forest_disturbance/embeddings/joint/fid_246/bef/20230520T142719_20230520T142902_T20LNR__S1A_IW_GRDH_1SDV_20230521T094937_20230521T095002_048630_05D957_8119
[ok joint] fid=246 bef -> 2 new .npy in /share/castor/home/e2406749/tropical_forest_disturbance/embeddings/joint/fid_246/bef/20230604T142721_20230604T142716_T20LNR__S1A_IW_GRDH_1SDV_20230602T094938_20230602T095003_048805_05DE8B_61F1
[ok joint] fid=246 bef -> 2 new .npy in /share/castor/home/e2406749/tropical_forest_disturbance/embeddings/joint/fid_246/bef/20230301T142709_20230301T142737_T20LNR__S1A_IW_GRDH_1SDV_20230226T094935_20230226T095000_047405_05B0D3_E8BA
[ok joint] fid=246 bef -> 2 new .npy in /share/castor/home/e2406749/tropical_forest_disturbance/embeddings/joint/fid_246/bef/20230609T142719_20230609T142938_T20LNR__S1A_IW_GRDH_1SDV_20230614T094938_20230614T095003_048980_05E3E7_B37E
[ok joint] fid=246 bef -> 2 new .npy in /share/castor/home/e2406749/tropical_forest_disturbance/embeddings/joint/fid_246/bef/20230115T142711_20230115T142817_T20LNR__S1A_IW_GRDH_1SDV_20230109T094936_20230109T095001_046705_05993A_763B
[ok joint] fid=246 bef -> 2 new .npy in /share/castor/home/e2406749/tropical_forest_disturbance/embeddings/joint/fid_246/bef/20230515T142711_20230515T142713_T20LNR__S1A_IW_GRDH_1SDV_20230509T094937_20230509T095002_048455_05D42C_4A7D
[ok joint] fid=246 evt -> 2 new .npy in /share/castor/home/e2406749/tropical_forest_disturbance/embeddings/joint/fid_246/evt/20230624T142721_20230624T142715_T20LNR__S1A_IW_GRDH_1SDV_20230626T094939_20230626T095004_049155_05E932_87DB
[ok joint] fid=246 aft -> 2 new .npy in /share/castor/home/e2406749/tropical_forest_disturbance/embeddings/joint/fid_246/aft/20230709T142719_20230709T142938_T20LNR__S1A_IW_GRDH_1SDV_20230708T094940_20230708T095005_049330_05EE9A_BD21
[ok joint] fid=246 aft -> 2 new .npy in /share/castor/home/e2406749/tropical_forest_disturbance/embeddings/joint/fid_246/aft/20230719T142719_20230719T142939_T20LNR__S1A_IW_GRDH_1SDV_20230720T094940_20230720T095005_049505_05F3ED_61B1
[ok joint] fid=301 bef -> 1 new .npy in /share/castor/home/e2406749/tropical_forest_disturbance/embeddings/joint/fid_301/bef/20230520T142719_20230520T142902_T20LNR__S1A_IW_GRDH_1SDV_20230521T094937_20230521T095002_048630_05D957_8119
[ok joint] fid=301 bef -> 1 new .npy in /share/castor/home/e2406749/tropical_forest_disturbance/embeddings/joint/fid_301/bef/20230604T142721_20230604T142716_T20LNR__S1A_IW_GRDH_1SDV_20230602T094938_20230602T095003_048805_05DE8B_61F1
[ok joint] fid=301 bef -> 1 new .npy in /share/castor/home/e2406749/tropical_forest_disturbance/embeddings/joint/fid_301/bef/20230301T142709_20230301T142737_T20LNR__S1A_IW_GRDH_1SDV_20230226T094935_20230226T095000_047405_05B0D3_E8BA
[ok joint] fid=301 bef -> 1 new .npy in /share/castor/home/e2406749/tropical_forest_disturbance/embeddings/joint/fid_301/bef/20230430T142719_20230430T142714_T20LNR__S1A_IW_GRDH_1SDV_20230427T094936_20230427T095001_048280_05CE51_C3AC
[ok joint] fid=301 bef -> 1 new .npy in /share/castor/home/e2406749/tropical_forest_disturbance/embeddings/joint/fid_301/bef/20230609T142719_20230609T142938_T20LNR__S1A_IW_GRDH_1SDV_20230614T094938_20230614T095003_048980_05E3E7_B37E
[ok joint] fid=301 bef -> 1 new .npy in /share/castor/home/e2406749/tropical_forest_disturbance/embeddings/joint/fid_301/bef/20230515T142711_20230515T142713_T20LNR__S1A_IW_GRDH_1SDV_20230509T094937_20230509T095002_048455_05D42C_4A7D
[ok joint] fid=301 evt -> 1 new .npy in /share/castor/home/e2406749/tropical_forest_disturbance/embeddings/joint/fid_301/evt/20230624T142721_20230624T142715_T20LNR__S1A_IW_GRDH_1SDV_20230626T094939_20230626T095004_049155_05E932_87DB
[ok joint] fid=301 aft -> 1 new .npy in /share/castor/home/e2406749/tropical_forest_disturbance/embeddings/joint/fid_301/aft/20230709T142719_20230709T142938_T20LNR__S1A_IW_GRDH_1SDV_20230708T094940_20230708T095005_049330_05EE9A_BD21
[ok joint] fid=301 aft -> 1 new .npy in /share/castor/home/e2406749/tropical_forest_disturbance/embeddings/joint/fid_301/aft/20230719T142719_20230719T142939_T20LNR__S1A_IW_GRDH_1SDV_20230720T094940_20230720T095005_049505_05F3ED_61B1
[ok joint] fid=117 bef -> 1 new .npy in /share/castor/home/e2406749/tropical_forest_disturbance/embeddings/joint/fid_117/bef/20230520T142719_20230520T142902_T20LNR__S1A_IW_GRDH_1SDV_20230521T094937_20230521T095002_048630_05D957_8119
[ok joint] fid=117 bef -> 1 new .npy in /share/castor/home/e2406749/tropical_forest_disturbance/embeddings/joint/fid_117/bef/20230604T142721_20230604T142716_T20LNR__S1A_IW_GRDH_1SDV_20230602T094938_20230602T095003_048805_05DE8B_61F1
[ok joint] fid=117 bef -> 1 new .npy in /share/castor/home/e2406749/tropical_forest_disturbance/embeddings/joint/fid_117/bef/20230430T142719_20230430T142714_T20LNR__S1A_IW_GRDH_1SDV_20230427T094936_20230427T095001_048280_05CE51_C3AC
[ok joint] fid=117 bef -> 1 new .npy in /share/castor/home/e2406749/tropical_forest_disturbance/embeddings/joint/fid_117/bef/20230609T142719_20230609T142938_T20LNR__S1A_IW_GRDH_1SDV_20230614T094938_20230614T095003_048980_05E3E7_B37E
[ok joint] fid=117 bef -> 1 new .npy in /share/castor/home/e2406749/tropical_forest_disturbance/embeddings/joint/fid_117/bef/20230515T142711_20230515T142713_T20LNR__S1A_IW_GRDH_1SDV_20230509T094937_20230509T095002_048455_05D42C_4A7D
[ok joint] fid=117 evt -> 1 new .npy in /share/castor/home/e2406749/tropical_forest_disturbance/embeddings/joint/fid_117/evt/20230624T142721_20230624T142715_T20LNR__S1A_IW_GRDH_1SDV_20230626T094939_20230626T095004_049155_05E932_87DB
[ok joint] fid=117 aft -> 1 new .npy in /share/castor/home/e2406749/tropical_forest_disturbance/embeddings/joint/fid_117/aft/20230709T142719_20230709T142938_T20LNR__S1A_IW_GRDH_1SDV_20230708T094940_20230708T095005_049330_05EE9A_BD21
[ok joint] fid=117 aft -> 1 new .npy in /share/castor/home/e2406749/tropical_forest_disturbance/embeddings/joint/fid_117/aft/20230719T142719_20230719T142939_T20LNR__S1A_IW_GRDH_1SDV_20230720T094940_20230720T095005_049505_05F3ED_61B1
[ok joint] fid=118 bef -> 1 new .npy in /share/castor/home/e2406749/tropical_forest_disturbance/embeddings/joint/fid_118/bef/20230604T142721_20230604T142716_T20LNR__S1A_IW_GRDH_1SDV_20230602T094938_20230602T095003_048805_05DE8B_61F1
[ok joint] fid=118 bef -> 1 new .npy in /share/castor/home/e2406749/tropical_forest_disturbance/embeddings/joint/fid_118/bef/20230301T142709_20230301T142737_T20LNR__S1A_IW_GRDH_1SDV_20230226T094935_20230226T095000_047405_05B0D3_E8BA
[ok joint] fid=118 bef -> 1 new .npy in /share/castor/home/e2406749/tropical_forest_disturbance/embeddings/joint/fid_118/bef/20230430T142719_20230430T142714_T20LNR__S1A_IW_GRDH_1SDV_20230427T094936_20230427T095001_048280_05CE51_C3AC
[ok joint] fid=118 bef -> 1 new .npy in /share/castor/home/e2406749/tropical_forest_disturbance/embeddings/joint/fid_118/bef/20230326T142711_20230326T142710_T20LNR__S1A_IW_GRDH_1SDV_20230322T094935_20230322T095000_047755_05BCAD_A5E4
[ok joint] fid=118 bef -> 1 new .npy in /share/castor/home/e2406749/tropical_forest_disturbance/embeddings/joint/fid_118/bef/20230525T142721_20230525T142853_T20LNR__S1A_IW_GRDH_1SDV_20230521T094937_20230521T095002_048630_05D957_8119
[ok joint] fid=118 bef -> 1 new .npy in /share/castor/home/e2406749/tropical_forest_disturbance/embeddings/joint/fid_118/bef/20230609T142719_20230609T142938_T20LNR__S1A_IW_GRDH_1SDV_20230614T094938_20230614T095003_048980_05E3E7_B37E
[ok joint] fid=118 bef -> 1 new .npy in /share/castor/home/e2406749/tropical_forest_disturbance/embeddings/joint/fid_118/bef/20230115T142711_20230115T142817_T20LNR__S1A_IW_GRDH_1SDV_20230109T094936_20230109T095001_046705_05993A_763B
[ok joint] fid=118 bef -> 1 new .npy in /share/castor/home/e2406749/tropical_forest_disturbance/embeddings/joint/fid_118/bef/20230515T142711_20230515T142713_T20LNR__S1A_IW_GRDH_1SDV_20230509T094937_20230509T095002_048455_05D42C_4A7D
[ok joint] fid=118 evt -> 1 new .npy in /share/castor/home/e2406749/tropical_forest_disturbance/embeddings/joint/fid_118/evt/20230624T142721_20230624T142715_T20LNR__S1A_IW_GRDH_1SDV_20230626T094939_20230626T095004_049155_05E932_87DB
[ok joint] fid=118 aft -> 1 new .npy in /share/castor/home/e2406749/tropical_forest_disturbance/embeddings/joint/fid_118/aft/20230709T142719_20230709T142938_T20LNR__S1A_IW_GRDH_1SDV_20230708T094940_20230708T095005_049330_05EE9A_BD21
[ok joint] fid=118 aft -> 1 new .npy in /share/castor/home/e2406749/tropical_forest_disturbance/embeddings/joint/fid_118/aft/20230719T142719_20230719T142939_T20LNR__S1A_IW_GRDH_1SDV_20230720T094940_20230720T095005_049505_05F3ED_61B1
[ok joint] fid=186 bef -> 4 new .npy in /share/castor/home/e2406749/tropical_forest_disturbance/embeddings/joint/fid_186/bef/20230214T142711_20230214T143425_T20LNR__S1A_IW_GRDH_1SDV_20230214T094935_20230214T095000_047230_05AAD4_443E
[ok joint] fid=186 bef -> 4 new .npy in /share/castor/home/e2406749/tropical_forest_disturbance/embeddings/joint/fid_186/bef/20230604T142721_20230604T142716_T20LNR__S1A_IW_GRDH_1SDV_20230602T094938_20230602T095003_048805_05DE8B_61F1
[ok joint] fid=186 bef -> 4 new .npy in /share/castor/home/e2406749/tropical_forest_disturbance/embeddings/joint/fid_186/bef/20230301T142709_20230301T142737_T20LNR__S1A_IW_GRDH_1SDV_20230226T094935_20230226T095000_047405_05B0D3_E8BA
[ok joint] fid=186 bef -> 4 new .npy in /share/castor/home/e2406749/tropical_forest_disturbance/embeddings/joint/fid_186/bef/20230430T142719_20230430T142714_T20LNR__S1A_IW_GRDH_1SDV_20230427T094936_20230427T095001_048280_05CE51_C3AC
[ok joint] fid=186 bef -> 4 new .npy in /share/castor/home/e2406749/tropical_forest_disturbance/embeddings/joint/fid_186/bef/20230326T142711_20230326T142710_T20LNR__S1A_IW_GRDH_1SDV_20230322T094935_20230322T095000_047755_05BCAD_A5E4
[ok joint] fid=186 bef -> 4 new .npy in /share/castor/home/e2406749/tropical_forest_disturbance/embeddings/joint/fid_186/bef/20230525T142721_20230525T142853_T20LNR__S1A_IW_GRDH_1SDV_20230521T094937_20230521T095002_048630_05D957_8119
[ok joint] fid=186 bef -> 4 new .npy in /share/castor/home/e2406749/tropical_forest_disturbance/embeddings/joint/fid_186/bef/20230609T142719_20230609T142938_T20LNR__S1A_IW_GRDH_1SDV_20230614T094938_20230614T095003_048980_05E3E7_B37E
[ok joint] fid=186 bef -> 4 new .npy in /share/castor/home/e2406749/tropical_forest_disturbance/embeddings/joint/fid_186/bef/20230115T142711_20230115T142817_T20LNR__S1A_IW_GRDH_1SDV_20230109T094936_20230109T095001_046705_05993A_763B
[ok joint] fid=186 bef -> 4 new .npy in /share/castor/home/e2406749/tropical_forest_disturbance/embeddings/joint/fid_186/bef/20230515T142711_20230515T142713_T20LNR__S1A_IW_GRDH_1SDV_20230509T094937_20230509T095002_048455_05D42C_4A7D
[ok joint] fid=186 evt -> 4 new .npy in /share/castor/home/e2406749/tropical_forest_disturbance/embeddings/joint/fid_186/evt/20230624T142721_20230624T142715_T20LNR__S1A_IW_GRDH_1SDV_20230626T094939_20230626T095004_049155_05E932_87DB
[ok joint] fid=186 aft -> 4 new .npy in /share/castor/home/e2406749/tropical_forest_disturbance/embeddings/joint/fid_186/aft/20230709T142719_20230709T142938_T20LNR__S1A_IW_GRDH_1SDV_20230708T094940_20230708T095005_049330_05EE9A_BD21
[ok joint] fid=186 aft -> 4 new .npy in /share/castor/home/e2406749/tropical_forest_disturbance/embeddings/joint/fid_186/aft/20230719T142719_20230719T142939_T20LNR__S1A_IW_GRDH_1SDV_20230720T094940_20230720T095005_049505_05F3ED_61B1
[ok joint] fid=247 bef -> 4 new .npy in /share/castor/home/e2406749/tropical_forest_disturbance/embeddings/joint/fid_247/bef/20230224T142711_20230224T143045_T20LNR__S1A_IW_GRDH_1SDV_20230226T094935_20230226T095000_047405_05B0D3_E8BA
[ok joint] fid=247 bef -> 4 new .npy in /share/castor/home/e2406749/tropical_forest_disturbance/embeddings/joint/fid_247/bef/20230604T142721_20230604T142716_T20LNR__S1A_IW_GRDH_1SDV_20230602T094938_20230602T095003_048805_05DE8B_61F1
[ok joint] fid=247 bef -> 4 new .npy in /share/castor/home/e2406749/tropical_forest_disturbance/embeddings/joint/fid_247/bef/20230430T142719_20230430T142714_T20LNR__S1A_IW_GRDH_1SDV_20230427T094936_20230427T095001_048280_05CE51_C3AC
[ok joint] fid=247 bef -> 4 new .npy in /share/castor/home/e2406749/tropical_forest_disturbance/embeddings/joint/fid_247/bef/20230525T142721_20230525T142853_T20LNR__S1A_IW_GRDH_1SDV_20230521T094937_20230521T095002_048630_05D957_8119
[ok joint] fid=247 bef -> 4 new .npy in /share/castor/home/e2406749/tropical_forest_disturbance/embeddings/joint/fid_247/bef/20230609T142719_20230609T142938_T20LNR__S1A_IW_GRDH_1SDV_20230614T094938_20230614T095003_048980_05E3E7_B37E
[ok joint] fid=247 bef -> 4 new .npy in /share/castor/home/e2406749/tropical_forest_disturbance/embeddings/joint/fid_247/bef/20230515T142711_20230515T142713_T20LNR__S1A_IW_GRDH_1SDV_20230509T094937_20230509T095002_048455_05D42C_4A7D
[ok joint] fid=247 evt -> 4 new .npy in /share/castor/home/e2406749/tropical_forest_disturbance/embeddings/joint/fid_247/evt/20230624T142721_20230624T142715_T20LNR__S1A_IW_GRDH_1SDV_20230626T094939_20230626T095004_049155_05E932_87DB
[ok joint] fid=247 aft -> 4 new .npy in /share/castor/home/e2406749/tropical_forest_disturbance/embeddings/joint/fid_247/aft/20230709T142719_20230709T142938_T20LNR__S1A_IW_GRDH_1SDV_20230708T094940_20230708T095005_049330_05EE9A_BD21
[ok joint] fid=247 aft -> 4 new .npy in /share/castor/home/e2406749/tropical_forest_disturbance/embeddings/joint/fid_247/aft/20230719T142719_20230719T142939_T20LNR__S1A_IW_GRDH_1SDV_20230720T094940_20230720T095005_049505_05F3ED_61B1
[ok joint] fid=249 bef -> 3 new .npy in /share/castor/home/e2406749/tropical_forest_disturbance/embeddings/joint/fid_249/bef/20230520T142719_20230520T142902_T20LNR__S1A_IW_GRDH_1SDV_20230521T094937_20230521T095002_048630_05D957_8119
[ok joint] fid=249 bef -> 3 new .npy in /share/castor/home/e2406749/tropical_forest_disturbance/embeddings/joint/fid_249/bef/20230604T142721_20230604T142716_T20LNR__S1A_IW_GRDH_1SDV_20230602T094938_20230602T095003_048805_05DE8B_61F1
[ok joint] fid=249 bef -> 3 new .npy in /share/castor/home/e2406749/tropical_forest_disturbance/embeddings/joint/fid_249/bef/20230301T142709_20230301T142737_T20LNR__S1A_IW_GRDH_1SDV_20230226T094935_20230226T095000_047405_05B0D3_E8BA
[ok joint] fid=249 bef -> 3 new .npy in /share/castor/home/e2406749/tropical_forest_disturbance/embeddings/joint/fid_249/bef/20230430T142719_20230430T142714_T20LNR__S1A_IW_GRDH_1SDV_20230427T094936_20230427T095001_048280_05CE51_C3AC
[ok joint] fid=249 bef -> 3 new .npy in /share/castor/home/e2406749/tropical_forest_disturbance/embeddings/joint/fid_249/bef/20230609T142719_20230609T142938_T20LNR__S1A_IW_GRDH_1SDV_20230614T094938_20230614T095003_048980_05E3E7_B37E
[ok joint] fid=249 bef -> 3 new .npy in /share/castor/home/e2406749/tropical_forest_disturbance/embeddings/joint/fid_249/bef/20230515T142711_20230515T142713_T20LNR__S1A_IW_GRDH_1SDV_20230509T094937_20230509T095002_048455_05D42C_4A7D
[ok joint] fid=249 evt -> 3 new .npy in /share/castor/home/e2406749/tropical_forest_disturbance/embeddings/joint/fid_249/evt/20230624T142721_20230624T142715_T20LNR__S1A_IW_GRDH_1SDV_20230626T094939_20230626T095004_049155_05E932_87DB
[ok joint] fid=249 aft -> 3 new .npy in /share/castor/home/e2406749/tropical_forest_disturbance/embeddings/joint/fid_249/aft/20230709T142719_20230709T142938_T20LNR__S1A_IW_GRDH_1SDV_20230708T094940_20230708T095005_049330_05EE9A_BD21
[ok joint] fid=249 aft -> 3 new .npy in /share/castor/home/e2406749/tropical_forest_disturbance/embeddings/joint/fid_249/aft/20230719T142719_20230719T142939_T20LNR__S1A_IW_GRDH_1SDV_20230720T094940_20230720T095005_049505_05F3ED_61B1
[ok joint] fid=306 bef -> 1 new .npy in /share/castor/home/e2406749/tropical_forest_disturbance/embeddings/joint/fid_306/bef/20230520T142719_20230520T142902_T20LNR__S1A_IW_GRDH_1SDV_20230521T094937_20230521T095002_048630_05D957_8119
[ok joint] fid=306 bef -> 1 new .npy in /share/castor/home/e2406749/tropical_forest_disturbance/embeddings/joint/fid_306/bef/20230604T142721_20230604T142716_T20LNR__S1A_IW_GRDH_1SDV_20230602T094938_20230602T095003_048805_05DE8B_61F1
[ok joint] fid=306 bef -> 1 new .npy in /share/castor/home/e2406749/tropical_forest_disturbance/embeddings/joint/fid_306/bef/20230430T142719_20230430T142714_T20LNR__S1A_IW_GRDH_1SDV_20230427T094936_20230427T095001_048280_05CE51_C3AC
[ok joint] fid=306 bef -> 1 new .npy in /share/castor/home/e2406749/tropical_forest_disturbance/embeddings/joint/fid_306/bef/20230609T142719_20230609T142938_T20LNR__S1A_IW_GRDH_1SDV_20230614T094938_20230614T095003_048980_05E3E7_B37E
[ok joint] fid=306 bef -> 1 new .npy in /share/castor/home/e2406749/tropical_forest_disturbance/embeddings/joint/fid_306/bef/20230515T142711_20230515T142713_T20LNR__S1A_IW_GRDH_1SDV_20230509T094937_20230509T095002_048455_05D42C_4A7D
[ok joint] fid=306 evt -> 1 new .npy in /share/castor/home/e2406749/tropical_forest_disturbance/embeddings/joint/fid_306/evt/20230624T142721_20230624T142715_T20LNR__S1A_IW_GRDH_1SDV_20230626T094939_20230626T095004_049155_05E932_87DB
[ok joint] fid=306 aft -> 1 new .npy in /share/castor/home/e2406749/tropical_forest_disturbance/embeddings/joint/fid_306/aft/20230709T142719_20230709T142938_T20LNR__S1A_IW_GRDH_1SDV_20230708T094940_20230708T095005_049330_05EE9A_BD21
[ok joint] fid=306 aft -> 1 new .npy in /share/castor/home/e2406749/tropical_forest_disturbance/embeddings/joint/fid_306/aft/20230719T142719_20230719T142939_T20LNR__S1A_IW_GRDH_1SDV_20230720T094940_20230720T095005_049505_05F3ED_61B1
[ok joint] fid=189 bef -> 2 new .npy in /share/castor/home/e2406749/tropical_forest_disturbance/embeddings/joint/fid_189/bef/20230214T142711_20230214T143425_T20LNR__S1A_IW_GRDH_1SDV_20230214T094935_20230214T095000_047230_05AAD4_443E
[ok joint] fid=189 bef -> 2 new .npy in /share/castor/home/e2406749/tropical_forest_disturbance/embeddings/joint/fid_189/bef/20230520T142719_20230520T142902_T20LNR__S1A_IW_GRDH_1SDV_20230521T094937_20230521T095002_048630_05D957_8119
[ok joint] fid=189 bef -> 2 new .npy in /share/castor/home/e2406749/tropical_forest_disturbance/embeddings/joint/fid_189/bef/20230604T142721_20230604T142716_T20LNR__S1A_IW_GRDH_1SDV_20230602T094938_20230602T095003_048805_05DE8B_61F1
[ok joint] fid=189 bef -> 2 new .npy in /share/castor/home/e2406749/tropical_forest_disturbance/embeddings/joint/fid_189/bef/20230301T142709_20230301T142737_T20LNR__S1A_IW_GRDH_1SDV_20230226T094935_20230226T095000_047405_05B0D3_E8BA
[ok joint] fid=189 bef -> 2 new .npy in /share/castor/home/e2406749/tropical_forest_disturbance/embeddings/joint/fid_189/bef/20230430T142719_20230430T142714_T20LNR__S1A_IW_GRDH_1SDV_20230427T094936_20230427T095001_048280_05CE51_C3AC
[ok joint] fid=189 bef -> 2 new .npy in /share/castor/home/e2406749/tropical_forest_disturbance/embeddings/joint/fid_189/bef/20230609T142719_20230609T142938_T20LNR__S1A_IW_GRDH_1SDV_20230614T094938_20230614T095003_048980_05E3E7_B37E
[ok joint] fid=189 bef -> 2 new .npy in /share/castor/home/e2406749/tropical_forest_disturbance/embeddings/joint/fid_189/bef/20230515T142711_20230515T142713_T20LNR__S1A_IW_GRDH_1SDV_20230509T094937_20230509T095002_048455_05D42C_4A7D
[ok joint] fid=189 evt -> 2 new .npy in /share/castor/home/e2406749/tropical_forest_disturbance/embeddings/joint/fid_189/evt/20230624T142721_20230624T142715_T20LNR__S1A_IW_GRDH_1SDV_20230626T094939_20230626T095004_049155_05E932_87DB
[ok joint] fid=189 aft -> 2 new .npy in /share/castor/home/e2406749/tropical_forest_disturbance/embeddings/joint/fid_189/aft/20230709T142719_20230709T142938_T20LNR__S1A_IW_GRDH_1SDV_20230708T094940_20230708T095005_049330_05EE9A_BD21
[ok joint] fid=189 aft -> 2 new .npy in /share/castor/home/e2406749/tropical_forest_disturbance/embeddings/joint/fid_189/aft/20230719T142719_20230719T142939_T20LNR__S1A_IW_GRDH_1SDV_20230720T094940_20230720T095005_049505_05F3ED_61B1
[ok joint] fid=309 bef -> 6 new .npy in /share/castor/home/e2406749/tropical_forest_disturbance/embeddings/joint/fid_309/bef/20230604T142721_20230604T142716_T20LNR__S1A_IW_GRDH_1SDV_20230602T094938_20230602T095003_048805_05DE8B_61F1
[ok joint] fid=309 bef -> 6 new .npy in /share/castor/home/e2406749/tropical_forest_disturbance/embeddings/joint/fid_309/bef/20230430T142719_20230430T142714_T20LNR__S1A_IW_GRDH_1SDV_20230427T094936_20230427T095001_048280_05CE51_C3AC
[ok joint] fid=309 bef -> 6 new .npy in /share/castor/home/e2406749/tropical_forest_disturbance/embeddings/joint/fid_309/bef/20230609T142719_20230609T142938_T20LNR__S1A_IW_GRDH_1SDV_20230614T094938_20230614T095003_048980_05E3E7_B37E
[ok joint] fid=309 bef -> 6 new .npy in /share/castor/home/e2406749/tropical_forest_disturbance/embeddings/joint/fid_309/bef/20230515T142711_20230515T142713_T20LNR__S1A_IW_GRDH_1SDV_20230509T094937_20230509T095002_048455_05D42C_4A7D
[ok joint] fid=309 evt -> 6 new .npy in /share/castor/home/e2406749/tropical_forest_disturbance/embeddings/joint/fid_309/evt/20230624T142721_20230624T142715_T20LNR__S1A_IW_GRDH_1SDV_20230626T094939_20230626T095004_049155_05E932_87DB
[ok joint] fid=309 aft -> 6 new .npy in /share/castor/home/e2406749/tropical_forest_disturbance/embeddings/joint/fid_309/aft/20230709T142719_20230709T142938_T20LNR__S1A_IW_GRDH_1SDV_20230708T094940_20230708T095005_049330_05EE9A_BD21
[ok joint] fid=309 aft -> 6 new .npy in /share/castor/home/e2406749/tropical_forest_disturbance/embeddings/joint/fid_309/aft/20230719T142719_20230719T142939_T20LNR__S1A_IW_GRDH_1SDV_20230720T094940_20230720T095005_049505_05F3ED_61B1
[ok joint] fid=190 bef -> 2 new .npy in /share/castor/home/e2406749/tropical_forest_disturbance/embeddings/joint/fid_190/bef/20230214T142711_20230214T143425_T20LNR__S1A_IW_GRDH_1SDV_20230214T094910_20230214T094935_047230_05AAD4_E27D
[ok joint] fid=190 bef -> 2 new .npy in /share/castor/home/e2406749/tropical_forest_disturbance/embeddings/joint/fid_190/bef/20230510T142719_20230510T142819_T20LNR__S1A_IW_GRDH_1SDV_20230509T094912_20230509T094937_048455_05D42C_BB80
[ok joint] fid=190 bef -> 2 new .npy in /share/castor/home/e2406749/tropical_forest_disturbance/embeddings/joint/fid_190/bef/20230604T142721_20230604T142716_T20LNR__S1A_IW_GRDH_1SDV_20230602T094913_20230602T094938_048805_05DE8B_7193
[ok joint] fid=190 bef -> 2 new .npy in /share/castor/home/e2406749/tropical_forest_disturbance/embeddings/joint/fid_190/bef/20230430T142719_20230430T142714_T20LNR__S1A_IW_GRDH_1SDV_20230427T094911_20230427T094936_048280_05CE51_9F1D
[ok joint] fid=190 bef -> 2 new .npy in /share/castor/home/e2406749/tropical_forest_disturbance/embeddings/joint/fid_190/bef/20230326T142711_20230326T142710_T20LNR__S1A_IW_GRDH_1SDV_20230322T094910_20230322T094935_047755_05BCAD_F524
[ok joint] fid=190 bef -> 2 new .npy in /share/castor/home/e2406749/tropical_forest_disturbance/embeddings/joint/fid_190/bef/20230525T142721_20230525T142853_T20LNR__S1A_IW_GRDH_1SDV_20230521T094912_20230521T094937_048630_05D957_8539
[ok joint] fid=190 bef -> 2 new .npy in /share/castor/home/e2406749/tropical_forest_disturbance/embeddings/joint/fid_190/bef/20230420T142719_20230420T142714_T20LNR__S1A_IW_GRDH_1SDV_20230415T094911_20230415T094936_048105_05C876_50BE
[ok joint] fid=190 bef -> 2 new .npy in /share/castor/home/e2406749/tropical_forest_disturbance/embeddings/joint/fid_190/bef/20230609T142719_20230609T142938_T20LNR__S1A_IW_GRDH_1SDV_20230614T094913_20230614T094938_048980_05E3E7_6485
[ok joint] fid=190 evt -> 2 new .npy in /share/castor/home/e2406749/tropical_forest_disturbance/embeddings/joint/fid_190/evt/20230624T142721_20230624T142715_T20LNR__S1A_IW_GRDH_1SDV_20230626T094914_20230626T094939_049155_05E932_8E24
[ok joint] fid=190 aft -> 2 new .npy in /share/castor/home/e2406749/tropical_forest_disturbance/embeddings/joint/fid_190/aft/20230709T142719_20230709T142938_T20LNR__S1A_IW_GRDH_1SDV_20230708T094915_20230708T094940_049330_05EE9A_201B
[ok joint] fid=190 aft -> 2 new .npy in /share/castor/home/e2406749/tropical_forest_disturbance/embeddings/joint/fid_190/aft/20230719T142719_20230719T142939_T20LNR__S1A_IW_GRDH_1SDV_20230720T094915_20230720T094940_049505_05F3ED_2372
[done joint] All embeddings already exist in /share/castor/home/e2406749/tropical_forest_disturbance/embeddings/joint/fid_122/bef/20230214T142711_20230214T143425_T20LNR__S1A_IW_GRDH_1SDV_20230214T094910_20230214T094935_047230_05AAD4_E27D
[done joint] All embeddings already exist in /share/castor/home/e2406749/tropical_forest_disturbance/embeddings/joint/fid_122/bef/20230604T142721_20230604T142716_T20LNR__S1A_IW_GRDH_1SDV_20230602T094913_20230602T094938_048805_05DE8B_7193
[done joint] All embeddings already exist in /share/castor/home/e2406749/tropical_forest_disturbance/embeddings/joint/fid_122/bef/20230420T142719_20230420T142714_T20LNR__S1A_IW_GRDH_1SDV_20230415T094911_20230415T094936_048105_05C876_50BE
[done joint] All embeddings already exist in /share/castor/home/e2406749/tropical_forest_disturbance/embeddings/joint/fid_122/bef/20230609T142719_20230609T142938_T20LNR__S1A_IW_GRDH_1SDV_20230614T094913_20230614T094938_048980_05E3E7_6485
[done joint] All embeddings already exist in /share/castor/home/e2406749/tropical_forest_disturbance/embeddings/joint/fid_122/bef/20230115T142711_20230115T142817_T20LNR__S1A_IW_GRDH_1SDV_20230109T094911_20230109T094936_046705_05993A_671C
[done joint] All embeddings already exist in /share/castor/home/e2406749/tropical_forest_disturbance/embeddings/joint/fid_122/bef/20230515T142711_20230515T142713_T20LNR__S1A_IW_GRDH_1SDV_20230509T094912_20230509T094937_048455_05D42C_BB80
[done joint] All embeddings already exist in /share/castor/home/e2406749/tropical_forest_disturbance/embeddings/joint/fid_122/evt/20230624T142721_20230624T142715_T20LNR__S1A_IW_GRDH_1SDV_20230626T094914_20230626T094939_049155_05E932_8E24
[done joint] All embeddings already exist in /share/castor/home/e2406749/tropical_forest_disturbance/embeddings/joint/fid_122/aft/20230719T142719_20230719T142939_T20LNR__S1A_IW_GRDH_1SDV_20230720T094915_20230720T094940_049505_05F3ED_2372
[ok joint] fid=258 bef -> 3 new .npy in /share/castor/home/e2406749/tropical_forest_disturbance/embeddings/joint/fid_258/bef/20230214T142711_20230214T143425_T20LNR__S1A_IW_GRDH_1SDV_20230214T094935_20230214T095000_047230_05AAD4_443E
[ok joint] fid=258 bef -> 3 new .npy in /share/castor/home/e2406749/tropical_forest_disturbance/embeddings/joint/fid_258/bef/20230520T142719_20230520T142902_T20LNR__S1A_IW_GRDH_1SDV_20230521T094937_20230521T095002_048630_05D957_8119
[ok joint] fid=258 bef -> 3 new .npy in /share/castor/home/e2406749/tropical_forest_disturbance/embeddings/joint/fid_258/bef/20230604T142721_20230604T142716_T20LNR__S1A_IW_GRDH_1SDV_20230602T094938_20230602T095003_048805_05DE8B_61F1
[ok joint] fid=258 bef -> 3 new .npy in /share/castor/home/e2406749/tropical_forest_disturbance/embeddings/joint/fid_258/bef/20230624T142721_20230624T142715_T20LNR__S1A_IW_GRDH_1SDV_20230626T094939_20230626T095004_049155_05E932_87DB
[ok joint] fid=258 bef -> 3 new .npy in /share/castor/home/e2406749/tropical_forest_disturbance/embeddings/joint/fid_258/bef/20230301T142709_20230301T142737_T20LNR__S1A_IW_GRDH_1SDV_20230226T094935_20230226T095000_047405_05B0D3_E8BA
[ok joint] fid=258 bef -> 3 new .npy in /share/castor/home/e2406749/tropical_forest_disturbance/embeddings/joint/fid_258/bef/20230430T142719_20230430T142714_T20LNR__S1A_IW_GRDH_1SDV_20230427T094936_20230427T095001_048280_05CE51_C3AC
[ok joint] fid=258 bef -> 3 new .npy in /share/castor/home/e2406749/tropical_forest_disturbance/embeddings/joint/fid_258/bef/20230326T142711_20230326T142710_T20LNR__S1A_IW_GRDH_1SDV_20230322T094935_20230322T095000_047755_05BCAD_A5E4
[ok joint] fid=258 bef -> 3 new .npy in /share/castor/home/e2406749/tropical_forest_disturbance/embeddings/joint/fid_258/bef/20230609T142719_20230609T142938_T20LNR__S1A_IW_GRDH_1SDV_20230614T094938_20230614T095003_048980_05E3E7_B37E
[ok joint] fid=258 bef -> 3 new .npy in /share/castor/home/e2406749/tropical_forest_disturbance/embeddings/joint/fid_258/bef/20230115T142711_20230115T142817_T20LNR__S1A_IW_GRDH_1SDV_20230109T094936_20230109T095001_046705_05993A_763B
[ok joint] fid=258 bef -> 3 new .npy in /share/castor/home/e2406749/tropical_forest_disturbance/embeddings/joint/fid_258/bef/20230515T142711_20230515T142713_T20LNR__S1A_IW_GRDH_1SDV_20230509T094937_20230509T095002_048455_05D42C_4A7D
[ok joint] fid=258 evt -> 3 new .npy in /share/castor/home/e2406749/tropical_forest_disturbance/embeddings/joint/fid_258/evt/20230709T142719_20230709T142938_T20LNR__S1A_IW_GRDH_1SDV_20230708T094940_20230708T095005_049330_05EE9A_BD21
[ok joint] fid=258 aft -> 3 new .npy in /share/castor/home/e2406749/tropical_forest_disturbance/embeddings/joint/fid_258/aft/20230719T142719_20230719T142939_T20LNR__S1A_IW_GRDH_1SDV_20230720T094940_20230720T095005_049505_05F3ED_61B1
[ok joint] fid=258 aft -> 3 new .npy in /share/castor/home/e2406749/tropical_forest_disturbance/embeddings/joint/fid_258/aft/20230729T142719_20230729T142718_T20LNR__S1A_IW_GRDH_1SDV_20230801T094941_20230801T095006_049680_05F959_7E64
[ok joint] fid=311 bef -> 2 new .npy in /share/castor/home/e2406749/tropical_forest_disturbance/embeddings/joint/fid_311/bef/20230520T142719_20230520T142902_T20LNR__S1A_IW_GRDH_1SDV_20230521T094937_20230521T095002_048630_05D957_8119
[ok joint] fid=311 bef -> 2 new .npy in /share/castor/home/e2406749/tropical_forest_disturbance/embeddings/joint/fid_311/bef/20230604T142721_20230604T142716_T20LNR__S1A_IW_GRDH_1SDV_20230602T094938_20230602T095003_048805_05DE8B_61F1
[ok joint] fid=311 bef -> 2 new .npy in /share/castor/home/e2406749/tropical_forest_disturbance/embeddings/joint/fid_311/bef/20230624T142721_20230624T142715_T20LNR__S1A_IW_GRDH_1SDV_20230626T094939_20230626T095004_049155_05E932_87DB
[ok joint] fid=311 bef -> 2 new .npy in /share/castor/home/e2406749/tropical_forest_disturbance/embeddings/joint/fid_311/bef/20230430T142719_20230430T142714_T20LNR__S1A_IW_GRDH_1SDV_20230427T094936_20230427T095001_048280_05CE51_C3AC
[ok joint] fid=311 bef -> 2 new .npy in /share/castor/home/e2406749/tropical_forest_disturbance/embeddings/joint/fid_311/bef/20230609T142719_20230609T142938_T20LNR__S1A_IW_GRDH_1SDV_20230614T094938_20230614T095003_048980_05E3E7_B37E
[ok joint] fid=311 bef -> 2 new .npy in /share/castor/home/e2406749/tropical_forest_disturbance/embeddings/joint/fid_311/bef/20230115T142711_20230115T142817_T20LNR__S1A_IW_GRDH_1SDV_20230109T094936_20230109T095001_046705_05993A_763B
[ok joint] fid=311 bef -> 2 new .npy in /share/castor/home/e2406749/tropical_forest_disturbance/embeddings/joint/fid_311/bef/20230515T142711_20230515T142713_T20LNR__S1A_IW_GRDH_1SDV_20230509T094937_20230509T095002_048455_05D42C_4A7D
[ok joint] fid=311 evt -> 2 new .npy in /share/castor/home/e2406749/tropical_forest_disturbance/embeddings/joint/fid_311/evt/20230709T142719_20230709T142938_T20LNR__S1A_IW_GRDH_1SDV_20230708T094940_20230708T095005_049330_05EE9A_BD21
[ok joint] fid=311 aft -> 2 new .npy in /share/castor/home/e2406749/tropical_forest_disturbance/embeddings/joint/fid_311/aft/20230719T142719_20230719T142939_T20LNR__S1A_IW_GRDH_1SDV_20230720T094940_20230720T095005_049505_05F3ED_61B1
[ok joint] fid=311 aft -> 2 new .npy in /share/castor/home/e2406749/tropical_forest_disturbance/embeddings/joint/fid_311/aft/20230729T142719_20230729T142718_T20LNR__S1A_IW_GRDH_1SDV_20230801T094941_20230801T095006_049680_05F959_7E64
[ok joint] fid=254 bef -> 1 new .npy in /share/castor/home/e2406749/tropical_forest_disturbance/embeddings/joint/fid_254/bef/20230214T142711_20230214T143425_T20LNR__S1A_IW_GRDH_1SDV_20230214T094910_20230214T094935_047230_05AAD4_E27D
[ok joint] fid=254 bef -> 1 new .npy in /share/castor/home/e2406749/tropical_forest_disturbance/embeddings/joint/fid_254/bef/20230604T142721_20230604T142716_T20LNR__S1A_IW_GRDH_1SDV_20230602T094913_20230602T094938_048805_05DE8B_7193
[ok joint] fid=254 bef -> 1 new .npy in /share/castor/home/e2406749/tropical_forest_disturbance/embeddings/joint/fid_254/bef/20230624T142721_20230624T142715_T20LNR__S1A_IW_GRDH_1SDV_20230626T094914_20230626T094939_049155_05E932_8E24
[ok joint] fid=254 bef -> 1 new .npy in /share/castor/home/e2406749/tropical_forest_disturbance/embeddings/joint/fid_254/bef/20230430T142719_20230430T142714_T20LNR__S1A_IW_GRDH_1SDV_20230427T094911_20230427T094936_048280_05CE51_9F1D
[ok joint] fid=254 bef -> 1 new .npy in /share/castor/home/e2406749/tropical_forest_disturbance/embeddings/joint/fid_254/bef/20230609T142719_20230609T142938_T20LNR__S1A_IW_GRDH_1SDV_20230614T094913_20230614T094938_048980_05E3E7_6485
[ok joint] fid=254 bef -> 1 new .npy in /share/castor/home/e2406749/tropical_forest_disturbance/embeddings/joint/fid_254/bef/20230515T142711_20230515T142713_T20LNR__S1A_IW_GRDH_1SDV_20230509T094912_20230509T094937_048455_05D42C_BB80
[ok joint] fid=254 evt -> 1 new .npy in /share/castor/home/e2406749/tropical_forest_disturbance/embeddings/joint/fid_254/evt/20230714T142721_20230714T142941_T20LNR__S1A_IW_GRDH_1SDV_20230720T094915_20230720T094940_049505_05F3ED_2372
[ok joint] fid=254 aft -> 1 new .npy in /share/castor/home/e2406749/tropical_forest_disturbance/embeddings/joint/fid_254/aft/20230803T142721_20230803T143434_T20LNR__S1A_IW_GRDH_1SDV_20230801T094916_20230801T094941_049680_05F959_E6F2
[ok joint] fid=204 bef -> 1 new .npy in /share/castor/home/e2406749/tropical_forest_disturbance/embeddings/joint/fid_204/bef/20230214T142711_20230214T143425_T20LMR__S1A_IW_GRDH_1SDV_20230214T094935_20230214T095000_047230_05AAD4_443E
[ok joint] fid=204 bef -> 1 new .npy in /share/castor/home/e2406749/tropical_forest_disturbance/embeddings/joint/fid_204/bef/20230520T142719_20230520T142902_T20LMR__S1A_IW_GRDH_1SDV_20230521T094937_20230521T095002_048630_05D957_8119
[ok joint] fid=204 bef -> 1 new .npy in /share/castor/home/e2406749/tropical_forest_disturbance/embeddings/joint/fid_204/bef/20230709T142719_20230709T142938_T20LMR__S1A_IW_GRDH_1SDV_20230708T094940_20230708T095005_049330_05EE9A_BD21
[ok joint] fid=204 bef -> 1 new .npy in /share/castor/home/e2406749/tropical_forest_disturbance/embeddings/joint/fid_204/bef/20230224T142711_20230224T143045_T20LNR__S1A_IW_GRDH_1SDV_20230226T094935_20230226T095000_047405_05B0D3_E8BA
[ok joint] fid=204 bef -> 1 new .npy in /share/castor/home/e2406749/tropical_forest_disturbance/embeddings/joint/fid_204/bef/20230604T142721_20230604T142716_T20LMR__S1A_IW_GRDH_1SDV_20230602T094938_20230602T095003_048805_05DE8B_61F1
[ok joint] fid=204 bef -> 1 new .npy in /share/castor/home/e2406749/tropical_forest_disturbance/embeddings/joint/fid_204/bef/20230624T142721_20230624T142715_T20LMR__S1A_IW_GRDH_1SDV_20230626T094939_20230626T095004_049155_05E932_87DB
[ok joint] fid=204 bef -> 1 new .npy in /share/castor/home/e2406749/tropical_forest_disturbance/embeddings/joint/fid_204/bef/20230430T142719_20230430T142714_T20LMR__S1A_IW_GRDH_1SDV_20230427T094936_20230427T095001_048280_05CE51_C3AC
[ok joint] fid=204 bef -> 1 new .npy in /share/castor/home/e2406749/tropical_forest_disturbance/embeddings/joint/fid_204/bef/20230609T142719_20230609T142938_T20LMR__S1A_IW_GRDH_1SDV_20230614T094938_20230614T095003_048980_05E3E7_B37E
[ok joint] fid=204 bef -> 1 new .npy in /share/castor/home/e2406749/tropical_forest_disturbance/embeddings/joint/fid_204/bef/20230515T142711_20230515T142713_T20LMR__S1A_IW_GRDH_1SDV_20230509T094937_20230509T095002_048455_05D42C_4A7D
[ok joint] fid=204 evt -> 1 new .npy in /share/castor/home/e2406749/tropical_forest_disturbance/embeddings/joint/fid_204/evt/20230719T142719_20230719T142939_T20LMR__S1A_IW_GRDH_1SDV_20230720T094940_20230720T095005_049505_05F3ED_61B1
[ok joint] fid=204 aft -> 1 new .npy in /share/castor/home/e2406749/tropical_forest_disturbance/embeddings/joint/fid_204/aft/20230808T142719_20230808T143119_T20LMR__S1A_IW_GRDH_1SDV_20230813T094942_20230813T095007_049855_05FF04_F481
[ok joint] fid=257 bef -> 2 new .npy in /share/castor/home/e2406749/tropical_forest_disturbance/embeddings/joint/fid_257/bef/20230709T142719_20230709T142938_T20LMR__S1A_IW_GRDH_1SDV_20230708T094940_20230708T095005_049330_05EE9A_BD21
[ok joint] fid=257 bef -> 2 new .npy in /share/castor/home/e2406749/tropical_forest_disturbance/embeddings/joint/fid_257/bef/20230604T142721_20230604T142716_T20LMR__S1A_IW_GRDH_1SDV_20230602T094938_20230602T095003_048805_05DE8B_61F1
[ok joint] fid=257 bef -> 2 new .npy in /share/castor/home/e2406749/tropical_forest_disturbance/embeddings/joint/fid_257/bef/20230624T142721_20230624T142715_T20LMR__S1A_IW_GRDH_1SDV_20230626T094939_20230626T095004_049155_05E932_87DB
[ok joint] fid=257 bef -> 2 new .npy in /share/castor/home/e2406749/tropical_forest_disturbance/embeddings/joint/fid_257/bef/20230301T142709_20230301T142737_T20LMR__S1A_IW_GRDH_1SDV_20230226T094935_20230226T095000_047405_05B0D3_E8BA
[ok joint] fid=257 bef -> 2 new .npy in /share/castor/home/e2406749/tropical_forest_disturbance/embeddings/joint/fid_257/bef/20230430T142719_20230430T142714_T20LMR__S1A_IW_GRDH_1SDV_20230427T094936_20230427T095001_048280_05CE51_C3AC
[ok joint] fid=257 bef -> 2 new .npy in /share/castor/home/e2406749/tropical_forest_disturbance/embeddings/joint/fid_257/bef/20230525T142721_20230525T142853_T20LMR__S1A_IW_GRDH_1SDV_20230521T094937_20230521T095002_048630_05D957_8119
[ok joint] fid=257 bef -> 2 new .npy in /share/castor/home/e2406749/tropical_forest_disturbance/embeddings/joint/fid_257/bef/20230115T142711_20230115T142817_T20LMR__S1A_IW_GRDH_1SDV_20230109T094936_20230109T095001_046705_05993A_763B
[ok joint] fid=257 bef -> 2 new .npy in /share/castor/home/e2406749/tropical_forest_disturbance/embeddings/joint/fid_257/bef/20230515T142711_20230515T142713_T20LMR__S1A_IW_GRDH_1SDV_20230509T094937_20230509T095002_048455_05D42C_4A7D
[ok joint] fid=257 evt -> 2 new .npy in /share/castor/home/e2406749/tropical_forest_disturbance/embeddings/joint/fid_257/evt/20230719T142719_20230719T142939_T20LMR__S1A_IW_GRDH_1SDV_20230720T094940_20230720T095005_049505_05F3ED_61B1
[ok joint] fid=257 aft -> 2 new .npy in /share/castor/home/e2406749/tropical_forest_disturbance/embeddings/joint/fid_257/aft/20230808T142719_20230808T143119_T20LMR__S1A_IW_GRDH_1SDV_20230813T094942_20230813T095007_049855_05FF04_F481
[ok joint] fid=314 bef -> 2 new .npy in /share/castor/home/e2406749/tropical_forest_disturbance/embeddings/joint/fid_314/bef/20230214T142711_20230214T143425_T20LMR__S1A_IW_GRDH_1SDV_20230214T094935_20230214T095000_047230_05AAD4_443E
[ok joint] fid=314 bef -> 2 new .npy in /share/castor/home/e2406749/tropical_forest_disturbance/embeddings/joint/fid_314/bef/20230520T142719_20230520T142902_T20LMR__S1A_IW_GRDH_1SDV_20230521T094937_20230521T095002_048630_05D957_8119
[ok joint] fid=314 bef -> 2 new .npy in /share/castor/home/e2406749/tropical_forest_disturbance/embeddings/joint/fid_314/bef/20230709T142719_20230709T142938_T20LMR__S1A_IW_GRDH_1SDV_20230708T094940_20230708T095005_049330_05EE9A_BD21
[ok joint] fid=314 bef -> 2 new .npy in /share/castor/home/e2406749/tropical_forest_disturbance/embeddings/joint/fid_314/bef/20230604T142721_20230604T142716_T20LMR__S1A_IW_GRDH_1SDV_20230602T094938_20230602T095003_048805_05DE8B_61F1
[ok joint] fid=314 bef -> 2 new .npy in /share/castor/home/e2406749/tropical_forest_disturbance/embeddings/joint/fid_314/bef/20230624T142721_20230624T142715_T20LMR__S1A_IW_GRDH_1SDV_20230626T094939_20230626T095004_049155_05E932_87DB
[ok joint] fid=314 bef -> 2 new .npy in /share/castor/home/e2406749/tropical_forest_disturbance/embeddings/joint/fid_314/bef/20230301T142709_20230301T142737_T20LMR__S1A_IW_GRDH_1SDV_20230226T094935_20230226T095000_047405_05B0D3_E8BA
[ok joint] fid=314 bef -> 2 new .npy in /share/castor/home/e2406749/tropical_forest_disturbance/embeddings/joint/fid_314/bef/20230430T142719_20230430T142714_T20LMR__S1A_IW_GRDH_1SDV_20230427T094936_20230427T095001_048280_05CE51_C3AC
[ok joint] fid=314 bef -> 2 new .npy in /share/castor/home/e2406749/tropical_forest_disturbance/embeddings/joint/fid_314/bef/20230420T142719_20230420T142714_T20LMR__S1A_IW_GRDH_1SDV_20230415T094936_20230415T095001_048105_05C876_7D01
[ok joint] fid=314 bef -> 2 new .npy in /share/castor/home/e2406749/tropical_forest_disturbance/embeddings/joint/fid_314/bef/20230609T142719_20230609T142938_T20LMR__S1A_IW_GRDH_1SDV_20230614T094938_20230614T095003_048980_05E3E7_B37E
[ok joint] fid=314 bef -> 2 new .npy in /share/castor/home/e2406749/tropical_forest_disturbance/embeddings/joint/fid_314/bef/20230115T142711_20230115T142817_T20LMR__S1A_IW_GRDH_1SDV_20230109T094936_20230109T095001_046705_05993A_763B
[ok joint] fid=314 evt -> 2 new .npy in /share/castor/home/e2406749/tropical_forest_disturbance/embeddings/joint/fid_314/evt/20230719T142719_20230719T142939_T20LMR__S1A_IW_GRDH_1SDV_20230720T094940_20230720T095005_049505_05F3ED_61B1
[ok joint] fid=314 aft -> 2 new .npy in /share/castor/home/e2406749/tropical_forest_disturbance/embeddings/joint/fid_314/aft/20230808T142719_20230808T143119_T20LMR__S1A_IW_GRDH_1SDV_20230813T094942_20230813T095007_049855_05FF04_F481
[ok joint] fid=358 bef -> 2 new .npy in /share/castor/home/e2406749/tropical_forest_disturbance/embeddings/joint/fid_358/bef/20230214T142711_20230214T143425_T20LMR__S1A_IW_GRDH_1SDV_20230214T094935_20230214T095000_047230_05AAD4_443E
[ok joint] fid=358 bef -> 2 new .npy in /share/castor/home/e2406749/tropical_forest_disturbance/embeddings/joint/fid_358/bef/20230520T142719_20230520T142902_T20LMR__S1A_IW_GRDH_1SDV_20230521T094937_20230521T095002_048630_05D957_8119
[ok joint] fid=358 bef -> 2 new .npy in /share/castor/home/e2406749/tropical_forest_disturbance/embeddings/joint/fid_358/bef/20230709T142719_20230709T142938_T20LMR__S1A_IW_GRDH_1SDV_20230708T094940_20230708T095005_049330_05EE9A_BD21
[ok joint] fid=358 bef -> 2 new .npy in /share/castor/home/e2406749/tropical_forest_disturbance/embeddings/joint/fid_358/bef/20230719T142719_20230719T142939_T20LMR__S1A_IW_GRDH_1SDV_20230720T094940_20230720T095005_049505_05F3ED_61B1
[ok joint] fid=358 bef -> 2 new .npy in /share/castor/home/e2406749/tropical_forest_disturbance/embeddings/joint/fid_358/bef/20230604T142721_20230604T142716_T20LMR__S1A_IW_GRDH_1SDV_20230602T094938_20230602T095003_048805_05DE8B_61F1
[ok joint] fid=358 bef -> 2 new .npy in /share/castor/home/e2406749/tropical_forest_disturbance/embeddings/joint/fid_358/bef/20230624T142721_20230624T142715_T20LMR__S1A_IW_GRDH_1SDV_20230626T094939_20230626T095004_049155_05E932_87DB
[ok joint] fid=358 bef -> 2 new .npy in /share/castor/home/e2406749/tropical_forest_disturbance/embeddings/joint/fid_358/bef/20230301T142709_20230301T142737_T20LMR__S1A_IW_GRDH_1SDV_20230226T094935_20230226T095000_047405_05B0D3_E8BA
[ok joint] fid=358 bef -> 2 new .npy in /share/castor/home/e2406749/tropical_forest_disturbance/embeddings/joint/fid_358/bef/20230430T142719_20230430T142714_T20LMR__S1A_IW_GRDH_1SDV_20230427T094936_20230427T095001_048280_05CE51_C3AC
[ok joint] fid=358 bef -> 2 new .npy in /share/castor/home/e2406749/tropical_forest_disturbance/embeddings/joint/fid_358/bef/20230729T142719_20230729T142718_T20LMR__S1A_IW_GRDH_1SDV_20230801T094941_20230801T095006_049680_05F959_7E64
[ok joint] fid=358 bef -> 2 new .npy in /share/castor/home/e2406749/tropical_forest_disturbance/embeddings/joint/fid_358/bef/20230420T142719_20230420T142714_T20LMR__S1A_IW_GRDH_1SDV_20230415T094936_20230415T095001_048105_05C876_7D01
[ok joint] fid=358 bef -> 2 new .npy in /share/castor/home/e2406749/tropical_forest_disturbance/embeddings/joint/fid_358/bef/20230609T142719_20230609T142938_T20LMR__S1A_IW_GRDH_1SDV_20230614T094938_20230614T095003_048980_05E3E7_B37E
[ok joint] fid=358 bef -> 2 new .npy in /share/castor/home/e2406749/tropical_forest_disturbance/embeddings/joint/fid_358/bef/20230115T142711_20230115T142817_T20LMR__S1A_IW_GRDH_1SDV_20230109T094936_20230109T095001_046705_05993A_763B
[ok joint] fid=358 evt -> 2 new .npy in /share/castor/home/e2406749/tropical_forest_disturbance/embeddings/joint/fid_358/evt/20230808T142719_20230808T143119_T20LMR__S1A_IW_GRDH_1SDV_20230813T094942_20230813T095007_049855_05FF04_F481
[ok joint] fid=358 aft -> 2 new .npy in /share/castor/home/e2406749/tropical_forest_disturbance/embeddings/joint/fid_358/aft/20230823T142721_20230823T143116_T20LMR__S1A_IW_GRDH_1SDV_20230825T094943_20230825T095008_050030_0604F6_5B1D
[ok joint] fid=336 bef -> 2 new .npy in /share/castor/home/e2406749/tropical_forest_disturbance/embeddings/joint/fid_336/bef/20230709T142719_20230709T142938_T20LNR__S1A_IW_GRDH_1SDV_20230708T094940_20230708T095005_049330_05EE9A_BD21
[ok joint] fid=336 bef -> 2 new .npy in /share/castor/home/e2406749/tropical_forest_disturbance/embeddings/joint/fid_336/bef/20230719T142719_20230719T142939_T20LNR__S1A_IW_GRDH_1SDV_20230720T094940_20230720T095005_049505_05F3ED_61B1
[ok joint] fid=336 bef -> 2 new .npy in /share/castor/home/e2406749/tropical_forest_disturbance/embeddings/joint/fid_336/bef/20230224T142711_20230224T143045_T20LNR__S1A_IW_GRDH_1SDV_20230226T094935_20230226T095000_047405_05B0D3_E8BA
[ok joint] fid=336 bef -> 2 new .npy in /share/castor/home/e2406749/tropical_forest_disturbance/embeddings/joint/fid_336/bef/20230604T142721_20230604T142716_T20LNR__S1A_IW_GRDH_1SDV_20230602T094938_20230602T095003_048805_05DE8B_61F1
[ok joint] fid=336 bef -> 2 new .npy in /share/castor/home/e2406749/tropical_forest_disturbance/embeddings/joint/fid_336/bef/20230430T142719_20230430T142714_T20LNR__S1A_IW_GRDH_1SDV_20230427T094936_20230427T095001_048280_05CE51_C3AC
[ok joint] fid=336 bef -> 2 new .npy in /share/castor/home/e2406749/tropical_forest_disturbance/embeddings/joint/fid_336/bef/20230629T142719_20230629T143340_T20LNR__S1A_IW_GRDH_1SDV_20230626T094939_20230626T095004_049155_05E932_87DB
[ok joint] fid=336 bef -> 2 new .npy in /share/castor/home/e2406749/tropical_forest_disturbance/embeddings/joint/fid_336/bef/20230729T142719_20230729T142718_T20LNR__S1A_IW_GRDH_1SDV_20230801T094941_20230801T095006_049680_05F959_7E64
[ok joint] fid=336 bef -> 2 new .npy in /share/castor/home/e2406749/tropical_forest_disturbance/embeddings/joint/fid_336/bef/20230609T142719_20230609T142938_T20LNR__S1A_IW_GRDH_1SDV_20230614T094938_20230614T095003_048980_05E3E7_B37E
[ok joint] fid=336 bef -> 2 new .npy in /share/castor/home/e2406749/tropical_forest_disturbance/embeddings/joint/fid_336/bef/20230115T142711_20230115T142817_T20LNR__S1A_IW_GRDH_1SDV_20230109T094936_20230109T095001_046705_05993A_763B
[ok joint] fid=336 bef -> 2 new .npy in /share/castor/home/e2406749/tropical_forest_disturbance/embeddings/joint/fid_336/bef/20230515T142711_20230515T142713_T20LNR__S1A_IW_GRDH_1SDV_20230509T094937_20230509T095002_048455_05D42C_4A7D
[ok joint] fid=336 evt -> 2 new .npy in /share/castor/home/e2406749/tropical_forest_disturbance/embeddings/joint/fid_336/evt/20230808T142719_20230808T143119_T20LNR__S1A_IW_GRDH_1SDV_20230813T094942_20230813T095007_049855_05FF04_F481
[ok joint] fid=336 aft -> 2 new .npy in /share/castor/home/e2406749/tropical_forest_disturbance/embeddings/joint/fid_336/aft/20230823T142721_20230823T143116_T20LNR__S1A_IW_GRDH_1SDV_20230825T094943_20230825T095008_050030_0604F6_5B1D
[ok joint] fid=336 aft -> 2 new .npy in /share/castor/home/e2406749/tropical_forest_disturbance/embeddings/joint/fid_336/aft/20230902T142721_20230902T143115_T20LNR__S1A_IW_GRDH_1SDV_20230906T094943_20230906T095008_050205_060AF4_E713
[ok joint] fid=54 bef -> 2 new .npy in /share/castor/home/e2406749/tropical_forest_disturbance/embeddings/joint/fid_54/bef/20230520T142719_20230520T142902_T20LNR__S1A_IW_GRDH_1SDV_20230521T094937_20230521T095002_048630_05D957_8119
[ok joint] fid=54 bef -> 2 new .npy in /share/castor/home/e2406749/tropical_forest_disturbance/embeddings/joint/fid_54/bef/20230709T142719_20230709T142938_T20LNR__S1A_IW_GRDH_1SDV_20230708T094940_20230708T095005_049330_05EE9A_BD21
[ok joint] fid=54 bef -> 2 new .npy in /share/castor/home/e2406749/tropical_forest_disturbance/embeddings/joint/fid_54/bef/20230719T142719_20230719T142939_T20LNR__S1A_IW_GRDH_1SDV_20230720T094940_20230720T095005_049505_05F3ED_61B1
[ok joint] fid=54 bef -> 2 new .npy in /share/castor/home/e2406749/tropical_forest_disturbance/embeddings/joint/fid_54/bef/20230604T142721_20230604T142716_T20LNR__S1A_IW_GRDH_1SDV_20230602T094938_20230602T095003_048805_05DE8B_61F1
[ok joint] fid=54 bef -> 2 new .npy in /share/castor/home/e2406749/tropical_forest_disturbance/embeddings/joint/fid_54/bef/20230301T142709_20230301T142737_T20LNR__S1A_IW_GRDH_1SDV_20230226T094935_20230226T095000_047405_05B0D3_E8BA
[ok joint] fid=54 bef -> 2 new .npy in /share/castor/home/e2406749/tropical_forest_disturbance/embeddings/joint/fid_54/bef/20230430T142719_20230430T142714_T20LNR__S1A_IW_GRDH_1SDV_20230427T094936_20230427T095001_048280_05CE51_C3AC
[ok joint] fid=54 bef -> 2 new .npy in /share/castor/home/e2406749/tropical_forest_disturbance/embeddings/joint/fid_54/bef/20230629T142719_20230629T143340_T20LNR__S1A_IW_GRDH_1SDV_20230626T094939_20230626T095004_049155_05E932_87DB
[ok joint] fid=54 bef -> 2 new .npy in /share/castor/home/e2406749/tropical_forest_disturbance/embeddings/joint/fid_54/bef/20230729T142719_20230729T142718_T20LNR__S1A_IW_GRDH_1SDV_20230801T094941_20230801T095006_049680_05F959_7E64
[ok joint] fid=54 bef -> 2 new .npy in /share/castor/home/e2406749/tropical_forest_disturbance/embeddings/joint/fid_54/bef/20230326T142711_20230326T142710_T20LNR__S1A_IW_GRDH_1SDV_20230322T094935_20230322T095000_047755_05BCAD_A5E4
[ok joint] fid=54 bef -> 2 new .npy in /share/castor/home/e2406749/tropical_forest_disturbance/embeddings/joint/fid_54/bef/20230609T142719_20230609T142938_T20LNR__S1A_IW_GRDH_1SDV_20230614T094938_20230614T095003_048980_05E3E7_B37E
[ok joint] fid=54 bef -> 2 new .npy in /share/castor/home/e2406749/tropical_forest_disturbance/embeddings/joint/fid_54/bef/20230808T142719_20230808T143119_T20LNR__S1A_IW_GRDH_1SDV_20230813T094942_20230813T095007_049855_05FF04_F481
[ok joint] fid=54 bef -> 2 new .npy in /share/castor/home/e2406749/tropical_forest_disturbance/embeddings/joint/fid_54/bef/20230115T142711_20230115T142817_T20LNR__S1A_IW_GRDH_1SDV_20230109T094936_20230109T095001_046705_05993A_763B
[ok joint] fid=54 bef -> 2 new .npy in /share/castor/home/e2406749/tropical_forest_disturbance/embeddings/joint/fid_54/bef/20230515T142711_20230515T142713_T20LNR__S1A_IW_GRDH_1SDV_20230509T094937_20230509T095002_048455_05D42C_4A7D
[ok joint] fid=54 evt -> 2 new .npy in /share/castor/home/e2406749/tropical_forest_disturbance/embeddings/joint/fid_54/evt/20230823T142721_20230823T143116_T20LNR__S1A_IW_GRDH_1SDV_20230825T094943_20230825T095008_050030_0604F6_5B1D
[ok joint] fid=59 bef -> 7 new .npy in /share/castor/home/e2406749/tropical_forest_disturbance/embeddings/joint/fid_59/bef/20230709T142719_20230709T142938_T20LNR__S1A_IW_GRDH_1SDV_20230708T094940_20230708T095005_049330_05EE9A_BD21
[ok joint] fid=59 bef -> 7 new .npy in /share/castor/home/e2406749/tropical_forest_disturbance/embeddings/joint/fid_59/bef/20230719T142719_20230719T142939_T20LNR__S1A_IW_GRDH_1SDV_20230720T094940_20230720T095005_049505_05F3ED_61B1
[ok joint] fid=59 bef -> 7 new .npy in /share/castor/home/e2406749/tropical_forest_disturbance/embeddings/joint/fid_59/bef/20230604T142721_20230604T142716_T20LNR__S1A_IW_GRDH_1SDV_20230602T094938_20230602T095003_048805_05DE8B_61F1
[ok joint] fid=59 bef -> 7 new .npy in /share/castor/home/e2406749/tropical_forest_disturbance/embeddings/joint/fid_59/bef/20230624T142721_20230624T142715_T20LNR__S1A_IW_GRDH_1SDV_20230626T094939_20230626T095004_049155_05E932_87DB
[ok joint] fid=59 bef -> 7 new .npy in /share/castor/home/e2406749/tropical_forest_disturbance/embeddings/joint/fid_59/bef/20230823T142721_20230823T143116_T20LNR__S1A_IW_GRDH_1SDV_20230825T094943_20230825T095008_050030_0604F6_5B1D
[ok joint] fid=59 bef -> 7 new .npy in /share/castor/home/e2406749/tropical_forest_disturbance/embeddings/joint/fid_59/bef/20230301T142709_20230301T142737_T20LNR__S1A_IW_GRDH_1SDV_20230226T094935_20230226T095000_047405_05B0D3_E8BA
[ok joint] fid=59 bef -> 7 new .npy in /share/castor/home/e2406749/tropical_forest_disturbance/embeddings/joint/fid_59/bef/20230430T142719_20230430T142714_T20LNR__S1A_IW_GRDH_1SDV_20230427T094936_20230427T095001_048280_05CE51_C3AC
[ok joint] fid=59 bef -> 7 new .npy in /share/castor/home/e2406749/tropical_forest_disturbance/embeddings/joint/fid_59/bef/20230729T142719_20230729T142718_T20LNR__S1A_IW_GRDH_1SDV_20230801T094941_20230801T095006_049680_05F959_7E64
[ok joint] fid=59 bef -> 7 new .npy in /share/castor/home/e2406749/tropical_forest_disturbance/embeddings/joint/fid_59/bef/20230609T142719_20230609T142938_T20LNR__S1A_IW_GRDH_1SDV_20230614T094938_20230614T095003_048980_05E3E7_B37E
[ok joint] fid=59 bef -> 7 new .npy in /share/castor/home/e2406749/tropical_forest_disturbance/embeddings/joint/fid_59/bef/20230818T142719_20230818T143227_T20LNR__S1A_IW_GRDH_1SDV_20230813T094942_20230813T095007_049855_05FF04_F481
[ok joint] fid=59 bef -> 7 new .npy in /share/castor/home/e2406749/tropical_forest_disturbance/embeddings/joint/fid_59/bef/20230115T142711_20230115T142817_T20LNR__S1A_IW_GRDH_1SDV_20230109T094936_20230109T095001_046705_05993A_763B
[ok joint] fid=59 bef -> 7 new .npy in /share/castor/home/e2406749/tropical_forest_disturbance/embeddings/joint/fid_59/bef/20230515T142711_20230515T142713_T20LNR__S1A_IW_GRDH_1SDV_20230509T094937_20230509T095002_048455_05D42C_4A7D
[ok joint] fid=59 aft -> 7 new .npy in /share/castor/home/e2406749/tropical_forest_disturbance/embeddings/joint/fid_59/aft/20231002T142711_20231002T143108_T20LNR__S1A_IW_GRDH_1SDV_20230930T094944_20230930T095009_050555_0616E4_8B83
[ok joint] fid=79 bef -> 5 new .npy in /share/castor/home/e2406749/tropical_forest_disturbance/embeddings/joint/fid_79/bef/20230709T142719_20230709T142938_T20LNR__S1A_IW_GRDH_1SDV_20230708T094940_20230708T095005_049330_05EE9A_BD21
[ok joint] fid=79 bef -> 5 new .npy in /share/castor/home/e2406749/tropical_forest_disturbance/embeddings/joint/fid_79/bef/20230719T142719_20230719T142939_T20LNR__S1A_IW_GRDH_1SDV_20230720T094940_20230720T095005_049505_05F3ED_61B1
[ok joint] fid=79 bef -> 5 new .npy in /share/castor/home/e2406749/tropical_forest_disturbance/embeddings/joint/fid_79/bef/20230604T142721_20230604T142716_T20LNR__S1A_IW_GRDH_1SDV_20230602T094938_20230602T095003_048805_05DE8B_61F1
[ok joint] fid=79 bef -> 5 new .npy in /share/castor/home/e2406749/tropical_forest_disturbance/embeddings/joint/fid_79/bef/20230624T142721_20230624T142715_T20LNR__S1A_IW_GRDH_1SDV_20230626T094939_20230626T095004_049155_05E932_87DB
[ok joint] fid=79 bef -> 5 new .npy in /share/castor/home/e2406749/tropical_forest_disturbance/embeddings/joint/fid_79/bef/20230823T142721_20230823T143116_T20LNR__S1A_IW_GRDH_1SDV_20230825T094943_20230825T095008_050030_0604F6_5B1D
[ok joint] fid=79 bef -> 5 new .npy in /share/castor/home/e2406749/tropical_forest_disturbance/embeddings/joint/fid_79/bef/20230430T142719_20230430T142714_T20LNR__S1A_IW_GRDH_1SDV_20230427T094936_20230427T095001_048280_05CE51_C3AC
[ok joint] fid=79 bef -> 5 new .npy in /share/castor/home/e2406749/tropical_forest_disturbance/embeddings/joint/fid_79/bef/20230729T142719_20230729T142718_T20LNR__S1A_IW_GRDH_1SDV_20230801T094941_20230801T095006_049680_05F959_7E64
[ok joint] fid=79 bef -> 5 new .npy in /share/castor/home/e2406749/tropical_forest_disturbance/embeddings/joint/fid_79/bef/20230525T142721_20230525T142853_T20LNR__S1A_IW_GRDH_1SDV_20230521T094937_20230521T095002_048630_05D957_8119
[ok joint] fid=79 bef -> 5 new .npy in /share/castor/home/e2406749/tropical_forest_disturbance/embeddings/joint/fid_79/bef/20230609T142719_20230609T142938_T20LNR__S1A_IW_GRDH_1SDV_20230614T094938_20230614T095003_048980_05E3E7_B37E
[ok joint] fid=79 bef -> 5 new .npy in /share/castor/home/e2406749/tropical_forest_disturbance/embeddings/joint/fid_79/bef/20230515T142711_20230515T142713_T20LNR__S1A_IW_GRDH_1SDV_20230509T094937_20230509T095002_048455_05D42C_4A7D
[ok joint] fid=79 aft -> 5 new .npy in /share/castor/home/e2406749/tropical_forest_disturbance/embeddings/joint/fid_79/aft/20231002T142711_20231002T143108_T20LNR__S1A_IW_GRDH_1SDV_20230930T094944_20230930T095009_050555_0616E4_8B83
[done joint] All embeddings already exist in /share/castor/home/e2406749/tropical_forest_disturbance/embeddings/joint/fid_384/bef/20230709T142719_20230709T142938_T20LMR__S1A_IW_GRDH_1SDV_20230708T094915_20230708T094940_049330_05EE9A_201B
[done joint] All embeddings already exist in /share/castor/home/e2406749/tropical_forest_disturbance/embeddings/joint/fid_384/bef/20230604T142721_20230604T142716_T20LMR__S1A_IW_GRDH_1SDV_20230602T094913_20230602T094938_048805_05DE8B_7193
[done joint] All embeddings already exist in /share/castor/home/e2406749/tropical_forest_disturbance/embeddings/joint/fid_384/bef/20230823T142721_20230823T143116_T20LMR__S1A_IW_GRDH_1SDV_20230825T094918_20230825T094943_050030_0604F6_59F6
[done joint] All embeddings already exist in /share/castor/home/e2406749/tropical_forest_disturbance/embeddings/joint/fid_384/bef/20230629T142719_20230629T143340_T20LMR__S1A_IW_GRDH_1SDV_20230626T094914_20230626T094939_049155_05E932_8E24
[done joint] All embeddings already exist in /share/castor/home/e2406749/tropical_forest_disturbance/embeddings/joint/fid_384/bef/20230729T142719_20230729T142718_T20LMR__S1A_IW_GRDH_1SDV_20230801T094916_20230801T094941_049680_05F959_E6F2
[done joint] All embeddings already exist in /share/castor/home/e2406749/tropical_forest_disturbance/embeddings/joint/fid_384/bef/20230724T142721_20230724T142717_T20LMR__S1A_IW_GRDH_1SDV_20230720T094915_20230720T094940_049505_05F3ED_2372
[done joint] All embeddings already exist in /share/castor/home/e2406749/tropical_forest_disturbance/embeddings/joint/fid_384/bef/20230609T142719_20230609T142938_T20LMR__S1A_IW_GRDH_1SDV_20230614T094913_20230614T094938_048980_05E3E7_6485
[done joint] All embeddings already exist in /share/castor/home/e2406749/tropical_forest_disturbance/embeddings/joint/fid_384/bef/20230808T142719_20230808T143119_T20LMR__S1A_IW_GRDH_1SDV_20230813T094917_20230813T094942_049855_05FF04_E952
[done joint] All embeddings already exist in /share/castor/home/e2406749/tropical_forest_disturbance/embeddings/joint/fid_384/bef/20230515T142711_20230515T142713_T20LMR__S1A_IW_GRDH_1SDV_20230509T094912_20230509T094937_048455_05D42C_BB80
[done joint] All embeddings already exist in /share/castor/home/e2406749/tropical_forest_disturbance/embeddings/joint/fid_384/evt/20230902T142721_20230902T143115_T20LMR__S1A_IW_GRDH_1SDV_20230906T094918_20230906T094943_050205_060AF4_C05C
[done joint] All embeddings already exist in /share/castor/home/e2406749/tropical_forest_disturbance/embeddings/joint/fid_384/aft/20231002T142711_20231002T143108_T20LMR__S1A_IW_GRDH_1SDV_20230930T094919_20230930T094944_050555_0616E4_C554
[ok joint] fid=139 bef -> 2 new .npy in /share/castor/home/e2406749/tropical_forest_disturbance/embeddings/joint/fid_139/bef/20230709T142719_20230709T142938_T20LNR__S1A_IW_GRDH_1SDV_20230708T094940_20230708T095005_049330_05EE9A_BD21
[ok joint] fid=139 bef -> 2 new .npy in /share/castor/home/e2406749/tropical_forest_disturbance/embeddings/joint/fid_139/bef/20230719T142719_20230719T142939_T20LNR__S1A_IW_GRDH_1SDV_20230720T094940_20230720T095005_049505_05F3ED_61B1
[ok joint] fid=139 bef -> 2 new .npy in /share/castor/home/e2406749/tropical_forest_disturbance/embeddings/joint/fid_139/bef/20230604T142721_20230604T142716_T20LNR__S1A_IW_GRDH_1SDV_20230602T094938_20230602T095003_048805_05DE8B_61F1
[ok joint] fid=139 bef -> 2 new .npy in /share/castor/home/e2406749/tropical_forest_disturbance/embeddings/joint/fid_139/bef/20230624T142721_20230624T142715_T20LNR__S1A_IW_GRDH_1SDV_20230626T094939_20230626T095004_049155_05E932_87DB
[ok joint] fid=139 bef -> 2 new .npy in /share/castor/home/e2406749/tropical_forest_disturbance/embeddings/joint/fid_139/bef/20230803T142721_20230803T143434_T20LNR__S1A_IW_GRDH_1SDV_20230801T094941_20230801T095006_049680_05F959_7E64
[ok joint] fid=139 bef -> 2 new .npy in /share/castor/home/e2406749/tropical_forest_disturbance/embeddings/joint/fid_139/bef/20230823T142721_20230823T143116_T20LNR__S1A_IW_GRDH_1SDV_20230825T094943_20230825T095008_050030_0604F6_5B1D
[ok joint] fid=139 bef -> 2 new .npy in /share/castor/home/e2406749/tropical_forest_disturbance/embeddings/joint/fid_139/bef/20230430T142719_20230430T142714_T20LNR__S1A_IW_GRDH_1SDV_20230427T094936_20230427T095001_048280_05CE51_C3AC
[ok joint] fid=139 bef -> 2 new .npy in /share/castor/home/e2406749/tropical_forest_disturbance/embeddings/joint/fid_139/bef/20230609T142719_20230609T142938_T20LNR__S1A_IW_GRDH_1SDV_20230614T094938_20230614T095003_048980_05E3E7_B37E
[ok joint] fid=139 bef -> 2 new .npy in /share/castor/home/e2406749/tropical_forest_disturbance/embeddings/joint/fid_139/bef/20230808T142719_20230808T143119_T20LNR__S1A_IW_GRDH_1SDV_20230813T094942_20230813T095007_049855_05FF04_F481
[ok joint] fid=139 bef -> 2 new .npy in /share/castor/home/e2406749/tropical_forest_disturbance/embeddings/joint/fid_139/bef/20230515T142711_20230515T142713_T20LNR__S1A_IW_GRDH_1SDV_20230509T094937_20230509T095002_048455_05D42C_4A7D
[ok joint] fid=139 aft -> 2 new .npy in /share/castor/home/e2406749/tropical_forest_disturbance/embeddings/joint/fid_139/aft/20231002T142711_20231002T143108_T20LNR__S1A_IW_GRDH_1SDV_20230930T094944_20230930T095009_050555_0616E4_8B83
[ok joint] fid=350 bef -> 3 new .npy in /share/castor/home/e2406749/tropical_forest_disturbance/embeddings/joint/fid_350/bef/20230709T142719_20230709T142938_T20LNR__S1A_IW_GRDH_1SDV_20230708T094940_20230708T095005_049330_05EE9A_BD21
[ok joint] fid=350 bef -> 3 new .npy in /share/castor/home/e2406749/tropical_forest_disturbance/embeddings/joint/fid_350/bef/20230719T142719_20230719T142939_T20LNR__S1A_IW_GRDH_1SDV_20230720T094940_20230720T095005_049505_05F3ED_61B1
[ok joint] fid=350 bef -> 3 new .npy in /share/castor/home/e2406749/tropical_forest_disturbance/embeddings/joint/fid_350/bef/20230604T142721_20230604T142716_T20LNR__S1A_IW_GRDH_1SDV_20230602T094938_20230602T095003_048805_05DE8B_61F1
[ok joint] fid=350 bef -> 3 new .npy in /share/castor/home/e2406749/tropical_forest_disturbance/embeddings/joint/fid_350/bef/20230624T142721_20230624T142715_T20LNR__S1A_IW_GRDH_1SDV_20230626T094939_20230626T095004_049155_05E932_87DB
[ok joint] fid=350 bef -> 3 new .npy in /share/castor/home/e2406749/tropical_forest_disturbance/embeddings/joint/fid_350/bef/20230803T142721_20230803T143434_T20LNR__S1A_IW_GRDH_1SDV_20230801T094941_20230801T095006_049680_05F959_7E64
[ok joint] fid=350 bef -> 3 new .npy in /share/castor/home/e2406749/tropical_forest_disturbance/embeddings/joint/fid_350/bef/20230823T142721_20230823T143116_T20LNR__S1A_IW_GRDH_1SDV_20230825T094943_20230825T095008_050030_0604F6_5B1D
[ok joint] fid=350 bef -> 3 new .npy in /share/castor/home/e2406749/tropical_forest_disturbance/embeddings/joint/fid_350/bef/20230301T142709_20230301T142737_T20LNR__S1A_IW_GRDH_1SDV_20230226T094935_20230226T095000_047405_05B0D3_E8BA
[ok joint] fid=350 bef -> 3 new .npy in /share/castor/home/e2406749/tropical_forest_disturbance/embeddings/joint/fid_350/bef/20230430T142719_20230430T142714_T20LNR__S1A_IW_GRDH_1SDV_20230427T094936_20230427T095001_048280_05CE51_C3AC
[ok joint] fid=350 bef -> 3 new .npy in /share/castor/home/e2406749/tropical_forest_disturbance/embeddings/joint/fid_350/bef/20230609T142719_20230609T142938_T20LNR__S1A_IW_GRDH_1SDV_20230614T094938_20230614T095003_048980_05E3E7_B37E
[ok joint] fid=350 bef -> 3 new .npy in /share/castor/home/e2406749/tropical_forest_disturbance/embeddings/joint/fid_350/bef/20230818T142719_20230818T143227_T20LNR__S1A_IW_GRDH_1SDV_20230813T094942_20230813T095007_049855_05FF04_F481
[ok joint] fid=350 bef -> 3 new .npy in /share/castor/home/e2406749/tropical_forest_disturbance/embeddings/joint/fid_350/bef/20230515T142711_20230515T142713_T20LNR__S1A_IW_GRDH_1SDV_20230509T094937_20230509T095002_048455_05D42C_4A7D
[ok joint] fid=350 aft -> 3 new .npy in /share/castor/home/e2406749/tropical_forest_disturbance/embeddings/joint/fid_350/aft/20231012T142711_20231012T143437_T20LNR__S1A_IW_GRDH_1SDV_20231012T094943_20231012T095008_050730_061CE6_B0FB
[ok joint] fid=350 aft -> 3 new .npy in /share/castor/home/e2406749/tropical_forest_disturbance/embeddings/joint/fid_350/aft/20231002T142711_20231002T143108_T20LNR__S1A_IW_GRDH_1SDV_20230930T094944_20230930T095009_050555_0616E4_8B83
[ok joint] fid=373 bef -> 1 new .npy in /share/castor/home/e2406749/tropical_forest_disturbance/embeddings/joint/fid_373/bef/20230214T142711_20230214T143425_T20LNR__S1A_IW_GRDH_1SDV_20230214T094935_20230214T095000_047230_05AAD4_443E
[ok joint] fid=373 bef -> 1 new .npy in /share/castor/home/e2406749/tropical_forest_disturbance/embeddings/joint/fid_373/bef/20230709T142719_20230709T142938_T20LNR__S1A_IW_GRDH_1SDV_20230708T094940_20230708T095005_049330_05EE9A_BD21
[ok joint] fid=373 bef -> 1 new .npy in /share/castor/home/e2406749/tropical_forest_disturbance/embeddings/joint/fid_373/bef/20230719T142719_20230719T142939_T20LNR__S1A_IW_GRDH_1SDV_20230720T094940_20230720T095005_049505_05F3ED_61B1
[ok joint] fid=373 bef -> 1 new .npy in /share/castor/home/e2406749/tropical_forest_disturbance/embeddings/joint/fid_373/bef/20230624T142721_20230624T142715_T20LNR__S1A_IW_GRDH_1SDV_20230626T094939_20230626T095004_049155_05E932_87DB
[ok joint] fid=373 bef -> 1 new .npy in /share/castor/home/e2406749/tropical_forest_disturbance/embeddings/joint/fid_373/bef/20230803T142721_20230803T143434_T20LNR__S1A_IW_GRDH_1SDV_20230801T094941_20230801T095006_049680_05F959_7E64
[ok joint] fid=373 bef -> 1 new .npy in /share/castor/home/e2406749/tropical_forest_disturbance/embeddings/joint/fid_373/bef/20230301T142709_20230301T142737_T20LNR__S1A_IW_GRDH_1SDV_20230226T094935_20230226T095000_047405_05B0D3_E8BA
[ok joint] fid=373 bef -> 1 new .npy in /share/castor/home/e2406749/tropical_forest_disturbance/embeddings/joint/fid_373/bef/20230430T142719_20230430T142714_T20LNR__S1A_IW_GRDH_1SDV_20230427T094936_20230427T095001_048280_05CE51_C3AC
[ok joint] fid=373 bef -> 1 new .npy in /share/castor/home/e2406749/tropical_forest_disturbance/embeddings/joint/fid_373/bef/20230828T142719_20230828T142716_T20LNR__S1A_IW_GRDH_1SDV_20230825T094943_20230825T095008_050030_0604F6_5B1D
[ok joint] fid=373 bef -> 1 new .npy in /share/castor/home/e2406749/tropical_forest_disturbance/embeddings/joint/fid_373/bef/20230609T142719_20230609T142938_T20LNR__S1A_IW_GRDH_1SDV_20230614T094938_20230614T095003_048980_05E3E7_B37E
[ok joint] fid=373 bef -> 1 new .npy in /share/castor/home/e2406749/tropical_forest_disturbance/embeddings/joint/fid_373/bef/20230808T142719_20230808T143119_T20LNR__S1A_IW_GRDH_1SDV_20230813T094942_20230813T095007_049855_05FF04_F481
[ok joint] fid=373 bef -> 1 new .npy in /share/castor/home/e2406749/tropical_forest_disturbance/embeddings/joint/fid_373/bef/20230515T142711_20230515T142713_T20LNR__S1A_IW_GRDH_1SDV_20230509T094937_20230509T095002_048455_05D42C_4A7D
[ok joint] fid=373 aft -> 1 new .npy in /share/castor/home/e2406749/tropical_forest_disturbance/embeddings/joint/fid_373/aft/20231012T142711_20231012T143437_T20LNR__S1A_IW_GRDH_1SDV_20231012T094943_20231012T095008_050730_061CE6_B0FB
[ok joint] fid=373 aft -> 1 new .npy in /share/castor/home/e2406749/tropical_forest_disturbance/embeddings/joint/fid_373/aft/20231002T142711_20231002T143108_T20LNR__S1A_IW_GRDH_1SDV_20230930T094944_20230930T095009_050555_0616E4_8B83
[ok joint] fid=375 bef -> 1 new .npy in /share/castor/home/e2406749/tropical_forest_disturbance/embeddings/joint/fid_375/bef/20230214T142711_20230214T143425_T20LNR__S1A_IW_GRDH_1SDV_20230214T094935_20230214T095000_047230_05AAD4_443E
[ok joint] fid=375 bef -> 1 new .npy in /share/castor/home/e2406749/tropical_forest_disturbance/embeddings/joint/fid_375/bef/20230709T142719_20230709T142938_T20LNR__S1A_IW_GRDH_1SDV_20230708T094940_20230708T095005_049330_05EE9A_BD21
[ok joint] fid=375 bef -> 1 new .npy in /share/castor/home/e2406749/tropical_forest_disturbance/embeddings/joint/fid_375/bef/20230719T142719_20230719T142939_T20LNR__S1A_IW_GRDH_1SDV_20230720T094940_20230720T095005_049505_05F3ED_61B1
[ok joint] fid=375 bef -> 1 new .npy in /share/castor/home/e2406749/tropical_forest_disturbance/embeddings/joint/fid_375/bef/20230624T142721_20230624T142715_T20LNR__S1A_IW_GRDH_1SDV_20230626T094939_20230626T095004_049155_05E932_87DB
[ok joint] fid=375 bef -> 1 new .npy in /share/castor/home/e2406749/tropical_forest_disturbance/embeddings/joint/fid_375/bef/20230803T142721_20230803T143434_T20LNR__S1A_IW_GRDH_1SDV_20230801T094941_20230801T095006_049680_05F959_7E64
[ok joint] fid=375 bef -> 1 new .npy in /share/castor/home/e2406749/tropical_forest_disturbance/embeddings/joint/fid_375/bef/20230823T142721_20230823T143116_T20LNR__S1A_IW_GRDH_1SDV_20230825T094943_20230825T095008_050030_0604F6_5B1D
[ok joint] fid=375 bef -> 1 new .npy in /share/castor/home/e2406749/tropical_forest_disturbance/embeddings/joint/fid_375/bef/20230301T142709_20230301T142737_T20LNR__S1A_IW_GRDH_1SDV_20230226T094935_20230226T095000_047405_05B0D3_E8BA
[ok joint] fid=375 bef -> 1 new .npy in /share/castor/home/e2406749/tropical_forest_disturbance/embeddings/joint/fid_375/bef/20230430T142719_20230430T142714_T20LNR__S1A_IW_GRDH_1SDV_20230427T094936_20230427T095001_048280_05CE51_C3AC
[ok joint] fid=375 bef -> 1 new .npy in /share/castor/home/e2406749/tropical_forest_disturbance/embeddings/joint/fid_375/bef/20230609T142719_20230609T142938_T20LNR__S1A_IW_GRDH_1SDV_20230614T094938_20230614T095003_048980_05E3E7_B37E
[ok joint] fid=375 bef -> 1 new .npy in /share/castor/home/e2406749/tropical_forest_disturbance/embeddings/joint/fid_375/bef/20230808T142719_20230808T143119_T20LNR__S1A_IW_GRDH_1SDV_20230813T094942_20230813T095007_049855_05FF04_F481
[ok joint] fid=375 bef -> 1 new .npy in /share/castor/home/e2406749/tropical_forest_disturbance/embeddings/joint/fid_375/bef/20230515T142711_20230515T142713_T20LNR__S1A_IW_GRDH_1SDV_20230509T094937_20230509T095002_048455_05D42C_4A7D
[ok joint] fid=375 aft -> 1 new .npy in /share/castor/home/e2406749/tropical_forest_disturbance/embeddings/joint/fid_375/aft/20231012T142711_20231012T143437_T20LNR__S1A_IW_GRDH_1SDV_20231012T094943_20231012T095008_050730_061CE6_B0FB
[ok joint] fid=375 aft -> 1 new .npy in /share/castor/home/e2406749/tropical_forest_disturbance/embeddings/joint/fid_375/aft/20231002T142711_20231002T143108_T20LNR__S1A_IW_GRDH_1SDV_20230930T094944_20230930T095009_050555_0616E4_8B83
[ok joint] fid=100 bef -> 4 new .npy in /share/castor/home/e2406749/tropical_forest_disturbance/embeddings/joint/fid_100/bef/20230430T142719_20230430T142714_T20LMR__S1A_IW_GRDH_1SDV_20230427T094936_20230427T095001_048280_05CE51_C3AC
[ok joint] fid=100 evt -> 4 new .npy in /share/castor/home/e2406749/tropical_forest_disturbance/embeddings/joint/fid_100/evt/20230515T142711_20230515T142713_T20LMR__S1A_IW_GRDH_1SDV_20230509T094937_20230509T095002_048455_05D42C_4A7D
[ok joint] fid=100 aft -> 4 new .npy in /share/castor/home/e2406749/tropical_forest_disturbance/embeddings/joint/fid_100/aft/20230604T142721_20230604T142716_T20LMR__S1A_IW_GRDH_1SDV_20230602T094938_20230602T095003_048805_05DE8B_61F1
[ok joint] fid=157 bef -> 2 new .npy in /share/castor/home/e2406749/tropical_forest_disturbance/embeddings/joint/fid_157/bef/20230214T142711_20230214T143425_T20LMR__S1A_IW_GRDH_1SDV_20230214T094935_20230214T095000_047230_05AAD4_443E
[ok joint] fid=157 bef -> 2 new .npy in /share/castor/home/e2406749/tropical_forest_disturbance/embeddings/joint/fid_157/bef/20230301T142709_20230301T142737_T20LMR__S1A_IW_GRDH_1SDV_20230226T094935_20230226T095000_047405_05B0D3_E8BA
[ok joint] fid=157 bef -> 2 new .npy in /share/castor/home/e2406749/tropical_forest_disturbance/embeddings/joint/fid_157/bef/20230430T142719_20230430T142714_T20LMR__S1A_IW_GRDH_1SDV_20230427T094936_20230427T095001_048280_05CE51_C3AC
[ok joint] fid=157 evt -> 2 new .npy in /share/castor/home/e2406749/tropical_forest_disturbance/embeddings/joint/fid_157/evt/20230515T142711_20230515T142713_T20LMR__S1A_IW_GRDH_1SDV_20230509T094937_20230509T095002_048455_05D42C_4A7D
[ok joint] fid=157 aft -> 2 new .npy in /share/castor/home/e2406749/tropical_forest_disturbance/embeddings/joint/fid_157/aft/20230604T142721_20230604T142716_T20LMR__S1A_IW_GRDH_1SDV_20230602T094938_20230602T095003_048805_05DE8B_61F1
[ok joint] fid=160 bef -> 1 new .npy in /share/castor/home/e2406749/tropical_forest_disturbance/embeddings/joint/fid_160/bef/20230214T142711_20230214T143425_T20LMR__S1A_IW_GRDH_1SDV_20230214T094935_20230214T095000_047230_05AAD4_443E
[ok joint] fid=160 bef -> 1 new .npy in /share/castor/home/e2406749/tropical_forest_disturbance/embeddings/joint/fid_160/bef/20230301T142709_20230301T142737_T20LMR__S1A_IW_GRDH_1SDV_20230226T094935_20230226T095000_047405_05B0D3_E8BA
[ok joint] fid=160 bef -> 1 new .npy in /share/castor/home/e2406749/tropical_forest_disturbance/embeddings/joint/fid_160/bef/20230115T142711_20230115T142817_T20LMR__S1A_IW_GRDH_1SDV_20230109T094936_20230109T095001_046705_05993A_763B
[ok joint] fid=160 evt -> 1 new .npy in /share/castor/home/e2406749/tropical_forest_disturbance/embeddings/joint/fid_160/evt/20230515T142711_20230515T142713_T20LMR__S1A_IW_GRDH_1SDV_20230509T094937_20230509T095002_048455_05D42C_4A7D
[ok joint] fid=160 aft -> 1 new .npy in /share/castor/home/e2406749/tropical_forest_disturbance/embeddings/joint/fid_160/aft/20230604T142721_20230604T142716_T20LMR__S1A_IW_GRDH_1SDV_20230602T094938_20230602T095003_048805_05DE8B_61F1
[ok joint] fid=283 bef -> 4 new .npy in /share/castor/home/e2406749/tropical_forest_disturbance/embeddings/joint/fid_283/bef/20230214T142711_20230214T143425_T20LMR__S1A_IW_GRDH_1SDV_20230214T094935_20230214T095000_047230_05AAD4_443E
[ok joint] fid=283 bef -> 4 new .npy in /share/castor/home/e2406749/tropical_forest_disturbance/embeddings/joint/fid_283/bef/20230430T142719_20230430T142714_T20LMR__S1A_IW_GRDH_1SDV_20230427T094936_20230427T095001_048280_05CE51_C3AC
[ok joint] fid=283 bef -> 4 new .npy in /share/castor/home/e2406749/tropical_forest_disturbance/embeddings/joint/fid_283/bef/20230115T142711_20230115T142817_T20LMR__S1A_IW_GRDH_1SDV_20230109T094936_20230109T095001_046705_05993A_763B
[ok joint] fid=283 evt -> 4 new .npy in /share/castor/home/e2406749/tropical_forest_disturbance/embeddings/joint/fid_283/evt/20230515T142711_20230515T142713_T20LMR__S1A_IW_GRDH_1SDV_20230509T094937_20230509T095002_048455_05D42C_4A7D
[ok joint] fid=283 aft -> 4 new .npy in /share/castor/home/e2406749/tropical_forest_disturbance/embeddings/joint/fid_283/aft/20230604T142721_20230604T142716_T20LMR__S1A_IW_GRDH_1SDV_20230602T094938_20230602T095003_048805_05DE8B_61F1
[ok joint] fid=380 bef -> 2 new .npy in /share/castor/home/e2406749/tropical_forest_disturbance/embeddings/joint/fid_380/bef/20230214T142711_20230214T143425_T20LMR__S1A_IW_GRDH_1SDV_20230214T094935_20230214T095000_047230_05AAD4_443E
[ok joint] fid=380 bef -> 2 new .npy in /share/castor/home/e2406749/tropical_forest_disturbance/embeddings/joint/fid_380/bef/20230520T142719_20230520T142902_T20LMR__S1A_IW_GRDH_1SDV_20230521T094937_20230521T095002_048630_05D957_8119
[ok joint] fid=380 bef -> 2 new .npy in /share/castor/home/e2406749/tropical_forest_disturbance/embeddings/joint/fid_380/bef/20230709T142719_20230709T142938_T20LMR__S1A_IW_GRDH_1SDV_20230708T094940_20230708T095005_049330_05EE9A_BD21
[ok joint] fid=380 bef -> 2 new .npy in /share/castor/home/e2406749/tropical_forest_disturbance/embeddings/joint/fid_380/bef/20230719T142719_20230719T142939_T20LMR__S1A_IW_GRDH_1SDV_20230720T094940_20230720T095005_049505_05F3ED_61B1
[ok joint] fid=380 bef -> 2 new .npy in /share/castor/home/e2406749/tropical_forest_disturbance/embeddings/joint/fid_380/bef/20230604T142721_20230604T142716_T20LMR__S1A_IW_GRDH_1SDV_20230602T094938_20230602T095003_048805_05DE8B_61F1
[ok joint] fid=380 bef -> 2 new .npy in /share/castor/home/e2406749/tropical_forest_disturbance/embeddings/joint/fid_380/bef/20230624T142721_20230624T142715_T20LMR__S1A_IW_GRDH_1SDV_20230626T094939_20230626T095004_049155_05E932_87DB
[ok joint] fid=380 bef -> 2 new .npy in /share/castor/home/e2406749/tropical_forest_disturbance/embeddings/joint/fid_380/bef/20230823T142721_20230823T143116_T20LMR__S1A_IW_GRDH_1SDV_20230825T094943_20230825T095008_050030_0604F6_5B1D
[ok joint] fid=380 bef -> 2 new .npy in /share/castor/home/e2406749/tropical_forest_disturbance/embeddings/joint/fid_380/bef/20230430T142719_20230430T142714_T20LMR__S1A_IW_GRDH_1SDV_20230427T094936_20230427T095001_048280_05CE51_C3AC
[ok joint] fid=380 bef -> 2 new .npy in /share/castor/home/e2406749/tropical_forest_disturbance/embeddings/joint/fid_380/bef/20230729T142719_20230729T142718_T20LMR__S1A_IW_GRDH_1SDV_20230801T094941_20230801T095006_049680_05F959_7E64
[ok joint] fid=380 bef -> 2 new .npy in /share/castor/home/e2406749/tropical_forest_disturbance/embeddings/joint/fid_380/bef/20230609T142719_20230609T142938_T20LMR__S1A_IW_GRDH_1SDV_20230614T094938_20230614T095003_048980_05E3E7_B37E
[ok joint] fid=380 bef -> 2 new .npy in /share/castor/home/e2406749/tropical_forest_disturbance/embeddings/joint/fid_380/bef/20230808T142719_20230808T143119_T20LMR__S1A_IW_GRDH_1SDV_20230813T094942_20230813T095007_049855_05FF04_F481
[ok joint] fid=380 bef -> 2 new .npy in /share/castor/home/e2406749/tropical_forest_disturbance/embeddings/joint/fid_380/bef/20230115T142711_20230115T142817_T20LMR__S1A_IW_GRDH_1SDV_20230109T094936_20230109T095001_046705_05993A_763B
[ok joint] fid=380 bef -> 2 new .npy in /share/castor/home/e2406749/tropical_forest_disturbance/embeddings/joint/fid_380/bef/20230515T142711_20230515T142713_T20LMR__S1A_IW_GRDH_1SDV_20230509T094937_20230509T095002_048455_05D42C_4A7D
[ok joint] fid=380 aft -> 2 new .npy in /share/castor/home/e2406749/tropical_forest_disturbance/embeddings/joint/fid_380/aft/20231012T142711_20231012T143437_T20LMR__S1A_IW_GRDH_1SDV_20231012T094943_20231012T095008_050730_061CE6_B0FB
[ok joint] fid=110 bef -> 2 new .npy in /share/castor/home/e2406749/tropical_forest_disturbance/embeddings/joint/fid_110/bef/20230214T142711_20230214T143425_T20LMR__S1A_IW_GRDH_1SDV_20230214T094935_20230214T095000_047230_05AAD4_443E
[ok joint] fid=110 bef -> 2 new .npy in /share/castor/home/e2406749/tropical_forest_disturbance/embeddings/joint/fid_110/bef/20230301T142709_20230301T142737_T20LMR__S1A_IW_GRDH_1SDV_20230226T094935_20230226T095000_047405_05B0D3_E8BA
[ok joint] fid=110 bef -> 2 new .npy in /share/castor/home/e2406749/tropical_forest_disturbance/embeddings/joint/fid_110/bef/20230430T142719_20230430T142714_T20LMR__S1A_IW_GRDH_1SDV_20230427T094936_20230427T095001_048280_05CE51_C3AC
[ok joint] fid=110 bef -> 2 new .npy in /share/castor/home/e2406749/tropical_forest_disturbance/embeddings/joint/fid_110/bef/20230326T142711_20230326T142710_T20LMR__S1A_IW_GRDH_1SDV_20230322T094935_20230322T095000_047755_05BCAD_A5E4
[ok joint] fid=110 bef -> 2 new .npy in /share/castor/home/e2406749/tropical_forest_disturbance/embeddings/joint/fid_110/bef/20230115T142711_20230115T142817_T20LMR__S1A_IW_GRDH_1SDV_20230109T094936_20230109T095001_046705_05993A_763B
[ok joint] fid=110 evt -> 2 new .npy in /share/castor/home/e2406749/tropical_forest_disturbance/embeddings/joint/fid_110/evt/20230604T142721_20230604T142716_T20LMR__S1A_IW_GRDH_1SDV_20230602T094938_20230602T095003_048805_05DE8B_61F1
[ok joint] fid=110 aft -> 2 new .npy in /share/castor/home/e2406749/tropical_forest_disturbance/embeddings/joint/fid_110/aft/20230609T142719_20230609T142938_T20LMR__S1A_IW_GRDH_1SDV_20230614T094938_20230614T095003_048980_05E3E7_B37E
[ok joint] fid=170 bef -> 2 new .npy in /share/castor/home/e2406749/tropical_forest_disturbance/embeddings/joint/fid_170/bef/20230214T142711_20230214T143425_T20LMR__S1A_IW_GRDH_1SDV_20230214T094935_20230214T095000_047230_05AAD4_443E
[ok joint] fid=170 bef -> 2 new .npy in /share/castor/home/e2406749/tropical_forest_disturbance/embeddings/joint/fid_170/bef/20230301T142709_20230301T142737_T20LMR__S1A_IW_GRDH_1SDV_20230226T094935_20230226T095000_047405_05B0D3_E8BA
[ok joint] fid=170 bef -> 2 new .npy in /share/castor/home/e2406749/tropical_forest_disturbance/embeddings/joint/fid_170/bef/20230430T142719_20230430T142714_T20LMR__S1A_IW_GRDH_1SDV_20230427T094936_20230427T095001_048280_05CE51_C3AC
[ok joint] fid=170 bef -> 2 new .npy in /share/castor/home/e2406749/tropical_forest_disturbance/embeddings/joint/fid_170/bef/20230326T142711_20230326T142710_T20LMR__S1A_IW_GRDH_1SDV_20230322T094935_20230322T095000_047755_05BCAD_A5E4
[ok joint] fid=170 evt -> 2 new .npy in /share/castor/home/e2406749/tropical_forest_disturbance/embeddings/joint/fid_170/evt/20230604T142721_20230604T142716_T20LMR__S1A_IW_GRDH_1SDV_20230602T094938_20230602T095003_048805_05DE8B_61F1
[ok joint] fid=170 aft -> 2 new .npy in /share/castor/home/e2406749/tropical_forest_disturbance/embeddings/joint/fid_170/aft/20230609T142719_20230609T142938_T20LMR__S1A_IW_GRDH_1SDV_20230614T094938_20230614T095003_048980_05E3E7_B37E
[ok joint] fid=233 bef -> 1 new .npy in /share/castor/home/e2406749/tropical_forest_disturbance/embeddings/joint/fid_233/bef/20230214T142711_20230214T143425_T20LMR__S1A_IW_GRDH_1SDV_20230214T094935_20230214T095000_047230_05AAD4_443E
[ok joint] fid=233 bef -> 1 new .npy in /share/castor/home/e2406749/tropical_forest_disturbance/embeddings/joint/fid_233/bef/20230301T142709_20230301T142737_T20LMR__S1A_IW_GRDH_1SDV_20230226T094935_20230226T095000_047405_05B0D3_E8BA
[ok joint] fid=233 bef -> 1 new .npy in /share/castor/home/e2406749/tropical_forest_disturbance/embeddings/joint/fid_233/bef/20230430T142719_20230430T142714_T20LMR__S1A_IW_GRDH_1SDV_20230427T094936_20230427T095001_048280_05CE51_C3AC
[ok joint] fid=233 bef -> 1 new .npy in /share/castor/home/e2406749/tropical_forest_disturbance/embeddings/joint/fid_233/bef/20230115T142711_20230115T142817_T20LMR__S1A_IW_GRDH_1SDV_20230109T094936_20230109T095001_046705_05993A_763B
[ok joint] fid=233 bef -> 1 new .npy in /share/castor/home/e2406749/tropical_forest_disturbance/embeddings/joint/fid_233/bef/20230515T142711_20230515T142713_T20LMR__S1A_IW_GRDH_1SDV_20230509T094937_20230509T095002_048455_05D42C_4A7D
[ok joint] fid=233 evt -> 1 new .npy in /share/castor/home/e2406749/tropical_forest_disturbance/embeddings/joint/fid_233/evt/20230604T142721_20230604T142716_T20LMR__S1A_IW_GRDH_1SDV_20230602T094938_20230602T095003_048805_05DE8B_61F1
[ok joint] fid=233 aft -> 1 new .npy in /share/castor/home/e2406749/tropical_forest_disturbance/embeddings/joint/fid_233/aft/20230609T142719_20230609T142938_T20LMR__S1A_IW_GRDH_1SDV_20230614T094938_20230614T095003_048980_05E3E7_B37E
[ok joint] fid=236 bef -> 2 new .npy in /share/castor/home/e2406749/tropical_forest_disturbance/embeddings/joint/fid_236/bef/20230214T142711_20230214T143425_T20LNR__S1A_IW_GRDH_1SDV_20230214T094935_20230214T095000_047230_05AAD4_443E
[ok joint] fid=236 bef -> 2 new .npy in /share/castor/home/e2406749/tropical_forest_disturbance/embeddings/joint/fid_236/bef/20230224T142711_20230224T143045_T20LNR__S1A_IW_GRDH_1SDV_20230226T094935_20230226T095000_047405_05B0D3_E8BA
[ok joint] fid=236 bef -> 2 new .npy in /share/castor/home/e2406749/tropical_forest_disturbance/embeddings/joint/fid_236/bef/20230430T142719_20230430T142714_T20LNR__S1A_IW_GRDH_1SDV_20230427T094936_20230427T095001_048280_05CE51_C3AC
[ok joint] fid=236 bef -> 2 new .npy in /share/castor/home/e2406749/tropical_forest_disturbance/embeddings/joint/fid_236/bef/20230125T142711_20230125T142709_T20LNR__S1A_IW_GRDH_1SDV_20230121T094935_20230121T095000_046880_059F24_7A3A
[ok joint] fid=236 bef -> 2 new .npy in /share/castor/home/e2406749/tropical_forest_disturbance/embeddings/joint/fid_236/bef/20230326T142711_20230326T142710_T20LNR__S1A_IW_GRDH_1SDV_20230322T094935_20230322T095000_047755_05BCAD_A5E4
[ok joint] fid=236 bef -> 2 new .npy in /share/castor/home/e2406749/tropical_forest_disturbance/embeddings/joint/fid_236/bef/20230115T142711_20230115T142817_T20LNR__S1A_IW_GRDH_1SDV_20230109T094936_20230109T095001_046705_05993A_763B
[ok joint] fid=236 bef -> 2 new .npy in /share/castor/home/e2406749/tropical_forest_disturbance/embeddings/joint/fid_236/bef/20230515T142711_20230515T142713_T20LNR__S1A_IW_GRDH_1SDV_20230509T094937_20230509T095002_048455_05D42C_4A7D
[ok joint] fid=236 evt -> 2 new .npy in /share/castor/home/e2406749/tropical_forest_disturbance/embeddings/joint/fid_236/evt/20230604T142721_20230604T142716_T20LNR__S1A_IW_GRDH_1SDV_20230602T094938_20230602T095003_048805_05DE8B_61F1
[ok joint] fid=236 aft -> 2 new .npy in /share/castor/home/e2406749/tropical_forest_disturbance/embeddings/joint/fid_236/aft/20230609T142719_20230609T142938_T20LNR__S1A_IW_GRDH_1SDV_20230614T094938_20230614T095003_048980_05E3E7_B37E
[ok joint] fid=107 bef -> 4 new .npy in /share/castor/home/e2406749/tropical_forest_disturbance/embeddings/joint/fid_107/bef/20230214T142711_20230214T143425_T20LMR__S1A_IW_GRDH_1SDV_20230214T094935_20230214T095000_047230_05AAD4_443E
[ok joint] fid=107 bef -> 4 new .npy in /share/castor/home/e2406749/tropical_forest_disturbance/embeddings/joint/fid_107/bef/20230301T142709_20230301T142737_T20LMR__S1A_IW_GRDH_1SDV_20230226T094935_20230226T095000_047405_05B0D3_E8BA
[ok joint] fid=107 bef -> 4 new .npy in /share/castor/home/e2406749/tropical_forest_disturbance/embeddings/joint/fid_107/bef/20230430T142719_20230430T142714_T20LMR__S1A_IW_GRDH_1SDV_20230427T094936_20230427T095001_048280_05CE51_C3AC
[ok joint] fid=107 bef -> 4 new .npy in /share/castor/home/e2406749/tropical_forest_disturbance/embeddings/joint/fid_107/bef/20230115T142711_20230115T142817_T20LMR__S1A_IW_GRDH_1SDV_20230109T094936_20230109T095001_046705_05993A_763B
[ok joint] fid=107 bef -> 4 new .npy in /share/castor/home/e2406749/tropical_forest_disturbance/embeddings/joint/fid_107/bef/20230515T142711_20230515T142713_T20LMR__S1A_IW_GRDH_1SDV_20230509T094937_20230509T095002_048455_05D42C_4A7D
[ok joint] fid=107 evt -> 4 new .npy in /share/castor/home/e2406749/tropical_forest_disturbance/embeddings/joint/fid_107/evt/20230525T142721_20230525T142853_T20LMR__S1A_IW_GRDH_1SDV_20230521T094937_20230521T095002_048630_05D957_8119
[ok joint] fid=107 aft -> 4 new .npy in /share/castor/home/e2406749/tropical_forest_disturbance/embeddings/joint/fid_107/aft/20230609T142719_20230609T142938_T20LMR__S1A_IW_GRDH_1SDV_20230614T094938_20230614T095003_048980_05E3E7_B37E
[ok joint] fid=295 bef -> 2 new .npy in /share/castor/home/e2406749/tropical_forest_disturbance/embeddings/joint/fid_295/bef/20230214T142711_20230214T143425_T20LMR__S1A_IW_GRDH_1SDV_20230214T094935_20230214T095000_047230_05AAD4_443E
[ok joint] fid=295 bef -> 2 new .npy in /share/castor/home/e2406749/tropical_forest_disturbance/embeddings/joint/fid_295/bef/20230430T142719_20230430T142714_T20LMR__S1A_IW_GRDH_1SDV_20230427T094936_20230427T095001_048280_05CE51_C3AC
[ok joint] fid=295 bef -> 1 new .npy in /share/castor/home/e2406749/tropical_forest_disturbance/embeddings/joint/fid_295/bef/20230326T142711_20230326T142710_T20LNR__S1A_IW_GRDH_1SDV_20230322T094935_20230322T095000_047755_05BCAD_A5E4
[ok joint] fid=295 bef -> 2 new .npy in /share/castor/home/e2406749/tropical_forest_disturbance/embeddings/joint/fid_295/bef/20230505T142711_20230505T143450_T20LMR__S1A_IW_GRDH_1SDV_20230509T094937_20230509T095002_048455_05D42C_4A7D
[ok joint] fid=295 bef -> 2 new .npy in /share/castor/home/e2406749/tropical_forest_disturbance/embeddings/joint/fid_295/bef/20230115T142711_20230115T142817_T20LMR__S1A_IW_GRDH_1SDV_20230109T094936_20230109T095001_046705_05993A_763B
[ok joint] fid=295 evt -> 2 new .npy in /share/castor/home/e2406749/tropical_forest_disturbance/embeddings/joint/fid_295/evt/20230604T142721_20230604T142716_T20LMR__S1A_IW_GRDH_1SDV_20230602T094938_20230602T095003_048805_05DE8B_61F1
[ok joint] fid=295 aft -> 2 new .npy in /share/castor/home/e2406749/tropical_forest_disturbance/embeddings/joint/fid_295/aft/20230609T142719_20230609T142938_T20LMR__S1A_IW_GRDH_1SDV_20230614T094938_20230614T095003_048980_05E3E7_B37E
[ok joint] fid=119 bef -> 4 new .npy in /share/castor/home/e2406749/tropical_forest_disturbance/embeddings/joint/fid_119/bef/20230214T142711_20230214T143425_T20LMR__S1A_IW_GRDH_1SDV_20230214T094935_20230214T095000_047230_05AAD4_443E
[ok joint] fid=119 bef -> 4 new .npy in /share/castor/home/e2406749/tropical_forest_disturbance/embeddings/joint/fid_119/bef/20230604T142721_20230604T142716_T20LMR__S1A_IW_GRDH_1SDV_20230602T094938_20230602T095003_048805_05DE8B_61F1
[ok joint] fid=119 bef -> 4 new .npy in /share/castor/home/e2406749/tropical_forest_disturbance/embeddings/joint/fid_119/bef/20230301T142709_20230301T142737_T20LMR__S1A_IW_GRDH_1SDV_20230226T094935_20230226T095000_047405_05B0D3_E8BA
[ok joint] fid=119 bef -> 4 new .npy in /share/castor/home/e2406749/tropical_forest_disturbance/embeddings/joint/fid_119/bef/20230609T142719_20230609T142938_T20LMR__S1A_IW_GRDH_1SDV_20230614T094938_20230614T095003_048980_05E3E7_B37E
[ok joint] fid=119 bef -> 4 new .npy in /share/castor/home/e2406749/tropical_forest_disturbance/embeddings/joint/fid_119/bef/20230515T142711_20230515T142713_T20LMR__S1A_IW_GRDH_1SDV_20230509T094937_20230509T095002_048455_05D42C_4A7D
[ok joint] fid=119 evt -> 4 new .npy in /share/castor/home/e2406749/tropical_forest_disturbance/embeddings/joint/fid_119/evt/20230624T142721_20230624T142715_T20LMR__S1A_IW_GRDH_1SDV_20230626T094939_20230626T095004_049155_05E932_87DB
[ok joint] fid=119 aft -> 4 new .npy in /share/castor/home/e2406749/tropical_forest_disturbance/embeddings/joint/fid_119/aft/20230709T142719_20230709T142938_T20LMR__S1A_IW_GRDH_1SDV_20230708T094940_20230708T095005_049330_05EE9A_BD21
[ok joint] fid=119 aft -> 4 new .npy in /share/castor/home/e2406749/tropical_forest_disturbance/embeddings/joint/fid_119/aft/20230719T142719_20230719T142939_T20LMR__S1A_IW_GRDH_1SDV_20230720T094940_20230720T095005_049505_05F3ED_61B1
[ok joint] fid=322 bef -> 1 new .npy in /share/castor/home/e2406749/tropical_forest_disturbance/embeddings/joint/fid_322/bef/20230214T142711_20230214T143425_T20LMR__S1A_IW_GRDH_1SDV_20230214T094935_20230214T095000_047230_05AAD4_443E
[ok joint] fid=322 bef -> 1 new .npy in /share/castor/home/e2406749/tropical_forest_disturbance/embeddings/joint/fid_322/bef/20230520T142719_20230520T142902_T20LMR__S1A_IW_GRDH_1SDV_20230521T094937_20230521T095002_048630_05D957_8119
[ok joint] fid=322 bef -> 1 new .npy in /share/castor/home/e2406749/tropical_forest_disturbance/embeddings/joint/fid_322/bef/20230709T142719_20230709T142938_T20LMR__S1A_IW_GRDH_1SDV_20230708T094940_20230708T095005_049330_05EE9A_BD21
[ok joint] fid=322 bef -> 1 new .npy in /share/castor/home/e2406749/tropical_forest_disturbance/embeddings/joint/fid_322/bef/20230604T142721_20230604T142716_T20LMR__S1A_IW_GRDH_1SDV_20230602T094938_20230602T095003_048805_05DE8B_61F1
[ok joint] fid=322 bef -> 1 new .npy in /share/castor/home/e2406749/tropical_forest_disturbance/embeddings/joint/fid_322/bef/20230624T142721_20230624T142715_T20LMR__S1A_IW_GRDH_1SDV_20230626T094939_20230626T095004_049155_05E932_87DB
[ok joint] fid=322 bef -> 1 new .npy in /share/castor/home/e2406749/tropical_forest_disturbance/embeddings/joint/fid_322/bef/20230430T142719_20230430T142714_T20LMR__S1A_IW_GRDH_1SDV_20230427T094936_20230427T095001_048280_05CE51_C3AC
[ok joint] fid=322 bef -> 1 new .npy in /share/castor/home/e2406749/tropical_forest_disturbance/embeddings/joint/fid_322/bef/20230609T142719_20230609T142938_T20LMR__S1A_IW_GRDH_1SDV_20230614T094938_20230614T095003_048980_05E3E7_B37E
[ok joint] fid=322 bef -> 1 new .npy in /share/castor/home/e2406749/tropical_forest_disturbance/embeddings/joint/fid_322/bef/20230515T142711_20230515T142713_T20LMR__S1A_IW_GRDH_1SDV_20230509T094937_20230509T095002_048455_05D42C_4A7D
[ok joint] fid=322 evt -> 1 new .npy in /share/castor/home/e2406749/tropical_forest_disturbance/embeddings/joint/fid_322/evt/20230729T142719_20230729T142718_T20LMR__S1A_IW_GRDH_1SDV_20230801T094941_20230801T095006_049680_05F959_7E64
[ok joint] fid=322 aft -> 1 new .npy in /share/castor/home/e2406749/tropical_forest_disturbance/embeddings/joint/fid_322/aft/20230808T142719_20230808T143119_T20LMR__S1A_IW_GRDH_1SDV_20230813T094942_20230813T095007_049855_05FF04_F481
[ok joint] fid=130 bef -> 2 new .npy in /share/castor/home/e2406749/tropical_forest_disturbance/embeddings/joint/fid_130/bef/20230214T142711_20230214T143425_T20LMR__S1A_IW_GRDH_1SDV_20230214T094935_20230214T095000_047230_05AAD4_443E
[ok joint] fid=130 bef -> 2 new .npy in /share/castor/home/e2406749/tropical_forest_disturbance/embeddings/joint/fid_130/bef/20230709T142719_20230709T142938_T20LMR__S1A_IW_GRDH_1SDV_20230708T094940_20230708T095005_049330_05EE9A_BD21
[ok joint] fid=130 bef -> 2 new .npy in /share/castor/home/e2406749/tropical_forest_disturbance/embeddings/joint/fid_130/bef/20230719T142719_20230719T142939_T20LMR__S1A_IW_GRDH_1SDV_20230720T094940_20230720T095005_049505_05F3ED_61B1
[ok joint] fid=130 bef -> 2 new .npy in /share/castor/home/e2406749/tropical_forest_disturbance/embeddings/joint/fid_130/bef/20230604T142721_20230604T142716_T20LMR__S1A_IW_GRDH_1SDV_20230602T094938_20230602T095003_048805_05DE8B_61F1
[ok joint] fid=130 bef -> 2 new .npy in /share/castor/home/e2406749/tropical_forest_disturbance/embeddings/joint/fid_130/bef/20230624T142721_20230624T142715_T20LMR__S1A_IW_GRDH_1SDV_20230626T094939_20230626T095004_049155_05E932_87DB
[ok joint] fid=130 bef -> 2 new .npy in /share/castor/home/e2406749/tropical_forest_disturbance/embeddings/joint/fid_130/bef/20230430T142719_20230430T142714_T20LMR__S1A_IW_GRDH_1SDV_20230427T094936_20230427T095001_048280_05CE51_C3AC
[ok joint] fid=130 bef -> 2 new .npy in /share/castor/home/e2406749/tropical_forest_disturbance/embeddings/joint/fid_130/bef/20230525T142721_20230525T142853_T20LMR__S1A_IW_GRDH_1SDV_20230521T094937_20230521T095002_048630_05D957_8119
[ok joint] fid=130 bef -> 2 new .npy in /share/castor/home/e2406749/tropical_forest_disturbance/embeddings/joint/fid_130/bef/20230609T142719_20230609T142938_T20LMR__S1A_IW_GRDH_1SDV_20230614T094938_20230614T095003_048980_05E3E7_B37E
[ok joint] fid=130 bef -> 2 new .npy in /share/castor/home/e2406749/tropical_forest_disturbance/embeddings/joint/fid_130/bef/20230515T142711_20230515T142713_T20LMR__S1A_IW_GRDH_1SDV_20230509T094937_20230509T095002_048455_05D42C_4A7D
[ok joint] fid=130 evt -> 2 new .npy in /share/castor/home/e2406749/tropical_forest_disturbance/embeddings/joint/fid_130/evt/20230729T142719_20230729T142718_T20LMR__S1A_IW_GRDH_1SDV_20230801T094941_20230801T095006_049680_05F959_7E64
[ok joint] fid=130 aft -> 2 new .npy in /share/castor/home/e2406749/tropical_forest_disturbance/embeddings/joint/fid_130/aft/20230823T142721_20230823T143116_T20LMR__S1A_IW_GRDH_1SDV_20230825T094943_20230825T095008_050030_0604F6_5B1D
[ok joint] fid=130 aft -> 2 new .npy in /share/castor/home/e2406749/tropical_forest_disturbance/embeddings/joint/fid_130/aft/20230808T142719_20230808T143119_T20LMR__S1A_IW_GRDH_1SDV_20230813T094942_20230813T095007_049855_05FF04_F481
[ok joint] fid=382 bef -> 20 new .npy in /share/castor/home/e2406749/tropical_forest_disturbance/embeddings/joint/fid_382/bef/20230709T142719_20230709T142938_T20LMR__S1A_IW_GRDH_1SDV_20230708T094915_20230708T094940_049330_05EE9A_201B
[ok joint] fid=382 bef -> 20 new .npy in /share/castor/home/e2406749/tropical_forest_disturbance/embeddings/joint/fid_382/bef/20230719T142719_20230719T142939_T20LMR__S1A_IW_GRDH_1SDV_20230720T094915_20230720T094940_049505_05F3ED_2372
[ok joint] fid=382 bef -> 20 new .npy in /share/castor/home/e2406749/tropical_forest_disturbance/embeddings/joint/fid_382/bef/20230604T142721_20230604T142716_T20LMR__S1A_IW_GRDH_1SDV_20230602T094913_20230602T094938_048805_05DE8B_7193
[ok joint] fid=382 bef -> 20 new .npy in /share/castor/home/e2406749/tropical_forest_disturbance/embeddings/joint/fid_382/bef/20230301T142709_20230301T142737_T20LMR__S1A_IW_GRDH_1SDV_20230226T094910_20230226T094935_047405_05B0D3_9DE4
[ok joint] fid=382 bef -> 20 new .npy in /share/castor/home/e2406749/tropical_forest_disturbance/embeddings/joint/fid_382/bef/20230629T142719_20230629T143340_T20LMR__S1A_IW_GRDH_1SDV_20230626T094914_20230626T094939_049155_05E932_8E24
[ok joint] fid=382 bef -> 20 new .npy in /share/castor/home/e2406749/tropical_forest_disturbance/embeddings/joint/fid_382/bef/20230729T142719_20230729T142718_T20LMR__S1A_IW_GRDH_1SDV_20230801T094916_20230801T094941_049680_05F959_E6F2
[ok joint] fid=382 bef -> 20 new .npy in /share/castor/home/e2406749/tropical_forest_disturbance/embeddings/joint/fid_382/bef/20230609T142719_20230609T142938_T20LMR__S1A_IW_GRDH_1SDV_20230614T094913_20230614T094938_048980_05E3E7_6485
[ok joint] fid=382 bef -> 20 new .npy in /share/castor/home/e2406749/tropical_forest_disturbance/embeddings/joint/fid_382/bef/20230515T142711_20230515T142713_T20LMR__S1A_IW_GRDH_1SDV_20230509T094912_20230509T094937_048455_05D42C_BB80
[ok joint] fid=382 evt -> 20 new .npy in /share/castor/home/e2406749/tropical_forest_disturbance/embeddings/joint/fid_382/evt/20230808T142719_20230808T143119_T20LMR__S1A_IW_GRDH_1SDV_20230813T094917_20230813T094942_049855_05FF04_E952
[ok joint] fid=382 aft -> 20 new .npy in /share/castor/home/e2406749/tropical_forest_disturbance/embeddings/joint/fid_382/aft/20230823T142721_20230823T143116_T20LMR__S1A_IW_GRDH_1SDV_20230825T094918_20230825T094943_050030_0604F6_59F6
[ok joint] fid=382 aft -> 20 new .npy in /share/castor/home/e2406749/tropical_forest_disturbance/embeddings/joint/fid_382/aft/20230902T142721_20230902T143115_T20LMR__S1A_IW_GRDH_1SDV_20230906T094918_20230906T094943_050205_060AF4_C05C
[ok joint] fid=378 bef -> 2 new .npy in /share/castor/home/e2406749/tropical_forest_disturbance/embeddings/joint/fid_378/bef/20230214T142711_20230214T143425_T20LMR__S1A_IW_GRDH_1SDV_20230214T094935_20230214T095000_047230_05AAD4_443E
[ok joint] fid=378 bef -> 2 new .npy in /share/castor/home/e2406749/tropical_forest_disturbance/embeddings/joint/fid_378/bef/20230520T142719_20230520T142902_T20LMR__S1A_IW_GRDH_1SDV_20230521T094937_20230521T095002_048630_05D957_8119
[ok joint] fid=378 bef -> 2 new .npy in /share/castor/home/e2406749/tropical_forest_disturbance/embeddings/joint/fid_378/bef/20230709T142719_20230709T142938_T20LMR__S1A_IW_GRDH_1SDV_20230708T094940_20230708T095005_049330_05EE9A_BD21
[ok joint] fid=378 bef -> 2 new .npy in /share/castor/home/e2406749/tropical_forest_disturbance/embeddings/joint/fid_378/bef/20230719T142719_20230719T142939_T20LMR__S1A_IW_GRDH_1SDV_20230720T094940_20230720T095005_049505_05F3ED_61B1
[ok joint] fid=378 bef -> 2 new .npy in /share/castor/home/e2406749/tropical_forest_disturbance/embeddings/joint/fid_378/bef/20230604T142721_20230604T142716_T20LMR__S1A_IW_GRDH_1SDV_20230602T094938_20230602T095003_048805_05DE8B_61F1
[ok joint] fid=378 bef -> 2 new .npy in /share/castor/home/e2406749/tropical_forest_disturbance/embeddings/joint/fid_378/bef/20230624T142721_20230624T142715_T20LMR__S1A_IW_GRDH_1SDV_20230626T094939_20230626T095004_049155_05E932_87DB
[ok joint] fid=378 bef -> 2 new .npy in /share/castor/home/e2406749/tropical_forest_disturbance/embeddings/joint/fid_378/bef/20230301T142709_20230301T142737_T20LMR__S1A_IW_GRDH_1SDV_20230226T094935_20230226T095000_047405_05B0D3_E8BA
[ok joint] fid=378 bef -> 2 new .npy in /share/castor/home/e2406749/tropical_forest_disturbance/embeddings/joint/fid_378/bef/20230430T142719_20230430T142714_T20LMR__S1A_IW_GRDH_1SDV_20230427T094936_20230427T095001_048280_05CE51_C3AC
[ok joint] fid=378 bef -> 2 new .npy in /share/castor/home/e2406749/tropical_forest_disturbance/embeddings/joint/fid_378/bef/20230729T142719_20230729T142718_T20LMR__S1A_IW_GRDH_1SDV_20230801T094941_20230801T095006_049680_05F959_7E64
[ok joint] fid=378 bef -> 2 new .npy in /share/castor/home/e2406749/tropical_forest_disturbance/embeddings/joint/fid_378/bef/20230609T142719_20230609T142938_T20LMR__S1A_IW_GRDH_1SDV_20230614T094938_20230614T095003_048980_05E3E7_B37E
[ok joint] fid=378 bef -> 2 new .npy in /share/castor/home/e2406749/tropical_forest_disturbance/embeddings/joint/fid_378/bef/20230515T142711_20230515T142713_T20LMR__S1A_IW_GRDH_1SDV_20230509T094937_20230509T095002_048455_05D42C_4A7D
[ok joint] fid=378 evt -> 2 new .npy in /share/castor/home/e2406749/tropical_forest_disturbance/embeddings/joint/fid_378/evt/20230808T142719_20230808T143119_T20LMR__S1A_IW_GRDH_1SDV_20230813T094942_20230813T095007_049855_05FF04_F481
[ok joint] fid=378 aft -> 2 new .npy in /share/castor/home/e2406749/tropical_forest_disturbance/embeddings/joint/fid_378/aft/20230823T142721_20230823T143116_T20LMR__S1A_IW_GRDH_1SDV_20230825T094943_20230825T095008_050030_0604F6_5B1D
[ok joint] fid=378 aft -> 2 new .npy in /share/castor/home/e2406749/tropical_forest_disturbance/embeddings/joint/fid_378/aft/20230902T142721_20230902T143115_T20LMR__S1A_IW_GRDH_1SDV_20230906T094943_20230906T095008_050205_060AF4_E713
[ok joint] fid=78 bef -> 1 new .npy in /share/castor/home/e2406749/tropical_forest_disturbance/embeddings/joint/fid_78/bef/20230520T142719_20230520T142902_T20LMR__S1A_IW_GRDH_1SDV_20230521T094912_20230521T094937_048630_05D957_8539
[ok joint] fid=78 bef -> 1 new .npy in /share/castor/home/e2406749/tropical_forest_disturbance/embeddings/joint/fid_78/bef/20230709T142719_20230709T142938_T20LMR__S1A_IW_GRDH_1SDV_20230708T094915_20230708T094940_049330_05EE9A_201B
[ok joint] fid=78 bef -> 1 new .npy in /share/castor/home/e2406749/tropical_forest_disturbance/embeddings/joint/fid_78/bef/20230719T142719_20230719T142939_T20LMR__S1A_IW_GRDH_1SDV_20230720T094915_20230720T094940_049505_05F3ED_2372
[ok joint] fid=78 bef -> 1 new .npy in /share/castor/home/e2406749/tropical_forest_disturbance/embeddings/joint/fid_78/bef/20230604T142721_20230604T142716_T20LMR__S1A_IW_GRDH_1SDV_20230602T094913_20230602T094938_048805_05DE8B_7193
[ok joint] fid=78 bef -> 1 new .npy in /share/castor/home/e2406749/tropical_forest_disturbance/embeddings/joint/fid_78/bef/20230823T142721_20230823T143116_T20LMR__S1A_IW_GRDH_1SDV_20230825T094918_20230825T094943_050030_0604F6_59F6
[ok joint] fid=78 bef -> 1 new .npy in /share/castor/home/e2406749/tropical_forest_disturbance/embeddings/joint/fid_78/bef/20230301T142709_20230301T142737_T20LMR__S1A_IW_GRDH_1SDV_20230226T094910_20230226T094935_047405_05B0D3_9DE4
[ok joint] fid=78 bef -> 1 new .npy in /share/castor/home/e2406749/tropical_forest_disturbance/embeddings/joint/fid_78/bef/20230629T142719_20230629T143340_T20LMR__S1A_IW_GRDH_1SDV_20230626T094914_20230626T094939_049155_05E932_8E24
[ok joint] fid=78 bef -> 1 new .npy in /share/castor/home/e2406749/tropical_forest_disturbance/embeddings/joint/fid_78/bef/20230729T142719_20230729T142718_T20LMR__S1A_IW_GRDH_1SDV_20230801T094916_20230801T094941_049680_05F959_E6F2
[ok joint] fid=78 bef -> 1 new .npy in /share/castor/home/e2406749/tropical_forest_disturbance/embeddings/joint/fid_78/bef/20230609T142719_20230609T142938_T20LMR__S1A_IW_GRDH_1SDV_20230614T094913_20230614T094938_048980_05E3E7_6485
[ok joint] fid=78 bef -> 1 new .npy in /share/castor/home/e2406749/tropical_forest_disturbance/embeddings/joint/fid_78/bef/20230808T142719_20230808T143119_T20LMR__S1A_IW_GRDH_1SDV_20230813T094917_20230813T094942_049855_05FF04_E952
[ok joint] fid=78 bef -> 1 new .npy in /share/castor/home/e2406749/tropical_forest_disturbance/embeddings/joint/fid_78/bef/20230515T142711_20230515T142713_T20LMR__S1A_IW_GRDH_1SDV_20230509T094912_20230509T094937_048455_05D42C_BB80
[ok joint] fid=78 evt -> 1 new .npy in /share/castor/home/e2406749/tropical_forest_disturbance/embeddings/joint/fid_78/evt/20230902T142721_20230902T143115_T20LMR__S1A_IW_GRDH_1SDV_20230906T094918_20230906T094943_050205_060AF4_C05C
[ok joint] fid=78 aft -> 1 new .npy in /share/castor/home/e2406749/tropical_forest_disturbance/embeddings/joint/fid_78/aft/20231002T142711_20231002T143108_T20LMR__S1A_IW_GRDH_1SDV_20230930T094919_20230930T094944_050555_0616E4_C554
[ok joint] fid=193 bef -> 2 new .npy in /share/castor/home/e2406749/tropical_forest_disturbance/embeddings/joint/fid_193/bef/20230214T142711_20230214T143425_T20LNR__S1A_IW_GRDH_1SDV_20230214T094935_20230214T095000_047230_05AAD4_443E
[ok joint] fid=193 bef -> 2 new .npy in /share/castor/home/e2406749/tropical_forest_disturbance/embeddings/joint/fid_193/bef/20230520T142719_20230520T142902_T20LNR__S1A_IW_GRDH_1SDV_20230521T094937_20230521T095002_048630_05D957_8119
[ok joint] fid=193 bef -> 2 new .npy in /share/castor/home/e2406749/tropical_forest_disturbance/embeddings/joint/fid_193/bef/20230604T142721_20230604T142716_T20LNR__S1A_IW_GRDH_1SDV_20230602T094938_20230602T095003_048805_05DE8B_61F1
[ok joint] fid=193 bef -> 2 new .npy in /share/castor/home/e2406749/tropical_forest_disturbance/embeddings/joint/fid_193/bef/20230624T142721_20230624T142715_T20LNR__S1A_IW_GRDH_1SDV_20230626T094939_20230626T095004_049155_05E932_87DB
[ok joint] fid=193 bef -> 2 new .npy in /share/castor/home/e2406749/tropical_forest_disturbance/embeddings/joint/fid_193/bef/20230301T142709_20230301T142737_T20LNR__S1A_IW_GRDH_1SDV_20230226T094935_20230226T095000_047405_05B0D3_E8BA
[ok joint] fid=193 bef -> 2 new .npy in /share/castor/home/e2406749/tropical_forest_disturbance/embeddings/joint/fid_193/bef/20230430T142719_20230430T142714_T20LMR__S1A_IW_GRDH_1SDV_20230427T094936_20230427T095001_048280_05CE51_C3AC
[ok joint] fid=193 bef -> 2 new .npy in /share/castor/home/e2406749/tropical_forest_disturbance/embeddings/joint/fid_193/bef/20230326T142711_20230326T142710_T20LNR__S1A_IW_GRDH_1SDV_20230322T094935_20230322T095000_047755_05BCAD_A5E4
[ok joint] fid=193 bef -> 2 new .npy in /share/castor/home/e2406749/tropical_forest_disturbance/embeddings/joint/fid_193/bef/20230609T142719_20230609T142938_T20LNR__S1A_IW_GRDH_1SDV_20230614T094938_20230614T095003_048980_05E3E7_B37E
[ok joint] fid=193 bef -> 2 new .npy in /share/castor/home/e2406749/tropical_forest_disturbance/embeddings/joint/fid_193/bef/20230115T142711_20230115T142817_T20LNR__S1A_IW_GRDH_1SDV_20230109T094936_20230109T095001_046705_05993A_763B
[ok joint] fid=193 bef -> 2 new .npy in /share/castor/home/e2406749/tropical_forest_disturbance/embeddings/joint/fid_193/bef/20230515T142711_20230515T142713_T20LNR__S1A_IW_GRDH_1SDV_20230509T094937_20230509T095002_048455_05D42C_4A7D
[ok joint] fid=193 evt -> 2 new .npy in /share/castor/home/e2406749/tropical_forest_disturbance/embeddings/joint/fid_193/evt/20230709T142719_20230709T142938_T20LNR__S1A_IW_GRDH_1SDV_20230708T094940_20230708T095005_049330_05EE9A_BD21
[ok joint] fid=193 aft -> 2 new .npy in /share/castor/home/e2406749/tropical_forest_disturbance/embeddings/joint/fid_193/aft/20230719T142719_20230719T142939_T20LNR__S1A_IW_GRDH_1SDV_20230720T094940_20230720T095005_049505_05F3ED_61B1
[ok joint] fid=193 aft -> 2 new .npy in /share/castor/home/e2406749/tropical_forest_disturbance/embeddings/joint/fid_193/aft/20230729T142719_20230729T142718_T20LNR__S1A_IW_GRDH_1SDV_20230801T094941_20230801T095006_049680_05F959_7E64
[ok joint] fid=194 bef -> 4 new .npy in /share/castor/home/e2406749/tropical_forest_disturbance/embeddings/joint/fid_194/bef/20230214T142711_20230214T143425_T20LMR__S1A_IW_GRDH_1SDV_20230214T094935_20230214T095000_047230_05AAD4_443E
[ok joint] fid=194 bef -> 4 new .npy in /share/castor/home/e2406749/tropical_forest_disturbance/embeddings/joint/fid_194/bef/20230520T142719_20230520T142902_T20LMR__S1A_IW_GRDH_1SDV_20230521T094937_20230521T095002_048630_05D957_8119
[ok joint] fid=194 bef -> 4 new .npy in /share/castor/home/e2406749/tropical_forest_disturbance/embeddings/joint/fid_194/bef/20230604T142721_20230604T142716_T20LMR__S1A_IW_GRDH_1SDV_20230602T094938_20230602T095003_048805_05DE8B_61F1
[ok joint] fid=194 bef -> 4 new .npy in /share/castor/home/e2406749/tropical_forest_disturbance/embeddings/joint/fid_194/bef/20230624T142721_20230624T142715_T20LMR__S1A_IW_GRDH_1SDV_20230626T094939_20230626T095004_049155_05E932_87DB
[ok joint] fid=194 bef -> 4 new .npy in /share/castor/home/e2406749/tropical_forest_disturbance/embeddings/joint/fid_194/bef/20230430T142719_20230430T142714_T20LMR__S1A_IW_GRDH_1SDV_20230427T094936_20230427T095001_048280_05CE51_C3AC
[ok joint] fid=194 bef -> 4 new .npy in /share/castor/home/e2406749/tropical_forest_disturbance/embeddings/joint/fid_194/bef/20230505T142711_20230505T143450_T20LMR__S1A_IW_GRDH_1SDV_20230509T094937_20230509T095002_048455_05D42C_4A7D
[ok joint] fid=194 bef -> 4 new .npy in /share/castor/home/e2406749/tropical_forest_disturbance/embeddings/joint/fid_194/bef/20230420T142719_20230420T142714_T20LMR__S1A_IW_GRDH_1SDV_20230415T094936_20230415T095001_048105_05C876_7D01
[ok joint] fid=194 bef -> 4 new .npy in /share/castor/home/e2406749/tropical_forest_disturbance/embeddings/joint/fid_194/bef/20230609T142719_20230609T142938_T20LMR__S1A_IW_GRDH_1SDV_20230614T094938_20230614T095003_048980_05E3E7_B37E
[ok joint] fid=194 bef -> 4 new .npy in /share/castor/home/e2406749/tropical_forest_disturbance/embeddings/joint/fid_194/bef/20230115T142711_20230115T142817_T20LMR__S1A_IW_GRDH_1SDV_20230109T094936_20230109T095001_046705_05993A_763B
[ok joint] fid=194 evt -> 4 new .npy in /share/castor/home/e2406749/tropical_forest_disturbance/embeddings/joint/fid_194/evt/20230709T142719_20230709T142938_T20LMR__S1A_IW_GRDH_1SDV_20230708T094940_20230708T095005_049330_05EE9A_BD21
[ok joint] fid=194 aft -> 4 new .npy in /share/castor/home/e2406749/tropical_forest_disturbance/embeddings/joint/fid_194/aft/20230719T142719_20230719T142939_T20LMR__S1A_IW_GRDH_1SDV_20230720T094940_20230720T095005_049505_05F3ED_61B1
[ok joint] fid=194 aft -> 4 new .npy in /share/castor/home/e2406749/tropical_forest_disturbance/embeddings/joint/fid_194/aft/20230729T142719_20230729T142718_T20LMR__S1A_IW_GRDH_1SDV_20230801T094941_20230801T095006_049680_05F959_7E64
[done joint] All embeddings already exist in /share/castor/home/e2406749/tropical_forest_disturbance/embeddings/joint/fid_83/bef/20230214T142711_20230214T143425_T20LMR__S1A_IW_GRDH_1SDV_20230214T094935_20230214T095000_047230_05AAD4_443E
[done joint] All embeddings already exist in /share/castor/home/e2406749/tropical_forest_disturbance/embeddings/joint/fid_83/bef/20230709T142719_20230709T142938_T20LMR__S1A_IW_GRDH_1SDV_20230708T094940_20230708T095005_049330_05EE9A_BD21
[done joint] All embeddings already exist in /share/castor/home/e2406749/tropical_forest_disturbance/embeddings/joint/fid_83/bef/20230719T142719_20230719T142939_T20LMR__S1A_IW_GRDH_1SDV_20230720T094940_20230720T095005_049505_05F3ED_61B1
[done joint] All embeddings already exist in /share/castor/home/e2406749/tropical_forest_disturbance/embeddings/joint/fid_83/bef/20230604T142721_20230604T142716_T20LMR__S1A_IW_GRDH_1SDV_20230602T094938_20230602T095003_048805_05DE8B_61F1
[done joint] All embeddings already exist in /share/castor/home/e2406749/tropical_forest_disturbance/embeddings/joint/fid_83/bef/20230624T142721_20230624T142715_T20LMR__S1A_IW_GRDH_1SDV_20230626T094939_20230626T095004_049155_05E932_87DB
[done joint] All embeddings already exist in /share/castor/home/e2406749/tropical_forest_disturbance/embeddings/joint/fid_83/bef/20230823T142721_20230823T143116_T20LMR__S1A_IW_GRDH_1SDV_20230825T094943_20230825T095008_050030_0604F6_5B1D
[done joint] All embeddings already exist in /share/castor/home/e2406749/tropical_forest_disturbance/embeddings/joint/fid_83/bef/20230301T142709_20230301T142737_T20LMR__S1A_IW_GRDH_1SDV_20230226T094935_20230226T095000_047405_05B0D3_E8BA
[done joint] All embeddings already exist in /share/castor/home/e2406749/tropical_forest_disturbance/embeddings/joint/fid_83/bef/20230430T142719_20230430T142714_T20LMR__S1A_IW_GRDH_1SDV_20230427T094936_20230427T095001_048280_05CE51_C3AC
[done joint] All embeddings already exist in /share/castor/home/e2406749/tropical_forest_disturbance/embeddings/joint/fid_83/bef/20230729T142719_20230729T142718_T20LMR__S1A_IW_GRDH_1SDV_20230801T094941_20230801T095006_049680_05F959_7E64
[done joint] All embeddings already exist in /share/castor/home/e2406749/tropical_forest_disturbance/embeddings/joint/fid_83/bef/20230326T142711_20230326T142710_T20LMR__S1A_IW_GRDH_1SDV_20230322T094935_20230322T095000_047755_05BCAD_A5E4
[done joint] All embeddings already exist in /share/castor/home/e2406749/tropical_forest_disturbance/embeddings/joint/fid_83/bef/20230609T142719_20230609T142938_T20LMR__S1A_IW_GRDH_1SDV_20230614T094938_20230614T095003_048980_05E3E7_B37E
[done joint] All embeddings already exist in /share/castor/home/e2406749/tropical_forest_disturbance/embeddings/joint/fid_83/bef/20230808T142719_20230808T143119_T20LMR__S1A_IW_GRDH_1SDV_20230813T094942_20230813T095007_049855_05FF04_F481
[done joint] All embeddings already exist in /share/castor/home/e2406749/tropical_forest_disturbance/embeddings/joint/fid_83/bef/20230115T142711_20230115T142817_T20LMR__S1A_IW_GRDH_1SDV_20230109T094936_20230109T095001_046705_05993A_763B
[done joint] All embeddings already exist in /share/castor/home/e2406749/tropical_forest_disturbance/embeddings/joint/fid_83/bef/20230515T142711_20230515T142713_T20LMR__S1A_IW_GRDH_1SDV_20230509T094937_20230509T095002_048455_05D42C_4A7D
[done joint] All embeddings already exist in /share/castor/home/e2406749/tropical_forest_disturbance/embeddings/joint/fid_83/aft/20231002T142711_20231002T143108_T20LMR__S1A_IW_GRDH_1SDV_20230930T094944_20230930T095009_050555_0616E4_8B83
[ok joint] fid=244 bef -> 2 new .npy in /share/castor/home/e2406749/tropical_forest_disturbance/embeddings/joint/fid_244/bef/20230214T142711_20230214T143425_T20LNR__S1A_IW_GRDH_1SDV_20230214T094935_20230214T095000_047230_05AAD4_443E
[ok joint] fid=244 bef -> 2 new .npy in /share/castor/home/e2406749/tropical_forest_disturbance/embeddings/joint/fid_244/bef/20230520T142719_20230520T142902_T20LNR__S1A_IW_GRDH_1SDV_20230521T094937_20230521T095002_048630_05D957_8119
[ok joint] fid=244 bef -> 2 new .npy in /share/castor/home/e2406749/tropical_forest_disturbance/embeddings/joint/fid_244/bef/20230224T142711_20230224T143045_T20LNR__S1A_IW_GRDH_1SDV_20230226T094935_20230226T095000_047405_05B0D3_E8BA
[ok joint] fid=244 bef -> 2 new .npy in /share/castor/home/e2406749/tropical_forest_disturbance/embeddings/joint/fid_244/bef/20230604T142721_20230604T142716_T20LNR__S1A_IW_GRDH_1SDV_20230602T094938_20230602T095003_048805_05DE8B_61F1
[ok joint] fid=244 bef -> 2 new .npy in /share/castor/home/e2406749/tropical_forest_disturbance/embeddings/joint/fid_244/bef/20230430T142719_20230430T142714_T20LNR__S1A_IW_GRDH_1SDV_20230427T094936_20230427T095001_048280_05CE51_C3AC
[ok joint] fid=244 bef -> 2 new .npy in /share/castor/home/e2406749/tropical_forest_disturbance/embeddings/joint/fid_244/bef/20230515T142711_20230515T142713_T20LNR__S1A_IW_GRDH_1SDV_20230509T094937_20230509T095002_048455_05D42C_4A7D
[ok joint] fid=244 evt -> 2 new .npy in /share/castor/home/e2406749/tropical_forest_disturbance/embeddings/joint/fid_244/evt/20230619T142719_20230619T142934_T20LNR__S1A_IW_GRDH_1SDV_20230614T094938_20230614T095003_048980_05E3E7_B37E
[ok joint] fid=244 aft -> 2 new .npy in /share/castor/home/e2406749/tropical_forest_disturbance/embeddings/joint/fid_244/aft/20230709T142719_20230709T142938_T20LNR__S1A_IW_GRDH_1SDV_20230708T094940_20230708T095005_049330_05EE9A_BD21
[ok joint] fid=244 aft -> 2 new .npy in /share/castor/home/e2406749/tropical_forest_disturbance/embeddings/joint/fid_244/aft/20230629T142719_20230629T143340_T20LNR__S1A_IW_GRDH_1SDV_20230626T094939_20230626T095004_049155_05E932_87DB
[ok joint] fid=114 bef -> 2 new .npy in /share/castor/home/e2406749/tropical_forest_disturbance/embeddings/joint/fid_114/bef/20230520T142719_20230520T142902_T20LMR__S1A_IW_GRDH_1SDV_20230521T094937_20230521T095002_048630_05D957_8119
[ok joint] fid=114 bef -> 2 new .npy in /share/castor/home/e2406749/tropical_forest_disturbance/embeddings/joint/fid_114/bef/20230604T142721_20230604T142716_T20LNR__S1A_IW_GRDH_1SDV_20230602T094938_20230602T095003_048805_05DE8B_61F1
[ok joint] fid=114 bef -> 2 new .npy in /share/castor/home/e2406749/tropical_forest_disturbance/embeddings/joint/fid_114/bef/20230301T142709_20230301T142737_T20LNR__S1A_IW_GRDH_1SDV_20230226T094935_20230226T095000_047405_05B0D3_E8BA
[ok joint] fid=114 bef -> 2 new .npy in /share/castor/home/e2406749/tropical_forest_disturbance/embeddings/joint/fid_114/bef/20230430T142719_20230430T142714_T20LNR__S1A_IW_GRDH_1SDV_20230427T094936_20230427T095001_048280_05CE51_C3AC
[ok joint] fid=114 bef -> 2 new .npy in /share/castor/home/e2406749/tropical_forest_disturbance/embeddings/joint/fid_114/bef/20230515T142711_20230515T142713_T20LNR__S1A_IW_GRDH_1SDV_20230509T094937_20230509T095002_048455_05D42C_4A7D
[ok joint] fid=114 evt -> 2 new .npy in /share/castor/home/e2406749/tropical_forest_disturbance/embeddings/joint/fid_114/evt/20230624T142721_20230624T142715_T20LMR__S1A_IW_GRDH_1SDV_20230626T094939_20230626T095004_049155_05E932_87DB
[ok joint] fid=114 evt -> 2 new .npy in /share/castor/home/e2406749/tropical_forest_disturbance/embeddings/joint/fid_114/evt/20230619T142719_20230619T142934_T20LNR__S1A_IW_GRDH_1SDV_20230614T094938_20230614T095003_048980_05E3E7_B37E
[ok joint] fid=114 aft -> 2 new .npy in /share/castor/home/e2406749/tropical_forest_disturbance/embeddings/joint/fid_114/aft/20230709T142719_20230709T142938_T20LNR__S1A_IW_GRDH_1SDV_20230708T094940_20230708T095005_049330_05EE9A_BD21
[ok joint] fid=185 bef -> 3 new .npy in /share/castor/home/e2406749/tropical_forest_disturbance/embeddings/joint/fid_185/bef/20230520T142719_20230520T142902_T20LMR__S1A_IW_GRDH_1SDV_20230521T094937_20230521T095002_048630_05D957_8119
[ok joint] fid=185 bef -> 3 new .npy in /share/castor/home/e2406749/tropical_forest_disturbance/embeddings/joint/fid_185/bef/20230604T142721_20230604T142716_T20LMR__S1A_IW_GRDH_1SDV_20230602T094938_20230602T095003_048805_05DE8B_61F1
[ok joint] fid=185 bef -> 3 new .npy in /share/castor/home/e2406749/tropical_forest_disturbance/embeddings/joint/fid_185/bef/20230430T142719_20230430T142714_T20LMR__S1A_IW_GRDH_1SDV_20230427T094936_20230427T095001_048280_05CE51_C3AC
[ok joint] fid=185 bef -> 3 new .npy in /share/castor/home/e2406749/tropical_forest_disturbance/embeddings/joint/fid_185/bef/20230609T142719_20230609T142938_T20LMR__S1A_IW_GRDH_1SDV_20230614T094938_20230614T095003_048980_05E3E7_B37E
[ok joint] fid=185 bef -> 3 new .npy in /share/castor/home/e2406749/tropical_forest_disturbance/embeddings/joint/fid_185/bef/20230115T142711_20230115T142817_T20LMR__S1A_IW_GRDH_1SDV_20230109T094936_20230109T095001_046705_05993A_763B
[ok joint] fid=185 bef -> 3 new .npy in /share/castor/home/e2406749/tropical_forest_disturbance/embeddings/joint/fid_185/bef/20230515T142711_20230515T142713_T20LMR__S1A_IW_GRDH_1SDV_20230509T094937_20230509T095002_048455_05D42C_4A7D
[ok joint] fid=185 evt -> 3 new .npy in /share/castor/home/e2406749/tropical_forest_disturbance/embeddings/joint/fid_185/evt/20230624T142721_20230624T142715_T20LMR__S1A_IW_GRDH_1SDV_20230626T094939_20230626T095004_049155_05E932_87DB
[ok joint] fid=185 aft -> 3 new .npy in /share/castor/home/e2406749/tropical_forest_disturbance/embeddings/joint/fid_185/aft/20230709T142719_20230709T142938_T20LMR__S1A_IW_GRDH_1SDV_20230708T094940_20230708T095005_049330_05EE9A_BD21
[ok joint] fid=185 aft -> 3 new .npy in /share/castor/home/e2406749/tropical_forest_disturbance/embeddings/joint/fid_185/aft/20230719T142719_20230719T142939_T20LMR__S1A_IW_GRDH_1SDV_20230720T094940_20230720T095005_049505_05F3ED_61B1
[ok joint] fid=302 bef -> 2 new .npy in /share/castor/home/e2406749/tropical_forest_disturbance/embeddings/joint/fid_302/bef/20230214T142711_20230214T143425_T20LMR__S1A_IW_GRDH_1SDV_20230214T094935_20230214T095000_047230_05AAD4_443E
[ok joint] fid=302 bef -> 2 new .npy in /share/castor/home/e2406749/tropical_forest_disturbance/embeddings/joint/fid_302/bef/20230520T142719_20230520T142902_T20LMR__S1A_IW_GRDH_1SDV_20230521T094937_20230521T095002_048630_05D957_8119
[ok joint] fid=302 bef -> 2 new .npy in /share/castor/home/e2406749/tropical_forest_disturbance/embeddings/joint/fid_302/bef/20230604T142721_20230604T142716_T20LMR__S1A_IW_GRDH_1SDV_20230602T094938_20230602T095003_048805_05DE8B_61F1
[ok joint] fid=302 bef -> 2 new .npy in /share/castor/home/e2406749/tropical_forest_disturbance/embeddings/joint/fid_302/bef/20230301T142709_20230301T142737_T20LMR__S1A_IW_GRDH_1SDV_20230226T094935_20230226T095000_047405_05B0D3_E8BA
[ok joint] fid=302 bef -> 2 new .npy in /share/castor/home/e2406749/tropical_forest_disturbance/embeddings/joint/fid_302/bef/20230430T142719_20230430T142714_T20LMR__S1A_IW_GRDH_1SDV_20230427T094936_20230427T095001_048280_05CE51_C3AC
[ok joint] fid=302 bef -> 2 new .npy in /share/castor/home/e2406749/tropical_forest_disturbance/embeddings/joint/fid_302/bef/20230326T142711_20230326T142710_T20LMR__S1A_IW_GRDH_1SDV_20230322T094935_20230322T095000_047755_05BCAD_A5E4
[ok joint] fid=302 bef -> 2 new .npy in /share/castor/home/e2406749/tropical_forest_disturbance/embeddings/joint/fid_302/bef/20230609T142719_20230609T142938_T20LMR__S1A_IW_GRDH_1SDV_20230614T094938_20230614T095003_048980_05E3E7_B37E
[ok joint] fid=302 bef -> 2 new .npy in /share/castor/home/e2406749/tropical_forest_disturbance/embeddings/joint/fid_302/bef/20230115T142711_20230115T142817_T20LMR__S1A_IW_GRDH_1SDV_20230109T094936_20230109T095001_046705_05993A_763B
[ok joint] fid=302 bef -> 2 new .npy in /share/castor/home/e2406749/tropical_forest_disturbance/embeddings/joint/fid_302/bef/20230515T142711_20230515T142713_T20LNR__S1A_IW_GRDH_1SDV_20230509T094937_20230509T095002_048455_05D42C_4A7D
[ok joint] fid=302 evt -> 2 new .npy in /share/castor/home/e2406749/tropical_forest_disturbance/embeddings/joint/fid_302/evt/20230624T142721_20230624T142715_T20LMR__S1A_IW_GRDH_1SDV_20230626T094939_20230626T095004_049155_05E932_87DB
[ok joint] fid=302 aft -> 2 new .npy in /share/castor/home/e2406749/tropical_forest_disturbance/embeddings/joint/fid_302/aft/20230709T142719_20230709T142938_T20LMR__S1A_IW_GRDH_1SDV_20230708T094940_20230708T095005_049330_05EE9A_BD21
[ok joint] fid=302 aft -> 2 new .npy in /share/castor/home/e2406749/tropical_forest_disturbance/embeddings/joint/fid_302/aft/20230719T142719_20230719T142939_T20LMR__S1A_IW_GRDH_1SDV_20230720T094940_20230720T095005_049505_05F3ED_61B1
[ok joint] fid=303 bef -> 1 new .npy in /share/castor/home/e2406749/tropical_forest_disturbance/embeddings/joint/fid_303/bef/20230214T142711_20230214T143425_T20LNR__S1A_IW_GRDH_1SDV_20230214T094935_20230214T095000_047230_05AAD4_443E
[ok joint] fid=303 bef -> 1 new .npy in /share/castor/home/e2406749/tropical_forest_disturbance/embeddings/joint/fid_303/bef/20230520T142719_20230520T142902_T20LNR__S1A_IW_GRDH_1SDV_20230521T094937_20230521T095002_048630_05D957_8119
[ok joint] fid=303 bef -> 1 new .npy in /share/castor/home/e2406749/tropical_forest_disturbance/embeddings/joint/fid_303/bef/20230604T142721_20230604T142716_T20LNR__S1A_IW_GRDH_1SDV_20230602T094938_20230602T095003_048805_05DE8B_61F1
[ok joint] fid=303 bef -> 1 new .npy in /share/castor/home/e2406749/tropical_forest_disturbance/embeddings/joint/fid_303/bef/20230301T142709_20230301T142737_T20LNR__S1A_IW_GRDH_1SDV_20230226T094935_20230226T095000_047405_05B0D3_E8BA
[ok joint] fid=303 bef -> 1 new .npy in /share/castor/home/e2406749/tropical_forest_disturbance/embeddings/joint/fid_303/bef/20230430T142719_20230430T142714_T20LNR__S1A_IW_GRDH_1SDV_20230427T094936_20230427T095001_048280_05CE51_C3AC
[ok joint] fid=303 bef -> 1 new .npy in /share/castor/home/e2406749/tropical_forest_disturbance/embeddings/joint/fid_303/bef/20230609T142719_20230609T142938_T20LNR__S1A_IW_GRDH_1SDV_20230614T094938_20230614T095003_048980_05E3E7_B37E
[ok joint] fid=303 bef -> 1 new .npy in /share/castor/home/e2406749/tropical_forest_disturbance/embeddings/joint/fid_303/bef/20230115T142711_20230115T142817_T20LNR__S1A_IW_GRDH_1SDV_20230109T094936_20230109T095001_046705_05993A_763B
[ok joint] fid=303 bef -> 1 new .npy in /share/castor/home/e2406749/tropical_forest_disturbance/embeddings/joint/fid_303/bef/20230515T142711_20230515T142713_T20LNR__S1A_IW_GRDH_1SDV_20230509T094937_20230509T095002_048455_05D42C_4A7D
[ok joint] fid=303 evt -> 1 new .npy in /share/castor/home/e2406749/tropical_forest_disturbance/embeddings/joint/fid_303/evt/20230624T142721_20230624T142715_T20LNR__S1A_IW_GRDH_1SDV_20230626T094939_20230626T095004_049155_05E932_87DB
[ok joint] fid=303 aft -> 1 new .npy in /share/castor/home/e2406749/tropical_forest_disturbance/embeddings/joint/fid_303/aft/20230709T142719_20230709T142938_T20LNR__S1A_IW_GRDH_1SDV_20230708T094940_20230708T095005_049330_05EE9A_BD21
[ok joint] fid=303 aft -> 1 new .npy in /share/castor/home/e2406749/tropical_forest_disturbance/embeddings/joint/fid_303/aft/20230719T142719_20230719T142939_T20LNR__S1A_IW_GRDH_1SDV_20230720T094940_20230720T095005_049505_05F3ED_61B1
[ok joint] fid=377 bef -> 1 new .npy in /share/castor/home/e2406749/tropical_forest_disturbance/embeddings/joint/fid_377/bef/20230214T142711_20230214T143425_T20LMR__S1A_IW_GRDH_1SDV_20230214T094935_20230214T095000_047230_05AAD4_443E
[ok joint] fid=377 bef -> 1 new .npy in /share/castor/home/e2406749/tropical_forest_disturbance/embeddings/joint/fid_377/bef/20230709T142719_20230709T142938_T20LMR__S1A_IW_GRDH_1SDV_20230708T094940_20230708T095005_049330_05EE9A_BD21
[ok joint] fid=377 bef -> 1 new .npy in /share/castor/home/e2406749/tropical_forest_disturbance/embeddings/joint/fid_377/bef/20230719T142719_20230719T142939_T20LMR__S1A_IW_GRDH_1SDV_20230720T094940_20230720T095005_049505_05F3ED_61B1
[ok joint] fid=377 bef -> 1 new .npy in /share/castor/home/e2406749/tropical_forest_disturbance/embeddings/joint/fid_377/bef/20230224T142711_20230224T143045_T20LNR__S1A_IW_GRDH_1SDV_20230226T094935_20230226T095000_047405_05B0D3_E8BA
[ok joint] fid=377 bef -> 1 new .npy in /share/castor/home/e2406749/tropical_forest_disturbance/embeddings/joint/fid_377/bef/20230604T142721_20230604T142716_T20LMR__S1A_IW_GRDH_1SDV_20230602T094938_20230602T095003_048805_05DE8B_61F1
[ok joint] fid=377 bef -> 1 new .npy in /share/castor/home/e2406749/tropical_forest_disturbance/embeddings/joint/fid_377/bef/20230624T142721_20230624T142715_T20LMR__S1A_IW_GRDH_1SDV_20230626T094939_20230626T095004_049155_05E932_87DB
[ok joint] fid=377 bef -> 1 new .npy in /share/castor/home/e2406749/tropical_forest_disturbance/embeddings/joint/fid_377/bef/20230430T142719_20230430T142714_T20LMR__S1A_IW_GRDH_1SDV_20230427T094936_20230427T095001_048280_05CE51_C3AC
[ok joint] fid=377 bef -> 1 new .npy in /share/castor/home/e2406749/tropical_forest_disturbance/embeddings/joint/fid_377/bef/20230729T142719_20230729T142718_T20LMR__S1A_IW_GRDH_1SDV_20230801T094941_20230801T095006_049680_05F959_7E64
[ok joint] fid=377 bef -> 1 new .npy in /share/castor/home/e2406749/tropical_forest_disturbance/embeddings/joint/fid_377/bef/20230326T142711_20230326T142710_T20LMR__S1A_IW_GRDH_1SDV_20230322T094935_20230322T095000_047755_05BCAD_A5E4
[ok joint] fid=377 bef -> 1 new .npy in /share/castor/home/e2406749/tropical_forest_disturbance/embeddings/joint/fid_377/bef/20230609T142719_20230609T142938_T20LMR__S1A_IW_GRDH_1SDV_20230614T094938_20230614T095003_048980_05E3E7_B37E
[ok joint] fid=377 bef -> 1 new .npy in /share/castor/home/e2406749/tropical_forest_disturbance/embeddings/joint/fid_377/bef/20230115T142711_20230115T142817_T20LMR__S1A_IW_GRDH_1SDV_20230109T094936_20230109T095001_046705_05993A_763B
[ok joint] fid=377 bef -> 1 new .npy in /share/castor/home/e2406749/tropical_forest_disturbance/embeddings/joint/fid_377/bef/20230515T142711_20230515T142713_T20LMR__S1A_IW_GRDH_1SDV_20230509T094937_20230509T095002_048455_05D42C_4A7D
[ok joint] fid=377 evt -> 1 new .npy in /share/castor/home/e2406749/tropical_forest_disturbance/embeddings/joint/fid_377/evt/20230808T142719_20230808T143119_T20LMR__S1A_IW_GRDH_1SDV_20230813T094942_20230813T095007_049855_05FF04_F481
[ok joint] fid=377 aft -> 1 new .npy in /share/castor/home/e2406749/tropical_forest_disturbance/embeddings/joint/fid_377/aft/20230823T142721_20230823T143116_T20LMR__S1A_IW_GRDH_1SDV_20230825T094943_20230825T095008_050030_0604F6_5B1D
[ok joint] fid=377 aft -> 1 new .npy in /share/castor/home/e2406749/tropical_forest_disturbance/embeddings/joint/fid_377/aft/20230902T142721_20230902T143115_T20LMR__S1A_IW_GRDH_1SDV_20230906T094943_20230906T095008_050205_060AF4_E713
[csv] v2_images_s2_s1.csv
[ok joint] fid=86 aft -> 4 new .npy in /share/castor/home/e2406749/tropical_forest_disturbance/embeddings/joint/fid_86/aft/20231007T142709_20231007T142929_T20LNR__S1A_IW_GRDH_1SDV_20230930T094944_20230930T095009_050555_0616E4_8B83
[ok joint] fid=213 bef -> 1 new .npy in /share/castor/home/e2406749/tropical_forest_disturbance/embeddings/joint/fid_213/bef/20230619T142719_20230619T142934_T20LNR__S1A_IW_GRDH_1SDV_20230614T094938_20230614T095003_048980_05E3E7_B37E
[ok joint] fid=385 aft -> 14 new .npy in /share/castor/home/e2406749/tropical_forest_disturbance/embeddings/joint/fid_385/aft/20231111T142711_20231111T142711_T20LNR__S1A_IW_GRDH_1SDV_20231117T094943_20231117T095008_051255_062EE9_3725
[ok joint] fid=171 bef -> 1 new .npy in /share/castor/home/e2406749/tropical_forest_disturbance/embeddings/joint/fid_171/bef/20230515T142711_20230515T142713_T20LNR__S1A_IW_GRDH_1SDV_20230509T094912_20230509T094937_048455_05D42C_BB80
[ok joint] fid=368 aft -> 3 new .npy in /share/castor/home/e2406749/tropical_forest_disturbance/embeddings/joint/fid_368/aft/20231007T142709_20231007T142929_T20LNR__S1A_IW_GRDH_1SDV_20230930T094944_20230930T095009_050555_0616E4_8B83
[ok joint] fid=361 bef -> 4 new .npy in /share/castor/home/e2406749/tropical_forest_disturbance/embeddings/joint/fid_361/bef/20230902T142721_20230902T143115_T20LNR__S1A_IW_GRDH_1SDV_20230906T094943_20230906T095008_050205_060AF4_E713
[done joint] All embeddings already exist in /share/castor/home/e2406749/tropical_forest_disturbance/embeddings/joint/fid_363/bef/20230902T142721_20230902T143115_T20LNR__S1A_IW_GRDH_1SDV_20230906T094943_20230906T095008_050205_060AF4_E713
[ok joint] fid=20 aft -> 4 new .npy in /share/castor/home/e2406749/tropical_forest_disturbance/embeddings/joint/fid_20/aft/20231111T142711_20231111T142711_T20LNR__S1A_IW_GRDH_1SDV_20231105T094944_20231105T095009_051080_0628DA_EC5A
[ok joint] fid=21 bef -> 1 new .npy in /share/castor/home/e2406749/tropical_forest_disturbance/embeddings/joint/fid_21/bef/20230619T142719_20230619T142934_T20LNR__S1A_IW_GRDH_1SDV_20230614T094938_20230614T095003_048980_05E3E7_B37E
[ok joint] fid=21 bef -> 1 new .npy in /share/castor/home/e2406749/tropical_forest_disturbance/embeddings/joint/fid_21/bef/20231007T142709_20231007T142929_T20LNR__S1A_IW_GRDH_1SDV_20230930T094944_20230930T095009_050555_0616E4_8B83
[ok joint] fid=280 aft -> 4 new .npy in /share/castor/home/e2406749/tropical_forest_disturbance/embeddings/joint/fid_280/aft/20230515T142711_20230515T142713_T20LNR__S1A_IW_GRDH_1SDV_20230521T094937_20230521T095002_048630_05D957_8119
[ok joint] fid=227 aft -> 4 new .npy in /share/castor/home/e2406749/tropical_forest_disturbance/embeddings/joint/fid_227/aft/20230609T142719_20230609T142938_T20LNR__S1A_IW_GRDH_1SDV_20230602T094938_20230602T095003_048805_05DE8B_61F1
[ok joint] fid=229 aft -> 5 new .npy in /share/castor/home/e2406749/tropical_forest_disturbance/embeddings/joint/fid_229/aft/20230609T142719_20230609T142938_T20LNR__S1A_IW_GRDH_1SDV_20230602T094938_20230602T095003_048805_05DE8B_61F1
[ok joint] fid=177 bef -> 2 new .npy in /share/castor/home/e2406749/tropical_forest_disturbance/embeddings/joint/fid_177/bef/20230515T142711_20230515T142713_T20LNR__S1A_IW_GRDH_1SDV_20230521T094912_20230521T094937_048630_05D957_8539
[ok joint] fid=241 evt -> 2 new .npy in /share/castor/home/e2406749/tropical_forest_disturbance/embeddings/joint/fid_241/evt/20230619T142719_20230619T142934_T20LNR__S1A_IW_GRDH_1SDV_20230614T094938_20230614T095003_048980_05E3E7_B37E
[ok joint] fid=197 bef -> 2 new .npy in /share/castor/home/e2406749/tropical_forest_disturbance/embeddings/joint/fid_197/bef/20230515T142711_20230515T142713_T20LNR__S1A_IW_GRDH_1SDV_20230509T094912_20230509T094937_048455_05D42C_BB80
[ok joint] fid=335 aft -> 2 new .npy in /share/castor/home/e2406749/tropical_forest_disturbance/embeddings/joint/fid_335/aft/20230902T142721_20230902T143115_T20LNR__S1A_IW_GRDH_1SDV_20230906T094943_20230906T095008_050205_060AF4_E713
[done joint] All embeddings already exist in /share/castor/home/e2406749/tropical_forest_disturbance/embeddings/joint/fid_387/bef/20230525T142721_20230525T142853_T20LNR__S1A_IW_GRDH_1SDV_20230521T094937_20230521T095002_048630_05D957_8119
[ok joint] fid=76 bef -> 2 new .npy in /share/castor/home/e2406749/tropical_forest_disturbance/embeddings/joint/fid_76/bef/20230729T142719_20230729T142718_T20LNR__S1A_IW_GRDH_1SDV_20230801T094916_20230801T094941_049680_05F959_E6F2
[ok joint] fid=76 bef -> 2 new .npy in /share/castor/home/e2406749/tropical_forest_disturbance/embeddings/joint/fid_76/bef/20230619T142719_20230619T142934_T20LNR__S1A_IW_GRDH_1SDV_20230614T094913_20230614T094938_048980_05E3E7_6485
[ok joint] fid=374 bef -> 1 new .npy in /share/castor/home/e2406749/tropical_forest_disturbance/embeddings/joint/fid_374/bef/20230902T142721_20230902T143115_T20LNR__S1A_IW_GRDH_1SDV_20230906T094943_20230906T095008_050205_060AF4_E713
[ok joint] fid=36 bef -> 1 new .npy in /share/castor/home/e2406749/tropical_forest_disturbance/embeddings/joint/fid_36/bef/20230902T142721_20230902T143115_T20LNR__S1A_IW_GRDH_1SDV_20230906T094943_20230906T095008_050205_060AF4_E713
[ok joint] fid=339 aft -> 3 new .npy in /share/castor/home/e2406749/tropical_forest_disturbance/embeddings/joint/fid_339/aft/20230902T142721_20230902T143115_T20LNR__S1A_IW_GRDH_1SDV_20230906T094943_20230906T095008_050205_060AF4_E713
[ok joint] fid=178 bef -> 4 new .npy in /share/castor/home/e2406749/tropical_forest_disturbance/embeddings/joint/fid_178/bef/20230515T142711_20230515T142713_T20LNR__S1A_IW_GRDH_1SDV_20230521T094912_20230521T094937_048630_05D957_8539
[ok joint] fid=326 aft -> 1 new .npy in /share/castor/home/e2406749/tropical_forest_disturbance/embeddings/joint/fid_326/aft/20230828T142719_20230828T142716_T20LNR__S1A_IW_GRDH_1SDV_20230825T094943_20230825T095008_050030_0604F6_5B1D
[ok joint] fid=358 aft -> 2 new .npy in /share/castor/home/e2406749/tropical_forest_disturbance/embeddings/joint/fid_358/aft/20230902T142721_20230902T143115_T20LNR__S1A_IW_GRDH_1SDV_20230906T094943_20230906T095008_050205_060AF4_E713
[ok joint] fid=386 bef -> 2 new .npy in /share/castor/home/e2406749/tropical_forest_disturbance/embeddings/joint/fid_386/bef/20230515T142711_20230515T142713_T20LMR__S1A_IW_GRDH_1SDV_20230509T094937_20230509T095002_048455_05D42C_4A7D
[ok joint] fid=53 bef -> 4 new .npy in /share/castor/home/e2406749/tropical_forest_disturbance/embeddings/joint/fid_53/bef/20230515T142711_20230515T142713_T20LNR__S1A_IW_GRDH_1SDV_20230509T094912_20230509T094937_048455_05D42C_BB80
[ok joint] fid=328 bef -> 2 new .npy in /share/castor/home/e2406749/tropical_forest_disturbance/embeddings/joint/fid_328/bef/20230515T142711_20230515T142713_T20LNR__S1A_IW_GRDH_1SDV_20230521T094912_20230521T094937_048630_05D957_8539
[ok joint] fid=77 evt -> 2 new .npy in /share/castor/home/e2406749/tropical_forest_disturbance/embeddings/joint/fid_77/evt/20230902T142721_20230902T143115_T20LNR__S1A_IW_GRDH_1SDV_20230906T094918_20230906T094943_050205_060AF4_C05C
[ok joint] fid=333 bef -> 2 new .npy in /share/castor/home/e2406749/tropical_forest_disturbance/embeddings/joint/fid_333/bef/20230823T142721_20230823T143116_T20LNR__S1A_IW_GRDH_1SDV_20230825T094943_20230825T095008_050030_0604F6_5B1D
[ok joint] fid=333 bef -> 2 new .npy in /share/castor/home/e2406749/tropical_forest_disturbance/embeddings/joint/fid_333/bef/20230629T142719_20230629T143340_T20LNR__S1A_IW_GRDH_1SDV_20230626T094939_20230626T095004_049155_05E932_87DB
[ok joint] fid=351 bef -> 2 new .npy in /share/castor/home/e2406749/tropical_forest_disturbance/embeddings/joint/fid_351/bef/20230525T142721_20230525T142853_T20LNR__S1A_IW_GRDH_1SDV_20230521T094937_20230521T095002_048630_05D957_8119
[ok joint] fid=352 bef -> 1 new .npy in /share/castor/home/e2406749/tropical_forest_disturbance/embeddings/joint/fid_352/bef/20230902T142721_20230902T143115_T20LNR__S1A_IW_GRDH_1SDV_20230906T094943_20230906T095008_050205_060AF4_E713
[ok joint] fid=389 bef -> 1 new .npy in /share/castor/home/e2406749/tropical_forest_disturbance/embeddings/joint/fid_389/bef/20230828T142719_20230828T142716_T20LNR__S1A_IW_GRDH_1SDV_20230825T094918_20230825T094943_050030_0604F6_59F6
[ok joint] fid=389 bef -> 1 new .npy in /share/castor/home/e2406749/tropical_forest_disturbance/embeddings/joint/fid_389/bef/20230902T142721_20230902T143115_T20LNR__S1A_IW_GRDH_1SDV_20230906T094918_20230906T094943_050205_060AF4_C05C
[ok joint] fid=9 bef -> 2 new .npy in /share/castor/home/e2406749/tropical_forest_disturbance/embeddings/joint/fid_9/bef/20230729T142719_20230729T142718_T20LNR__S1A_IW_GRDH_1SDV_20230801T094941_20230801T095006_049680_05F959_7E64
[ok joint] fid=10 bef -> 2 new .npy in /share/castor/home/e2406749/tropical_forest_disturbance/embeddings/joint/fid_10/bef/20230902T142721_20230902T143115_T20LNR__S1A_IW_GRDH_1SDV_20230906T094943_20230906T095008_050205_060AF4_E713
[ok joint] fid=235 bef -> 2 new .npy in /share/castor/home/e2406749/tropical_forest_disturbance/embeddings/joint/fid_235/bef/20230115T142711_20230115T142817_T20LMR__S1A_IW_GRDH_1SDV_20230109T094936_20230109T095001_046705_05993A_763B
[ok joint] fid=123 bef -> 2 new .npy in /share/castor/home/e2406749/tropical_forest_disturbance/embeddings/joint/fid_123/bef/20230525T142721_20230525T142853_T20LNR__S1A_IW_GRDH_1SDV_20230521T094937_20230521T095002_048630_05D957_8119
[done joint] All embeddings already exist in /share/castor/home/e2406749/tropical_forest_disturbance/embeddings/joint/fid_248/bef/20230515T142711_20230515T142713_T20LNR__S1A_IW_GRDH_1SDV_20230509T094912_20230509T094937_048455_05D42C_BB80
[ok joint] fid=190 bef -> 2 new .npy in /share/castor/home/e2406749/tropical_forest_disturbance/embeddings/joint/fid_190/bef/20230515T142711_20230515T142713_T20LNR__S1A_IW_GRDH_1SDV_20230521T094912_20230521T094937_048630_05D957_8539
[ok joint] fid=198 bef -> 1 new .npy in /share/castor/home/e2406749/tropical_forest_disturbance/embeddings/joint/fid_198/bef/20230515T142711_20230515T142713_T20LNR__S1A_IW_GRDH_1SDV_20230509T094937_20230509T095002_048455_05D42C_4A7D
[done joint] All embeddings already exist in /share/castor/home/e2406749/tropical_forest_disturbance/embeddings/joint/fid_315/bef/20230525T142721_20230525T142853_T20LNR__S1A_IW_GRDH_1SDV_20230521T094937_20230521T095002_048630_05D957_8119
[ok joint] fid=205 bef -> 1 new .npy in /share/castor/home/e2406749/tropical_forest_disturbance/embeddings/joint/fid_205/bef/20230709T142719_20230709T142938_T20LNR__S1A_IW_GRDH_1SDV_20230708T094940_20230708T095005_049330_05EE9A_BD21
[ok joint] fid=205 bef -> 1 new .npy in /share/castor/home/e2406749/tropical_forest_disturbance/embeddings/joint/fid_205/bef/20230604T142721_20230604T142716_T20LNR__S1A_IW_GRDH_1SDV_20230602T094938_20230602T095003_048805_05DE8B_61F1
[ok joint] fid=205 bef -> 1 new .npy in /share/castor/home/e2406749/tropical_forest_disturbance/embeddings/joint/fid_205/bef/20230624T142721_20230624T142715_T20LNR__S1A_IW_GRDH_1SDV_20230626T094939_20230626T095004_049155_05E932_87DB
[ok joint] fid=205 bef -> 1 new .npy in /share/castor/home/e2406749/tropical_forest_disturbance/embeddings/joint/fid_205/bef/20230430T142719_20230430T142714_T20LNR__S1A_IW_GRDH_1SDV_20230427T094936_20230427T095001_048280_05CE51_C3AC
[ok joint] fid=205 bef -> 1 new .npy in /share/castor/home/e2406749/tropical_forest_disturbance/embeddings/joint/fid_205/bef/20230609T142719_20230609T142938_T20LNR__S1A_IW_GRDH_1SDV_20230614T094938_20230614T095003_048980_05E3E7_B37E
[ok joint] fid=205 bef -> 1 new .npy in /share/castor/home/e2406749/tropical_forest_disturbance/embeddings/joint/fid_205/bef/20230515T142711_20230515T142713_T20LNR__S1A_IW_GRDH_1SDV_20230509T094937_20230509T095002_048455_05D42C_4A7D
[ok joint] fid=205 evt -> 1 new .npy in /share/castor/home/e2406749/tropical_forest_disturbance/embeddings/joint/fid_205/evt/20230719T142719_20230719T142939_T20LNR__S1A_IW_GRDH_1SDV_20230720T094940_20230720T095005_049505_05F3ED_61B1
[ok joint] fid=205 evt -> 1 new .npy in /share/castor/home/e2406749/tropical_forest_disturbance/embeddings/joint/fid_205/evt/20230729T142719_20230729T142718_T20LNR__S1A_IW_GRDH_1SDV_20230801T094941_20230801T095006_049680_05F959_7E64
[ok joint] fid=205 aft -> 1 new .npy in /share/castor/home/e2406749/tropical_forest_disturbance/embeddings/joint/fid_205/aft/20230808T142719_20230808T143119_T20LNR__S1A_IW_GRDH_1SDV_20230813T094942_20230813T095007_049855_05FF04_F481
[ok joint] fid=57 bef -> 2 new .npy in /share/castor/home/e2406749/tropical_forest_disturbance/embeddings/joint/fid_57/bef/20230515T142711_20230515T142713_T20LMR__S1A_IW_GRDH_1SDV_20230509T094937_20230509T095002_048455_05D42C_4A7D
[ok joint] fid=137 bef -> 4 new .npy in /share/castor/home/e2406749/tropical_forest_disturbance/embeddings/joint/fid_137/bef/20230902T142721_20230902T143115_T20LNR__S1A_IW_GRDH_1SDV_20230906T094943_20230906T095008_050205_060AF4_E713
[ok joint] fid=214 bef -> 2 new .npy in /share/castor/home/e2406749/tropical_forest_disturbance/embeddings/joint/fid_214/bef/20230902T142721_20230902T143115_T20LNR__S1A_IW_GRDH_1SDV_20230906T094943_20230906T095008_050205_060AF4_E713
[done joint] All embeddings already exist in /share/castor/home/e2406749/tropical_forest_disturbance/embeddings/joint/fid_3/bef/20230818T142719_20230818T143227_T20LNR__S1A_IW_GRDH_1SDV_20230813T094942_20230813T095007_049855_05FF04_F481
[ok joint] fid=14 bef -> 1 new .npy in /share/castor/home/e2406749/tropical_forest_disturbance/embeddings/joint/fid_14/bef/20230823T142721_20230823T143116_T20LNR__S1A_IW_GRDH_1SDV_20230825T094943_20230825T095008_050030_0604F6_5B1D
[ok joint] fid=162 evt -> 3 new .npy in /share/castor/home/e2406749/tropical_forest_disturbance/embeddings/joint/fid_162/evt/20230515T142711_20230515T142713_T20LNR__S1A_IW_GRDH_1SDV_20230509T094937_20230509T095002_048455_05D42C_4A7D
[ok joint] fid=295 bef -> 2 new .npy in /share/castor/home/e2406749/tropical_forest_disturbance/embeddings/joint/fid_295/bef/20230515T142711_20230515T142713_T20LMR__S1A_IW_GRDH_1SDV_20230509T094937_20230509T095002_048455_05D42C_4A7D
[ok joint] fid=185 bef -> 3 new .npy in /share/castor/home/e2406749/tropical_forest_disturbance/embeddings/joint/fid_185/bef/20230525T142721_20230525T142853_T20LMR__S1A_IW_GRDH_1SDV_20230521T094937_20230521T095002_048630_05D957_8119
[ok joint] fid=303 evt -> 1 new .npy in /share/castor/home/e2406749/tropical_forest_disturbance/embeddings/joint/fid_303/evt/20230629T142719_20230629T143340_T20LNR__S1A_IW_GRDH_1SDV_20230626T094939_20230626T095004_049155_05E932_87DB
[ok joint] fid=130 aft -> 2 new .npy in /share/castor/home/e2406749/tropical_forest_disturbance/embeddings/joint/fid_130/aft/20230818T142719_20230818T143227_T20LMR__S1A_IW_GRDH_1SDV_20230825T094943_20230825T095008_050030_0604F6_5B1D
[ok joint] fid=194 bef -> 4 new .npy in /share/castor/home/e2406749/tropical_forest_disturbance/embeddings/joint/fid_194/bef/20230515T142711_20230515T142713_T20LMR__S1A_IW_GRDH_1SDV_20230509T094937_20230509T095002_048455_05D42C_4A7D
[ok joint] fid=202 bef -> 1 new .npy in /share/castor/home/e2406749/tropical_forest_disturbance/embeddings/joint/fid_202/bef/20230629T142719_20230629T143340_T20LNR__S1A_IW_GRDH_1SDV_20230626T094939_20230626T095004_049155_05E932_87DB
[ok joint] fid=204 bef -> 1 new .npy in /share/castor/home/e2406749/tropical_forest_disturbance/embeddings/joint/fid_204/bef/20230525T142721_20230525T142853_T20LMR__S1A_IW_GRDH_1SDV_20230521T094937_20230521T095002_048630_05D957_8119
[ok joint] fid=314 bef -> 2 new .npy in /share/castor/home/e2406749/tropical_forest_disturbance/embeddings/joint/fid_314/bef/20230525T142721_20230525T142853_T20LMR__S1A_IW_GRDH_1SDV_20230521T094937_20230521T095002_048630_05D957_8119
[csv] v3_images_s2_s1.csv
[ok joint] fid=104 aft -> 4 new .npy in /share/castor/home/e2406749/tropical_forest_disturbance/embeddings/joint/fid_104/aft/20230609T142719_20230609T142938_T20LNR__S1A_IW_GRDH_1SDV_20230602T094938_20230602T095003_048805_05DE8B_61F1
[done joint] All embeddings already exist in /share/castor/home/e2406749/tropical_forest_disturbance/embeddings/joint/fid_165/aft/20230609T142719_20230609T142938_T20LNR__S1A_IW_GRDH_1SDV_20230602T094913_20230602T094938_048805_05DE8B_7193
[ok joint] fid=291 bef -> 1 new .npy in /share/castor/home/e2406749/tropical_forest_disturbance/embeddings/joint/fid_291/bef/20230515T142711_20230515T142713_T20LNR__S1A_IW_GRDH_1SDV_20230509T094912_20230509T094937_048455_05D42C_BB80
[ok joint] fid=194 bef -> 4 new .npy in /share/castor/home/e2406749/tropical_forest_disturbance/embeddings/joint/fid_194/bef/20230525T142721_20230525T142853_T20LMR__S1A_IW_GRDH_1SDV_20230521T094937_20230521T095002_048630_05D957_8119
[ok joint] fid=88 aft -> 1 new .npy in /share/castor/home/e2406749/tropical_forest_disturbance/embeddings/joint/fid_88/aft/20231007T142709_20231007T142929_T20LNR__S1A_IW_GRDH_1SDV_20230930T094944_20230930T095009_050555_0616E4_8B83
[ok joint] fid=348 bef -> 1 new .npy in /share/castor/home/e2406749/tropical_forest_disturbance/embeddings/joint/fid_348/bef/20230828T142719_20230828T142716_T20LNR__S1A_IW_GRDH_1SDV_20230825T094943_20230825T095008_050030_0604F6_5B1D
[ok joint] fid=349 aft -> 3 new .npy in /share/castor/home/e2406749/tropical_forest_disturbance/embeddings/joint/fid_349/aft/20231007T142709_20231007T142929_T20LNR__S1A_IW_GRDH_1SDV_20231012T094943_20231012T095008_050730_061CE6_B0FB
[ok joint] fid=368 bef -> 3 new .npy in /share/castor/home/e2406749/tropical_forest_disturbance/embeddings/joint/fid_368/bef/20230828T142719_20230828T142716_T20LNR__S1A_IW_GRDH_1SDV_20230825T094943_20230825T095008_050030_0604F6_5B1D
[ok joint] fid=20 bef -> 4 new .npy in /share/castor/home/e2406749/tropical_forest_disturbance/embeddings/joint/fid_20/bef/20230828T142719_20230828T142716_T20LNR__S1A_IW_GRDH_1SDV_20230825T094943_20230825T095008_050030_0604F6_5B1D
[ok joint] fid=25 aft -> 1 new .npy in /share/castor/home/e2406749/tropical_forest_disturbance/embeddings/joint/fid_25/aft/20231111T142711_20231111T142711_T20LNR__S1A_IW_GRDH_1SDV_20231105T094944_20231105T095009_051080_0628DA_EC5A
[ok joint] fid=287 evt -> 2 new .npy in /share/castor/home/e2406749/tropical_forest_disturbance/embeddings/joint/fid_287/evt/20230515T142711_20230515T142713_T20LNR__S1A_IW_GRDH_1SDV_20230521T094937_20230521T095002_048630_05D957_8119
[ok joint] fid=177 bef -> 2 new .npy in /share/castor/home/e2406749/tropical_forest_disturbance/embeddings/joint/fid_177/bef/20230515T142711_20230515T142713_T20LNR__S1A_IW_GRDH_1SDV_20230509T094912_20230509T094937_048455_05D42C_BB80
[ok joint] fid=178 bef -> 4 new .npy in /share/castor/home/e2406749/tropical_forest_disturbance/embeddings/joint/fid_178/bef/20230515T142711_20230515T142713_T20LNR__S1A_IW_GRDH_1SDV_20230509T094912_20230509T094937_048455_05D42C_BB80
[ok joint] fid=296 bef -> 1 new .npy in /share/castor/home/e2406749/tropical_forest_disturbance/embeddings/joint/fid_296/bef/20230525T142721_20230525T142853_T20LNR__S1A_IW_GRDH_1SDV_20230521T094937_20230521T095002_048630_05D957_8119
[ok joint] fid=244 bef -> 2 new .npy in /share/castor/home/e2406749/tropical_forest_disturbance/embeddings/joint/fid_244/bef/20230301T142709_20230301T142737_T20LNR__S1A_IW_GRDH_1SDV_20230226T094935_20230226T095000_047405_05B0D3_E8BA
[done joint] All embeddings already exist in /share/castor/home/e2406749/tropical_forest_disturbance/embeddings/joint/fid_115/bef/20230609T142719_20230609T142938_T20LNR__S1A_IW_GRDH_1SDV_20230602T094938_20230602T095003_048805_05DE8B_61F1
[ok joint] fid=119 evt -> 4 new .npy in /share/castor/home/e2406749/tropical_forest_disturbance/embeddings/joint/fid_119/evt/20230629T142719_20230629T143340_T20LMR__S1A_IW_GRDH_1SDV_20230626T094939_20230626T095004_049155_05E932_87DB
[ok joint] fid=184 evt -> 1 new .npy in /share/castor/home/e2406749/tropical_forest_disturbance/embeddings/joint/fid_184/evt/20230629T142719_20230629T143340_T20LNR__S1A_IW_GRDH_1SDV_20230626T094939_20230626T095004_049155_05E932_87DB
[ok joint] fid=120 bef -> 2 new .npy in /share/castor/home/e2406749/tropical_forest_disturbance/embeddings/joint/fid_120/bef/20230515T142711_20230515T142713_T20LNR__S1A_IW_GRDH_1SDV_20230509T094912_20230509T094937_048455_05D42C_BB80
[ok joint] fid=190 bef -> 2 new .npy in /share/castor/home/e2406749/tropical_forest_disturbance/embeddings/joint/fid_190/bef/20230515T142711_20230515T142713_T20LNR__S1A_IW_GRDH_1SDV_20230509T094912_20230509T094937_048455_05D42C_BB80
[ok joint] fid=126 bef -> 2 new .npy in /share/castor/home/e2406749/tropical_forest_disturbance/embeddings/joint/fid_126/bef/20230525T142721_20230525T142853_T20LNR__S1A_IW_GRDH_1SDV_20230521T094937_20230521T095002_048630_05D957_8119
[ok joint] fid=256 bef -> 2 new .npy in /share/castor/home/e2406749/tropical_forest_disturbance/embeddings/joint/fid_256/bef/20230515T142711_20230515T142713_T20LNR__S1A_IW_GRDH_1SDV_20230509T094912_20230509T094937_048455_05D42C_BB80
[done joint] All embeddings already exist in /share/castor/home/e2406749/tropical_forest_disturbance/embeddings/joint/fid_315/aft/20230818T142719_20230818T143227_T20LNR__S1A_IW_GRDH_1SDV_20230813T094942_20230813T095007_049855_05FF04_F481
[ok joint] fid=319 bef -> 4 new .npy in /share/castor/home/e2406749/tropical_forest_disturbance/embeddings/joint/fid_319/bef/20230619T142719_20230619T142934_T20LNR__S1A_IW_GRDH_1SDV_20230614T094938_20230614T095003_048980_05E3E7_B37E
[ok joint] fid=131 evt -> 4 new .npy in /share/castor/home/e2406749/tropical_forest_disturbance/embeddings/joint/fid_131/evt/20230729T142719_20230729T142718_T20LNR__S1A_IW_GRDH_1SDV_20230801T094916_20230801T094941_049680_05F959_E6F2
[ok joint] fid=132 bef -> 1 new .npy in /share/castor/home/e2406749/tropical_forest_disturbance/embeddings/joint/fid_132/bef/20230714T142721_20230714T142941_T20LNR__S1A_IW_GRDH_1SDV_20230720T094940_20230720T095005_049505_05F3ED_61B1
[ok joint] fid=210 aft -> 2 new .npy in /share/castor/home/e2406749/tropical_forest_disturbance/embeddings/joint/fid_210/aft/20230828T142719_20230828T142716_T20LNR__S1A_IW_GRDH_1SDV_20230825T094943_20230825T095008_050030_0604F6_5B1D
[ok joint] fid=358 bef -> 2 new .npy in /share/castor/home/e2406749/tropical_forest_disturbance/embeddings/joint/fid_358/bef/20230525T142721_20230525T142853_T20LMR__S1A_IW_GRDH_1SDV_20230521T094937_20230521T095002_048630_05D957_8119
[ok joint] fid=335 bef -> 2 new .npy in /share/castor/home/e2406749/tropical_forest_disturbance/embeddings/joint/fid_335/bef/20230629T142719_20230629T143340_T20LNR__S1A_IW_GRDH_1SDV_20230626T094939_20230626T095004_049155_05E932_87DB
[ok joint] fid=50 bef -> 2 new .npy in /share/castor/home/e2406749/tropical_forest_disturbance/embeddings/joint/fid_50/bef/20230724T142721_20230724T142717_T20LNR__S1A_IW_GRDH_1SDV_20230720T094915_20230720T094940_049505_05F3ED_2372
[ok joint] fid=55 bef -> 4 new .npy in /share/castor/home/e2406749/tropical_forest_disturbance/embeddings/joint/fid_55/bef/20230818T142719_20230818T143227_T20LNR__S1A_IW_GRDH_1SDV_20230813T094917_20230813T094942_049855_05FF04_E952
[ok joint] fid=263 bef -> 1 new .npy in /share/castor/home/e2406749/tropical_forest_disturbance/embeddings/joint/fid_263/bef/20230724T142721_20230724T142717_T20LNR__S1A_IW_GRDH_1SDV_20230720T094940_20230720T095005_049505_05F3ED_61B1
[ok joint] fid=331 bef -> 2 new .npy in /share/castor/home/e2406749/tropical_forest_disturbance/embeddings/joint/fid_331/bef/20230525T142721_20230525T142853_T20LNR__S1A_IW_GRDH_1SDV_20230521T094937_20230521T095002_048630_05D957_8119
[done joint] All embeddings already exist in /share/castor/home/e2406749/tropical_forest_disturbance/embeddings/joint/fid_125/bef/20230724T142721_20230724T142717_T20LNR__S1A_IW_GRDH_1SDV_20230720T094915_20230720T094940_049505_05F3ED_2372
[ok joint] fid=370 bef -> 5 new .npy in /share/castor/home/e2406749/tropical_forest_disturbance/embeddings/joint/fid_370/bef/20230619T142719_20230619T142934_T20LNR__S1A_IW_GRDH_1SDV_20230614T094938_20230614T095003_048980_05E3E7_B37E
[ok joint] fid=379 bef -> 2 new .npy in /share/castor/home/e2406749/tropical_forest_disturbance/embeddings/joint/fid_379/bef/20230629T142719_20230629T143340_T20LNR__S1A_IW_GRDH_1SDV_20230626T094939_20230626T095004_049155_05E932_87DB
[ok joint] fid=351 bef -> 2 new .npy in /share/castor/home/e2406749/tropical_forest_disturbance/embeddings/joint/fid_351/bef/20230818T142719_20230818T143227_T20LNR__S1A_IW_GRDH_1SDV_20230813T094942_20230813T095007_049855_05FF04_F481
[ok joint] fid=5 bef -> 2 new .npy in /share/castor/home/e2406749/tropical_forest_disturbance/embeddings/joint/fid_5/bef/20230724T142721_20230724T142717_T20LNR__S1A_IW_GRDH_1SDV_20230720T094915_20230720T094940_049505_05F3ED_2372
[ok joint] fid=10 evt -> 2 new .npy in /share/castor/home/e2406749/tropical_forest_disturbance/embeddings/joint/fid_10/evt/20230927T142719_20230927T142849_T20LNR__S1A_IW_GRDH_1SDV_20230930T094944_20230930T095009_050555_0616E4_8B83
[ok joint] fid=19 bef -> 9 new .npy in /share/castor/home/e2406749/tropical_forest_disturbance/embeddings/joint/fid_19/bef/20230724T142721_20230724T142717_T20LNR__S1A_IW_GRDH_1SDV_20230720T094940_20230720T095005_049505_05F3ED_61B1
[ok joint] fid=32 bef -> 3 new .npy in /share/castor/home/e2406749/tropical_forest_disturbance/embeddings/joint/fid_32/bef/20230818T142719_20230818T143227_T20LNR__S1A_IW_GRDH_1SDV_20230813T094942_20230813T095007_049855_05FF04_F481
[ok joint] fid=62 bef -> 13 new .npy in /share/castor/home/e2406749/tropical_forest_disturbance/embeddings/joint/fid_62/bef/20230629T142719_20230629T143340_T20LNR__S1A_IW_GRDH_1SDV_20230626T094939_20230626T095004_049155_05E932_87DB
[ok joint] fid=62 bef -> 13 new .npy in /share/castor/home/e2406749/tropical_forest_disturbance/embeddings/joint/fid_62/bef/20230619T142719_20230619T142934_T20LNR__S1A_IW_GRDH_1SDV_20230614T094938_20230614T095003_048980_05E3E7_B37E
[ok joint] fid=35 bef -> 2 new .npy in /share/castor/home/e2406749/tropical_forest_disturbance/embeddings/joint/fid_35/bef/20230525T142721_20230525T142853_T20LNR__S1A_IW_GRDH_1SDV_20230521T094937_20230521T095002_048630_05D957_8119
[ok joint] fid=37 aft -> 6 new .npy in /share/castor/home/e2406749/tropical_forest_disturbance/embeddings/joint/fid_37/aft/20231111T142711_20231111T142711_T20LNR__S1A_IW_GRDH_1SDV_20231117T094943_20231117T095008_051255_062EE9_3725
[ok joint] fid=39 bef -> 2 new .npy in /share/castor/home/e2406749/tropical_forest_disturbance/embeddings/joint/fid_39/bef/20230525T142721_20230525T142853_T20LNR__S1A_IW_GRDH_1SDV_20230521T094937_20230521T095002_048630_05D957_8119
[ok joint] fid=39 bef -> 2 new .npy in /share/castor/home/e2406749/tropical_forest_disturbance/embeddings/joint/fid_39/bef/20231007T142709_20231007T142929_T20LNR__S1A_IW_GRDH_1SDV_20231012T094943_20231012T095008_050730_061CE6_B0FB
[ok joint] fid=43 bef -> 4 new .npy in /share/castor/home/e2406749/tropical_forest_disturbance/embeddings/joint/fid_43/bef/20230927T142719_20230927T142849_T20LNR__S1A_IW_GRDH_1SDV_20230930T094944_20230930T095009_050555_0616E4_8B83

[done] 3590 unique (fid, window, S2, S1) pairs processed in 6.5 min
Fin: ven. 26 juin 2026 11:13:31 CEST
