2026-06-23 15:53:44,087 [INFO] Parsing CSVs from: /share/castor/home/e2406749/tropical_forest_disturbance/data_csv
2026-06-23 15:53:44,087 [INFO] Tile size: 120x120 px (1200 m footprint)
2026-06-23 15:53:44,088 [INFO] Output base: /share/home/e2406749/thesis_tiles_120px
2026-06-23 15:53:44,088 [INFO] Products: ['s2_l2a', 's1_grd']
2026-06-23 15:53:44,120 [INFO] Parsed v1_images_s2_s1.csv: 389 rows
2026-06-23 15:53:44,134 [INFO] Parsed v2_images_s2_s1.csv: 389 rows
2026-06-23 15:53:44,147 [INFO] Parsed v3_images_s2_s1.csv: 389 rows
2026-06-23 15:53:44,149 [INFO] Merged: 389 FIDs, 12856 unique (fid, image, window) pairs
2026-06-23 15:53:44,149 [INFO] Launching 6 parallel workers for 389 FIDs
2026-06-23 15:53:44,150 [INFO]   Worker 0: 65 FIDs
2026-06-23 15:53:44,150 [INFO]   Worker 1: 65 FIDs
2026-06-23 15:53:44,150 [INFO]   Worker 2: 65 FIDs
2026-06-23 15:53:44,150 [INFO]   Worker 3: 65 FIDs
2026-06-23 15:53:44,150 [INFO]   Worker 4: 65 FIDs
2026-06-23 15:53:44,150 [INFO]   Worker 5: 64 FIDs
2026-06-23 15:53:44,183 [INFO] Worker 0: starting with 65 FIDs, products: ['s2_l2a', 's1_grd'], tile_size: 120px
2026-06-23 15:53:44,183 [INFO] Worker 1: starting with 65 FIDs, products: ['s2_l2a', 's1_grd'], tile_size: 120px
2026-06-23 15:53:44,183 [INFO] Worker 2: starting with 65 FIDs, products: ['s2_l2a', 's1_grd'], tile_size: 120px
2026-06-23 15:53:44,183 [INFO] Worker 3: starting with 65 FIDs, products: ['s2_l2a', 's1_grd'], tile_size: 120px
2026-06-23 15:53:44,185 [INFO] Worker 4: starting with 65 FIDs, products: ['s2_l2a', 's1_grd'], tile_size: 120px
2026-06-23 15:53:44,187 [INFO] Worker 5: starting with 64 FIDs, products: ['s2_l2a', 's1_grd'], tile_size: 120px
2026-06-23 15:53:45,498 [INFO] Worker 2: FID 267 (1/65)
2026-06-23 15:53:45,502 [INFO] Worker 3: FID 141 (1/65)
2026-06-23 15:53:45,518 [INFO] Worker 1: FID 90 (1/65)
2026-06-23 15:53:45,542 [INFO] Worker 5: FID 268 (1/64)
2026-06-23 15:53:45,550 [INFO] Worker 0: FID 140 (1/65)
2026-06-23 15:53:45,579 [INFO] Worker 4: FID 91 (1/65)
2026-06-23 15:54:03,380 [INFO] Worker 1: FID 90 done, 14 downloads
2026-06-23 15:54:03,381 [INFO] Worker 1: FID 270 (2/65)
2026-06-23 15:54:05,479 [INFO] Worker 2: FID 267 done, 16 downloads
2026-06-23 15:54:05,481 [INFO] Worker 2: FID 217 (2/65)
2026-06-23 15:54:10,079 [INFO] Worker 4: FID 91 done, 21 downloads
2026-06-23 15:54:10,086 [INFO] Worker 4: FID 93 (2/65)
2026-06-23 15:54:10,997 [INFO] Worker 1: FID 270 done, 7 downloads
2026-06-23 15:54:10,998 [INFO] Worker 1: FID 144 (3/65)
2026-06-23 15:54:11,155 [INFO] Worker 3: FID 141 done, 21 downloads
2026-06-23 15:54:11,156 [INFO] Worker 3: FID 215 (2/65)
2026-06-23 15:54:13,221 [INFO] Worker 0: FID 140 done, 24 downloads
2026-06-23 15:54:13,222 [INFO] Worker 0: FID 269 (2/65)
2026-06-23 15:54:14,205 [INFO] Worker 5: FID 268 done, 24 downloads
2026-06-23 15:54:14,207 [INFO] Worker 5: FID 95 (2/64)
2026-06-23 15:54:21,535 [INFO] Worker 1: FID 144 done, 6 downloads
2026-06-23 15:54:21,537 [INFO] Worker 1: FID 275 (4/65)
2026-06-23 15:54:26,865 [INFO] Worker 3: FID 215 done, 14 downloads
2026-06-23 15:54:26,867 [INFO] Worker 3: FID 271 (3/65)
2026-06-23 15:54:28,770 [INFO] Worker 5: FID 95 done, 12 downloads
2026-06-23 15:54:28,771 [INFO] Worker 5: FID 266 (3/64)
2026-06-23 15:54:29,657 [INFO] Worker 0: FID 269 done, 14 downloads
2026-06-23 15:54:29,658 [INFO] Worker 0: FID 143 (3/65)
2026-06-23 15:54:31,084 [INFO] Worker 4: FID 93 done, 18 downloads
2026-06-23 15:54:31,086 [INFO] Worker 4: FID 142 (3/65)
2026-06-23 15:54:44,293 [INFO] Worker 0: FID 143 done, 14 downloads
2026-06-23 15:54:44,294 [INFO] Worker 0: FID 272 (4/65)
2026-06-23 15:54:46,208 [INFO] Worker 4: FID 142 done, 14 downloads
2026-06-23 15:54:46,209 [INFO] Worker 4: FID 200 (4/65)
2026-06-23 15:54:47,262 [INFO] Worker 2: FID 217 done, 35 downloads
2026-06-23 15:54:47,263 [INFO] Worker 2: FID 146 (3/65)
2026-06-23 15:54:52,851 [INFO] Worker 0: FID 272 done, 7 downloads
2026-06-23 15:54:52,852 [INFO] Worker 0: FID 53 (5/65)
2026-06-23 15:54:54,196 [INFO] Worker 1: FID 275 done, 28 downloads
2026-06-23 15:54:54,198 [INFO] Worker 1: FID 381 (5/65)
2026-06-23 15:54:56,388 [INFO] Worker 2: FID 146 done, 6 downloads
2026-06-23 15:54:56,390 [INFO] Worker 2: FID 276 (4/65)
2026-06-23 15:55:01,248 [INFO] Worker 3: FID 271 done, 32 downloads
2026-06-23 15:55:01,250 [INFO] Worker 3: FID 127 (4/65)
2026-06-23 15:55:17,996 [INFO] Worker 2: FID 276 done, 20 downloads
2026-06-23 15:55:17,997 [INFO] Worker 2: FID 1 (5/65)
2026-06-23 15:55:32,010 [INFO] Worker 4: FID 200 done, 31 downloads
2026-06-23 15:55:32,012 [INFO] Worker 4: FID 7 (5/65)
2026-06-23 15:55:32,114 [INFO] Worker 3: FID 127 done, 28 downloads
2026-06-23 15:55:32,115 [INFO] Worker 3: FID 6 (5/65)
2026-06-23 15:55:37,525 [INFO] Worker 5: FID 266 done, 56 downloads
2026-06-23 15:55:37,526 [INFO] Worker 5: FID 205 (4/64)
2026-06-23 15:56:19,289 [INFO] Worker 5: FID 205 done, 31 downloads
2026-06-23 15:56:19,734 [INFO] Worker 5: FID 353 (5/64)
2026-06-23 15:56:56,943 [INFO] Worker 2: FID 1 done, 82 downloads
2026-06-23 15:56:56,944 [INFO] Worker 2: FID 15 (6/65)
2026-06-23 15:57:18,195 [INFO] Worker 4: FID 7 done, 86 downloads
2026-06-23 15:57:18,197 [INFO] Worker 4: FID 17 (6/65)
2026-06-23 15:57:25,454 [INFO] Worker 0: FID 53 done, 136 downloads
2026-06-23 15:57:25,455 [INFO] Worker 0: FID 355 (6/65)
2026-06-23 15:58:00,538 [INFO] Worker 3: FID 6 done, 123 downloads
2026-06-23 15:58:00,540 [INFO] Worker 3: FID 16 (6/65)
2026-06-23 15:58:08,386 [INFO] Worker 1: FID 381 done, 164 downloads
2026-06-23 15:58:08,387 [INFO] Worker 1: FID 14 (6/65)
2026-06-23 15:58:39,386 [INFO] Worker 5: FID 353 done, 120 downloads
2026-06-23 15:58:39,388 [INFO] Worker 5: FID 18 (6/64)
2026-06-23 15:58:45,576 [INFO] Worker 2: FID 15 done, 90 downloads
2026-06-23 15:58:45,579 [INFO] Worker 2: FID 32 (7/65)
2026-06-23 15:59:08,386 [INFO] Worker 1: FID 14 done, 46 downloads
2026-06-23 15:59:08,388 [INFO] Worker 1: FID 30 (7/65)
2026-06-23 15:59:24,011 [INFO] Worker 0: FID 355 done, 88 downloads
2026-06-23 15:59:24,012 [INFO] Worker 0: FID 19 (7/65)
2026-06-23 15:59:54,488 [WARNING] FID 30: dropped empty tile s1_grd evt S1A_IW_GRDH_1SDV_20231012T094943_20231012T095008_050730_061CE6_B0FB tile_0
2026-06-23 15:59:56,138 [WARNING] FID 30: dropped empty tile s1_grd evt S1A_IW_GRDH_1SDV_20231024T094944_20231024T095009_050905_0622DD_C0B7 tile_0
2026-06-23 15:59:57,759 [WARNING] FID 30: dropped empty tile s1_grd bef S1A_IW_GRDH_1SDV_20230109T094936_20230109T095001_046705_05993A_763B tile_0
2026-06-23 15:59:59,330 [WARNING] FID 30: dropped empty tile s1_grd bef S1A_IW_GRDH_1SDV_20230121T094935_20230121T095000_046880_059F24_7A3A tile_0
2026-06-23 16:00:01,116 [WARNING] FID 30: dropped empty tile s1_grd bef S1A_IW_GRDH_1SDV_20230214T094935_20230214T095000_047230_05AAD4_443E tile_0
2026-06-23 16:00:02,785 [WARNING] FID 30: dropped empty tile s1_grd bef S1A_IW_GRDH_1SDV_20230226T094935_20230226T095000_047405_05B0D3_E8BA tile_0
2026-06-23 16:00:04,266 [WARNING] FID 30: dropped empty tile s1_grd bef S1A_IW_GRDH_1SDV_20230310T094935_20230310T095000_047580_05B6BD_B228 tile_0
2026-06-23 16:00:05,936 [WARNING] FID 30: dropped empty tile s1_grd bef S1A_IW_GRDH_1SDV_20230322T094935_20230322T095000_047755_05BCAD_A5E4 tile_0
2026-06-23 16:00:07,472 [WARNING] FID 30: dropped empty tile s1_grd bef S1A_IW_GRDH_1SDV_20230415T094936_20230415T095001_048105_05C876_7D01 tile_0
2026-06-23 16:00:09,139 [WARNING] FID 30: dropped empty tile s1_grd bef S1A_IW_GRDH_1SDV_20230427T094936_20230427T095001_048280_05CE51_C3AC tile_0
2026-06-23 16:00:12,804 [WARNING] FID 30: dropped empty tile s1_grd bef S1A_IW_GRDH_1SDV_20230509T094937_20230509T095002_048455_05D42C_4A7D tile_0
2026-06-23 16:00:15,033 [WARNING] FID 30: dropped empty tile s1_grd bef S1A_IW_GRDH_1SDV_20230521T094937_20230521T095002_048630_05D957_8119 tile_0
2026-06-23 16:00:17,544 [WARNING] FID 30: dropped empty tile s1_grd bef S1A_IW_GRDH_1SDV_20230602T094938_20230602T095003_048805_05DE8B_61F1 tile_0
2026-06-23 16:00:19,219 [WARNING] FID 30: dropped empty tile s1_grd bef S1A_IW_GRDH_1SDV_20230614T094938_20230614T095003_048980_05E3E7_B37E tile_0
2026-06-23 16:00:20,679 [INFO] Worker 5: FID 18 done, 94 downloads
2026-06-23 16:00:20,681 [INFO] Worker 5: FID 42 (7/64)
2026-06-23 16:00:20,958 [WARNING] FID 30: dropped empty tile s1_grd bef S1A_IW_GRDH_1SDV_20230626T094939_20230626T095004_049155_05E932_87DB tile_0
2026-06-23 16:00:22,839 [WARNING] FID 30: dropped empty tile s1_grd bef S1A_IW_GRDH_1SDV_20230708T094940_20230708T095005_049330_05EE9A_BD21 tile_0
2026-06-23 16:00:24,541 [WARNING] FID 30: dropped empty tile s1_grd bef S1A_IW_GRDH_1SDV_20230720T094940_20230720T095005_049505_05F3ED_61B1 tile_0
2026-06-23 16:00:26,605 [WARNING] FID 30: dropped empty tile s1_grd bef S1A_IW_GRDH_1SDV_20230801T094941_20230801T095006_049680_05F959_7E64 tile_0
2026-06-23 16:00:28,382 [WARNING] FID 30: dropped empty tile s1_grd bef S1A_IW_GRDH_1SDV_20230813T094942_20230813T095007_049855_05FF04_F481 tile_0
2026-06-23 16:00:29,969 [WARNING] FID 30: dropped empty tile s1_grd bef S1A_IW_GRDH_1SDV_20230825T094943_20230825T095008_050030_0604F6_5B1D tile_0
2026-06-23 16:00:31,943 [WARNING] FID 30: dropped empty tile s1_grd bef S1A_IW_GRDH_1SDV_20230906T094943_20230906T095008_050205_060AF4_E713 tile_0
2026-06-23 16:00:33,644 [WARNING] FID 30: dropped empty tile s1_grd bef S1A_IW_GRDH_1SDV_20230930T094944_20230930T095009_050555_0616E4_8B83 tile_0
2026-06-23 16:00:35,591 [WARNING] FID 30: dropped empty tile s1_grd aft S1A_IW_GRDH_1SDV_20231105T094944_20231105T095009_051080_0628DA_EC5A tile_0
2026-06-23 16:00:35,591 [INFO] Worker 1: FID 30 done, 47 downloads
2026-06-23 16:00:35,593 [INFO] Worker 1: FID 44 (8/65)
2026-06-23 16:00:37,681 [INFO] Worker 3: FID 16 done, 141 downloads
2026-06-23 16:00:37,683 [INFO] Worker 3: FID 40 (7/65)
2026-06-23 16:00:49,577 [INFO] Worker 4: FID 17 done, 168 downloads
2026-06-23 16:00:49,579 [INFO] Worker 4: FID 41 (7/65)
2026-06-23 16:01:28,984 [INFO] Worker 5: FID 42 done, 50 downloads
2026-06-23 16:01:28,985 [INFO] Worker 5: FID 216 (8/64)
2026-06-23 16:01:35,873 [INFO] Worker 2: FID 32 done, 138 downloads
2026-06-23 16:01:35,875 [INFO] Worker 2: FID 273 (8/65)
2026-06-23 16:01:58,553 [INFO] Worker 2: FID 273 done, 18 downloads
2026-06-23 16:01:58,554 [INFO] Worker 2: FID 222 (9/65)
2026-06-23 16:02:00,013 [INFO] Worker 5: FID 216 done, 28 downloads
2026-06-23 16:02:00,014 [INFO] Worker 5: FID 164 (9/64)
2026-06-23 16:02:14,188 [INFO] Worker 2: FID 222 done, 13 downloads
2026-06-23 16:02:14,190 [INFO] Worker 2: FID 82 (10/65)
2026-06-23 16:02:21,464 [WARNING] FID 40: dropped empty tile s1_grd evt S1A_IW_GRDH_1SDV_20231117T094918_20231117T094943_051255_062EE9_CAEE tile_0
2026-06-23 16:02:25,427 [WARNING] FID 40: dropped empty tile s1_grd bef S1A_IW_GRDH_1SDV_20230109T094911_20230109T094936_046705_05993A_671C tile_0
2026-06-23 16:02:30,870 [WARNING] FID 40: dropped empty tile s1_grd bef S1A_IW_GRDH_1SDV_20230109T094936_20230109T095001_046705_05993A_763B tile_1
2026-06-23 16:02:31,390 [WARNING] FID 40: dropped empty tile s1_grd bef S1A_IW_GRDH_1SDV_20230109T094936_20230109T095001_046705_05993A_763B tile_2
2026-06-23 16:02:31,906 [WARNING] FID 40: dropped empty tile s1_grd bef S1A_IW_GRDH_1SDV_20230109T094936_20230109T095001_046705_05993A_763B tile_3
2026-06-23 16:02:32,523 [WARNING] FID 40: dropped empty tile s1_grd bef S1A_IW_GRDH_1SDV_20230121T094910_20230121T094935_046880_059F24_ED7C tile_0
2026-06-23 16:02:37,019 [WARNING] FID 40: dropped empty tile s1_grd bef S1A_IW_GRDH_1SDV_20230121T094935_20230121T095000_046880_059F24_7A3A tile_1
2026-06-23 16:02:37,531 [WARNING] FID 40: dropped empty tile s1_grd bef S1A_IW_GRDH_1SDV_20230121T094935_20230121T095000_046880_059F24_7A3A tile_2
2026-06-23 16:02:38,001 [WARNING] FID 40: dropped empty tile s1_grd bef S1A_IW_GRDH_1SDV_20230121T094935_20230121T095000_046880_059F24_7A3A tile_3
2026-06-23 16:02:38,535 [WARNING] FID 40: dropped empty tile s1_grd bef S1A_IW_GRDH_1SDV_20230214T094910_20230214T094935_047230_05AAD4_E27D tile_0
2026-06-23 16:02:39,448 [INFO] Worker 5: FID 164 done, 34 downloads
2026-06-23 16:02:39,449 [INFO] Worker 5: FID 23 (10/64)
2026-06-23 16:02:43,249 [WARNING] FID 40: dropped empty tile s1_grd bef S1A_IW_GRDH_1SDV_20230214T094935_20230214T095000_047230_05AAD4_443E tile_1
2026-06-23 16:02:43,735 [WARNING] FID 40: dropped empty tile s1_grd bef S1A_IW_GRDH_1SDV_20230214T094935_20230214T095000_047230_05AAD4_443E tile_2
2026-06-23 16:02:44,396 [WARNING] FID 40: dropped empty tile s1_grd bef S1A_IW_GRDH_1SDV_20230214T094935_20230214T095000_047230_05AAD4_443E tile_3
2026-06-23 16:02:44,948 [WARNING] FID 40: dropped empty tile s1_grd bef S1A_IW_GRDH_1SDV_20230226T094910_20230226T094935_047405_05B0D3_9DE4 tile_0
2026-06-23 16:02:49,889 [WARNING] FID 40: dropped empty tile s1_grd bef S1A_IW_GRDH_1SDV_20230226T094935_20230226T095000_047405_05B0D3_E8BA tile_1
2026-06-23 16:02:50,464 [WARNING] FID 40: dropped empty tile s1_grd bef S1A_IW_GRDH_1SDV_20230226T094935_20230226T095000_047405_05B0D3_E8BA tile_2
2026-06-23 16:02:50,944 [WARNING] FID 40: dropped empty tile s1_grd bef S1A_IW_GRDH_1SDV_20230226T094935_20230226T095000_047405_05B0D3_E8BA tile_3
2026-06-23 16:02:52,648 [WARNING] FID 40: dropped empty tile s1_grd bef S1A_IW_GRDH_1SDV_20230310T094910_20230310T094935_047580_05B6BD_2426 tile_0
2026-06-23 16:02:57,801 [WARNING] FID 40: dropped empty tile s1_grd bef S1A_IW_GRDH_1SDV_20230310T094935_20230310T095000_047580_05B6BD_B228 tile_1
2026-06-23 16:02:58,348 [WARNING] FID 40: dropped empty tile s1_grd bef S1A_IW_GRDH_1SDV_20230310T094935_20230310T095000_047580_05B6BD_B228 tile_2
2026-06-23 16:02:58,861 [WARNING] FID 40: dropped empty tile s1_grd bef S1A_IW_GRDH_1SDV_20230310T094935_20230310T095000_047580_05B6BD_B228 tile_3
2026-06-23 16:02:59,435 [WARNING] FID 40: dropped empty tile s1_grd bef S1A_IW_GRDH_1SDV_20230322T094910_20230322T094935_047755_05BCAD_F524 tile_0
2026-06-23 16:03:06,537 [WARNING] FID 40: dropped empty tile s1_grd bef S1A_IW_GRDH_1SDV_20230322T094935_20230322T095000_047755_05BCAD_A5E4 tile_1
2026-06-23 16:03:06,692 [INFO] Worker 1: FID 44 done, 114 downloads
2026-06-23 16:03:06,694 [INFO] Worker 1: FID 218 (9/65)
2026-06-23 16:03:07,050 [WARNING] FID 40: dropped empty tile s1_grd bef S1A_IW_GRDH_1SDV_20230322T094935_20230322T095000_047755_05BCAD_A5E4 tile_2
2026-06-23 16:03:07,532 [WARNING] FID 40: dropped empty tile s1_grd bef S1A_IW_GRDH_1SDV_20230322T094935_20230322T095000_047755_05BCAD_A5E4 tile_3
2026-06-23 16:03:08,082 [WARNING] FID 40: dropped empty tile s1_grd bef S1A_IW_GRDH_1SDV_20230415T094911_20230415T094936_048105_05C876_50BE tile_0
2026-06-23 16:03:13,258 [WARNING] FID 40: dropped empty tile s1_grd bef S1A_IW_GRDH_1SDV_20230427T094911_20230427T094936_048280_05CE51_9F1D tile_0
2026-06-23 16:03:13,666 [INFO] Worker 1: FID 218 done, 6 downloads
2026-06-23 16:03:13,668 [INFO] Worker 1: FID 49 (10/65)
2026-06-23 16:03:16,427 [INFO] Worker 4: FID 41 done, 129 downloads
2026-06-23 16:03:16,429 [INFO] Worker 4: FID 94 (8/65)
2026-06-23 16:03:17,600 [WARNING] FID 40: dropped empty tile s1_grd bef S1A_IW_GRDH_1SDV_20230427T094936_20230427T095001_048280_05CE51_C3AC tile_1
2026-06-23 16:03:18,086 [WARNING] FID 40: dropped empty tile s1_grd bef S1A_IW_GRDH_1SDV_20230427T094936_20230427T095001_048280_05CE51_C3AC tile_2
2026-06-23 16:03:18,552 [WARNING] FID 40: dropped empty tile s1_grd bef S1A_IW_GRDH_1SDV_20230427T094936_20230427T095001_048280_05CE51_C3AC tile_3
2026-06-23 16:03:19,329 [WARNING] FID 40: dropped empty tile s1_grd bef S1A_IW_GRDH_1SDV_20230509T094912_20230509T094937_048455_05D42C_BB80 tile_0
2026-06-23 16:03:25,143 [WARNING] FID 40: dropped empty tile s1_grd bef S1A_IW_GRDH_1SDV_20230521T094912_20230521T094937_048630_05D957_8539 tile_0
2026-06-23 16:03:29,491 [WARNING] FID 40: dropped empty tile s1_grd bef S1A_IW_GRDH_1SDV_20230602T094913_20230602T094938_048805_05DE8B_7193 tile_0
2026-06-23 16:03:33,983 [WARNING] FID 40: dropped empty tile s1_grd bef S1A_IW_GRDH_1SDV_20230614T094913_20230614T094938_048980_05E3E7_6485 tile_0
2026-06-23 16:03:35,970 [INFO] Worker 5: FID 23 done, 47 downloads
2026-06-23 16:03:35,972 [INFO] Worker 5: FID 148 (11/64)
2026-06-23 16:03:37,703 [WARNING] FID 40: dropped empty tile s1_grd bef S1A_IW_GRDH_1SDV_20230626T094914_20230626T094939_049155_05E932_8E24 tile_0
2026-06-23 16:03:44,770 [WARNING] FID 40: dropped empty tile s1_grd bef S1A_IW_GRDH_1SDV_20230626T094939_20230626T095004_049155_05E932_87DB tile_1
2026-06-23 16:03:45,266 [WARNING] FID 40: dropped empty tile s1_grd bef S1A_IW_GRDH_1SDV_20230626T094939_20230626T095004_049155_05E932_87DB tile_2
2026-06-23 16:03:45,779 [WARNING] FID 40: dropped empty tile s1_grd bef S1A_IW_GRDH_1SDV_20230626T094939_20230626T095004_049155_05E932_87DB tile_3
2026-06-23 16:03:46,433 [WARNING] FID 40: dropped empty tile s1_grd bef S1A_IW_GRDH_1SDV_20230708T094915_20230708T094940_049330_05EE9A_201B tile_0
2026-06-23 16:03:47,563 [INFO] Worker 4: FID 94 done, 12 downloads
2026-06-23 16:03:47,564 [INFO] Worker 4: FID 221 (9/65)
2026-06-23 16:03:49,832 [WARNING] FID 40: dropped empty tile s1_grd bef S1A_IW_GRDH_1SDV_20230720T094915_20230720T094940_049505_05F3ED_2372 tile_0
2026-06-23 16:03:53,060 [INFO] Worker 2: FID 82 done, 78 downloads
2026-06-23 16:03:53,062 [INFO] Worker 2: FID 334 (11/65)
2026-06-23 16:03:54,588 [WARNING] FID 40: dropped empty tile s1_grd bef S1A_IW_GRDH_1SDV_20230720T094940_20230720T095005_049505_05F3ED_61B1 tile_1
2026-06-23 16:03:55,134 [WARNING] FID 40: dropped empty tile s1_grd bef S1A_IW_GRDH_1SDV_20230720T094940_20230720T095005_049505_05F3ED_61B1 tile_2
2026-06-23 16:03:55,609 [WARNING] FID 40: dropped empty tile s1_grd bef S1A_IW_GRDH_1SDV_20230720T094940_20230720T095005_049505_05F3ED_61B1 tile_3
2026-06-23 16:03:59,435 [WARNING] FID 40: dropped empty tile s1_grd bef S1A_IW_GRDH_1SDV_20230801T094916_20230801T094941_049680_05F959_E6F2 tile_0
2026-06-23 16:04:03,706 [WARNING] FID 40: dropped empty tile s1_grd bef S1A_IW_GRDH_1SDV_20230813T094917_20230813T094942_049855_05FF04_E952 tile_0
2026-06-23 16:04:08,538 [WARNING] FID 40: dropped empty tile s1_grd bef S1A_IW_GRDH_1SDV_20230813T094942_20230813T095007_049855_05FF04_F481 tile_1
2026-06-23 16:04:09,087 [WARNING] FID 40: dropped empty tile s1_grd bef S1A_IW_GRDH_1SDV_20230813T094942_20230813T095007_049855_05FF04_F481 tile_2
2026-06-23 16:04:09,619 [WARNING] FID 40: dropped empty tile s1_grd bef S1A_IW_GRDH_1SDV_20230813T094942_20230813T095007_049855_05FF04_F481 tile_3
2026-06-23 16:04:10,219 [WARNING] FID 40: dropped empty tile s1_grd bef S1A_IW_GRDH_1SDV_20230825T094918_20230825T094943_050030_0604F6_59F6 tile_0
2026-06-23 16:04:13,877 [WARNING] FID 40: dropped empty tile s1_grd bef S1A_IW_GRDH_1SDV_20230906T094918_20230906T094943_050205_060AF4_C05C tile_0
2026-06-23 16:04:18,004 [WARNING] FID 40: dropped empty tile s1_grd bef S1A_IW_GRDH_1SDV_20230930T094919_20230930T094944_050555_0616E4_C554 tile_0
2026-06-23 16:04:20,421 [INFO] Worker 5: FID 148 done, 36 downloads
2026-06-23 16:04:20,423 [INFO] Worker 5: FID 228 (12/64)
2026-06-23 16:04:21,528 [WARNING] FID 40: dropped empty tile s1_grd bef S1A_IW_GRDH_1SDV_20231012T094918_20231012T094943_050730_061CE6_51C0 tile_0
2026-06-23 16:04:26,081 [WARNING] FID 40: dropped empty tile s1_grd bef S1A_IW_GRDH_1SDV_20231012T094943_20231012T095008_050730_061CE6_B0FB tile_1
2026-06-23 16:04:26,660 [WARNING] FID 40: dropped empty tile s1_grd bef S1A_IW_GRDH_1SDV_20231012T094943_20231012T095008_050730_061CE6_B0FB tile_2
2026-06-23 16:04:27,190 [WARNING] FID 40: dropped empty tile s1_grd bef S1A_IW_GRDH_1SDV_20231012T094943_20231012T095008_050730_061CE6_B0FB tile_3
2026-06-23 16:04:27,950 [WARNING] FID 40: dropped empty tile s1_grd bef S1A_IW_GRDH_1SDV_20231024T094919_20231024T094944_050905_0622DD_B043 tile_0
2026-06-23 16:04:31,751 [WARNING] FID 40: dropped empty tile s1_grd bef S1A_IW_GRDH_1SDV_20231105T094919_20231105T094944_051080_0628DA_17D8 tile_0
2026-06-23 16:04:35,587 [WARNING] FID 40: dropped empty tile s1_grd aft S1A_IW_GRDH_1SDV_20231129T094918_20231129T094943_051430_0634F3_324D tile_0
2026-06-23 16:04:40,406 [WARNING] FID 40: dropped empty tile s1_grd aft S1A_IW_GRDH_1SDV_20231129T094943_20231129T095008_051430_0634F3_73EE tile_1
2026-06-23 16:04:40,916 [WARNING] FID 40: dropped empty tile s1_grd aft S1A_IW_GRDH_1SDV_20231129T094943_20231129T095008_051430_0634F3_73EE tile_2
2026-06-23 16:04:41,607 [WARNING] FID 40: dropped empty tile s1_grd aft S1A_IW_GRDH_1SDV_20231129T094943_20231129T095008_051430_0634F3_73EE tile_3
2026-06-23 16:04:41,607 [INFO] Worker 3: FID 40 done, 175 downloads
2026-06-23 16:04:41,610 [INFO] Worker 3: FID 274 (8/65)
2026-06-23 16:04:47,519 [INFO] Worker 1: FID 49 done, 80 downloads
2026-06-23 16:04:47,521 [INFO] Worker 1: FID 27 (11/65)
2026-06-23 16:04:47,791 [INFO] Worker 4: FID 221 done, 40 downloads
2026-06-23 16:04:47,793 [INFO] Worker 4: FID 22 (10/65)
2026-06-23 16:04:57,735 [INFO] Worker 2: FID 334 done, 44 downloads
2026-06-23 16:04:57,737 [INFO] Worker 2: FID 226 (12/65)
2026-06-23 16:05:09,669 [INFO] Worker 3: FID 274 done, 20 downloads
2026-06-23 16:05:09,671 [INFO] Worker 3: FID 150 (9/65)
2026-06-23 16:05:10,194 [INFO] Worker 5: FID 228 done, 45 downloads
2026-06-23 16:05:10,196 [INFO] Worker 5: FID 260 (13/64)
2026-06-23 16:05:43,664 [INFO] Worker 2: FID 226 done, 30 downloads
2026-06-23 16:05:43,666 [INFO] Worker 2: FID 201 (13/65)
2026-06-23 16:06:03,559 [INFO] Worker 3: FID 150 done, 44 downloads
2026-06-23 16:06:03,562 [INFO] Worker 3: FID 84 (10/65)
2026-06-23 16:06:47,122 [INFO] Worker 2: FID 201 done, 35 downloads
2026-06-23 16:06:47,125 [INFO] Worker 2: FID 45 (14/65)
2026-06-23 16:06:51,580 [INFO] Worker 4: FID 22 done, 94 downloads
2026-06-23 16:06:51,582 [INFO] Worker 4: FID 242 (11/65)
2026-06-23 16:06:55,191 [INFO] Worker 0: FID 19 done, 387 downloads
2026-06-23 16:06:55,193 [INFO] Worker 0: FID 43 (8/65)
2026-06-23 16:07:05,929 [INFO] Worker 4: FID 242 done, 12 downloads
2026-06-23 16:07:05,931 [INFO] Worker 4: FID 159 (12/65)
2026-06-23 16:07:57,465 [WARNING] Sleeping 0.89 seconds before retry 1 of 5 for request: POST https://earthengine.googleapis.com/v1/projects/zinc-wares-316319/image:computePixels?, after 502
2026-06-23 16:08:04,454 [INFO] Worker 3: FID 84 done, 111 downloads
2026-06-23 16:08:04,456 [INFO] Worker 3: FID 219 (11/65)
2026-06-23 16:08:31,704 [INFO] Worker 2: FID 45 done, 74 downloads
2026-06-23 16:08:31,706 [INFO] Worker 2: FID 68 (15/65)
2026-06-23 16:08:32,713 [INFO] Worker 3: FID 219 done, 24 downloads
2026-06-23 16:08:32,716 [INFO] Worker 1: FID 27 done, 188 downloads
2026-06-23 16:08:32,717 [INFO] Worker 3: FID 278 (12/65)
2026-06-23 16:08:32,719 [INFO] Worker 1: FID 98 (12/65)
2026-06-23 16:08:40,821 [INFO] Worker 4: FID 159 done, 65 downloads
2026-06-23 16:08:40,824 [INFO] Worker 4: FID 317 (13/65)
2026-06-23 16:09:04,121 [INFO] Worker 1: FID 98 done, 30 downloads
2026-06-23 16:09:04,123 [INFO] Worker 1: FID 313 (13/65)
2026-06-23 16:09:14,383 [INFO] Worker 3: FID 278 done, 14 downloads
2026-06-23 16:09:14,385 [INFO] Worker 3: FID 316 (13/65)
2026-06-23 16:10:40,450 [WARNING] Sleeping 1.37 seconds before retry 1 of 5 for request: POST https://earthengine.googleapis.com/v1/projects/zinc-wares-316319/image:computePixels?, after 502
2026-06-23 16:10:40,450 [WARNING] Sleeping 0.51 seconds before retry 1 of 5 for request: POST https://earthengine.googleapis.com/v1/projects/zinc-wares-316319/image:computePixels?, after 502
2026-06-23 16:10:40,456 [WARNING] Sleeping 1.33 seconds before retry 1 of 5 for request: POST https://earthengine.googleapis.com/v1/projects/zinc-wares-316319/image:computePixels?, after 502
2026-06-23 16:11:12,324 [INFO] Worker 3: FID 316 done, 74 downloads
2026-06-23 16:11:12,327 [INFO] Worker 3: FID 46 (14/65)
2026-06-23 16:11:15,939 [INFO] Worker 4: FID 317 done, 62 downloads
2026-06-23 16:11:15,941 [INFO] Worker 4: FID 47 (14/65)
2026-06-23 16:12:28,075 [WARNING] Sleeping 1.26 seconds before retry 1 of 5 for request: POST https://earthengine.googleapis.com/v1/projects/zinc-wares-316319/image:computePixels?, after 502
2026-06-23 16:13:05,602 [WARNING] Sleeping 0.75 seconds before retry 1 of 5 for request: POST https://earthengine.googleapis.com/v1/projects/zinc-wares-316319/image:computePixels?, after 502
2026-06-23 16:13:36,619 [INFO] Worker 4: FID 47 done, 105 downloads
2026-06-23 16:13:36,622 [INFO] Worker 4: FID 125 (15/65)
2026-06-23 16:13:59,921 [INFO] Worker 1: FID 313 done, 150 downloads
2026-06-23 16:13:59,923 [INFO] Worker 1: FID 135 (14/65)
2026-06-23 16:14:40,357 [INFO] Worker 2: FID 68 done, 82 downloads
2026-06-23 16:14:40,361 [INFO] Worker 2: FID 214 (16/65)
2026-06-23 16:14:46,953 [INFO] Worker 1: FID 135 done, 38 downloads
2026-06-23 16:14:46,955 [INFO] Worker 1: FID 74 (15/65)
2026-06-23 16:15:32,841 [INFO] Worker 0: FID 43 done, 200 downloads
2026-06-23 16:15:32,843 [INFO] Worker 0: FID 145 (9/65)
2026-06-23 16:15:49,293 [INFO] Worker 4: FID 125 done, 78 downloads
2026-06-23 16:15:49,296 [INFO] Worker 4: FID 351 (16/65)
2026-06-23 16:16:42,393 [INFO] Worker 1: FID 74 done, 76 downloads
2026-06-23 16:16:42,395 [INFO] Worker 1: FID 137 (16/65)
2026-06-23 16:17:19,454 [INFO] Worker 5: FID 260 done, 360 downloads
2026-06-23 16:17:19,457 [INFO] Worker 5: FID 263 (14/64)
2026-06-23 16:17:25,164 [INFO] Worker 0: FID 145 done, 32 downloads
2026-06-23 16:17:25,166 [INFO] Worker 0: FID 34 (10/65)
2026-06-23 16:17:37,829 [INFO] Worker 4: FID 351 done, 92 downloads
2026-06-23 16:17:37,832 [INFO] Worker 4: FID 354 (17/65)
2026-06-23 16:20:17,745 [INFO] Worker 4: FID 354 done, 45 downloads
2026-06-23 16:20:17,748 [INFO] Worker 4: FID 62 (18/65)
2026-06-23 16:20:43,286 [INFO] Worker 5: FID 263 done, 38 downloads
2026-06-23 16:20:43,289 [INFO] Worker 5: FID 374 (15/64)
2026-06-23 16:20:57,227 [INFO] Worker 2: FID 214 done, 102 downloads
2026-06-23 16:20:57,230 [INFO] Worker 2: FID 5 (17/65)
2026-06-23 16:21:10,672 [INFO] Worker 0: FID 34 done, 78 downloads
2026-06-23 16:21:10,675 [INFO] Worker 0: FID 24 (11/65)
2026-06-23 16:21:48,518 [INFO] Worker 5: FID 374 done, 46 downloads
2026-06-23 16:21:48,521 [INFO] Worker 5: FID 2 (16/64)
2026-06-23 16:21:52,001 [INFO] Worker 3: FID 46 done, 304 downloads
2026-06-23 16:21:52,004 [INFO] Worker 3: FID 69 (15/65)
2026-06-23 16:22:23,822 [INFO] Worker 0: FID 24 done, 45 downloads
2026-06-23 16:22:23,824 [INFO] Worker 0: FID 220 (12/65)
2026-06-23 16:23:16,349 [INFO] Worker 2: FID 5 done, 92 downloads
2026-06-23 16:23:16,351 [INFO] Worker 2: FID 29 (18/65)
2026-06-23 16:25:37,303 [WARNING] Sleeping 1.92 seconds before retry 1 of 5 for request: POST https://earthengine.googleapis.com/v1/projects/zinc-wares-316319/image:computePixels?, after 502
2026-06-23 16:25:40,546 [INFO] Worker 0: FID 220 done, 36 downloads
2026-06-23 16:25:40,549 [INFO] Worker 0: FID 284 (13/65)
2026-06-23 16:26:08,454 [INFO] Worker 3: FID 69 done, 144 downloads
2026-06-23 16:26:08,459 [INFO] Worker 3: FID 333 (16/65)
2026-06-23 16:26:20,490 [INFO] Worker 0: FID 284 done, 34 downloads
2026-06-23 16:26:20,494 [INFO] Worker 0: FID 209 (14/65)
2026-06-23 16:27:39,806 [INFO] Worker 0: FID 209 done, 66 downloads
2026-06-23 16:27:39,809 [INFO] Worker 0: FID 341 (15/65)
2026-06-23 16:28:00,442 [INFO] Worker 1: FID 137 done, 196 downloads
2026-06-23 16:28:00,445 [INFO] Worker 1: FID 4 (17/65)
2026-06-23 16:28:57,487 [INFO] Worker 3: FID 333 done, 98 downloads
2026-06-23 16:28:57,491 [INFO] Worker 3: FID 8 (17/65)
2026-06-23 16:29:21,911 [INFO] Worker 0: FID 341 done, 78 downloads
2026-06-23 16:29:21,914 [INFO] Worker 0: FID 376 (16/65)
2026-06-23 16:29:39,454 [INFO] Worker 1: FID 4 done, 86 downloads
2026-06-23 16:29:39,457 [INFO] Worker 1: FID 28 (18/65)
2026-06-23 16:30:18,442 [INFO] Worker 2: FID 29 done, 282 downloads
2026-06-23 16:30:18,445 [INFO] Worker 2: FID 151 (19/65)
2026-06-23 16:30:31,298 [INFO] Worker 3: FID 8 done, 86 downloads
2026-06-23 16:30:31,301 [INFO] Worker 3: FID 31 (18/65)
2026-06-23 16:30:45,569 [INFO] Worker 2: FID 151 done, 26 downloads
2026-06-23 16:30:45,573 [INFO] Worker 2: FID 339 (20/65)
2026-06-23 16:30:56,652 [INFO] Worker 0: FID 376 done, 86 downloads
2026-06-23 16:30:56,655 [INFO] Worker 0: FID 3 (17/65)
2026-06-23 16:32:50,619 [INFO] Worker 3: FID 31 done, 90 downloads
2026-06-23 16:32:50,622 [INFO] Worker 3: FID 161 (19/65)
2026-06-23 16:33:05,796 [INFO] Worker 2: FID 339 done, 117 downloads
2026-06-23 16:33:05,799 [INFO] Worker 2: FID 332 (21/65)
2026-06-23 16:33:12,099 [INFO] Worker 4: FID 62 done, 598 downloads
2026-06-23 16:33:12,102 [INFO] Worker 4: FID 167 (19/65)
2026-06-23 16:33:17,811 [INFO] Worker 3: FID 161 done, 21 downloads
2026-06-23 16:33:17,814 [INFO] Worker 3: FID 343 (20/65)
2026-06-23 16:33:22,128 [WARNING] Encountered 403 Forbidden with reason "PERMISSION_DENIED"
2026-06-23 16:33:22,128 [WARNING] GEE error (attempt 1/5): Not signed up for Earth Engine or project is not registered. Visit https://developers.google.com/earth-engine/guides/access
2026-06-23 16:33:30,184 [INFO] Worker 1: FID 28 done, 192 downloads
2026-06-23 16:33:30,187 [INFO] Worker 1: FID 92 (19/65)
2026-06-23 16:34:02,759 [INFO] Worker 1: FID 92 done, 28 downloads
2026-06-23 16:34:02,762 [INFO] Worker 1: FID 325 (20/65)
2026-06-23 16:34:07,814 [WARNING] Encountered 403 Forbidden with reason "PERMISSION_DENIED"
2026-06-23 16:34:07,814 [WARNING] GEE error (attempt 1/5): Not signed up for Earth Engine or project is not registered. Visit https://developers.google.com/earth-engine/guides/access
2026-06-23 16:34:07,888 [INFO] Worker 4: FID 167 done, 54 downloads
2026-06-23 16:34:07,892 [INFO] Worker 4: FID 58 (20/65)
2026-06-23 16:34:32,825 [WARNING] FID 58: dropped empty tile s1_grd evt S1A_IW_GRDH_1SDV_20230906T094943_20230906T095008_050205_060AF4_E713 tile_0
2026-06-23 16:34:34,174 [WARNING] FID 58: dropped empty tile s1_grd bef S1A_IW_GRDH_1SDV_20230109T094936_20230109T095001_046705_05993A_763B tile_0
2026-06-23 16:34:35,735 [WARNING] FID 58: dropped empty tile s1_grd bef S1A_IW_GRDH_1SDV_20230121T094935_20230121T095000_046880_059F24_7A3A tile_0
2026-06-23 16:34:37,163 [WARNING] FID 58: dropped empty tile s1_grd bef S1A_IW_GRDH_1SDV_20230214T094935_20230214T095000_047230_05AAD4_443E tile_0
2026-06-23 16:34:38,937 [WARNING] FID 58: dropped empty tile s1_grd bef S1A_IW_GRDH_1SDV_20230226T094935_20230226T095000_047405_05B0D3_E8BA tile_0
2026-06-23 16:34:40,350 [WARNING] FID 58: dropped empty tile s1_grd bef S1A_IW_GRDH_1SDV_20230310T094935_20230310T095000_047580_05B6BD_B228 tile_0
2026-06-23 16:34:41,993 [WARNING] FID 58: dropped empty tile s1_grd bef S1A_IW_GRDH_1SDV_20230322T094935_20230322T095000_047755_05BCAD_A5E4 tile_0
2026-06-23 16:34:43,433 [WARNING] FID 58: dropped empty tile s1_grd bef S1A_IW_GRDH_1SDV_20230415T094936_20230415T095001_048105_05C876_7D01 tile_0
2026-06-23 16:34:45,000 [WARNING] FID 58: dropped empty tile s1_grd bef S1A_IW_GRDH_1SDV_20230427T094936_20230427T095001_048280_05CE51_C3AC tile_0
2026-06-23 16:34:45,145 [INFO] Worker 3: FID 343 done, 82 downloads
2026-06-23 16:34:45,149 [INFO] Worker 3: FID 89 (21/65)
2026-06-23 16:34:46,602 [WARNING] FID 58: dropped empty tile s1_grd bef S1A_IW_GRDH_1SDV_20230509T094937_20230509T095002_048455_05D42C_4A7D tile_0
2026-06-23 16:34:48,573 [WARNING] FID 58: dropped empty tile s1_grd bef S1A_IW_GRDH_1SDV_20230521T094937_20230521T095002_048630_05D957_8119 tile_0
2026-06-23 16:34:50,192 [WARNING] FID 58: dropped empty tile s1_grd bef S1A_IW_GRDH_1SDV_20230602T094938_20230602T095003_048805_05DE8B_61F1 tile_0
2026-06-23 16:34:52,003 [WARNING] FID 58: dropped empty tile s1_grd bef S1A_IW_GRDH_1SDV_20230614T094938_20230614T095003_048980_05E3E7_B37E tile_0
2026-06-23 16:34:54,707 [WARNING] FID 58: dropped empty tile s1_grd bef S1A_IW_GRDH_1SDV_20230626T094939_20230626T095004_049155_05E932_87DB tile_0
2026-06-23 16:34:56,375 [WARNING] FID 58: dropped empty tile s1_grd bef S1A_IW_GRDH_1SDV_20230708T094940_20230708T095005_049330_05EE9A_BD21 tile_0
2026-06-23 16:34:58,006 [WARNING] FID 58: dropped empty tile s1_grd bef S1A_IW_GRDH_1SDV_20230720T094940_20230720T095005_049505_05F3ED_61B1 tile_0
2026-06-23 16:34:59,724 [WARNING] FID 58: dropped empty tile s1_grd bef S1A_IW_GRDH_1SDV_20230801T094941_20230801T095006_049680_05F959_7E64 tile_0
2026-06-23 16:35:01,281 [WARNING] FID 58: dropped empty tile s1_grd bef S1A_IW_GRDH_1SDV_20230813T094942_20230813T095007_049855_05FF04_F481 tile_0
2026-06-23 16:35:02,883 [WARNING] FID 58: dropped empty tile s1_grd bef S1A_IW_GRDH_1SDV_20230825T094943_20230825T095008_050030_0604F6_5B1D tile_0
2026-06-23 16:35:04,474 [WARNING] FID 58: dropped empty tile s1_grd aft S1A_IW_GRDH_1SDV_20230930T094944_20230930T095009_050555_0616E4_8B83 tile_0
2026-06-23 16:35:04,475 [INFO] Worker 4: FID 58 done, 40 downloads
2026-06-23 16:35:04,480 [INFO] Worker 4: FID 348 (21/65)
2026-06-23 16:35:31,455 [INFO] Worker 1: FID 325 done, 68 downloads
2026-06-23 16:35:31,459 [INFO] Worker 1: FID 87 (21/65)
2026-06-23 16:35:40,752 [INFO] Worker 3: FID 89 done, 42 downloads
2026-06-23 16:35:40,756 [INFO] Worker 3: FID 20 (22/65)
2026-06-23 16:35:47,215 [INFO] Worker 4: FID 348 done, 41 downloads
2026-06-23 16:35:47,219 [INFO] Worker 4: FID 21 (22/65)
2026-06-23 16:36:11,878 [INFO] Worker 2: FID 332 done, 164 downloads
2026-06-23 16:36:11,882 [INFO] Worker 2: FID 365 (22/65)
2026-06-23 16:36:14,197 [INFO] Worker 1: FID 87 done, 41 downloads
2026-06-23 16:36:14,200 [INFO] Worker 1: FID 361 (22/65)
2026-06-23 16:36:37,426 [INFO] Worker 4: FID 21 done, 47 downloads
2026-06-23 16:36:37,431 [INFO] Worker 4: FID 96 (23/65)
2026-06-23 16:36:45,649 [INFO] Worker 0: FID 3 done, 322 downloads
2026-06-23 16:36:45,653 [INFO] Worker 0: FID 13 (18/65)
2026-06-23 16:36:46,804 [WARNING] FID 96: dropped empty tile s1_grd evt S1A_IW_GRDH_1SDV_20230415T094911_20230415T094936_048105_05C876_50BE tile_0
2026-06-23 16:36:50,103 [WARNING] FID 96: dropped empty tile s1_grd bef S1A_IW_GRDH_1SDV_20230109T094911_20230109T094936_046705_05993A_671C tile_0
2026-06-23 16:36:53,793 [WARNING] FID 96: dropped empty tile s1_grd bef S1A_IW_GRDH_1SDV_20230121T094910_20230121T094935_046880_059F24_ED7C tile_0
2026-06-23 16:36:57,449 [WARNING] FID 96: dropped empty tile s1_grd bef S1A_IW_GRDH_1SDV_20230214T094910_20230214T094935_047230_05AAD4_E27D tile_0
2026-06-23 16:37:01,275 [WARNING] FID 96: dropped empty tile s1_grd bef S1A_IW_GRDH_1SDV_20230226T094910_20230226T094935_047405_05B0D3_9DE4 tile_0
2026-06-23 16:37:04,775 [WARNING] FID 96: dropped empty tile s1_grd bef S1A_IW_GRDH_1SDV_20230310T094910_20230310T094935_047580_05B6BD_2426 tile_0
2026-06-23 16:37:08,400 [WARNING] FID 96: dropped empty tile s1_grd bef S1A_IW_GRDH_1SDV_20230322T094910_20230322T094935_047755_05BCAD_F524 tile_0
2026-06-23 16:37:12,178 [WARNING] FID 96: dropped empty tile s1_grd aft S1A_IW_GRDH_1SDV_20230427T094911_20230427T094936_048280_05CE51_9F1D tile_0
2026-06-23 16:37:16,257 [WARNING] FID 96: dropped empty tile s1_grd aft S1A_IW_GRDH_1SDV_20230509T094912_20230509T094937_048455_05D42C_BB80 tile_0
2026-06-23 16:37:19,354 [INFO] Worker 4: FID 96 done, 35 downloads
2026-06-23 16:37:19,358 [INFO] Worker 4: FID 225 (24/65)
2026-06-23 16:37:33,144 [WARNING] FID 225: dropped empty tile s1_grd evt S1A_IW_GRDH_1SDV_20230427T094911_20230427T094936_048280_05CE51_9F1D tile_0
2026-06-23 16:37:35,599 [WARNING] FID 225: dropped empty tile s1_grd bef S1A_IW_GRDH_1SDV_20230109T094911_20230109T094936_046705_05993A_671C tile_0
2026-06-23 16:37:38,988 [WARNING] FID 225: dropped empty tile s1_grd bef S1A_IW_GRDH_1SDV_20230121T094910_20230121T094935_046880_059F24_ED7C tile_0
2026-06-23 16:37:41,536 [WARNING] FID 225: dropped empty tile s1_grd bef S1A_IW_GRDH_1SDV_20230214T094910_20230214T094935_047230_05AAD4_E27D tile_0
2026-06-23 16:37:44,823 [WARNING] FID 225: dropped empty tile s1_grd bef S1A_IW_GRDH_1SDV_20230226T094910_20230226T094935_047405_05B0D3_9DE4 tile_0
2026-06-23 16:37:47,907 [WARNING] FID 225: dropped empty tile s1_grd bef S1A_IW_GRDH_1SDV_20230310T094910_20230310T094935_047580_05B6BD_2426 tile_0
2026-06-23 16:37:51,402 [WARNING] FID 225: dropped empty tile s1_grd bef S1A_IW_GRDH_1SDV_20230322T094910_20230322T094935_047755_05BCAD_F524 tile_0
2026-06-23 16:37:54,012 [WARNING] FID 225: dropped empty tile s1_grd bef S1A_IW_GRDH_1SDV_20230415T094911_20230415T094936_048105_05C876_50BE tile_0
2026-06-23 16:37:56,892 [WARNING] FID 225: dropped empty tile s1_grd aft S1A_IW_GRDH_1SDV_20230509T094912_20230509T094937_048455_05D42C_BB80 tile_0
2026-06-23 16:38:03,028 [WARNING] FID 225: dropped empty tile s1_grd aft S1A_IW_GRDH_1SDV_20230521T094912_20230521T094937_048630_05D957_8539 tile_0
2026-06-23 16:38:07,321 [INFO] Worker 4: FID 225 done, 29 downloads
2026-06-23 16:38:07,324 [INFO] Worker 4: FID 103 (25/65)
2026-06-23 16:38:23,469 [INFO] Worker 0: FID 13 done, 90 downloads
2026-06-23 16:38:23,474 [INFO] Worker 0: FID 360 (19/65)
2026-06-23 16:38:44,115 [INFO] Worker 4: FID 103 done, 34 downloads
2026-06-23 16:38:44,120 [INFO] Worker 4: FID 287 (26/65)
2026-06-23 16:38:45,196 [INFO] Worker 3: FID 20 done, 172 downloads
2026-06-23 16:38:45,201 [INFO] Worker 3: FID 149 (23/65)
2026-06-23 16:39:23,731 [INFO] Worker 4: FID 287 done, 38 downloads
2026-06-23 16:39:23,735 [INFO] Worker 4: FID 248 (27/65)
2026-06-23 16:39:31,117 [INFO] Worker 3: FID 149 done, 32 downloads
2026-06-23 16:39:31,121 [INFO] Worker 3: FID 224 (24/65)
2026-06-23 16:39:34,990 [INFO] Worker 1: FID 361 done, 176 downloads
2026-06-23 16:39:34,994 [INFO] Worker 1: FID 63 (23/65)
2026-06-23 16:39:40,996 [WARNING] FID 224: dropped empty tile s1_grd evt S1A_IW_GRDH_1SDV_20230427T094911_20230427T094936_048280_05CE51_9F1D tile_0
2026-06-23 16:39:41,635 [WARNING] FID 224: dropped empty tile s1_grd evt S1A_IW_GRDH_1SDV_20230427T094911_20230427T094936_048280_05CE51_9F1D tile_1
2026-06-23 16:39:45,033 [WARNING] FID 224: dropped empty tile s1_grd evt S1A_IW_GRDH_1SDV_20230427T094936_20230427T095001_048280_05CE51_C3AC tile_2
2026-06-23 16:39:45,576 [WARNING] FID 224: dropped empty tile s1_grd bef S1A_IW_GRDH_1SDV_20230109T094911_20230109T094936_046705_05993A_671C tile_0
2026-06-23 16:39:46,269 [WARNING] FID 224: dropped empty tile s1_grd bef S1A_IW_GRDH_1SDV_20230109T094911_20230109T094936_046705_05993A_671C tile_1
2026-06-23 16:39:49,804 [WARNING] FID 224: dropped empty tile s1_grd bef S1A_IW_GRDH_1SDV_20230109T094936_20230109T095001_046705_05993A_763B tile_2
2026-06-23 16:39:50,479 [WARNING] FID 224: dropped empty tile s1_grd bef S1A_IW_GRDH_1SDV_20230121T094910_20230121T094935_046880_059F24_ED7C tile_0
2026-06-23 16:39:51,051 [WARNING] FID 224: dropped empty tile s1_grd bef S1A_IW_GRDH_1SDV_20230121T094910_20230121T094935_046880_059F24_ED7C tile_1
2026-06-23 16:39:56,585 [WARNING] FID 224: dropped empty tile s1_grd bef S1A_IW_GRDH_1SDV_20230121T094935_20230121T095000_046880_059F24_7A3A tile_2
2026-06-23 16:39:57,148 [WARNING] FID 224: dropped empty tile s1_grd bef S1A_IW_GRDH_1SDV_20230214T094910_20230214T094935_047230_05AAD4_E27D tile_0
2026-06-23 16:39:57,771 [WARNING] FID 224: dropped empty tile s1_grd bef S1A_IW_GRDH_1SDV_20230214T094910_20230214T094935_047230_05AAD4_E27D tile_1
2026-06-23 16:39:59,646 [INFO] Worker 2: FID 365 done, 215 downloads
2026-06-23 16:39:59,651 [INFO] Worker 2: FID 147 (23/65)
2026-06-23 16:40:00,471 [INFO] Worker 0: FID 360 done, 94 downloads
2026-06-23 16:40:00,478 [INFO] Worker 0: FID 195 (20/65)
2026-06-23 16:40:01,233 [WARNING] FID 224: dropped empty tile s1_grd bef S1A_IW_GRDH_1SDV_20230214T094935_20230214T095000_047230_05AAD4_443E tile_2
2026-06-23 16:40:02,032 [WARNING] FID 224: dropped empty tile s1_grd bef S1A_IW_GRDH_1SDV_20230226T094910_20230226T094935_047405_05B0D3_9DE4 tile_0
2026-06-23 16:40:02,739 [WARNING] FID 224: dropped empty tile s1_grd bef S1A_IW_GRDH_1SDV_20230226T094910_20230226T094935_047405_05B0D3_9DE4 tile_1
2026-06-23 16:40:06,024 [WARNING] FID 224: dropped empty tile s1_grd bef S1A_IW_GRDH_1SDV_20230226T094935_20230226T095000_047405_05B0D3_E8BA tile_2
2026-06-23 16:40:06,626 [WARNING] FID 224: dropped empty tile s1_grd bef S1A_IW_GRDH_1SDV_20230310T094910_20230310T094935_047580_05B6BD_2426 tile_0
2026-06-23 16:40:07,305 [WARNING] FID 224: dropped empty tile s1_grd bef S1A_IW_GRDH_1SDV_20230310T094910_20230310T094935_047580_05B6BD_2426 tile_1
2026-06-23 16:40:10,923 [WARNING] FID 224: dropped empty tile s1_grd bef S1A_IW_GRDH_1SDV_20230310T094935_20230310T095000_047580_05B6BD_B228 tile_2
2026-06-23 16:40:11,572 [WARNING] FID 224: dropped empty tile s1_grd bef S1A_IW_GRDH_1SDV_20230322T094910_20230322T094935_047755_05BCAD_F524 tile_0
2026-06-23 16:40:12,271 [WARNING] FID 224: dropped empty tile s1_grd bef S1A_IW_GRDH_1SDV_20230322T094910_20230322T094935_047755_05BCAD_F524 tile_1
2026-06-23 16:40:15,934 [WARNING] FID 224: dropped empty tile s1_grd bef S1A_IW_GRDH_1SDV_20230322T094935_20230322T095000_047755_05BCAD_A5E4 tile_2
2026-06-23 16:40:19,532 [WARNING] FID 224: dropped empty tile s1_grd bef S1A_IW_GRDH_1SDV_20230415T094911_20230415T094936_048105_05C876_50BE tile_0
2026-06-23 16:40:20,305 [WARNING] FID 224: dropped empty tile s1_grd bef S1A_IW_GRDH_1SDV_20230415T094911_20230415T094936_048105_05C876_50BE tile_1
2026-06-23 16:40:23,686 [WARNING] FID 224: dropped empty tile s1_grd bef S1A_IW_GRDH_1SDV_20230415T094936_20230415T095001_048105_05C876_7D01 tile_2
2026-06-23 16:40:24,068 [INFO] Worker 4: FID 248 done, 56 downloads
2026-06-23 16:40:24,072 [INFO] Worker 4: FID 126 (28/65)
2026-06-23 16:40:24,180 [WARNING] FID 224: dropped empty tile s1_grd aft S1A_IW_GRDH_1SDV_20230509T094912_20230509T094937_048455_05D42C_BB80 tile_0
2026-06-23 16:40:24,827 [WARNING] FID 224: dropped empty tile s1_grd aft S1A_IW_GRDH_1SDV_20230509T094912_20230509T094937_048455_05D42C_BB80 tile_1
2026-06-23 16:40:29,021 [WARNING] FID 224: dropped empty tile s1_grd aft S1A_IW_GRDH_1SDV_20230509T094937_20230509T095002_048455_05D42C_4A7D tile_2
2026-06-23 16:40:29,580 [WARNING] FID 224: dropped empty tile s1_grd aft S1A_IW_GRDH_1SDV_20230521T094912_20230521T094937_048630_05D957_8539 tile_0
2026-06-23 16:40:30,786 [WARNING] FID 224: dropped empty tile s1_grd aft S1A_IW_GRDH_1SDV_20230521T094912_20230521T094937_048630_05D957_8539 tile_1
2026-06-23 16:40:34,758 [INFO] Worker 2: FID 147 done, 13 downloads
2026-06-23 16:40:34,763 [INFO] Worker 2: FID 153 (24/65)
2026-06-23 16:40:41,497 [WARNING] FID 224: dropped empty tile s1_grd aft S1A_IW_GRDH_1SDV_20230521T094937_20230521T095002_048630_05D957_8119 tile_2
2026-06-23 16:40:41,498 [INFO] Worker 3: FID 224 done, 39 downloads
2026-06-23 16:40:41,503 [INFO] Worker 3: FID 280 (25/65)
2026-06-23 16:41:03,140 [INFO] Worker 0: FID 195 done, 56 downloads
2026-06-23 16:41:03,144 [INFO] Worker 0: FID 86 (21/65)
2026-06-23 16:41:38,845 [INFO] Worker 2: FID 153 done, 56 downloads
2026-06-23 16:41:38,848 [INFO] Worker 2: FID 156 (25/65)
2026-06-23 16:41:40,294 [INFO] Worker 3: FID 280 done, 56 downloads
2026-06-23 16:41:40,298 [INFO] Worker 3: FID 169 (26/65)
2026-06-23 16:41:52,928 [INFO] Worker 4: FID 126 done, 68 downloads
2026-06-23 16:41:52,932 [INFO] Worker 4: FID 312 (29/65)
2026-06-23 16:42:19,070 [INFO] Worker 3: FID 169 done, 32 downloads
2026-06-23 16:42:19,074 [INFO] Worker 3: FID 120 (27/65)
2026-06-23 16:42:39,891 [INFO] Worker 2: FID 156 done, 56 downloads
2026-06-23 16:42:39,896 [INFO] Worker 2: FID 282 (26/65)
2026-06-23 16:42:57,687 [INFO] Worker 2: FID 282 done, 18 downloads
2026-06-23 16:42:57,691 [INFO] Worker 2: FID 232 (27/65)
2026-06-23 16:42:59,357 [INFO] Worker 5: FID 2 done, 1050 downloads
2026-06-23 16:42:59,361 [INFO] Worker 5: FID 12 (17/64)
2026-06-23 16:43:06,311 [INFO] Worker 4: FID 312 done, 66 downloads
2026-06-23 16:43:06,316 [INFO] Worker 4: FID 318 (30/65)
2026-06-23 16:43:24,734 [INFO] Worker 3: FID 120 done, 54 downloads
2026-06-23 16:43:24,739 [INFO] Worker 3: FID 196 (28/65)
2026-06-23 16:43:39,550 [INFO] Worker 0: FID 86 done, 152 downloads
2026-06-23 16:43:39,554 [INFO] Worker 0: FID 366 (22/65)
2026-06-23 16:43:59,203 [INFO] Worker 1: FID 63 done, 245 downloads
2026-06-23 16:43:59,208 [INFO] Worker 1: FID 154 (24/65)
2026-06-23 16:44:05,517 [INFO] Worker 2: FID 232 done, 64 downloads
2026-06-23 16:44:05,520 [INFO] Worker 2: FID 310 (28/65)
2026-06-23 16:44:07,917 [WARNING] FID 196: dropped empty tile s1_grd evt S1A_IW_GRDH_1SDV_20230708T094915_20230708T094940_049330_05EE9A_201B tile_0
2026-06-23 16:44:08,720 [WARNING] FID 196: dropped empty tile s1_grd evt S1A_IW_GRDH_1SDV_20230708T094915_20230708T094940_049330_05EE9A_201B tile_1
2026-06-23 16:44:11,970 [WARNING] FID 196: dropped empty tile s1_grd evt S1A_IW_GRDH_1SDV_20230708T094940_20230708T095005_049330_05EE9A_BD21 tile_2
2026-06-23 16:44:12,525 [WARNING] FID 196: dropped empty tile s1_grd bef S1A_IW_GRDH_1SDV_20230109T094911_20230109T094936_046705_05993A_671C tile_0
2026-06-23 16:44:13,214 [WARNING] FID 196: dropped empty tile s1_grd bef S1A_IW_GRDH_1SDV_20230109T094911_20230109T094936_046705_05993A_671C tile_1
2026-06-23 16:44:16,866 [WARNING] FID 196: dropped empty tile s1_grd bef S1A_IW_GRDH_1SDV_20230109T094936_20230109T095001_046705_05993A_763B tile_2
2026-06-23 16:44:17,987 [WARNING] FID 196: dropped empty tile s1_grd bef S1A_IW_GRDH_1SDV_20230121T094910_20230121T094935_046880_059F24_ED7C tile_0
2026-06-23 16:44:18,560 [WARNING] FID 196: dropped empty tile s1_grd bef S1A_IW_GRDH_1SDV_20230121T094910_20230121T094935_046880_059F24_ED7C tile_1
2026-06-23 16:44:21,803 [WARNING] FID 196: dropped empty tile s1_grd bef S1A_IW_GRDH_1SDV_20230121T094935_20230121T095000_046880_059F24_7A3A tile_2
2026-06-23 16:44:22,315 [WARNING] FID 196: dropped empty tile s1_grd bef S1A_IW_GRDH_1SDV_20230214T094910_20230214T094935_047230_05AAD4_E27D tile_0
2026-06-23 16:44:22,970 [WARNING] FID 196: dropped empty tile s1_grd bef S1A_IW_GRDH_1SDV_20230214T094910_20230214T094935_047230_05AAD4_E27D tile_1
2026-06-23 16:44:26,460 [WARNING] FID 196: dropped empty tile s1_grd bef S1A_IW_GRDH_1SDV_20230214T094935_20230214T095000_047230_05AAD4_443E tile_2
2026-06-23 16:44:27,009 [WARNING] FID 196: dropped empty tile s1_grd bef S1A_IW_GRDH_1SDV_20230226T094910_20230226T094935_047405_05B0D3_9DE4 tile_0
2026-06-23 16:44:27,847 [WARNING] FID 196: dropped empty tile s1_grd bef S1A_IW_GRDH_1SDV_20230226T094910_20230226T094935_047405_05B0D3_9DE4 tile_1
2026-06-23 16:44:28,543 [INFO] Worker 4: FID 318 done, 70 downloads
2026-06-23 16:44:28,547 [INFO] Worker 4: FID 261 (31/65)
2026-06-23 16:44:31,273 [WARNING] FID 196: dropped empty tile s1_grd bef S1A_IW_GRDH_1SDV_20230226T094935_20230226T095000_047405_05B0D3_E8BA tile_2
2026-06-23 16:44:31,781 [WARNING] FID 196: dropped empty tile s1_grd bef S1A_IW_GRDH_1SDV_20230310T094910_20230310T094935_047580_05B6BD_2426 tile_0
2026-06-23 16:44:32,455 [WARNING] FID 196: dropped empty tile s1_grd bef S1A_IW_GRDH_1SDV_20230310T094910_20230310T094935_047580_05B6BD_2426 tile_1
2026-06-23 16:44:35,784 [WARNING] FID 196: dropped empty tile s1_grd bef S1A_IW_GRDH_1SDV_20230310T094935_20230310T095000_047580_05B6BD_B228 tile_2
2026-06-23 16:44:36,652 [WARNING] FID 196: dropped empty tile s1_grd bef S1A_IW_GRDH_1SDV_20230322T094910_20230322T094935_047755_05BCAD_F524 tile_0
2026-06-23 16:44:36,741 [INFO] Worker 1: FID 154 done, 32 downloads
2026-06-23 16:44:36,745 [INFO] Worker 1: FID 155 (25/65)
2026-06-23 16:44:37,313 [WARNING] FID 196: dropped empty tile s1_grd bef S1A_IW_GRDH_1SDV_20230322T094910_20230322T094935_047755_05BCAD_F524 tile_1
2026-06-23 16:44:40,930 [WARNING] FID 196: dropped empty tile s1_grd bef S1A_IW_GRDH_1SDV_20230322T094935_20230322T095000_047755_05BCAD_A5E4 tile_2
2026-06-23 16:44:41,483 [WARNING] FID 196: dropped empty tile s1_grd bef S1A_IW_GRDH_1SDV_20230415T094911_20230415T094936_048105_05C876_50BE tile_0
2026-06-23 16:44:42,267 [WARNING] FID 196: dropped empty tile s1_grd bef S1A_IW_GRDH_1SDV_20230415T094911_20230415T094936_048105_05C876_50BE tile_1
2026-06-23 16:44:45,383 [WARNING] FID 196: dropped empty tile s1_grd bef S1A_IW_GRDH_1SDV_20230415T094936_20230415T095001_048105_05C876_7D01 tile_2
2026-06-23 16:44:45,960 [WARNING] FID 196: dropped empty tile s1_grd bef S1A_IW_GRDH_1SDV_20230427T094911_20230427T094936_048280_05CE51_9F1D tile_0
2026-06-23 16:44:46,567 [WARNING] FID 196: dropped empty tile s1_grd bef S1A_IW_GRDH_1SDV_20230427T094911_20230427T094936_048280_05CE51_9F1D tile_1
2026-06-23 16:44:50,004 [WARNING] FID 196: dropped empty tile s1_grd bef S1A_IW_GRDH_1SDV_20230427T094936_20230427T095001_048280_05CE51_C3AC tile_2
2026-06-23 16:44:50,325 [WARNING] FID 12: dropped empty tile s1_grd evt S1A_IW_GRDH_1SDV_20230930T094944_20230930T095009_050555_0616E4_8B83 tile_0
2026-06-23 16:44:50,666 [WARNING] FID 196: dropped empty tile s1_grd bef S1A_IW_GRDH_1SDV_20230509T094912_20230509T094937_048455_05D42C_BB80 tile_0
2026-06-23 16:44:50,861 [WARNING] FID 12: dropped empty tile s1_grd evt S1A_IW_GRDH_1SDV_20230930T094944_20230930T095009_050555_0616E4_8B83 tile_1
2026-06-23 16:44:51,419 [WARNING] FID 12: dropped empty tile s1_grd evt S1A_IW_GRDH_1SDV_20230930T094944_20230930T095009_050555_0616E4_8B83 tile_2
2026-06-23 16:44:51,451 [WARNING] FID 196: dropped empty tile s1_grd bef S1A_IW_GRDH_1SDV_20230509T094912_20230509T094937_048455_05D42C_BB80 tile_1
2026-06-23 16:44:51,938 [WARNING] FID 12: dropped empty tile s1_grd evt S1A_IW_GRDH_1SDV_20230930T094944_20230930T095009_050555_0616E4_8B83 tile_3
2026-06-23 16:44:52,793 [WARNING] FID 12: dropped empty tile s1_grd bef S1A_IW_GRDH_1SDV_20230109T094911_20230109T094936_046705_05993A_671C tile_0
2026-06-23 16:44:55,006 [WARNING] FID 196: dropped empty tile s1_grd bef S1A_IW_GRDH_1SDV_20230509T094937_20230509T095002_048455_05D42C_4A7D tile_2
2026-06-23 16:44:55,526 [WARNING] FID 196: dropped empty tile s1_grd bef S1A_IW_GRDH_1SDV_20230521T094912_20230521T094937_048630_05D957_8539 tile_0
2026-06-23 16:44:56,253 [WARNING] FID 196: dropped empty tile s1_grd bef S1A_IW_GRDH_1SDV_20230521T094912_20230521T094937_048630_05D957_8539 tile_1
2026-06-23 16:44:57,194 [WARNING] FID 12: dropped empty tile s1_grd bef S1A_IW_GRDH_1SDV_20230109T094936_20230109T095001_046705_05993A_763B tile_1
2026-06-23 16:44:57,817 [WARNING] FID 12: dropped empty tile s1_grd bef S1A_IW_GRDH_1SDV_20230109T094936_20230109T095001_046705_05993A_763B tile_2
2026-06-23 16:44:58,354 [WARNING] FID 12: dropped empty tile s1_grd bef S1A_IW_GRDH_1SDV_20230109T094936_20230109T095001_046705_05993A_763B tile_3
2026-06-23 16:44:59,200 [WARNING] FID 12: dropped empty tile s1_grd bef S1A_IW_GRDH_1SDV_20230121T094910_20230121T094935_046880_059F24_ED7C tile_0
2026-06-23 16:45:00,014 [WARNING] FID 196: dropped empty tile s1_grd bef S1A_IW_GRDH_1SDV_20230521T094937_20230521T095002_048630_05D957_8119 tile_2
2026-06-23 16:45:00,644 [WARNING] FID 196: dropped empty tile s1_grd bef S1A_IW_GRDH_1SDV_20230602T094913_20230602T094938_048805_05DE8B_7193 tile_0
2026-06-23 16:45:01,391 [WARNING] FID 196: dropped empty tile s1_grd bef S1A_IW_GRDH_1SDV_20230602T094913_20230602T094938_048805_05DE8B_7193 tile_1
2026-06-23 16:45:04,235 [INFO] Worker 2: FID 310 done, 50 downloads
2026-06-23 16:45:04,239 [INFO] Worker 2: FID 197 (29/65)
2026-06-23 16:45:04,245 [WARNING] FID 12: dropped empty tile s1_grd bef S1A_IW_GRDH_1SDV_20230121T094935_20230121T095000_046880_059F24_7A3A tile_1
2026-06-23 16:45:04,669 [WARNING] FID 196: dropped empty tile s1_grd bef S1A_IW_GRDH_1SDV_20230602T094938_20230602T095003_048805_05DE8B_61F1 tile_2
2026-06-23 16:45:04,782 [WARNING] FID 12: dropped empty tile s1_grd bef S1A_IW_GRDH_1SDV_20230121T094935_20230121T095000_046880_059F24_7A3A tile_2
2026-06-23 16:45:05,160 [WARNING] FID 196: dropped empty tile s1_grd bef S1A_IW_GRDH_1SDV_20230614T094913_20230614T094938_048980_05E3E7_6485 tile_0
2026-06-23 16:45:05,282 [WARNING] FID 12: dropped empty tile s1_grd bef S1A_IW_GRDH_1SDV_20230121T094935_20230121T095000_046880_059F24_7A3A tile_3
2026-06-23 16:45:05,897 [WARNING] FID 196: dropped empty tile s1_grd bef S1A_IW_GRDH_1SDV_20230614T094913_20230614T094938_048980_05E3E7_6485 tile_1
2026-06-23 16:45:06,104 [WARNING] FID 12: dropped empty tile s1_grd bef S1A_IW_GRDH_1SDV_20230214T094910_20230214T094935_047230_05AAD4_E27D tile_0
2026-06-23 16:45:07,745 [INFO] Worker 4: FID 261 done, 36 downloads
2026-06-23 16:45:07,749 [INFO] Worker 4: FID 262 (32/65)
2026-06-23 16:45:09,389 [WARNING] FID 196: dropped empty tile s1_grd bef S1A_IW_GRDH_1SDV_20230614T094938_20230614T095003_048980_05E3E7_B37E tile_2
2026-06-23 16:45:10,208 [WARNING] FID 196: dropped empty tile s1_grd bef S1A_IW_GRDH_1SDV_20230626T094914_20230626T094939_049155_05E932_8E24 tile_0
2026-06-23 16:45:10,401 [WARNING] FID 12: dropped empty tile s1_grd bef S1A_IW_GRDH_1SDV_20230214T094935_20230214T095000_047230_05AAD4_443E tile_1
2026-06-23 16:45:10,825 [WARNING] FID 196: dropped empty tile s1_grd bef S1A_IW_GRDH_1SDV_20230626T094914_20230626T094939_049155_05E932_8E24 tile_1
2026-06-23 16:45:11,073 [WARNING] FID 12: dropped empty tile s1_grd bef S1A_IW_GRDH_1SDV_20230214T094935_20230214T095000_047230_05AAD4_443E tile_2
2026-06-23 16:45:12,064 [WARNING] FID 12: dropped empty tile s1_grd bef S1A_IW_GRDH_1SDV_20230214T094935_20230214T095000_047230_05AAD4_443E tile_3
2026-06-23 16:45:12,978 [WARNING] FID 12: dropped empty tile s1_grd bef S1A_IW_GRDH_1SDV_20230226T094910_20230226T094935_047405_05B0D3_9DE4 tile_0
2026-06-23 16:45:14,296 [WARNING] FID 196: dropped empty tile s1_grd bef S1A_IW_GRDH_1SDV_20230626T094939_20230626T095004_049155_05E932_87DB tile_2
2026-06-23 16:45:14,927 [WARNING] FID 196: dropped empty tile s1_grd aft S1A_IW_GRDH_1SDV_20230720T094915_20230720T094940_049505_05F3ED_2372 tile_0
2026-06-23 16:45:15,595 [WARNING] FID 196: dropped empty tile s1_grd aft S1A_IW_GRDH_1SDV_20230720T094915_20230720T094940_049505_05F3ED_2372 tile_1
2026-06-23 16:45:16,469 [INFO] Worker 0: FID 366 done, 88 downloads
2026-06-23 16:45:16,473 [INFO] Worker 0: FID 26 (23/65)
2026-06-23 16:45:17,196 [WARNING] FID 12: dropped empty tile s1_grd bef S1A_IW_GRDH_1SDV_20230226T094935_20230226T095000_047405_05B0D3_E8BA tile_1
2026-06-23 16:45:17,796 [WARNING] FID 12: dropped empty tile s1_grd bef S1A_IW_GRDH_1SDV_20230226T094935_20230226T095000_047405_05B0D3_E8BA tile_2
2026-06-23 16:45:18,354 [WARNING] FID 12: dropped empty tile s1_grd bef S1A_IW_GRDH_1SDV_20230226T094935_20230226T095000_047405_05B0D3_E8BA tile_3
2026-06-23 16:45:19,238 [WARNING] FID 12: dropped empty tile s1_grd bef S1A_IW_GRDH_1SDV_20230310T094910_20230310T094935_047580_05B6BD_2426 tile_0
2026-06-23 16:45:20,968 [INFO] Worker 1: FID 155 done, 34 downloads
2026-06-23 16:45:20,972 [INFO] Worker 1: FID 158 (26/65)
2026-06-23 16:45:23,739 [WARNING] FID 12: dropped empty tile s1_grd bef S1A_IW_GRDH_1SDV_20230310T094935_20230310T095000_047580_05B6BD_B228 tile_1
2026-06-23 16:45:24,938 [WARNING] FID 196: dropped empty tile s1_grd aft S1A_IW_GRDH_1SDV_20230720T094940_20230720T095005_049505_05F3ED_61B1 tile_2
2026-06-23 16:45:24,985 [WARNING] FID 12: dropped empty tile s1_grd bef S1A_IW_GRDH_1SDV_20230310T094935_20230310T095000_047580_05B6BD_B228 tile_2
2026-06-23 16:45:25,522 [WARNING] FID 12: dropped empty tile s1_grd bef S1A_IW_GRDH_1SDV_20230310T094935_20230310T095000_047580_05B6BD_B228 tile_3
2026-06-23 16:45:25,628 [WARNING] FID 196: dropped empty tile s1_grd aft S1A_IW_GRDH_1SDV_20230801T094916_20230801T094941_049680_05F959_E6F2 tile_0
2026-06-23 16:45:26,298 [WARNING] FID 12: dropped empty tile s1_grd bef S1A_IW_GRDH_1SDV_20230322T094910_20230322T094935_047755_05BCAD_F524 tile_0
2026-06-23 16:45:26,352 [WARNING] FID 196: dropped empty tile s1_grd aft S1A_IW_GRDH_1SDV_20230801T094916_20230801T094941_049680_05F959_E6F2 tile_1
2026-06-23 16:45:30,752 [WARNING] FID 12: dropped empty tile s1_grd bef S1A_IW_GRDH_1SDV_20230322T094935_20230322T095000_047755_05BCAD_A5E4 tile_1
2026-06-23 16:45:31,369 [WARNING] FID 12: dropped empty tile s1_grd bef S1A_IW_GRDH_1SDV_20230322T094935_20230322T095000_047755_05BCAD_A5E4 tile_2
2026-06-23 16:45:31,857 [WARNING] FID 12: dropped empty tile s1_grd bef S1A_IW_GRDH_1SDV_20230322T094935_20230322T095000_047755_05BCAD_A5E4 tile_3
2026-06-23 16:45:32,129 [WARNING] FID 196: dropped empty tile s1_grd aft S1A_IW_GRDH_1SDV_20230801T094941_20230801T095006_049680_05F959_7E64 tile_2
2026-06-23 16:45:32,130 [INFO] Worker 3: FID 196 done, 87 downloads
2026-06-23 16:45:32,136 [INFO] Worker 3: FID 256 (29/65)
2026-06-23 16:45:37,027 [WARNING] FID 12: dropped empty tile s1_grd bef S1A_IW_GRDH_1SDV_20230415T094936_20230415T095001_048105_05C876_7D01 tile_0
2026-06-23 16:45:37,599 [WARNING] FID 12: dropped empty tile s1_grd bef S1A_IW_GRDH_1SDV_20230415T094936_20230415T095001_048105_05C876_7D01 tile_1
2026-06-23 16:45:38,141 [WARNING] FID 12: dropped empty tile s1_grd bef S1A_IW_GRDH_1SDV_20230415T094936_20230415T095001_048105_05C876_7D01 tile_2
2026-06-23 16:45:38,641 [WARNING] FID 12: dropped empty tile s1_grd bef S1A_IW_GRDH_1SDV_20230415T094936_20230415T095001_048105_05C876_7D01 tile_3
2026-06-23 16:45:39,556 [WARNING] FID 12: dropped empty tile s1_grd bef S1A_IW_GRDH_1SDV_20230427T094911_20230427T094936_048280_05CE51_9F1D tile_0
2026-06-23 16:45:43,926 [WARNING] FID 12: dropped empty tile s1_grd bef S1A_IW_GRDH_1SDV_20230427T094936_20230427T095001_048280_05CE51_C3AC tile_1
2026-06-23 16:45:46,182 [WARNING] FID 12: dropped empty tile s1_grd bef S1A_IW_GRDH_1SDV_20230427T094936_20230427T095001_048280_05CE51_C3AC tile_2
2026-06-23 16:45:46,735 [WARNING] FID 12: dropped empty tile s1_grd bef S1A_IW_GRDH_1SDV_20230427T094936_20230427T095001_048280_05CE51_C3AC tile_3
2026-06-23 16:45:47,486 [WARNING] FID 12: dropped empty tile s1_grd bef S1A_IW_GRDH_1SDV_20230509T094912_20230509T094937_048455_05D42C_BB80 tile_0
2026-06-23 16:45:51,991 [WARNING] FID 12: dropped empty tile s1_grd bef S1A_IW_GRDH_1SDV_20230509T094937_20230509T095002_048455_05D42C_4A7D tile_0
2026-06-23 16:45:52,494 [WARNING] FID 12: dropped empty tile s1_grd bef S1A_IW_GRDH_1SDV_20230509T094937_20230509T095002_048455_05D42C_4A7D tile_1
2026-06-23 16:45:53,094 [WARNING] FID 12: dropped empty tile s1_grd bef S1A_IW_GRDH_1SDV_20230509T094937_20230509T095002_048455_05D42C_4A7D tile_2
2026-06-23 16:45:53,642 [WARNING] FID 12: dropped empty tile s1_grd bef S1A_IW_GRDH_1SDV_20230509T094937_20230509T095002_048455_05D42C_4A7D tile_3
2026-06-23 16:46:01,213 [WARNING] FID 12: dropped empty tile s1_grd bef S1A_IW_GRDH_1SDV_20230521T094937_20230521T095002_048630_05D957_8119 tile_0
2026-06-23 16:46:01,963 [WARNING] FID 12: dropped empty tile s1_grd bef S1A_IW_GRDH_1SDV_20230521T094937_20230521T095002_048630_05D957_8119 tile_1
2026-06-23 16:46:02,546 [WARNING] FID 12: dropped empty tile s1_grd bef S1A_IW_GRDH_1SDV_20230521T094937_20230521T095002_048630_05D957_8119 tile_2
2026-06-23 16:46:03,035 [WARNING] FID 12: dropped empty tile s1_grd bef S1A_IW_GRDH_1SDV_20230521T094937_20230521T095002_048630_05D957_8119 tile_3
2026-06-23 16:46:07,919 [WARNING] FID 12: dropped empty tile s1_grd bef S1A_IW_GRDH_1SDV_20230602T094938_20230602T095003_048805_05DE8B_61F1 tile_0
2026-06-23 16:46:08,414 [WARNING] FID 12: dropped empty tile s1_grd bef S1A_IW_GRDH_1SDV_20230602T094938_20230602T095003_048805_05DE8B_61F1 tile_1
2026-06-23 16:46:09,514 [WARNING] FID 12: dropped empty tile s1_grd bef S1A_IW_GRDH_1SDV_20230602T094938_20230602T095003_048805_05DE8B_61F1 tile_2
2026-06-23 16:46:10,142 [WARNING] FID 12: dropped empty tile s1_grd bef S1A_IW_GRDH_1SDV_20230602T094938_20230602T095003_048805_05DE8B_61F1 tile_3
2026-06-23 16:46:10,273 [INFO] Worker 0: FID 26 done, 49 downloads
2026-06-23 16:46:10,277 [INFO] Worker 0: FID 277 (24/65)
2026-06-23 16:46:15,843 [WARNING] FID 12: dropped empty tile s1_grd bef S1A_IW_GRDH_1SDV_20230614T094938_20230614T095003_048980_05E3E7_B37E tile_0
2026-06-23 16:46:16,472 [WARNING] FID 12: dropped empty tile s1_grd bef S1A_IW_GRDH_1SDV_20230614T094938_20230614T095003_048980_05E3E7_B37E tile_1
2026-06-23 16:46:17,058 [WARNING] FID 12: dropped empty tile s1_grd bef S1A_IW_GRDH_1SDV_20230614T094938_20230614T095003_048980_05E3E7_B37E tile_2
2026-06-23 16:46:17,569 [WARNING] FID 12: dropped empty tile s1_grd bef S1A_IW_GRDH_1SDV_20230614T094938_20230614T095003_048980_05E3E7_B37E tile_3
2026-06-23 16:46:18,566 [WARNING] FID 12: dropped empty tile s1_grd bef S1A_IW_GRDH_1SDV_20230626T094914_20230626T094939_049155_05E932_8E24 tile_0
2026-06-23 16:46:19,986 [INFO] Worker 2: FID 197 done, 64 downloads
2026-06-23 16:46:19,990 [INFO] Worker 2: FID 315 (30/65)
2026-06-23 16:46:22,931 [WARNING] FID 12: dropped empty tile s1_grd bef S1A_IW_GRDH_1SDV_20230626T094939_20230626T095004_049155_05E932_87DB tile_1
2026-06-23 16:46:23,584 [WARNING] FID 12: dropped empty tile s1_grd bef S1A_IW_GRDH_1SDV_20230626T094939_20230626T095004_049155_05E932_87DB tile_2
2026-06-23 16:46:24,224 [WARNING] FID 12: dropped empty tile s1_grd bef S1A_IW_GRDH_1SDV_20230626T094939_20230626T095004_049155_05E932_87DB tile_3
2026-06-23 16:46:29,134 [WARNING] FID 12: dropped empty tile s1_grd bef S1A_IW_GRDH_1SDV_20230708T094940_20230708T095005_049330_05EE9A_BD21 tile_0
2026-06-23 16:46:29,668 [WARNING] FID 12: dropped empty tile s1_grd bef S1A_IW_GRDH_1SDV_20230708T094940_20230708T095005_049330_05EE9A_BD21 tile_1
2026-06-23 16:46:30,266 [WARNING] FID 12: dropped empty tile s1_grd bef S1A_IW_GRDH_1SDV_20230708T094940_20230708T095005_049330_05EE9A_BD21 tile_2
2026-06-23 16:46:30,796 [WARNING] FID 12: dropped empty tile s1_grd bef S1A_IW_GRDH_1SDV_20230708T094940_20230708T095005_049330_05EE9A_BD21 tile_3
2026-06-23 16:46:31,667 [WARNING] FID 12: dropped empty tile s1_grd bef S1A_IW_GRDH_1SDV_20230720T094915_20230720T094940_049505_05F3ED_2372 tile_0
2026-06-23 16:46:36,713 [WARNING] FID 12: dropped empty tile s1_grd bef S1A_IW_GRDH_1SDV_20230720T094940_20230720T095005_049505_05F3ED_61B1 tile_1
2026-06-23 16:46:37,261 [WARNING] FID 12: dropped empty tile s1_grd bef S1A_IW_GRDH_1SDV_20230720T094940_20230720T095005_049505_05F3ED_61B1 tile_2
2026-06-23 16:46:37,816 [WARNING] FID 12: dropped empty tile s1_grd bef S1A_IW_GRDH_1SDV_20230720T094940_20230720T095005_049505_05F3ED_61B1 tile_3
2026-06-23 16:46:39,254 [WARNING] FID 12: dropped empty tile s1_grd bef S1A_IW_GRDH_1SDV_20230801T094916_20230801T094941_049680_05F959_E6F2 tile_0
2026-06-23 16:46:43,286 [INFO] Worker 3: FID 256 done, 64 downloads
2026-06-23 16:46:43,293 [INFO] Worker 3: FID 129 (30/65)
2026-06-23 16:46:43,418 [WARNING] FID 12: dropped empty tile s1_grd bef S1A_IW_GRDH_1SDV_20230801T094941_20230801T095006_049680_05F959_7E64 tile_0
2026-06-23 16:46:43,976 [WARNING] FID 12: dropped empty tile s1_grd bef S1A_IW_GRDH_1SDV_20230801T094941_20230801T095006_049680_05F959_7E64 tile_1
2026-06-23 16:46:44,533 [WARNING] FID 12: dropped empty tile s1_grd bef S1A_IW_GRDH_1SDV_20230801T094941_20230801T095006_049680_05F959_7E64 tile_2
2026-06-23 16:46:45,043 [WARNING] FID 12: dropped empty tile s1_grd bef S1A_IW_GRDH_1SDV_20230801T094941_20230801T095006_049680_05F959_7E64 tile_3
2026-06-23 16:46:46,454 [WARNING] FID 12: dropped empty tile s1_grd bef S1A_IW_GRDH_1SDV_20230813T094917_20230813T094942_049855_05FF04_E952 tile_0
2026-06-23 16:46:48,902 [INFO] Worker 1: FID 158 done, 80 downloads
2026-06-23 16:46:48,906 [INFO] Worker 1: FID 231 (27/65)
2026-06-23 16:46:51,088 [WARNING] FID 12: dropped empty tile s1_grd bef S1A_IW_GRDH_1SDV_20230813T094942_20230813T095007_049855_05FF04_F481 tile_1
2026-06-23 16:46:51,694 [WARNING] FID 12: dropped empty tile s1_grd bef S1A_IW_GRDH_1SDV_20230813T094942_20230813T095007_049855_05FF04_F481 tile_2
2026-06-23 16:46:52,184 [WARNING] FID 12: dropped empty tile s1_grd bef S1A_IW_GRDH_1SDV_20230813T094942_20230813T095007_049855_05FF04_F481 tile_3
2026-06-23 16:46:57,016 [WARNING] FID 12: dropped empty tile s1_grd bef S1A_IW_GRDH_1SDV_20230825T094943_20230825T095008_050030_0604F6_5B1D tile_0
2026-06-23 16:46:57,635 [WARNING] FID 12: dropped empty tile s1_grd bef S1A_IW_GRDH_1SDV_20230825T094943_20230825T095008_050030_0604F6_5B1D tile_1
2026-06-23 16:46:58,169 [WARNING] FID 12: dropped empty tile s1_grd bef S1A_IW_GRDH_1SDV_20230825T094943_20230825T095008_050030_0604F6_5B1D tile_2
2026-06-23 16:46:58,693 [WARNING] FID 12: dropped empty tile s1_grd bef S1A_IW_GRDH_1SDV_20230825T094943_20230825T095008_050030_0604F6_5B1D tile_3
2026-06-23 16:47:03,979 [WARNING] FID 12: dropped empty tile s1_grd bef S1A_IW_GRDH_1SDV_20230906T094943_20230906T095008_050205_060AF4_E713 tile_0
2026-06-23 16:47:04,832 [WARNING] FID 12: dropped empty tile s1_grd bef S1A_IW_GRDH_1SDV_20230906T094943_20230906T095008_050205_060AF4_E713 tile_1
2026-06-23 16:47:05,397 [WARNING] FID 12: dropped empty tile s1_grd bef S1A_IW_GRDH_1SDV_20230906T094943_20230906T095008_050205_060AF4_E713 tile_2
2026-06-23 16:47:05,909 [WARNING] FID 12: dropped empty tile s1_grd bef S1A_IW_GRDH_1SDV_20230906T094943_20230906T095008_050205_060AF4_E713 tile_3
2026-06-23 16:47:06,765 [WARNING] FID 12: dropped empty tile s1_grd aft S1A_IW_GRDH_1SDV_20231012T094918_20231012T094943_050730_061CE6_51C0 tile_0
2026-06-23 16:47:11,472 [WARNING] FID 12: dropped empty tile s1_grd aft S1A_IW_GRDH_1SDV_20231012T094943_20231012T095008_050730_061CE6_B0FB tile_1
2026-06-23 16:47:12,208 [WARNING] FID 12: dropped empty tile s1_grd aft S1A_IW_GRDH_1SDV_20231012T094943_20231012T095008_050730_061CE6_B0FB tile_2
2026-06-23 16:47:12,764 [WARNING] FID 12: dropped empty tile s1_grd aft S1A_IW_GRDH_1SDV_20231012T094943_20231012T095008_050730_061CE6_B0FB tile_3
2026-06-23 16:47:13,823 [INFO] Worker 0: FID 277 done, 56 downloads
2026-06-23 16:47:13,828 [INFO] Worker 0: FID 99 (25/65)
2026-06-23 16:47:18,208 [WARNING] FID 12: dropped empty tile s1_grd aft S1A_IW_GRDH_1SDV_20231024T094944_20231024T095009_050905_0622DD_C0B7 tile_0
2026-06-23 16:47:18,738 [WARNING] FID 12: dropped empty tile s1_grd aft S1A_IW_GRDH_1SDV_20231024T094944_20231024T095009_050905_0622DD_C0B7 tile_1
2026-06-23 16:47:19,714 [WARNING] FID 12: dropped empty tile s1_grd aft S1A_IW_GRDH_1SDV_20231024T094944_20231024T095009_050905_0622DD_C0B7 tile_2
2026-06-23 16:47:20,247 [WARNING] FID 12: dropped empty tile s1_grd aft S1A_IW_GRDH_1SDV_20231024T094944_20231024T095009_050905_0622DD_C0B7 tile_3
2026-06-23 16:47:20,247 [INFO] Worker 5: FID 12 done, 170 downloads
2026-06-23 16:47:20,253 [INFO] Worker 5: FID 39 (18/64)
2026-06-23 16:47:29,703 [INFO] Worker 2: FID 315 done, 68 downloads
2026-06-23 16:47:29,707 [INFO] Worker 2: FID 207 (31/65)
2026-06-23 16:47:45,100 [INFO] Worker 0: FID 99 done, 28 downloads
2026-06-23 16:47:45,104 [INFO] Worker 0: FID 243 (26/65)
2026-06-23 16:47:52,955 [INFO] Worker 1: FID 231 done, 60 downloads
2026-06-23 16:47:52,959 [INFO] Worker 1: FID 252 (28/65)
2026-06-23 16:47:57,655 [INFO] Worker 4: FID 262 done, 156 downloads
2026-06-23 16:47:57,660 [INFO] Worker 4: FID 55 (33/65)
2026-06-23 16:48:12,420 [INFO] Worker 3: FID 129 done, 70 downloads
2026-06-23 16:48:12,425 [INFO] Worker 3: FID 208 (31/65)
2026-06-23 16:48:26,029 [INFO] Worker 0: FID 243 done, 36 downloads
2026-06-23 16:48:26,034 [INFO] Worker 0: FID 106 (27/65)
2026-06-23 16:48:46,498 [INFO] Worker 0: FID 106 done, 18 downloads
2026-06-23 16:48:46,502 [INFO] Worker 0: FID 191 (28/65)
2026-06-23 16:48:52,371 [INFO] Worker 1: FID 252 done, 54 downloads
2026-06-23 16:48:52,375 [INFO] Worker 1: FID 255 (29/65)
2026-06-23 16:49:25,379 [INFO] Worker 5: FID 39 done, 108 downloads
2026-06-23 16:49:25,383 [INFO] Worker 5: FID 168 (19/64)
2026-06-23 16:49:42,516 [INFO] Worker 3: FID 208 done, 78 downloads
2026-06-23 16:49:42,521 [INFO] Worker 3: FID 133 (32/65)
2026-06-23 16:50:09,833 [INFO] Worker 1: FID 255 done, 68 downloads
2026-06-23 16:50:09,838 [INFO] Worker 1: FID 259 (30/65)
2026-06-23 16:50:10,643 [INFO] Worker 2: FID 207 done, 144 downloads
2026-06-23 16:50:10,647 [INFO] Worker 2: FID 132 (32/65)
2026-06-23 16:50:21,006 [INFO] Worker 0: FID 191 done, 84 downloads
2026-06-23 16:50:21,011 [INFO] Worker 0: FID 199 (29/65)
2026-06-23 16:50:28,735 [INFO] Worker 3: FID 133 done, 39 downloads
2026-06-23 16:50:28,742 [INFO] Worker 3: FID 51 (33/65)
2026-06-23 16:50:50,636 [INFO] Worker 4: FID 55 done, 156 downloads
2026-06-23 16:50:50,640 [INFO] Worker 4: FID 65 (34/65)
2026-06-23 16:50:52,273 [INFO] Worker 2: FID 132 done, 37 downloads
2026-06-23 16:50:52,277 [INFO] Worker 2: FID 50 (33/65)
2026-06-23 16:50:58,381 [INFO] Worker 5: FID 168 done, 80 downloads
2026-06-23 16:50:58,385 [INFO] Worker 5: FID 81 (20/64)
2026-06-23 16:51:59,560 [WARNING] FID 65: dropped empty tile s1_grd evt S1A_IW_GRDH_1SDV_20230906T094918_20230906T094943_050205_060AF4_C05C tile_0
2026-06-23 16:52:03,052 [WARNING] FID 65: dropped empty tile s1_grd evt S1A_IW_GRDH_1SDV_20230906T094943_20230906T095008_050205_060AF4_E713 tile_1
2026-06-23 16:52:03,524 [INFO] Worker 1: FID 259 done, 105 downloads
2026-06-23 16:52:03,529 [INFO] Worker 1: FID 321 (31/65)
2026-06-23 16:52:03,569 [WARNING] FID 65: dropped empty tile s1_grd evt S1A_IW_GRDH_1SDV_20230906T094943_20230906T095008_050205_060AF4_E713 tile_2
2026-06-23 16:52:04,255 [WARNING] FID 65: dropped empty tile s1_grd bef S1A_IW_GRDH_1SDV_20230109T094911_20230109T094936_046705_05993A_671C tile_0
2026-06-23 16:52:04,439 [INFO] Worker 3: FID 51 done, 80 downloads
2026-06-23 16:52:04,444 [INFO] Worker 3: FID 64 (34/65)
2026-06-23 16:52:07,829 [WARNING] FID 65: dropped empty tile s1_grd bef S1A_IW_GRDH_1SDV_20230109T094936_20230109T095001_046705_05993A_763B tile_1
2026-06-23 16:52:08,449 [WARNING] FID 65: dropped empty tile s1_grd bef S1A_IW_GRDH_1SDV_20230109T094936_20230109T095001_046705_05993A_763B tile_2
2026-06-23 16:52:09,300 [WARNING] FID 65: dropped empty tile s1_grd bef S1A_IW_GRDH_1SDV_20230121T094910_20230121T094935_046880_059F24_ED7C tile_0
2026-06-23 16:52:13,109 [WARNING] FID 65: dropped empty tile s1_grd bef S1A_IW_GRDH_1SDV_20230121T094935_20230121T095000_046880_059F24_7A3A tile_1
2026-06-23 16:52:13,642 [WARNING] FID 65: dropped empty tile s1_grd bef S1A_IW_GRDH_1SDV_20230121T094935_20230121T095000_046880_059F24_7A3A tile_2
2026-06-23 16:52:14,416 [WARNING] FID 65: dropped empty tile s1_grd bef S1A_IW_GRDH_1SDV_20230214T094910_20230214T094935_047230_05AAD4_E27D tile_0
2026-06-23 16:52:16,832 [INFO] Worker 2: FID 50 done, 76 downloads
2026-06-23 16:52:16,837 [INFO] Worker 2: FID 330 (34/65)
2026-06-23 16:52:17,971 [WARNING] FID 65: dropped empty tile s1_grd bef S1A_IW_GRDH_1SDV_20230214T094935_20230214T095000_047230_05AAD4_443E tile_1
2026-06-23 16:52:18,444 [WARNING] FID 65: dropped empty tile s1_grd bef S1A_IW_GRDH_1SDV_20230214T094935_20230214T095000_047230_05AAD4_443E tile_2
2026-06-23 16:52:19,095 [WARNING] FID 65: dropped empty tile s1_grd bef S1A_IW_GRDH_1SDV_20230226T094910_20230226T094935_047405_05B0D3_9DE4 tile_0
2026-06-23 16:52:22,810 [WARNING] FID 65: dropped empty tile s1_grd bef S1A_IW_GRDH_1SDV_20230226T094935_20230226T095000_047405_05B0D3_E8BA tile_1
2026-06-23 16:52:23,280 [WARNING] FID 65: dropped empty tile s1_grd bef S1A_IW_GRDH_1SDV_20230226T094935_20230226T095000_047405_05B0D3_E8BA tile_2
2026-06-23 16:52:24,089 [WARNING] FID 65: dropped empty tile s1_grd bef S1A_IW_GRDH_1SDV_20230310T094910_20230310T094935_047580_05B6BD_2426 tile_0
2026-06-23 16:52:27,721 [WARNING] FID 65: dropped empty tile s1_grd bef S1A_IW_GRDH_1SDV_20230310T094935_20230310T095000_047580_05B6BD_B228 tile_1
2026-06-23 16:52:28,318 [WARNING] FID 65: dropped empty tile s1_grd bef S1A_IW_GRDH_1SDV_20230310T094935_20230310T095000_047580_05B6BD_B228 tile_2
2026-06-23 16:52:29,073 [WARNING] FID 65: dropped empty tile s1_grd bef S1A_IW_GRDH_1SDV_20230322T094910_20230322T094935_047755_05BCAD_F524 tile_0
2026-06-23 16:52:32,731 [WARNING] FID 65: dropped empty tile s1_grd bef S1A_IW_GRDH_1SDV_20230322T094935_20230322T095000_047755_05BCAD_A5E4 tile_1
2026-06-23 16:52:33,219 [WARNING] FID 65: dropped empty tile s1_grd bef S1A_IW_GRDH_1SDV_20230322T094935_20230322T095000_047755_05BCAD_A5E4 tile_2
2026-06-23 16:52:34,116 [WARNING] FID 65: dropped empty tile s1_grd bef S1A_IW_GRDH_1SDV_20230415T094911_20230415T094936_048105_05C876_50BE tile_0
2026-06-23 16:52:37,971 [WARNING] FID 65: dropped empty tile s1_grd bef S1A_IW_GRDH_1SDV_20230415T094936_20230415T095001_048105_05C876_7D01 tile_1
2026-06-23 16:52:38,472 [WARNING] FID 65: dropped empty tile s1_grd bef S1A_IW_GRDH_1SDV_20230415T094936_20230415T095001_048105_05C876_7D01 tile_2
2026-06-23 16:52:39,295 [WARNING] FID 65: dropped empty tile s1_grd bef S1A_IW_GRDH_1SDV_20230427T094911_20230427T094936_048280_05CE51_9F1D tile_0
2026-06-23 16:52:43,012 [WARNING] FID 65: dropped empty tile s1_grd bef S1A_IW_GRDH_1SDV_20230427T094936_20230427T095001_048280_05CE51_C3AC tile_1
2026-06-23 16:52:43,553 [WARNING] FID 65: dropped empty tile s1_grd bef S1A_IW_GRDH_1SDV_20230427T094936_20230427T095001_048280_05CE51_C3AC tile_2
2026-06-23 16:52:44,304 [WARNING] FID 65: dropped empty tile s1_grd bef S1A_IW_GRDH_1SDV_20230509T094912_20230509T094937_048455_05D42C_BB80 tile_0
2026-06-23 16:52:48,096 [WARNING] FID 65: dropped empty tile s1_grd bef S1A_IW_GRDH_1SDV_20230509T094937_20230509T095002_048455_05D42C_4A7D tile_1
2026-06-23 16:52:48,291 [INFO] Worker 0: FID 199 done, 140 downloads
2026-06-23 16:52:48,295 [INFO] Worker 0: FID 203 (30/65)
2026-06-23 16:52:48,602 [WARNING] FID 65: dropped empty tile s1_grd bef S1A_IW_GRDH_1SDV_20230509T094937_20230509T095002_048455_05D42C_4A7D tile_2
2026-06-23 16:52:49,794 [WARNING] FID 65: dropped empty tile s1_grd bef S1A_IW_GRDH_1SDV_20230521T094912_20230521T094937_048630_05D957_8539 tile_0
2026-06-23 16:52:52,990 [WARNING] FID 65: dropped empty tile s1_grd bef S1A_IW_GRDH_1SDV_20230521T094937_20230521T095002_048630_05D957_8119 tile_1
2026-06-23 16:52:53,504 [WARNING] FID 65: dropped empty tile s1_grd bef S1A_IW_GRDH_1SDV_20230521T094937_20230521T095002_048630_05D957_8119 tile_2
2026-06-23 16:52:54,194 [WARNING] FID 65: dropped empty tile s1_grd bef S1A_IW_GRDH_1SDV_20230602T094913_20230602T094938_048805_05DE8B_7193 tile_0
2026-06-23 16:52:57,748 [WARNING] FID 65: dropped empty tile s1_grd bef S1A_IW_GRDH_1SDV_20230602T094938_20230602T095003_048805_05DE8B_61F1 tile_1
2026-06-23 16:52:58,258 [WARNING] FID 65: dropped empty tile s1_grd bef S1A_IW_GRDH_1SDV_20230602T094938_20230602T095003_048805_05DE8B_61F1 tile_2
2026-06-23 16:52:59,631 [WARNING] FID 65: dropped empty tile s1_grd bef S1A_IW_GRDH_1SDV_20230614T094913_20230614T094938_048980_05E3E7_6485 tile_0
2026-06-23 16:52:59,811 [INFO] Worker 2: FID 330 done, 39 downloads
2026-06-23 16:52:59,816 [INFO] Worker 2: FID 212 (35/65)
2026-06-23 16:53:03,193 [WARNING] FID 65: dropped empty tile s1_grd bef S1A_IW_GRDH_1SDV_20230614T094938_20230614T095003_048980_05E3E7_B37E tile_1
2026-06-23 16:53:03,682 [WARNING] FID 65: dropped empty tile s1_grd bef S1A_IW_GRDH_1SDV_20230614T094938_20230614T095003_048980_05E3E7_B37E tile_2
2026-06-23 16:53:04,508 [WARNING] FID 65: dropped empty tile s1_grd bef S1A_IW_GRDH_1SDV_20230626T094914_20230626T094939_049155_05E932_8E24 tile_0
2026-06-23 16:53:07,803 [WARNING] FID 65: dropped empty tile s1_grd bef S1A_IW_GRDH_1SDV_20230626T094939_20230626T095004_049155_05E932_87DB tile_1
2026-06-23 16:53:08,329 [WARNING] FID 65: dropped empty tile s1_grd bef S1A_IW_GRDH_1SDV_20230626T094939_20230626T095004_049155_05E932_87DB tile_2
2026-06-23 16:53:08,971 [WARNING] FID 65: dropped empty tile s1_grd bef S1A_IW_GRDH_1SDV_20230708T094915_20230708T094940_049330_05EE9A_201B tile_0
2026-06-23 16:53:13,444 [WARNING] FID 65: dropped empty tile s1_grd bef S1A_IW_GRDH_1SDV_20230708T094940_20230708T095005_049330_05EE9A_BD21 tile_1
2026-06-23 16:53:13,934 [WARNING] FID 65: dropped empty tile s1_grd bef S1A_IW_GRDH_1SDV_20230708T094940_20230708T095005_049330_05EE9A_BD21 tile_2
2026-06-23 16:53:14,801 [WARNING] FID 65: dropped empty tile s1_grd bef S1A_IW_GRDH_1SDV_20230720T094915_20230720T094940_049505_05F3ED_2372 tile_0
2026-06-23 16:53:18,406 [WARNING] FID 65: dropped empty tile s1_grd bef S1A_IW_GRDH_1SDV_20230720T094940_20230720T095005_049505_05F3ED_61B1 tile_1
2026-06-23 16:53:18,910 [WARNING] FID 65: dropped empty tile s1_grd bef S1A_IW_GRDH_1SDV_20230720T094940_20230720T095005_049505_05F3ED_61B1 tile_2
2026-06-23 16:53:19,730 [WARNING] FID 65: dropped empty tile s1_grd bef S1A_IW_GRDH_1SDV_20230801T094916_20230801T094941_049680_05F959_E6F2 tile_0
2026-06-23 16:53:24,094 [WARNING] FID 65: dropped empty tile s1_grd bef S1A_IW_GRDH_1SDV_20230801T094941_20230801T095006_049680_05F959_7E64 tile_1
2026-06-23 16:53:24,938 [WARNING] FID 65: dropped empty tile s1_grd bef S1A_IW_GRDH_1SDV_20230801T094941_20230801T095006_049680_05F959_7E64 tile_2
2026-06-23 16:53:25,732 [WARNING] FID 65: dropped empty tile s1_grd bef S1A_IW_GRDH_1SDV_20230813T094917_20230813T094942_049855_05FF04_E952 tile_0
2026-06-23 16:53:29,217 [WARNING] FID 65: dropped empty tile s1_grd bef S1A_IW_GRDH_1SDV_20230813T094942_20230813T095007_049855_05FF04_F481 tile_1
2026-06-23 16:53:29,710 [WARNING] FID 65: dropped empty tile s1_grd bef S1A_IW_GRDH_1SDV_20230813T094942_20230813T095007_049855_05FF04_F481 tile_2
2026-06-23 16:53:30,525 [WARNING] FID 65: dropped empty tile s1_grd bef S1A_IW_GRDH_1SDV_20230825T094918_20230825T094943_050030_0604F6_59F6 tile_0
2026-06-23 16:53:35,264 [WARNING] FID 65: dropped empty tile s1_grd bef S1A_IW_GRDH_1SDV_20230825T094943_20230825T095008_050030_0604F6_5B1D tile_1
2026-06-23 16:53:35,852 [WARNING] FID 65: dropped empty tile s1_grd bef S1A_IW_GRDH_1SDV_20230825T094943_20230825T095008_050030_0604F6_5B1D tile_2
2026-06-23 16:53:36,742 [WARNING] FID 65: dropped empty tile s1_grd aft S1A_IW_GRDH_1SDV_20230930T094919_20230930T094944_050555_0616E4_C554 tile_0
2026-06-23 16:53:40,391 [WARNING] FID 65: dropped empty tile s1_grd aft S1A_IW_GRDH_1SDV_20230930T094944_20230930T095009_050555_0616E4_8B83 tile_1
2026-06-23 16:53:40,990 [WARNING] FID 65: dropped empty tile s1_grd aft S1A_IW_GRDH_1SDV_20230930T094944_20230930T095009_050555_0616E4_8B83 tile_2
2026-06-23 16:53:40,990 [INFO] Worker 4: FID 65 done, 123 downloads
2026-06-23 16:53:40,997 [INFO] Worker 4: FID 345 (35/65)
2026-06-23 16:53:44,207 [INFO] Refreshing credentials due to a 401 response. Attempt 1/2.
2026-06-23 16:53:44,417 [INFO] Refreshing credentials due to a 401 response. Attempt 1/2.
2026-06-23 16:53:44,732 [INFO] Refreshing credentials due to a 401 response. Attempt 1/2.
2026-06-23 16:53:45,002 [INFO] Refreshing credentials due to a 401 response. Attempt 1/2.
2026-06-23 16:53:45,535 [INFO] Refreshing credentials due to a 401 response. Attempt 1/2.
2026-06-23 16:53:48,132 [INFO] Refreshing credentials due to a 401 response. Attempt 1/2.
2026-06-23 16:53:49,091 [INFO] Worker 5: FID 81 done, 164 downloads
2026-06-23 16:53:49,096 [INFO] Worker 5: FID 349 (21/64)
2026-06-23 16:53:51,201 [INFO] Worker 3: FID 64 done, 84 downloads
2026-06-23 16:53:51,205 [INFO] Worker 3: FID 329 (35/65)
2026-06-23 16:54:14,584 [INFO] Worker 0: FID 203 done, 72 downloads
2026-06-23 16:54:14,589 [INFO] Worker 0: FID 206 (31/65)
2026-06-23 16:54:35,032 [INFO] Worker 2: FID 212 done, 86 downloads
2026-06-23 16:54:35,036 [INFO] Worker 2: FID 370 (36/65)
2026-06-23 16:54:37,600 [INFO] Worker 3: FID 329 done, 41 downloads
2026-06-23 16:54:37,605 [INFO] Worker 3: FID 359 (36/65)
2026-06-23 16:55:09,752 [INFO] Worker 4: FID 345 done, 82 downloads
2026-06-23 16:55:09,757 [INFO] Worker 4: FID 352 (36/65)
2026-06-23 16:55:22,001 [INFO] Worker 3: FID 359 done, 44 downloads
2026-06-23 16:55:22,005 [INFO] Worker 3: FID 33 (37/65)
2026-06-23 16:55:26,163 [INFO] Worker 0: FID 206 done, 66 downloads
2026-06-23 16:55:26,168 [INFO] Worker 0: FID 323 (32/65)
2026-06-23 16:55:57,504 [INFO] Worker 4: FID 352 done, 47 downloads
2026-06-23 16:55:57,509 [INFO] Worker 4: FID 35 (37/65)
2026-06-23 16:55:59,719 [INFO] Worker 5: FID 349 done, 126 downloads
2026-06-23 16:55:59,724 [INFO] Worker 5: FID 25 (22/64)
2026-06-23 16:56:53,355 [INFO] Worker 5: FID 25 done, 48 downloads
2026-06-23 16:56:53,360 [INFO] Worker 5: FID 152 (23/64)
2026-06-23 16:57:01,519 [INFO] Worker 1: FID 321 done, 279 downloads
2026-06-23 16:57:01,524 [INFO] Worker 1: FID 324 (32/65)
2026-06-23 16:57:25,518 [INFO] Worker 0: FID 323 done, 102 downloads
2026-06-23 16:57:25,523 [INFO] Worker 0: FID 48 (33/65)
2026-06-23 16:57:26,179 [INFO] Worker 5: FID 152 done, 28 downloads
2026-06-23 16:57:26,184 [INFO] Worker 5: FID 279 (24/64)
2026-06-23 16:58:01,784 [INFO] Worker 3: FID 33 done, 144 downloads
2026-06-23 16:58:01,788 [INFO] Worker 3: FID 163 (38/65)
2026-06-23 16:58:07,613 [INFO] Worker 4: FID 35 done, 106 downloads
2026-06-23 16:58:07,618 [INFO] Worker 4: FID 166 (38/65)
2026-06-23 16:58:18,450 [INFO] Worker 2: FID 370 done, 210 downloads
2026-06-23 16:58:18,454 [INFO] Worker 2: FID 61 (37/65)
2026-06-23 16:58:20,086 [INFO] Worker 1: FID 324 done, 70 downloads
2026-06-23 16:58:20,091 [INFO] Worker 1: FID 338 (33/65)
2026-06-23 16:58:29,557 [INFO] Worker 5: FID 279 done, 60 downloads
2026-06-23 16:58:29,562 [INFO] Worker 5: FID 227 (25/64)
2026-06-23 16:58:40,751 [INFO] Worker 0: FID 48 done, 72 downloads
2026-06-23 16:58:40,756 [INFO] Worker 0: FID 328 (34/65)
2026-06-23 16:58:41,491 [INFO] Worker 3: FID 163 done, 38 downloads
2026-06-23 16:58:41,495 [INFO] Worker 3: FID 234 (39/65)
2026-06-23 16:59:02,435 [INFO] Worker 4: FID 166 done, 51 downloads
2026-06-23 16:59:02,440 [INFO] Worker 4: FID 173 (39/65)
2026-06-23 16:59:26,604 [INFO] Worker 3: FID 234 done, 42 downloads
2026-06-23 16:59:26,609 [INFO] Worker 3: FID 111 (40/65)
2026-06-23 16:59:39,026 [INFO] Worker 5: FID 227 done, 64 downloads
2026-06-23 16:59:39,031 [INFO] Worker 5: FID 105 (26/64)
2026-06-23 16:59:44,320 [INFO] Worker 4: FID 173 done, 40 downloads
2026-06-23 16:59:44,325 [INFO] Worker 4: FID 171 (40/65)
2026-06-23 16:59:59,938 [INFO] Worker 2: FID 61 done, 96 downloads
2026-06-23 16:59:59,943 [INFO] Worker 2: FID 104 (38/65)
2026-06-23 17:00:05,747 [INFO] Worker 1: FID 338 done, 105 downloads
2026-06-23 17:00:05,752 [INFO] Worker 1: FID 57 (34/65)
2026-06-23 17:00:08,391 [INFO] Worker 3: FID 111 done, 38 downloads
2026-06-23 17:00:08,396 [INFO] Worker 3: FID 80 (41/65)
2026-06-23 17:00:16,161 [INFO] Worker 4: FID 171 done, 18 downloads
2026-06-23 17:00:16,166 [INFO] Worker 4: FID 88 (41/65)
2026-06-23 17:00:27,948 [INFO] Worker 0: FID 328 done, 80 downloads
2026-06-23 17:00:27,953 [INFO] Worker 0: FID 72 (35/65)
2026-06-23 17:00:38,306 [INFO] Worker 5: FID 105 done, 54 downloads
2026-06-23 17:00:38,311 [INFO] Worker 5: FID 308 (27/64)
2026-06-23 17:01:00,291 [INFO] Worker 4: FID 88 done, 43 downloads
2026-06-23 17:01:00,296 [INFO] Worker 4: FID 363 (42/65)
2026-06-23 17:01:04,748 [INFO] Worker 3: FID 80 done, 41 downloads
2026-06-23 17:01:04,755 [INFO] Worker 3: FID 368 (42/65)
2026-06-23 17:01:10,326 [INFO] Worker 2: FID 104 done, 68 downloads
2026-06-23 17:01:10,332 [INFO] Worker 2: FID 108 (39/65)
2026-06-23 17:01:24,416 [WARNING] FID 72: dropped empty tile s1_grd evt S1A_IW_GRDH_1SDV_20230906T094918_20230906T094943_050205_060AF4_C05C tile_0
2026-06-23 17:01:27,174 [WARNING] FID 72: dropped empty tile s1_grd evt S1A_IW_GRDH_1SDV_20230906T094943_20230906T095008_050205_060AF4_E713 tile_1
2026-06-23 17:01:27,694 [WARNING] FID 72: dropped empty tile s1_grd bef S1A_IW_GRDH_1SDV_20230109T094911_20230109T094936_046705_05993A_671C tile_0
2026-06-23 17:01:30,121 [WARNING] FID 72: dropped empty tile s1_grd bef S1A_IW_GRDH_1SDV_20230109T094936_20230109T095001_046705_05993A_763B tile_1
2026-06-23 17:01:30,679 [WARNING] FID 72: dropped empty tile s1_grd bef S1A_IW_GRDH_1SDV_20230121T094910_20230121T094935_046880_059F24_ED7C tile_0
2026-06-23 17:01:33,037 [WARNING] FID 72: dropped empty tile s1_grd bef S1A_IW_GRDH_1SDV_20230121T094935_20230121T095000_046880_059F24_7A3A tile_1
2026-06-23 17:01:33,529 [WARNING] FID 72: dropped empty tile s1_grd bef S1A_IW_GRDH_1SDV_20230214T094910_20230214T094935_047230_05AAD4_E27D tile_0
2026-06-23 17:01:35,903 [WARNING] FID 72: dropped empty tile s1_grd bef S1A_IW_GRDH_1SDV_20230214T094935_20230214T095000_047230_05AAD4_443E tile_1
2026-06-23 17:01:36,540 [WARNING] FID 72: dropped empty tile s1_grd bef S1A_IW_GRDH_1SDV_20230226T094910_20230226T094935_047405_05B0D3_9DE4 tile_0
2026-06-23 17:01:39,126 [WARNING] FID 72: dropped empty tile s1_grd bef S1A_IW_GRDH_1SDV_20230226T094935_20230226T095000_047405_05B0D3_E8BA tile_1
2026-06-23 17:01:39,637 [WARNING] FID 72: dropped empty tile s1_grd bef S1A_IW_GRDH_1SDV_20230310T094910_20230310T094935_047580_05B6BD_2426 tile_0
2026-06-23 17:01:42,201 [WARNING] FID 72: dropped empty tile s1_grd bef S1A_IW_GRDH_1SDV_20230310T094935_20230310T095000_047580_05B6BD_B228 tile_1
2026-06-23 17:01:42,917 [WARNING] FID 72: dropped empty tile s1_grd bef S1A_IW_GRDH_1SDV_20230322T094910_20230322T094935_047755_05BCAD_F524 tile_0
2026-06-23 17:01:45,355 [WARNING] FID 72: dropped empty tile s1_grd bef S1A_IW_GRDH_1SDV_20230322T094935_20230322T095000_047755_05BCAD_A5E4 tile_1
2026-06-23 17:01:45,905 [WARNING] FID 72: dropped empty tile s1_grd bef S1A_IW_GRDH_1SDV_20230415T094911_20230415T094936_048105_05C876_50BE tile_0
2026-06-23 17:01:48,331 [WARNING] FID 72: dropped empty tile s1_grd bef S1A_IW_GRDH_1SDV_20230415T094936_20230415T095001_048105_05C876_7D01 tile_1
2026-06-23 17:01:48,620 [INFO] Worker 2: FID 108 done, 38 downloads
2026-06-23 17:01:48,625 [INFO] Worker 2: FID 109 (40/65)
2026-06-23 17:01:49,118 [WARNING] FID 72: dropped empty tile s1_grd bef S1A_IW_GRDH_1SDV_20230427T094911_20230427T094936_048280_05CE51_9F1D tile_0
2026-06-23 17:01:51,624 [WARNING] FID 72: dropped empty tile s1_grd bef S1A_IW_GRDH_1SDV_20230427T094936_20230427T095001_048280_05CE51_C3AC tile_1
2026-06-23 17:01:52,156 [WARNING] FID 72: dropped empty tile s1_grd bef S1A_IW_GRDH_1SDV_20230509T094912_20230509T094937_048455_05D42C_BB80 tile_0
2026-06-23 17:01:54,546 [WARNING] FID 72: dropped empty tile s1_grd bef S1A_IW_GRDH_1SDV_20230509T094937_20230509T095002_048455_05D42C_4A7D tile_1
2026-06-23 17:01:55,039 [WARNING] FID 72: dropped empty tile s1_grd bef S1A_IW_GRDH_1SDV_20230521T094912_20230521T094937_048630_05D957_8539 tile_0
2026-06-23 17:01:57,458 [INFO] Worker 5: FID 308 done, 75 downloads
2026-06-23 17:01:57,464 [INFO] Worker 5: FID 198 (28/64)
2026-06-23 17:01:57,668 [WARNING] FID 72: dropped empty tile s1_grd bef S1A_IW_GRDH_1SDV_20230521T094937_20230521T095002_048630_05D957_8119 tile_1
2026-06-23 17:01:58,205 [WARNING] FID 72: dropped empty tile s1_grd bef S1A_IW_GRDH_1SDV_20230602T094913_20230602T094938_048805_05DE8B_7193 tile_0
2026-06-23 17:02:00,601 [WARNING] FID 72: dropped empty tile s1_grd bef S1A_IW_GRDH_1SDV_20230602T094938_20230602T095003_048805_05DE8B_61F1 tile_1
2026-06-23 17:02:01,160 [WARNING] FID 72: dropped empty tile s1_grd bef S1A_IW_GRDH_1SDV_20230614T094913_20230614T094938_048980_05E3E7_6485 tile_0
2026-06-23 17:02:02,460 [INFO] Worker 1: FID 57 done, 84 downloads
2026-06-23 17:02:02,465 [INFO] Worker 1: FID 73 (35/65)
2026-06-23 17:02:03,716 [WARNING] FID 72: dropped empty tile s1_grd bef S1A_IW_GRDH_1SDV_20230614T094938_20230614T095003_048980_05E3E7_B37E tile_1
2026-06-23 17:02:04,224 [WARNING] FID 72: dropped empty tile s1_grd bef S1A_IW_GRDH_1SDV_20230626T094914_20230626T094939_049155_05E932_8E24 tile_0
2026-06-23 17:02:05,253 [WARNING] Encountered 403 Forbidden with reason "PERMISSION_DENIED"
2026-06-23 17:02:05,254 [WARNING] GEE error (attempt 1/5): Not signed up for Earth Engine or project is not registered. Visit https://developers.google.com/earth-engine/guides/access
2026-06-23 17:02:07,251 [WARNING] FID 72: dropped empty tile s1_grd bef S1A_IW_GRDH_1SDV_20230626T094939_20230626T095004_049155_05E932_87DB tile_1
2026-06-23 17:02:07,761 [WARNING] FID 72: dropped empty tile s1_grd bef S1A_IW_GRDH_1SDV_20230708T094915_20230708T094940_049330_05EE9A_201B tile_0
2026-06-23 17:02:10,580 [WARNING] FID 72: dropped empty tile s1_grd bef S1A_IW_GRDH_1SDV_20230708T094940_20230708T095005_049330_05EE9A_BD21 tile_1
2026-06-23 17:02:11,325 [WARNING] FID 72: dropped empty tile s1_grd bef S1A_IW_GRDH_1SDV_20230720T094915_20230720T094940_049505_05F3ED_2372 tile_0
2026-06-23 17:02:13,704 [WARNING] FID 72: dropped empty tile s1_grd bef S1A_IW_GRDH_1SDV_20230720T094940_20230720T095005_049505_05F3ED_61B1 tile_1
2026-06-23 17:02:14,247 [WARNING] FID 72: dropped empty tile s1_grd bef S1A_IW_GRDH_1SDV_20230801T094916_20230801T094941_049680_05F959_E6F2 tile_0
2026-06-23 17:02:17,466 [WARNING] FID 72: dropped empty tile s1_grd bef S1A_IW_GRDH_1SDV_20230801T094941_20230801T095006_049680_05F959_7E64 tile_1
2026-06-23 17:02:18,003 [WARNING] FID 72: dropped empty tile s1_grd bef S1A_IW_GRDH_1SDV_20230813T094917_20230813T094942_049855_05FF04_E952 tile_0
2026-06-23 17:02:22,063 [WARNING] FID 72: dropped empty tile s1_grd bef S1A_IW_GRDH_1SDV_20230813T094942_20230813T095007_049855_05FF04_F481 tile_1
2026-06-23 17:02:22,703 [WARNING] FID 72: dropped empty tile s1_grd bef S1A_IW_GRDH_1SDV_20230825T094918_20230825T094943_050030_0604F6_59F6 tile_0
2026-06-23 17:02:25,726 [WARNING] FID 72: dropped empty tile s1_grd bef S1A_IW_GRDH_1SDV_20230825T094943_20230825T095008_050030_0604F6_5B1D tile_1
2026-06-23 17:02:26,508 [WARNING] FID 72: dropped empty tile s1_grd aft S1A_IW_GRDH_1SDV_20230930T094919_20230930T094944_050555_0616E4_C554 tile_0
2026-06-23 17:02:28,997 [WARNING] FID 72: dropped empty tile s1_grd aft S1A_IW_GRDH_1SDV_20230930T094944_20230930T095009_050555_0616E4_8B83 tile_1
2026-06-23 17:02:28,997 [INFO] Worker 0: FID 72 done, 86 downloads
2026-06-23 17:02:29,005 [INFO] Worker 0: FID 264 (36/65)
2026-06-23 17:02:36,624 [INFO] Worker 5: FID 198 done, 36 downloads
2026-06-23 17:02:36,629 [INFO] Worker 5: FID 202 (29/64)
2026-06-23 17:02:41,744 [INFO] Worker 2: FID 109 done, 44 downloads
2026-06-23 17:02:41,750 [INFO] Worker 2: FID 357 (41/65)
2026-06-23 17:02:59,103 [INFO] Worker 1: FID 73 done, 44 downloads
2026-06-23 17:02:59,108 [INFO] Worker 1: FID 265 (36/65)
2026-06-23 17:03:19,913 [INFO] Worker 3: FID 368 done, 132 downloads
2026-06-23 17:03:19,918 [INFO] Worker 3: FID 289 (43/65)
2026-06-23 17:03:45,398 [INFO] Worker 1: FID 265 done, 38 downloads
2026-06-23 17:03:45,403 [INFO] Worker 1: FID 10 (37/65)
2026-06-23 17:03:45,836 [INFO] Worker 5: FID 202 done, 36 downloads
2026-06-23 17:03:45,842 [INFO] Worker 5: FID 319 (30/64)
2026-06-23 17:03:58,586 [INFO] Worker 2: FID 357 done, 66 downloads
2026-06-23 17:03:58,591 [INFO] Worker 2: FID 362 (42/65)
2026-06-23 17:04:42,611 [INFO] Worker 0: FID 264 done, 123 downloads
2026-06-23 17:04:42,617 [INFO] Worker 0: FID 11 (37/65)
2026-06-23 17:04:47,147 [INFO] Worker 4: FID 363 done, 192 downloads
2026-06-23 17:04:47,152 [INFO] Worker 4: FID 112 (43/65)
2026-06-23 17:04:55,656 [INFO] Worker 3: FID 289 done, 85 downloads
2026-06-23 17:04:55,662 [INFO] Worker 3: FID 121 (44/65)
2026-06-23 17:05:34,446 [INFO] Worker 4: FID 112 done, 44 downloads
2026-06-23 17:05:34,451 [INFO] Worker 4: FID 187 (44/65)
2026-06-23 17:05:48,240 [INFO] Worker 3: FID 121 done, 52 downloads
2026-06-23 17:05:48,246 [INFO] Worker 3: FID 188 (45/65)
2026-06-23 17:05:49,923 [INFO] Worker 1: FID 10 done, 98 downloads
2026-06-23 17:05:49,928 [INFO] Worker 1: FID 36 (38/65)
2026-06-23 17:06:12,917 [INFO] Worker 5: FID 319 done, 132 downloads
2026-06-23 17:06:12,923 [INFO] Worker 5: FID 131 (31/64)
2026-06-23 17:06:17,746 [INFO] Worker 3: FID 188 done, 29 downloads
2026-06-23 17:06:17,752 [INFO] Worker 3: FID 356 (46/65)
2026-06-23 17:06:34,681 [INFO] Worker 0: FID 11 done, 100 downloads
2026-06-23 17:06:34,686 [INFO] Worker 0: FID 37 (38/65)
2026-06-23 17:06:41,644 [INFO] Worker 1: FID 36 done, 47 downloads
2026-06-23 17:06:41,650 [INFO] Worker 1: FID 288 (39/65)
2026-06-23 17:06:56,544 [INFO] Worker 2: FID 362 done, 168 downloads
2026-06-23 17:06:56,550 [INFO] Worker 2: FID 285 (43/65)
2026-06-23 17:06:58,998 [INFO] Worker 1: FID 288 done, 18 downloads
2026-06-23 17:06:59,003 [INFO] Worker 1: FID 292 (40/65)
2026-06-23 17:07:01,612 [INFO] Worker 3: FID 356 done, 35 downloads
2026-06-23 17:07:01,618 [INFO] Worker 3: FID 327 (47/65)
2026-06-23 17:07:17,685 [INFO] Worker 1: FID 292 done, 19 downloads
2026-06-23 17:07:17,690 [INFO] Worker 1: FID 293 (41/65)
2026-06-23 17:07:21,535 [INFO] Worker 4: FID 187 done, 100 downloads
2026-06-23 17:07:21,542 [INFO] Worker 4: FID 192 (45/65)
2026-06-23 17:07:51,636 [INFO] Worker 4: FID 192 done, 27 downloads
2026-06-23 17:07:51,641 [INFO] Worker 4: FID 210 (46/65)
2026-06-23 17:07:57,939 [INFO] Worker 2: FID 285 done, 54 downloads
2026-06-23 17:07:57,944 [INFO] Worker 2: FID 305 (44/65)
2026-06-23 17:08:28,738 [INFO] Worker 5: FID 131 done, 132 downloads
2026-06-23 17:08:28,743 [INFO] Worker 5: FID 211 (32/64)
2026-06-23 17:08:57,297 [INFO] Worker 1: FID 293 done, 95 downloads
2026-06-23 17:08:57,302 [INFO] Worker 1: FID 364 (42/65)
2026-06-23 17:09:04,708 [INFO] Worker 4: FID 210 done, 72 downloads
2026-06-23 17:09:04,714 [INFO] Worker 4: FID 337 (47/65)
2026-06-23 17:09:58,571 [INFO] Worker 1: FID 364 done, 47 downloads
2026-06-23 17:09:58,577 [INFO] Worker 1: FID 229 (43/65)
2026-06-23 17:09:59,976 [INFO] Worker 3: FID 327 done, 148 downloads
2026-06-23 17:09:59,982 [INFO] Worker 3: FID 383 (48/65)
2026-06-23 17:10:09,875 [INFO] Worker 2: FID 305 done, 130 downloads
2026-06-23 17:10:09,881 [INFO] Worker 2: FID 307 (45/65)
2026-06-23 17:11:03,970 [INFO] Worker 4: FID 337 done, 114 downloads
2026-06-23 17:11:03,978 [INFO] Worker 4: FID 52 (48/65)
2026-06-23 17:11:14,333 [INFO] Worker 1: FID 229 done, 75 downloads
2026-06-23 17:11:14,338 [INFO] Worker 1: FID 300 (44/65)
2026-06-23 17:11:27,199 [INFO] Worker 2: FID 307 done, 69 downloads
2026-06-23 17:11:27,205 [INFO] Worker 2: FID 320 (46/65)
2026-06-23 17:11:30,912 [INFO] Worker 5: FID 211 done, 180 downloads
2026-06-23 17:11:30,918 [INFO] Worker 5: FID 56 (33/64)
2026-06-23 17:12:14,158 [INFO] Worker 3: FID 383 done, 117 downloads
2026-06-23 17:12:14,164 [INFO] Worker 3: FID 331 (49/65)
2026-06-23 17:12:21,031 [INFO] Worker 5: FID 56 done, 41 downloads
2026-06-23 17:12:21,038 [INFO] Worker 5: FID 71 (34/64)
2026-06-23 17:12:33,132 [INFO] Worker 0: FID 37 done, 276 downloads
2026-06-23 17:12:33,138 [INFO] Worker 0: FID 165 (39/65)
2026-06-23 17:12:34,576 [INFO] Worker 2: FID 320 done, 66 downloads
2026-06-23 17:12:34,582 [INFO] Worker 2: FID 134 (47/65)
2026-06-23 17:12:51,052 [INFO] Worker 0: FID 165 done, 17 downloads
2026-06-23 17:12:51,059 [INFO] Worker 0: FID 175 (40/65)
2026-06-23 17:13:13,517 [INFO] Worker 1: FID 300 done, 108 downloads
2026-06-23 17:13:13,524 [INFO] Worker 1: FID 304 (45/65)
2026-06-23 17:13:17,960 [INFO] Worker 4: FID 52 done, 120 downloads
2026-06-23 17:13:17,967 [INFO] Worker 4: FID 344 (49/65)
2026-06-23 17:13:38,322 [INFO] Worker 1: FID 304 done, 25 downloads
2026-06-23 17:13:38,328 [INFO] Worker 1: FID 128 (46/65)
2026-06-23 17:13:41,911 [INFO] Worker 5: FID 71 done, 82 downloads
2026-06-23 17:13:41,917 [INFO] Worker 5: FID 76 (35/64)
2026-06-23 17:13:45,905 [INFO] Worker 3: FID 331 done, 86 downloads
2026-06-23 17:13:45,911 [INFO] Worker 3: FID 369 (50/65)
2026-06-23 17:13:53,583 [INFO] Worker 0: FID 175 done, 60 downloads
2026-06-23 17:13:53,589 [INFO] Worker 0: FID 291 (41/65)
2026-06-23 17:14:11,755 [INFO] Worker 0: FID 291 done, 18 downloads
2026-06-23 17:14:11,761 [INFO] Worker 0: FID 347 (42/65)
2026-06-23 17:15:05,785 [INFO] Worker 5: FID 76 done, 80 downloads
2026-06-23 17:15:05,791 [INFO] Worker 5: FID 9 (36/64)
2026-06-23 17:15:06,497 [INFO] Worker 2: FID 134 done, 152 downloads
2026-06-23 17:15:06,503 [INFO] Worker 2: FID 342 (48/65)
2026-06-23 17:15:43,738 [INFO] Worker 1: FID 128 done, 124 downloads
2026-06-23 17:15:43,744 [INFO] Worker 1: FID 386 (47/65)
2026-06-23 17:15:45,067 [INFO] Worker 0: FID 347 done, 86 downloads
2026-06-23 17:15:45,072 [INFO] Worker 0: FID 102 (43/65)
2026-06-23 17:16:18,057 [INFO] Worker 0: FID 102 done, 32 downloads
2026-06-23 17:16:18,063 [INFO] Worker 0: FID 176 (44/65)
2026-06-23 17:16:21,025 [INFO] Worker 4: FID 344 done, 176 downloads
2026-06-23 17:16:21,031 [INFO] Worker 4: FID 371 (50/65)
2026-06-23 17:16:28,616 [INFO] Worker 2: FID 342 done, 78 downloads
2026-06-23 17:16:28,622 [INFO] Worker 2: FID 75 (49/65)
2026-06-23 17:16:53,262 [INFO] Worker 5: FID 9 done, 92 downloads
2026-06-23 17:16:53,269 [INFO] Worker 5: FID 385 (37/64)
2026-06-23 17:16:56,453 [INFO] Worker 0: FID 176 done, 38 downloads
2026-06-23 17:16:56,459 [INFO] Worker 0: FID 251 (45/65)
2026-06-23 17:17:30,027 [INFO] Worker 1: FID 386 done, 80 downloads
2026-06-23 17:17:30,033 [INFO] Worker 1: FID 340 (48/65)
2026-06-23 17:17:46,682 [INFO] Worker 0: FID 251 done, 50 downloads
2026-06-23 17:17:46,688 [INFO] Worker 0: FID 124 (46/65)
2026-06-23 17:17:58,259 [INFO] Worker 4: FID 371 done, 94 downloads
2026-06-23 17:17:58,266 [INFO] Worker 4: FID 172 (51/65)
2026-06-23 17:18:37,122 [INFO] Worker 2: FID 75 done, 117 downloads
2026-06-23 17:18:37,128 [INFO] Worker 2: FID 60 (50/65)
2026-06-23 17:19:01,680 [INFO] Worker 0: FID 124 done, 70 downloads
2026-06-23 17:19:01,687 [INFO] Worker 0: FID 335 (47/65)
2026-06-23 17:19:35,321 [INFO] Worker 4: FID 172 done, 84 downloads
2026-06-23 17:19:35,328 [INFO] Worker 4: FID 367 (52/65)
2026-06-23 17:19:37,035 [INFO] Worker 3: FID 369 done, 352 downloads
2026-06-23 17:19:37,041 [INFO] Worker 3: FID 162 (51/65)
2026-06-23 17:19:38,828 [WARNING] FID 162: dropped empty tile s2_l2a evt 20230510T142719_20230510T142819 tile_1
2026-06-23 17:19:39,927 [WARNING] FID 162: dropped empty tile s2_l2a evt 20230510T142719_20230510T142819 tile_2
2026-06-23 17:19:43,923 [INFO] Worker 1: FID 340 done, 123 downloads
2026-06-23 17:19:43,933 [INFO] Worker 1: FID 70 (49/65)
2026-06-23 17:20:07,971 [WARNING] FID 162: dropped empty tile s2_l2a bef 20230326T142711_20230326T142710 tile_1
2026-06-23 17:20:08,517 [WARNING] FID 162: dropped empty tile s2_l2a bef 20230326T142711_20230326T142710 tile_2
2026-06-23 17:20:10,099 [WARNING] FID 162: dropped empty tile s2_l2a bef 20230405T142711_20230405T142712 tile_1
2026-06-23 17:20:10,622 [WARNING] FID 162: dropped empty tile s2_l2a bef 20230405T142711_20230405T142712 tile_2
2026-06-23 17:20:24,026 [INFO] Worker 0: FID 335 done, 80 downloads
2026-06-23 17:20:24,032 [INFO] Worker 0: FID 38 (48/65)
2026-06-23 17:20:26,446 [INFO] Worker 1: FID 70 done, 41 downloads
2026-06-23 17:20:26,452 [INFO] Worker 1: FID 136 (50/65)
2026-06-23 17:20:59,280 [INFO] Worker 3: FID 162 done, 60 downloads
2026-06-23 17:20:59,287 [INFO] Worker 3: FID 213 (52/65)
2026-06-23 17:21:03,251 [INFO] Worker 2: FID 60 done, 138 downloads
2026-06-23 17:21:03,260 [INFO] Worker 2: FID 389 (51/65)
2026-06-23 17:21:03,359 [INFO] Worker 4: FID 367 done, 88 downloads
2026-06-23 17:21:03,366 [INFO] Worker 4: FID 177 (53/65)
2026-06-23 17:21:03,914 [INFO] Worker 0: FID 38 done, 37 downloads
2026-06-23 17:21:03,921 [INFO] Worker 0: FID 67 (49/65)
2026-06-23 17:21:46,790 [INFO] Worker 3: FID 213 done, 44 downloads
2026-06-23 17:21:46,797 [INFO] Worker 3: FID 240 (53/65)
2026-06-23 17:21:50,656 [INFO] Worker 4: FID 177 done, 48 downloads
2026-06-23 17:21:50,663 [INFO] Worker 4: FID 180 (54/65)
2026-06-23 17:21:59,328 [INFO] Worker 1: FID 136 done, 90 downloads
2026-06-23 17:21:59,334 [INFO] Worker 1: FID 388 (51/65)
2026-06-23 17:22:05,402 [INFO] Worker 2: FID 389 done, 47 downloads
2026-06-23 17:22:05,409 [INFO] Worker 2: FID 85 (52/65)
2026-06-23 17:22:17,642 [INFO] Worker 4: FID 180 done, 27 downloads
2026-06-23 17:22:17,649 [INFO] Worker 4: FID 179 (55/65)
2026-06-23 17:22:34,801 [INFO] Worker 0: FID 67 done, 82 downloads
2026-06-23 17:22:34,808 [INFO] Worker 0: FID 138 (50/65)
2026-06-23 17:22:35,168 [INFO] Worker 3: FID 240 done, 50 downloads
2026-06-23 17:22:35,175 [INFO] Worker 3: FID 238 (54/65)
2026-06-23 17:22:57,789 [INFO] Worker 3: FID 238 done, 23 downloads
2026-06-23 17:22:57,797 [INFO] Worker 3: FID 297 (55/65)
2026-06-23 17:23:22,711 [INFO] Worker 3: FID 297 done, 25 downloads
2026-06-23 17:23:22,718 [INFO] Worker 3: FID 184 (56/65)
2026-06-23 17:23:43,832 [INFO] Worker 4: FID 179 done, 78 downloads
2026-06-23 17:23:43,843 [INFO] Worker 4: FID 245 (56/65)
2026-06-23 17:23:51,742 [INFO] Worker 1: FID 388 done, 92 downloads
2026-06-23 17:23:51,752 [INFO] Worker 1: FID 123 (52/65)
2026-06-23 17:23:54,620 [INFO] Worker 3: FID 184 done, 30 downloads
2026-06-23 17:23:54,627 [INFO] Worker 3: FID 186 (57/65)
2026-06-23 17:24:14,799 [INFO] Worker 4: FID 245 done, 29 downloads
2026-06-23 17:24:14,806 [INFO] Worker 4: FID 247 (57/65)
2026-06-23 17:24:58,155 [INFO] Worker 1: FID 123 done, 64 downloads
2026-06-23 17:24:58,161 [INFO] Worker 1: FID 230 (53/65)
2026-06-23 17:25:24,326 [INFO] Worker 0: FID 138 done, 156 downloads
2026-06-23 17:25:24,333 [INFO] Worker 0: FID 379 (51/65)
2026-06-23 17:25:29,391 [INFO] Worker 2: FID 85 done, 172 downloads
2026-06-23 17:25:29,398 [INFO] Worker 2: FID 281 (53/65)
2026-06-23 17:25:36,794 [INFO] Worker 1: FID 230 done, 34 downloads
2026-06-23 17:25:36,801 [INFO] Worker 1: FID 296 (54/65)
2026-06-23 17:25:48,884 [INFO] Worker 2: FID 281 done, 18 downloads
2026-06-23 17:25:48,890 [INFO] Worker 2: FID 113 (54/65)
2026-06-23 17:26:03,414 [INFO] Worker 1: FID 296 done, 26 downloads
2026-06-23 17:26:03,420 [INFO] Worker 1: FID 299 (55/65)
2026-06-23 17:26:09,112 [INFO] Worker 3: FID 186 done, 128 downloads
2026-06-23 17:26:09,119 [INFO] Worker 3: FID 190 (58/65)
2026-06-23 17:26:19,077 [INFO] Worker 4: FID 247 done, 112 downloads
2026-06-23 17:26:19,085 [INFO] Worker 4: FID 122 (58/65)
2026-06-23 17:26:47,714 [INFO] Worker 4: FID 122 done, 28 downloads
2026-06-23 17:26:47,721 [INFO] Worker 4: FID 314 (59/65)
2026-06-23 17:26:59,006 [INFO] Worker 0: FID 379 done, 84 downloads
2026-06-23 17:26:59,013 [INFO] Worker 0: FID 237 (52/65)
2026-06-23 17:27:04,568 [INFO] Worker 1: FID 299 done, 54 downloads
2026-06-23 17:27:04,575 [INFO] Worker 1: FID 183 (56/65)
2026-06-23 17:27:13,881 [INFO] Worker 3: FID 190 done, 64 downloads
2026-06-23 17:27:13,889 [INFO] Worker 3: FID 257 (59/65)
2026-06-23 17:27:20,678 [INFO] Worker 2: FID 113 done, 92 downloads
2026-06-23 17:27:20,685 [INFO] Worker 2: FID 241 (55/65)
2026-06-23 17:27:28,708 [WARNING] FID 183: dropped empty tile s1_grd evt S1A_IW_GRDH_1SDV_20230614T094913_20230614T094938_048980_05E3E7_6485 tile_0
2026-06-23 17:27:31,097 [WARNING] FID 183: dropped empty tile s1_grd evt S1A_IW_GRDH_1SDV_20230614T094938_20230614T095003_048980_05E3E7_B37E tile_1
2026-06-23 17:27:31,634 [WARNING] FID 183: dropped empty tile s1_grd evt S1A_IW_GRDH_1SDV_20230626T094914_20230626T094939_049155_05E932_8E24 tile_0
2026-06-23 17:27:34,155 [WARNING] FID 183: dropped empty tile s1_grd evt S1A_IW_GRDH_1SDV_20230626T094939_20230626T095004_049155_05E932_87DB tile_1
2026-06-23 17:27:34,653 [WARNING] FID 183: dropped empty tile s1_grd bef S1A_IW_GRDH_1SDV_20230109T094911_20230109T094936_046705_05993A_671C tile_0
2026-06-23 17:27:37,174 [WARNING] FID 183: dropped empty tile s1_grd bef S1A_IW_GRDH_1SDV_20230109T094936_20230109T095001_046705_05993A_763B tile_1
2026-06-23 17:27:37,703 [WARNING] FID 183: dropped empty tile s1_grd bef S1A_IW_GRDH_1SDV_20230121T094910_20230121T094935_046880_059F24_ED7C tile_0
2026-06-23 17:27:40,202 [WARNING] FID 183: dropped empty tile s1_grd bef S1A_IW_GRDH_1SDV_20230121T094935_20230121T095000_046880_059F24_7A3A tile_1
2026-06-23 17:27:40,697 [WARNING] FID 183: dropped empty tile s1_grd bef S1A_IW_GRDH_1SDV_20230214T094910_20230214T094935_047230_05AAD4_E27D tile_0
2026-06-23 17:27:43,737 [WARNING] FID 183: dropped empty tile s1_grd bef S1A_IW_GRDH_1SDV_20230214T094935_20230214T095000_047230_05AAD4_443E tile_1
2026-06-23 17:27:44,400 [WARNING] FID 183: dropped empty tile s1_grd bef S1A_IW_GRDH_1SDV_20230226T094910_20230226T094935_047405_05B0D3_9DE4 tile_0
2026-06-23 17:27:46,761 [WARNING] FID 183: dropped empty tile s1_grd bef S1A_IW_GRDH_1SDV_20230226T094935_20230226T095000_047405_05B0D3_E8BA tile_1
2026-06-23 17:27:47,305 [WARNING] FID 183: dropped empty tile s1_grd bef S1A_IW_GRDH_1SDV_20230310T094910_20230310T094935_047580_05B6BD_2426 tile_0
2026-06-23 17:27:50,022 [WARNING] FID 183: dropped empty tile s1_grd bef S1A_IW_GRDH_1SDV_20230310T094935_20230310T095000_047580_05B6BD_B228 tile_1
2026-06-23 17:27:50,526 [WARNING] FID 183: dropped empty tile s1_grd bef S1A_IW_GRDH_1SDV_20230322T094910_20230322T094935_047755_05BCAD_F524 tile_0
2026-06-23 17:27:52,844 [WARNING] FID 183: dropped empty tile s1_grd bef S1A_IW_GRDH_1SDV_20230322T094935_20230322T095000_047755_05BCAD_A5E4 tile_1
2026-06-23 17:27:53,659 [WARNING] FID 183: dropped empty tile s1_grd bef S1A_IW_GRDH_1SDV_20230415T094911_20230415T094936_048105_05C876_50BE tile_0
2026-06-23 17:27:56,411 [WARNING] FID 183: dropped empty tile s1_grd bef S1A_IW_GRDH_1SDV_20230415T094936_20230415T095001_048105_05C876_7D01 tile_1
2026-06-23 17:27:56,903 [WARNING] FID 183: dropped empty tile s1_grd bef S1A_IW_GRDH_1SDV_20230427T094911_20230427T094936_048280_05CE51_9F1D tile_0
2026-06-23 17:27:59,380 [WARNING] FID 183: dropped empty tile s1_grd bef S1A_IW_GRDH_1SDV_20230427T094936_20230427T095001_048280_05CE51_C3AC tile_1
2026-06-23 17:27:59,943 [WARNING] FID 183: dropped empty tile s1_grd bef S1A_IW_GRDH_1SDV_20230509T094912_20230509T094937_048455_05D42C_BB80 tile_0
2026-06-23 17:28:02,548 [WARNING] FID 183: dropped empty tile s1_grd bef S1A_IW_GRDH_1SDV_20230509T094937_20230509T095002_048455_05D42C_4A7D tile_1
2026-06-23 17:28:03,094 [WARNING] FID 183: dropped empty tile s1_grd bef S1A_IW_GRDH_1SDV_20230521T094912_20230521T094937_048630_05D957_8539 tile_0
2026-06-23 17:28:05,604 [WARNING] FID 183: dropped empty tile s1_grd bef S1A_IW_GRDH_1SDV_20230521T094937_20230521T095002_048630_05D957_8119 tile_1
2026-06-23 17:28:06,102 [WARNING] FID 183: dropped empty tile s1_grd bef S1A_IW_GRDH_1SDV_20230602T094913_20230602T094938_048805_05DE8B_7193 tile_0
2026-06-23 17:28:08,569 [WARNING] FID 183: dropped empty tile s1_grd bef S1A_IW_GRDH_1SDV_20230602T094938_20230602T095003_048805_05DE8B_61F1 tile_1
2026-06-23 17:28:09,098 [WARNING] FID 183: dropped empty tile s1_grd aft S1A_IW_GRDH_1SDV_20230708T094915_20230708T094940_049330_05EE9A_201B tile_0
2026-06-23 17:28:11,455 [WARNING] FID 183: dropped empty tile s1_grd aft S1A_IW_GRDH_1SDV_20230708T094940_20230708T095005_049330_05EE9A_BD21 tile_1
2026-06-23 17:28:11,455 [INFO] Worker 1: FID 183 done, 52 downloads
2026-06-23 17:28:11,466 [INFO] Worker 1: FID 117 (57/65)
2026-06-23 17:28:12,037 [INFO] Worker 2: FID 241 done, 52 downloads
2026-06-23 17:28:12,044 [INFO] Worker 2: FID 116 (56/65)
2026-06-23 17:28:16,369 [INFO] Worker 4: FID 314 done, 72 downloads
2026-06-23 17:28:16,376 [INFO] Worker 4: FID 384 (60/65)
2026-06-23 17:28:18,499 [INFO] Worker 0: FID 237 done, 66 downloads
2026-06-23 17:28:18,506 [INFO] Worker 0: FID 223 (53/65)
2026-06-23 17:28:23,565 [INFO] Worker 3: FID 257 done, 64 downloads
2026-06-23 17:28:23,573 [INFO] Worker 3: FID 79 (60/65)
2026-06-23 17:28:38,895 [INFO] Worker 1: FID 117 done, 27 downloads
2026-06-23 17:28:38,902 [INFO] Worker 1: FID 189 (58/65)
2026-06-23 17:28:40,622 [INFO] Worker 5: FID 385 done, 644 downloads
2026-06-23 17:28:40,630 [INFO] Worker 5: FID 286 (38/64)
2026-06-23 17:28:42,605 [INFO] Worker 2: FID 116 done, 29 downloads
2026-06-23 17:28:42,612 [INFO] Worker 2: FID 118 (57/65)
2026-06-23 17:28:51,809 [INFO] Worker 0: FID 223 done, 32 downloads
2026-06-23 17:28:51,816 [INFO] Worker 0: FID 239 (54/65)
2026-06-23 17:29:00,239 [INFO] Worker 5: FID 286 done, 19 downloads
2026-06-23 17:29:00,247 [INFO] Worker 5: FID 174 (39/64)
2026-06-23 17:29:12,818 [INFO] Worker 2: FID 118 done, 30 downloads
2026-06-23 17:29:12,824 [INFO] Worker 2: FID 309 (58/65)
2026-06-23 17:29:40,280 [INFO] Worker 1: FID 189 done, 60 downloads
2026-06-23 17:29:40,287 [INFO] Worker 1: FID 254 (59/65)
2026-06-23 17:29:41,062 [INFO] Worker 0: FID 239 done, 48 downloads
2026-06-23 17:29:41,069 [INFO] Worker 0: FID 298 (55/65)
2026-06-23 17:30:00,112 [INFO] Worker 5: FID 174 done, 57 downloads
2026-06-23 17:30:00,120 [INFO] Worker 5: FID 290 (40/64)
2026-06-23 17:30:11,007 [INFO] Worker 1: FID 254 done, 30 downloads
2026-06-23 17:30:11,014 [INFO] Worker 1: FID 54 (60/65)
2026-06-23 17:30:39,062 [INFO] Worker 5: FID 290 done, 36 downloads
2026-06-23 17:30:39,073 [INFO] Worker 5: FID 346 (41/64)
2026-06-23 17:31:21,593 [INFO] Worker 5: FID 346 done, 41 downloads
2026-06-23 17:31:21,600 [INFO] Worker 5: FID 101 (42/64)
2026-06-23 17:31:27,034 [INFO] Worker 0: FID 298 done, 104 downloads
2026-06-23 17:31:27,041 [INFO] Worker 0: FID 182 (56/65)
2026-06-23 17:31:36,871 [INFO] Worker 1: FID 54 done, 84 downloads
2026-06-23 17:31:36,878 [INFO] Worker 1: FID 373 (61/65)
2026-06-23 17:31:42,130 [INFO] Worker 5: FID 101 done, 19 downloads
2026-06-23 17:31:42,138 [INFO] Worker 5: FID 294 (43/64)
2026-06-23 17:31:50,189 [INFO] Worker 2: FID 309 done, 156 downloads
2026-06-23 17:31:50,196 [INFO] Worker 2: FID 204 (59/65)
2026-06-23 17:31:50,824 [INFO] Worker 3: FID 79 done, 205 downloads
2026-06-23 17:31:50,832 [INFO] Worker 3: FID 100 (61/65)
2026-06-23 17:32:01,130 [INFO] Worker 5: FID 294 done, 19 downloads
2026-06-23 17:32:01,137 [INFO] Worker 5: FID 250 (44/64)
2026-06-23 17:32:20,133 [INFO] Worker 1: FID 373 done, 43 downloads
2026-06-23 17:32:20,140 [INFO] Worker 1: FID 380 (62/65)
2026-06-23 17:32:25,588 [INFO] Worker 0: FID 182 done, 50 downloads
2026-06-23 17:32:25,596 [INFO] Worker 0: FID 301 (57/65)
2026-06-23 17:32:31,412 [INFO] Worker 2: FID 204 done, 37 downloads
2026-06-23 17:32:31,419 [INFO] Worker 2: FID 59 (60/65)
2026-06-23 17:32:59,905 [INFO] Worker 3: FID 100 done, 68 downloads
2026-06-23 17:32:59,913 [INFO] Worker 3: FID 170 (62/65)
2026-06-23 17:33:00,921 [INFO] Worker 0: FID 301 done, 30 downloads
2026-06-23 17:33:00,928 [INFO] Worker 0: FID 306 (58/65)
2026-06-23 17:33:04,060 [INFO] Worker 5: FID 250 done, 52 downloads
2026-06-23 17:33:04,067 [INFO] Worker 5: FID 253 (45/64)
2026-06-23 17:33:36,063 [INFO] Worker 0: FID 306 done, 27 downloads
2026-06-23 17:33:36,071 [INFO] Worker 0: FID 311 (59/65)
2026-06-23 17:33:44,606 [INFO] Worker 3: FID 170 done, 42 downloads
2026-06-23 17:33:44,613 [INFO] Worker 3: FID 322 (63/65)
2026-06-23 17:34:26,375 [INFO] Worker 3: FID 322 done, 35 downloads
2026-06-23 17:34:26,382 [INFO] Worker 3: FID 194 (64/65)
2026-06-23 17:34:34,669 [INFO] Worker 1: FID 380 done, 96 downloads
2026-06-23 17:34:34,676 [INFO] Worker 1: FID 295 (63/65)
2026-06-23 17:34:44,463 [WARNING] FID 295: dropped empty tile s2_l2a bef 20230326T142711_20230326T142710 tile_0
2026-06-23 17:34:51,192 [INFO] Worker 0: FID 311 done, 62 downloads
2026-06-23 17:34:51,199 [INFO] Worker 0: FID 336 (60/65)
2026-06-23 17:35:31,835 [INFO] Worker 1: FID 295 done, 47 downloads
2026-06-23 17:35:31,842 [INFO] Worker 1: FID 78 (64/65)
2026-06-23 17:35:34,585 [INFO] Worker 5: FID 253 done, 136 downloads
2026-06-23 17:35:34,592 [INFO] Worker 5: FID 326 (46/64)
2026-06-23 17:35:37,696 [INFO] Worker 4: FID 384 done, 374 downloads
2026-06-23 17:35:37,704 [INFO] Worker 4: FID 157 (61/65)
2026-06-23 17:36:14,759 [INFO] Worker 1: FID 78 done, 38 downloads
2026-06-23 17:36:14,767 [INFO] Worker 1: FID 185 (65/65)
2026-06-23 17:36:15,217 [INFO] Worker 0: FID 336 done, 78 downloads
2026-06-23 17:36:15,224 [INFO] Worker 0: FID 350 (61/65)
2026-06-23 17:36:17,969 [INFO] Worker 4: FID 157 done, 38 downloads
2026-06-23 17:36:17,976 [INFO] Worker 4: FID 233 (62/65)
2026-06-23 17:36:19,605 [INFO] Worker 5: FID 326 done, 39 downloads
2026-06-23 17:36:19,613 [INFO] Worker 5: FID 387 (47/64)
2026-06-23 17:36:44,706 [INFO] Worker 4: FID 233 done, 21 downloads
2026-06-23 17:36:44,714 [INFO] Worker 4: FID 130 (63/65)
2026-06-23 17:37:07,613 [INFO] Worker 3: FID 194 done, 144 downloads
2026-06-23 17:37:07,621 [INFO] Worker 3: FID 303 (65/65)
2026-06-23 17:37:29,254 [INFO] Worker 2: FID 59 done, 301 downloads
2026-06-23 17:37:29,261 [INFO] Worker 2: FID 375 (61/65)
2026-06-23 17:37:40,021 [INFO] Worker 5: FID 387 done, 78 downloads
2026-06-23 17:37:40,029 [INFO] Worker 5: FID 66 (48/64)
2026-06-23 17:37:48,278 [INFO] Worker 1: FID 185 done, 90 downloads
2026-06-23 17:37:48,292 [INFO] Worker 1: finished. 4958 total completed.
2026-06-23 17:37:54,861 [INFO] Worker 3: FID 303 done, 31 downloads
2026-06-23 17:37:54,875 [INFO] Worker 3: finished. 5157 total completed.
2026-06-23 17:38:11,780 [INFO] Worker 2: FID 375 done, 44 downloads
2026-06-23 17:38:11,787 [INFO] Worker 2: FID 110 (62/65)
2026-06-23 17:38:27,916 [INFO] Worker 4: FID 130 done, 72 downloads
2026-06-23 17:38:27,926 [INFO] Worker 4: FID 83 (64/65)
2026-06-23 17:38:28,870 [INFO] Worker 0: FID 350 done, 132 downloads
2026-06-23 17:38:28,877 [INFO] Worker 0: FID 283 (62/65)
2026-06-23 17:39:07,839 [INFO] Worker 2: FID 110 done, 44 downloads
2026-06-23 17:39:07,847 [INFO] Worker 2: FID 119 (63/65)
2026-06-23 17:39:13,940 [INFO] Worker 5: FID 66 done, 84 downloads
2026-06-23 17:39:13,947 [INFO] Worker 5: FID 77 (49/64)
2026-06-23 17:39:53,683 [INFO] Worker 0: FID 283 done, 76 downloads
2026-06-23 17:39:53,691 [INFO] Worker 0: FID 107 (63/65)
2026-06-23 17:40:19,319 [INFO] Worker 4: FID 83 done, 94 downloads
2026-06-23 17:40:19,327 [INFO] Worker 4: FID 377 (65/65)
2026-06-23 17:40:46,655 [INFO] Worker 5: FID 77 done, 82 downloads
2026-06-23 17:40:46,666 [INFO] Worker 5: FID 372 (50/64)
2026-06-23 17:40:51,547 [INFO] Worker 2: FID 119 done, 100 downloads
2026-06-23 17:40:51,555 [INFO] Worker 2: FID 193 (64/65)
2026-06-23 17:41:06,767 [INFO] Worker 4: FID 377 done, 44 downloads
2026-06-23 17:41:06,782 [INFO] Worker 4: finished. 5353 total completed.
2026-06-23 17:41:35,720 [INFO] Worker 0: FID 107 done, 88 downloads
2026-06-23 17:41:35,727 [INFO] Worker 0: FID 378 (64/65)
2026-06-23 17:42:41,960 [INFO] Worker 2: FID 193 done, 70 downloads
2026-06-23 17:42:41,968 [INFO] Worker 2: FID 302 (65/65)
2026-06-23 17:43:04,238 [INFO] Worker 0: FID 378 done, 82 downloads
2026-06-23 17:43:04,245 [INFO] Worker 0: FID 114 (65/65)
2026-06-23 17:43:47,283 [INFO] Worker 2: FID 302 done, 64 downloads
2026-06-23 17:43:47,299 [INFO] Worker 2: finished. 5280 total completed.
2026-06-23 17:44:22,638 [INFO] Worker 0: FID 114 done, 54 downloads
2026-06-23 17:44:22,658 [INFO] Worker 0: finished. 5294 total completed.
2026-06-23 17:45:10,541 [INFO] Worker 5: FID 372 done, 258 downloads
2026-06-23 17:45:10,550 [INFO] Worker 5: FID 235 (51/64)
2026-06-23 17:45:28,516 [WARNING] FID 235: dropped empty tile s2_l2a bef 20230520T142719_20230520T142902 tile_0
2026-06-23 17:45:29,113 [WARNING] FID 235: dropped empty tile s2_l2a bef 20230520T142719_20230520T142902 tile_1
2026-06-23 17:45:59,695 [INFO] Worker 5: FID 235 done, 38 downloads
2026-06-23 17:45:59,703 [INFO] Worker 5: FID 97 (52/64)
2026-06-23 17:47:01,867 [INFO] Worker 5: FID 97 done, 56 downloads
2026-06-23 17:47:01,876 [INFO] Worker 5: FID 178 (53/64)
2026-06-23 17:48:51,505 [INFO] Worker 5: FID 178 done, 100 downloads
2026-06-23 17:48:51,514 [INFO] Worker 5: FID 181 (54/64)
2026-06-23 17:49:48,633 [INFO] Worker 5: FID 181 done, 52 downloads
2026-06-23 17:49:48,642 [INFO] Worker 5: FID 115 (55/64)
2026-06-23 17:51:12,642 [INFO] Worker 5: FID 115 done, 72 downloads
2026-06-23 17:51:12,651 [INFO] Worker 5: FID 246 (56/64)
2026-06-23 17:52:13,530 [INFO] Worker 5: FID 246 done, 58 downloads
2026-06-23 17:52:13,540 [INFO] Worker 5: FID 249 (57/64)
2026-06-23 17:53:44,170 [INFO] Worker 5: FID 249 done, 87 downloads
2026-06-23 17:53:44,179 [INFO] Worker 5: FID 258 (58/64)
2026-06-23 17:55:51,031 [INFO] Worker 5: FID 258 done, 108 downloads
2026-06-23 17:55:51,041 [INFO] Worker 5: FID 358 (59/64)
2026-06-23 17:57:34,330 [INFO] Worker 5: FID 358 done, 80 downloads
2026-06-23 17:57:34,340 [INFO] Worker 5: FID 139 (60/64)
2026-06-23 17:59:05,840 [INFO] Worker 5: FID 139 done, 82 downloads
2026-06-23 17:59:05,850 [INFO] Worker 5: FID 160 (61/64)
2026-06-23 17:59:24,851 [INFO] Worker 5: FID 160 done, 18 downloads
2026-06-23 17:59:24,859 [INFO] Worker 5: FID 236 (62/64)
2026-06-23 18:00:39,507 [INFO] Worker 5: FID 236 done, 48 downloads
2026-06-23 18:00:39,517 [INFO] Worker 5: FID 382 (63/64)
2026-06-23 18:13:22,665 [INFO] Worker 5: FID 382 done, 660 downloads
2026-06-23 18:13:22,677 [INFO] Worker 5: FID 244 (64/64)
2026-06-23 18:14:49,474 [INFO] Worker 5: FID 244 done, 58 downloads
2026-06-23 18:14:49,493 [INFO] Worker 5: finished. 7032 total completed.
2026-06-23 18:14:49,601 [INFO] All workers finished. 33074 total completed downloads.
2026-06-23 18:14:49,601 [INFO] Output: /share/home/e2406749/thesis_tiles_120px
