2026-06-23 15:53:44,087 [INFO] Parsing CSVs from: /share/castor/home/e2406749/tropical_forest_disturbance/data_csv
2026-06-23 15:53:44,087 [INFO] Tile size: 120x120 px (1200 m footprint)
2026-06-23 15:53:44,088 [INFO] Output base: /share/home/e2406749/thesis_tiles_120px
2026-06-23 15:53:44,088 [INFO] Products: ['s2_l2a', 's1_grd']
2026-06-23 15:53:44,120 [INFO] Parsed v1_images_s2_s1.csv: 389 rows
2026-06-23 15:53:44,134 [INFO] Parsed v2_images_s2_s1.csv: 389 rows
2026-06-23 15:53:44,147 [INFO] Parsed v3_images_s2_s1.csv: 389 rows
2026-06-23 15:53:44,149 [INFO] Merged: 389 FIDs, 12856 unique (fid, image, window) pairs
2026-06-23 15:53:44,149 [INFO] Launching 6 parallel workers for 389 FIDs
2026-06-23 15:53:44,150 [INFO]   Worker 0: 65 FIDs
2026-06-23 15:53:44,150 [INFO]   Worker 1: 65 FIDs
2026-06-23 15:53:44,150 [INFO]   Worker 2: 65 FIDs
2026-06-23 15:53:44,150 [INFO]   Worker 3: 65 FIDs
2026-06-23 15:53:44,150 [INFO]   Worker 4: 65 FIDs
2026-06-23 15:53:44,150 [INFO]   Worker 5: 64 FIDs
2026-06-23 15:53:44,183 [INFO] Worker 0: starting with 65 FIDs, products: ['s2_l2a', 's1_grd'], tile_size: 120px
2026-06-23 15:53:44,183 [INFO] Worker 1: starting with 65 FIDs, products: ['s2_l2a', 's1_grd'], tile_size: 120px
2026-06-23 15:53:44,183 [INFO] Worker 2: starting with 65 FIDs, products: ['s2_l2a', 's1_grd'], tile_size: 120px
2026-06-23 15:53:44,183 [INFO] Worker 3: starting with 65 FIDs, products: ['s2_l2a', 's1_grd'], tile_size: 120px
2026-06-23 15:53:44,185 [INFO] Worker 4: starting with 65 FIDs, products: ['s2_l2a', 's1_grd'], tile_size: 120px
2026-06-23 15:53:44,187 [INFO] Worker 5: starting with 64 FIDs, products: ['s2_l2a', 's1_grd'], tile_size: 120px
2026-06-23 15:53:45,498 [INFO] Worker 2: FID 267 (1/65)
2026-06-23 15:53:45,502 [INFO] Worker 3: FID 141 (1/65)
2026-06-23 15:53:45,518 [INFO] Worker 1: FID 90 (1/65)
2026-06-23 15:53:45,542 [INFO] Worker 5: FID 268 (1/64)
2026-06-23 15:53:45,550 [INFO] Worker 0: FID 140 (1/65)
2026-06-23 15:53:45,579 [INFO] Worker 4: FID 91 (1/65)
2026-06-23 15:54:03,380 [INFO] Worker 1: FID 90 done, 14 downloads
2026-06-23 15:54:03,381 [INFO] Worker 1: FID 270 (2/65)
2026-06-23 15:54:05,479 [INFO] Worker 2: FID 267 done, 16 downloads
2026-06-23 15:54:05,481 [INFO] Worker 2: FID 217 (2/65)
2026-06-23 15:54:10,079 [INFO] Worker 4: FID 91 done, 21 downloads
2026-06-23 15:54:10,086 [INFO] Worker 4: FID 93 (2/65)
2026-06-23 15:54:10,997 [INFO] Worker 1: FID 270 done, 7 downloads
2026-06-23 15:54:10,998 [INFO] Worker 1: FID 144 (3/65)
2026-06-23 15:54:11,155 [INFO] Worker 3: FID 141 done, 21 downloads
2026-06-23 15:54:11,156 [INFO] Worker 3: FID 215 (2/65)
2026-06-23 15:54:13,221 [INFO] Worker 0: FID 140 done, 24 downloads
2026-06-23 15:54:13,222 [INFO] Worker 0: FID 269 (2/65)
2026-06-23 15:54:14,205 [INFO] Worker 5: FID 268 done, 24 downloads
2026-06-23 15:54:14,207 [INFO] Worker 5: FID 95 (2/64)
2026-06-23 15:54:21,535 [INFO] Worker 1: FID 144 done, 6 downloads
2026-06-23 15:54:21,537 [INFO] Worker 1: FID 275 (4/65)
2026-06-23 15:54:26,865 [INFO] Worker 3: FID 215 done, 14 downloads
2026-06-23 15:54:26,867 [INFO] Worker 3: FID 271 (3/65)
2026-06-23 15:54:28,770 [INFO] Worker 5: FID 95 done, 12 downloads
2026-06-23 15:54:28,771 [INFO] Worker 5: FID 266 (3/64)
2026-06-23 15:54:29,657 [INFO] Worker 0: FID 269 done, 14 downloads
2026-06-23 15:54:29,658 [INFO] Worker 0: FID 143 (3/65)
2026-06-23 15:54:31,084 [INFO] Worker 4: FID 93 done, 18 downloads
2026-06-23 15:54:31,086 [INFO] Worker 4: FID 142 (3/65)
2026-06-23 15:54:44,293 [INFO] Worker 0: FID 143 done, 14 downloads
2026-06-23 15:54:44,294 [INFO] Worker 0: FID 272 (4/65)
2026-06-23 15:54:46,208 [INFO] Worker 4: FID 142 done, 14 downloads
2026-06-23 15:54:46,209 [INFO] Worker 4: FID 200 (4/65)
2026-06-23 15:54:47,262 [INFO] Worker 2: FID 217 done, 35 downloads
2026-06-23 15:54:47,263 [INFO] Worker 2: FID 146 (3/65)
2026-06-23 15:54:52,851 [INFO] Worker 0: FID 272 done, 7 downloads
2026-06-23 15:54:52,852 [INFO] Worker 0: FID 53 (5/65)
2026-06-23 15:54:54,196 [INFO] Worker 1: FID 275 done, 28 downloads
2026-06-23 15:54:54,198 [INFO] Worker 1: FID 381 (5/65)
2026-06-23 15:54:56,388 [INFO] Worker 2: FID 146 done, 6 downloads
2026-06-23 15:54:56,390 [INFO] Worker 2: FID 276 (4/65)
2026-06-23 15:55:01,248 [INFO] Worker 3: FID 271 done, 32 downloads
2026-06-23 15:55:01,250 [INFO] Worker 3: FID 127 (4/65)
2026-06-23 15:55:17,996 [INFO] Worker 2: FID 276 done, 20 downloads
2026-06-23 15:55:17,997 [INFO] Worker 2: FID 1 (5/65)
2026-06-23 15:55:32,010 [INFO] Worker 4: FID 200 done, 31 downloads
2026-06-23 15:55:32,012 [INFO] Worker 4: FID 7 (5/65)
2026-06-23 15:55:32,114 [INFO] Worker 3: FID 127 done, 28 downloads
2026-06-23 15:55:32,115 [INFO] Worker 3: FID 6 (5/65)
2026-06-23 15:55:37,525 [INFO] Worker 5: FID 266 done, 56 downloads
2026-06-23 15:55:37,526 [INFO] Worker 5: FID 205 (4/64)
2026-06-23 15:56:19,289 [INFO] Worker 5: FID 205 done, 31 downloads
2026-06-23 15:56:19,734 [INFO] Worker 5: FID 353 (5/64)
2026-06-23 15:56:56,943 [INFO] Worker 2: FID 1 done, 82 downloads
2026-06-23 15:56:56,944 [INFO] Worker 2: FID 15 (6/65)
2026-06-23 15:57:18,195 [INFO] Worker 4: FID 7 done, 86 downloads
2026-06-23 15:57:18,197 [INFO] Worker 4: FID 17 (6/65)
2026-06-23 15:57:25,454 [INFO] Worker 0: FID 53 done, 136 downloads
2026-06-23 15:57:25,455 [INFO] Worker 0: FID 355 (6/65)
2026-06-23 15:58:00,538 [INFO] Worker 3: FID 6 done, 123 downloads
2026-06-23 15:58:00,540 [INFO] Worker 3: FID 16 (6/65)
2026-06-23 15:58:08,386 [INFO] Worker 1: FID 381 done, 164 downloads
2026-06-23 15:58:08,387 [INFO] Worker 1: FID 14 (6/65)
2026-06-23 15:58:39,386 [INFO] Worker 5: FID 353 done, 120 downloads
2026-06-23 15:58:39,388 [INFO] Worker 5: FID 18 (6/64)
2026-06-23 15:58:45,576 [INFO] Worker 2: FID 15 done, 90 downloads
2026-06-23 15:58:45,579 [INFO] Worker 2: FID 32 (7/65)
2026-06-23 15:59:08,386 [INFO] Worker 1: FID 14 done, 46 downloads
2026-06-23 15:59:08,388 [INFO] Worker 1: FID 30 (7/65)
2026-06-23 15:59:24,011 [INFO] Worker 0: FID 355 done, 88 downloads
2026-06-23 15:59:24,012 [INFO] Worker 0: FID 19 (7/65)
2026-06-23 15:59:54,488 [WARNING] FID 30: dropped empty tile s1_grd evt S1A_IW_GRDH_1SDV_20231012T094943_20231012T095008_050730_061CE6_B0FB tile_0
2026-06-23 15:59:56,138 [WARNING] FID 30: dropped empty tile s1_grd evt S1A_IW_GRDH_1SDV_20231024T094944_20231024T095009_050905_0622DD_C0B7 tile_0
2026-06-23 15:59:57,759 [WARNING] FID 30: dropped empty tile s1_grd bef S1A_IW_GRDH_1SDV_20230109T094936_20230109T095001_046705_05993A_763B tile_0
2026-06-23 15:59:59,330 [WARNING] FID 30: dropped empty tile s1_grd bef S1A_IW_GRDH_1SDV_20230121T094935_20230121T095000_046880_059F24_7A3A tile_0
2026-06-23 16:00:01,116 [WARNING] FID 30: dropped empty tile s1_grd bef S1A_IW_GRDH_1SDV_20230214T094935_20230214T095000_047230_05AAD4_443E tile_0
2026-06-23 16:00:02,785 [WARNING] FID 30: dropped empty tile s1_grd bef S1A_IW_GRDH_1SDV_20230226T094935_20230226T095000_047405_05B0D3_E8BA tile_0
2026-06-23 16:00:04,266 [WARNING] FID 30: dropped empty tile s1_grd bef S1A_IW_GRDH_1SDV_20230310T094935_20230310T095000_047580_05B6BD_B228 tile_0
2026-06-23 16:00:05,936 [WARNING] FID 30: dropped empty tile s1_grd bef S1A_IW_GRDH_1SDV_20230322T094935_20230322T095000_047755_05BCAD_A5E4 tile_0
2026-06-23 16:00:07,472 [WARNING] FID 30: dropped empty tile s1_grd bef S1A_IW_GRDH_1SDV_20230415T094936_20230415T095001_048105_05C876_7D01 tile_0
2026-06-23 16:00:09,139 [WARNING] FID 30: dropped empty tile s1_grd bef S1A_IW_GRDH_1SDV_20230427T094936_20230427T095001_048280_05CE51_C3AC tile_0
2026-06-23 16:00:12,804 [WARNING] FID 30: dropped empty tile s1_grd bef S1A_IW_GRDH_1SDV_20230509T094937_20230509T095002_048455_05D42C_4A7D tile_0
2026-06-23 16:00:15,033 [WARNING] FID 30: dropped empty tile s1_grd bef S1A_IW_GRDH_1SDV_20230521T094937_20230521T095002_048630_05D957_8119 tile_0
2026-06-23 16:00:17,544 [WARNING] FID 30: dropped empty tile s1_grd bef S1A_IW_GRDH_1SDV_20230602T094938_20230602T095003_048805_05DE8B_61F1 tile_0
2026-06-23 16:00:19,219 [WARNING] FID 30: dropped empty tile s1_grd bef S1A_IW_GRDH_1SDV_20230614T094938_20230614T095003_048980_05E3E7_B37E tile_0
2026-06-23 16:00:20,679 [INFO] Worker 5: FID 18 done, 94 downloads
2026-06-23 16:00:20,681 [INFO] Worker 5: FID 42 (7/64)
2026-06-23 16:00:20,958 [WARNING] FID 30: dropped empty tile s1_grd bef S1A_IW_GRDH_1SDV_20230626T094939_20230626T095004_049155_05E932_87DB tile_0
2026-06-23 16:00:22,839 [WARNING] FID 30: dropped empty tile s1_grd bef S1A_IW_GRDH_1SDV_20230708T094940_20230708T095005_049330_05EE9A_BD21 tile_0
2026-06-23 16:00:24,541 [WARNING] FID 30: dropped empty tile s1_grd bef S1A_IW_GRDH_1SDV_20230720T094940_20230720T095005_049505_05F3ED_61B1 tile_0
2026-06-23 16:00:26,605 [WARNING] FID 30: dropped empty tile s1_grd bef S1A_IW_GRDH_1SDV_20230801T094941_20230801T095006_049680_05F959_7E64 tile_0
2026-06-23 16:00:28,382 [WARNING] FID 30: dropped empty tile s1_grd bef S1A_IW_GRDH_1SDV_20230813T094942_20230813T095007_049855_05FF04_F481 tile_0
2026-06-23 16:00:29,969 [WARNING] FID 30: dropped empty tile s1_grd bef S1A_IW_GRDH_1SDV_20230825T094943_20230825T095008_050030_0604F6_5B1D tile_0
2026-06-23 16:00:31,943 [WARNING] FID 30: dropped empty tile s1_grd bef S1A_IW_GRDH_1SDV_20230906T094943_20230906T095008_050205_060AF4_E713 tile_0
2026-06-23 16:00:33,644 [WARNING] FID 30: dropped empty tile s1_grd bef S1A_IW_GRDH_1SDV_20230930T094944_20230930T095009_050555_0616E4_8B83 tile_0
2026-06-23 16:00:35,591 [WARNING] FID 30: dropped empty tile s1_grd aft S1A_IW_GRDH_1SDV_20231105T094944_20231105T095009_051080_0628DA_EC5A tile_0
2026-06-23 16:00:35,591 [INFO] Worker 1: FID 30 done, 47 downloads
2026-06-23 16:00:35,593 [INFO] Worker 1: FID 44 (8/65)
2026-06-23 16:00:37,681 [INFO] Worker 3: FID 16 done, 141 downloads
2026-06-23 16:00:37,683 [INFO] Worker 3: FID 40 (7/65)
2026-06-23 16:00:49,577 [INFO] Worker 4: FID 17 done, 168 downloads
2026-06-23 16:00:49,579 [INFO] Worker 4: FID 41 (7/65)
2026-06-23 16:01:28,984 [INFO] Worker 5: FID 42 done, 50 downloads
2026-06-23 16:01:28,985 [INFO] Worker 5: FID 216 (8/64)
2026-06-23 16:01:35,873 [INFO] Worker 2: FID 32 done, 138 downloads
2026-06-23 16:01:35,875 [INFO] Worker 2: FID 273 (8/65)
2026-06-23 16:01:58,553 [INFO] Worker 2: FID 273 done, 18 downloads
2026-06-23 16:01:58,554 [INFO] Worker 2: FID 222 (9/65)
2026-06-23 16:02:00,013 [INFO] Worker 5: FID 216 done, 28 downloads
2026-06-23 16:02:00,014 [INFO] Worker 5: FID 164 (9/64)
2026-06-23 16:02:14,188 [INFO] Worker 2: FID 222 done, 13 downloads
2026-06-23 16:02:14,190 [INFO] Worker 2: FID 82 (10/65)
2026-06-23 16:02:21,464 [WARNING] FID 40: dropped empty tile s1_grd evt S1A_IW_GRDH_1SDV_20231117T094918_20231117T094943_051255_062EE9_CAEE tile_0
2026-06-23 16:02:25,427 [WARNING] FID 40: dropped empty tile s1_grd bef S1A_IW_GRDH_1SDV_20230109T094911_20230109T094936_046705_05993A_671C tile_0
2026-06-23 16:02:30,870 [WARNING] FID 40: dropped empty tile s1_grd bef S1A_IW_GRDH_1SDV_20230109T094936_20230109T095001_046705_05993A_763B tile_1
2026-06-23 16:02:31,390 [WARNING] FID 40: dropped empty tile s1_grd bef S1A_IW_GRDH_1SDV_20230109T094936_20230109T095001_046705_05993A_763B tile_2
2026-06-23 16:02:31,906 [WARNING] FID 40: dropped empty tile s1_grd bef S1A_IW_GRDH_1SDV_20230109T094936_20230109T095001_046705_05993A_763B tile_3
2026-06-23 16:02:32,523 [WARNING] FID 40: dropped empty tile s1_grd bef S1A_IW_GRDH_1SDV_20230121T094910_20230121T094935_046880_059F24_ED7C tile_0
2026-06-23 16:02:37,019 [WARNING] FID 40: dropped empty tile s1_grd bef S1A_IW_GRDH_1SDV_20230121T094935_20230121T095000_046880_059F24_7A3A tile_1
2026-06-23 16:02:37,531 [WARNING] FID 40: dropped empty tile s1_grd bef S1A_IW_GRDH_1SDV_20230121T094935_20230121T095000_046880_059F24_7A3A tile_2
2026-06-23 16:02:38,001 [WARNING] FID 40: dropped empty tile s1_grd bef S1A_IW_GRDH_1SDV_20230121T094935_20230121T095000_046880_059F24_7A3A tile_3
2026-06-23 16:02:38,535 [WARNING] FID 40: dropped empty tile s1_grd bef S1A_IW_GRDH_1SDV_20230214T094910_20230214T094935_047230_05AAD4_E27D tile_0
2026-06-23 16:02:39,448 [INFO] Worker 5: FID 164 done, 34 downloads
2026-06-23 16:02:39,449 [INFO] Worker 5: FID 23 (10/64)
2026-06-23 16:02:43,249 [WARNING] FID 40: dropped empty tile s1_grd bef S1A_IW_GRDH_1SDV_20230214T094935_20230214T095000_047230_05AAD4_443E tile_1
2026-06-23 16:02:43,735 [WARNING] FID 40: dropped empty tile s1_grd bef S1A_IW_GRDH_1SDV_20230214T094935_20230214T095000_047230_05AAD4_443E tile_2
2026-06-23 16:02:44,396 [WARNING] FID 40: dropped empty tile s1_grd bef S1A_IW_GRDH_1SDV_20230214T094935_20230214T095000_047230_05AAD4_443E tile_3
2026-06-23 16:02:44,948 [WARNING] FID 40: dropped empty tile s1_grd bef S1A_IW_GRDH_1SDV_20230226T094910_20230226T094935_047405_05B0D3_9DE4 tile_0
2026-06-23 16:02:49,889 [WARNING] FID 40: dropped empty tile s1_grd bef S1A_IW_GRDH_1SDV_20230226T094935_20230226T095000_047405_05B0D3_E8BA tile_1
2026-06-23 16:02:50,464 [WARNING] FID 40: dropped empty tile s1_grd bef S1A_IW_GRDH_1SDV_20230226T094935_20230226T095000_047405_05B0D3_E8BA tile_2
2026-06-23 16:02:50,944 [WARNING] FID 40: dropped empty tile s1_grd bef S1A_IW_GRDH_1SDV_20230226T094935_20230226T095000_047405_05B0D3_E8BA tile_3
2026-06-23 16:02:52,648 [WARNING] FID 40: dropped empty tile s1_grd bef S1A_IW_GRDH_1SDV_20230310T094910_20230310T094935_047580_05B6BD_2426 tile_0
2026-06-23 16:02:57,801 [WARNING] FID 40: dropped empty tile s1_grd bef S1A_IW_GRDH_1SDV_20230310T094935_20230310T095000_047580_05B6BD_B228 tile_1
2026-06-23 16:02:58,348 [WARNING] FID 40: dropped empty tile s1_grd bef S1A_IW_GRDH_1SDV_20230310T094935_20230310T095000_047580_05B6BD_B228 tile_2
2026-06-23 16:02:58,861 [WARNING] FID 40: dropped empty tile s1_grd bef S1A_IW_GRDH_1SDV_20230310T094935_20230310T095000_047580_05B6BD_B228 tile_3
2026-06-23 16:02:59,435 [WARNING] FID 40: dropped empty tile s1_grd bef S1A_IW_GRDH_1SDV_20230322T094910_20230322T094935_047755_05BCAD_F524 tile_0
2026-06-23 16:03:06,537 [WARNING] FID 40: dropped empty tile s1_grd bef S1A_IW_GRDH_1SDV_20230322T094935_20230322T095000_047755_05BCAD_A5E4 tile_1
2026-06-23 16:03:06,692 [INFO] Worker 1: FID 44 done, 114 downloads
2026-06-23 16:03:06,694 [INFO] Worker 1: FID 218 (9/65)
2026-06-23 16:03:07,050 [WARNING] FID 40: dropped empty tile s1_grd bef S1A_IW_GRDH_1SDV_20230322T094935_20230322T095000_047755_05BCAD_A5E4 tile_2
2026-06-23 16:03:07,532 [WARNING] FID 40: dropped empty tile s1_grd bef S1A_IW_GRDH_1SDV_20230322T094935_20230322T095000_047755_05BCAD_A5E4 tile_3
2026-06-23 16:03:08,082 [WARNING] FID 40: dropped empty tile s1_grd bef S1A_IW_GRDH_1SDV_20230415T094911_20230415T094936_048105_05C876_50BE tile_0
2026-06-23 16:03:13,258 [WARNING] FID 40: dropped empty tile s1_grd bef S1A_IW_GRDH_1SDV_20230427T094911_20230427T094936_048280_05CE51_9F1D tile_0
2026-06-23 16:03:13,666 [INFO] Worker 1: FID 218 done, 6 downloads
2026-06-23 16:03:13,668 [INFO] Worker 1: FID 49 (10/65)
2026-06-23 16:03:16,427 [INFO] Worker 4: FID 41 done, 129 downloads
2026-06-23 16:03:16,429 [INFO] Worker 4: FID 94 (8/65)
2026-06-23 16:03:17,600 [WARNING] FID 40: dropped empty tile s1_grd bef S1A_IW_GRDH_1SDV_20230427T094936_20230427T095001_048280_05CE51_C3AC tile_1
2026-06-23 16:03:18,086 [WARNING] FID 40: dropped empty tile s1_grd bef S1A_IW_GRDH_1SDV_20230427T094936_20230427T095001_048280_05CE51_C3AC tile_2
2026-06-23 16:03:18,552 [WARNING] FID 40: dropped empty tile s1_grd bef S1A_IW_GRDH_1SDV_20230427T094936_20230427T095001_048280_05CE51_C3AC tile_3
2026-06-23 16:03:19,329 [WARNING] FID 40: dropped empty tile s1_grd bef S1A_IW_GRDH_1SDV_20230509T094912_20230509T094937_048455_05D42C_BB80 tile_0
2026-06-23 16:03:25,143 [WARNING] FID 40: dropped empty tile s1_grd bef S1A_IW_GRDH_1SDV_20230521T094912_20230521T094937_048630_05D957_8539 tile_0
2026-06-23 16:03:29,491 [WARNING] FID 40: dropped empty tile s1_grd bef S1A_IW_GRDH_1SDV_20230602T094913_20230602T094938_048805_05DE8B_7193 tile_0
2026-06-23 16:03:33,983 [WARNING] FID 40: dropped empty tile s1_grd bef S1A_IW_GRDH_1SDV_20230614T094913_20230614T094938_048980_05E3E7_6485 tile_0
2026-06-23 16:03:35,970 [INFO] Worker 5: FID 23 done, 47 downloads
2026-06-23 16:03:35,972 [INFO] Worker 5: FID 148 (11/64)
2026-06-23 16:03:37,703 [WARNING] FID 40: dropped empty tile s1_grd bef S1A_IW_GRDH_1SDV_20230626T094914_20230626T094939_049155_05E932_8E24 tile_0
2026-06-23 16:03:44,770 [WARNING] FID 40: dropped empty tile s1_grd bef S1A_IW_GRDH_1SDV_20230626T094939_20230626T095004_049155_05E932_87DB tile_1
2026-06-23 16:03:45,266 [WARNING] FID 40: dropped empty tile s1_grd bef S1A_IW_GRDH_1SDV_20230626T094939_20230626T095004_049155_05E932_87DB tile_2
2026-06-23 16:03:45,779 [WARNING] FID 40: dropped empty tile s1_grd bef S1A_IW_GRDH_1SDV_20230626T094939_20230626T095004_049155_05E932_87DB tile_3
2026-06-23 16:03:46,433 [WARNING] FID 40: dropped empty tile s1_grd bef S1A_IW_GRDH_1SDV_20230708T094915_20230708T094940_049330_05EE9A_201B tile_0
2026-06-23 16:03:47,563 [INFO] Worker 4: FID 94 done, 12 downloads
2026-06-23 16:03:47,564 [INFO] Worker 4: FID 221 (9/65)
2026-06-23 16:03:49,832 [WARNING] FID 40: dropped empty tile s1_grd bef S1A_IW_GRDH_1SDV_20230720T094915_20230720T094940_049505_05F3ED_2372 tile_0
2026-06-23 16:03:53,060 [INFO] Worker 2: FID 82 done, 78 downloads
2026-06-23 16:03:53,062 [INFO] Worker 2: FID 334 (11/65)
2026-06-23 16:03:54,588 [WARNING] FID 40: dropped empty tile s1_grd bef S1A_IW_GRDH_1SDV_20230720T094940_20230720T095005_049505_05F3ED_61B1 tile_1
2026-06-23 16:03:55,134 [WARNING] FID 40: dropped empty tile s1_grd bef S1A_IW_GRDH_1SDV_20230720T094940_20230720T095005_049505_05F3ED_61B1 tile_2
2026-06-23 16:03:55,609 [WARNING] FID 40: dropped empty tile s1_grd bef S1A_IW_GRDH_1SDV_20230720T094940_20230720T095005_049505_05F3ED_61B1 tile_3
2026-06-23 16:03:59,435 [WARNING] FID 40: dropped empty tile s1_grd bef S1A_IW_GRDH_1SDV_20230801T094916_20230801T094941_049680_05F959_E6F2 tile_0
2026-06-23 16:04:03,706 [WARNING] FID 40: dropped empty tile s1_grd bef S1A_IW_GRDH_1SDV_20230813T094917_20230813T094942_049855_05FF04_E952 tile_0
2026-06-23 16:04:08,538 [WARNING] FID 40: dropped empty tile s1_grd bef S1A_IW_GRDH_1SDV_20230813T094942_20230813T095007_049855_05FF04_F481 tile_1
2026-06-23 16:04:09,087 [WARNING] FID 40: dropped empty tile s1_grd bef S1A_IW_GRDH_1SDV_20230813T094942_20230813T095007_049855_05FF04_F481 tile_2
2026-06-23 16:04:09,619 [WARNING] FID 40: dropped empty tile s1_grd bef S1A_IW_GRDH_1SDV_20230813T094942_20230813T095007_049855_05FF04_F481 tile_3
2026-06-23 16:04:10,219 [WARNING] FID 40: dropped empty tile s1_grd bef S1A_IW_GRDH_1SDV_20230825T094918_20230825T094943_050030_0604F6_59F6 tile_0
2026-06-23 16:04:13,877 [WARNING] FID 40: dropped empty tile s1_grd bef S1A_IW_GRDH_1SDV_20230906T094918_20230906T094943_050205_060AF4_C05C tile_0
2026-06-23 16:04:18,004 [WARNING] FID 40: dropped empty tile s1_grd bef S1A_IW_GRDH_1SDV_20230930T094919_20230930T094944_050555_0616E4_C554 tile_0
2026-06-23 16:04:20,421 [INFO] Worker 5: FID 148 done, 36 downloads
2026-06-23 16:04:20,423 [INFO] Worker 5: FID 228 (12/64)
2026-06-23 16:04:21,528 [WARNING] FID 40: dropped empty tile s1_grd bef S1A_IW_GRDH_1SDV_20231012T094918_20231012T094943_050730_061CE6_51C0 tile_0
2026-06-23 16:04:26,081 [WARNING] FID 40: dropped empty tile s1_grd bef S1A_IW_GRDH_1SDV_20231012T094943_20231012T095008_050730_061CE6_B0FB tile_1
2026-06-23 16:04:26,660 [WARNING] FID 40: dropped empty tile s1_grd bef S1A_IW_GRDH_1SDV_20231012T094943_20231012T095008_050730_061CE6_B0FB tile_2
2026-06-23 16:04:27,190 [WARNING] FID 40: dropped empty tile s1_grd bef S1A_IW_GRDH_1SDV_20231012T094943_20231012T095008_050730_061CE6_B0FB tile_3
2026-06-23 16:04:27,950 [WARNING] FID 40: dropped empty tile s1_grd bef S1A_IW_GRDH_1SDV_20231024T094919_20231024T094944_050905_0622DD_B043 tile_0
2026-06-23 16:04:31,751 [WARNING] FID 40: dropped empty tile s1_grd bef S1A_IW_GRDH_1SDV_20231105T094919_20231105T094944_051080_0628DA_17D8 tile_0
2026-06-23 16:04:35,587 [WARNING] FID 40: dropped empty tile s1_grd aft S1A_IW_GRDH_1SDV_20231129T094918_20231129T094943_051430_0634F3_324D tile_0
2026-06-23 16:04:40,406 [WARNING] FID 40: dropped empty tile s1_grd aft S1A_IW_GRDH_1SDV_20231129T094943_20231129T095008_051430_0634F3_73EE tile_1
2026-06-23 16:04:40,916 [WARNING] FID 40: dropped empty tile s1_grd aft S1A_IW_GRDH_1SDV_20231129T094943_20231129T095008_051430_0634F3_73EE tile_2
2026-06-23 16:04:41,607 [WARNING] FID 40: dropped empty tile s1_grd aft S1A_IW_GRDH_1SDV_20231129T094943_20231129T095008_051430_0634F3_73EE tile_3
2026-06-23 16:04:41,607 [INFO] Worker 3: FID 40 done, 175 downloads
2026-06-23 16:04:41,610 [INFO] Worker 3: FID 274 (8/65)
2026-06-23 16:04:47,519 [INFO] Worker 1: FID 49 done, 80 downloads
2026-06-23 16:04:47,521 [INFO] Worker 1: FID 27 (11/65)
2026-06-23 16:04:47,791 [INFO] Worker 4: FID 221 done, 40 downloads
2026-06-23 16:04:47,793 [INFO] Worker 4: FID 22 (10/65)
2026-06-23 16:04:57,735 [INFO] Worker 2: FID 334 done, 44 downloads
2026-06-23 16:04:57,737 [INFO] Worker 2: FID 226 (12/65)
2026-06-23 16:05:09,669 [INFO] Worker 3: FID 274 done, 20 downloads
2026-06-23 16:05:09,671 [INFO] Worker 3: FID 150 (9/65)
2026-06-23 16:05:10,194 [INFO] Worker 5: FID 228 done, 45 downloads
2026-06-23 16:05:10,196 [INFO] Worker 5: FID 260 (13/64)
2026-06-23 16:05:43,664 [INFO] Worker 2: FID 226 done, 30 downloads
2026-06-23 16:05:43,666 [INFO] Worker 2: FID 201 (13/65)
2026-06-23 16:06:03,559 [INFO] Worker 3: FID 150 done, 44 downloads
2026-06-23 16:06:03,562 [INFO] Worker 3: FID 84 (10/65)
2026-06-23 16:06:47,122 [INFO] Worker 2: FID 201 done, 35 downloads
2026-06-23 16:06:47,125 [INFO] Worker 2: FID 45 (14/65)
2026-06-23 16:06:51,580 [INFO] Worker 4: FID 22 done, 94 downloads
2026-06-23 16:06:51,582 [INFO] Worker 4: FID 242 (11/65)
2026-06-23 16:06:55,191 [INFO] Worker 0: FID 19 done, 387 downloads
2026-06-23 16:06:55,193 [INFO] Worker 0: FID 43 (8/65)
2026-06-23 16:07:05,929 [INFO] Worker 4: FID 242 done, 12 downloads
2026-06-23 16:07:05,931 [INFO] Worker 4: FID 159 (12/65)
2026-06-23 16:07:57,465 [WARNING] Sleeping 0.89 seconds before retry 1 of 5 for request: POST https://earthengine.googleapis.com/v1/projects/zinc-wares-316319/image:computePixels?, after 502
2026-06-23 16:08:04,454 [INFO] Worker 3: FID 84 done, 111 downloads
2026-06-23 16:08:04,456 [INFO] Worker 3: FID 219 (11/65)
2026-06-23 16:08:31,704 [INFO] Worker 2: FID 45 done, 74 downloads
2026-06-23 16:08:31,706 [INFO] Worker 2: FID 68 (15/65)
2026-06-23 16:08:32,713 [INFO] Worker 3: FID 219 done, 24 downloads
2026-06-23 16:08:32,716 [INFO] Worker 1: FID 27 done, 188 downloads
2026-06-23 16:08:32,717 [INFO] Worker 3: FID 278 (12/65)
2026-06-23 16:08:32,719 [INFO] Worker 1: FID 98 (12/65)
2026-06-23 16:08:40,821 [INFO] Worker 4: FID 159 done, 65 downloads
2026-06-23 16:08:40,824 [INFO] Worker 4: FID 317 (13/65)
2026-06-23 16:09:04,121 [INFO] Worker 1: FID 98 done, 30 downloads
2026-06-23 16:09:04,123 [INFO] Worker 1: FID 313 (13/65)
2026-06-23 16:09:14,383 [INFO] Worker 3: FID 278 done, 14 downloads
2026-06-23 16:09:14,385 [INFO] Worker 3: FID 316 (13/65)
2026-06-23 16:10:40,450 [WARNING] Sleeping 1.37 seconds before retry 1 of 5 for request: POST https://earthengine.googleapis.com/v1/projects/zinc-wares-316319/image:computePixels?, after 502
2026-06-23 16:10:40,450 [WARNING] Sleeping 0.51 seconds before retry 1 of 5 for request: POST https://earthengine.googleapis.com/v1/projects/zinc-wares-316319/image:computePixels?, after 502
2026-06-23 16:10:40,456 [WARNING] Sleeping 1.33 seconds before retry 1 of 5 for request: POST https://earthengine.googleapis.com/v1/projects/zinc-wares-316319/image:computePixels?, after 502
2026-06-23 16:11:12,324 [INFO] Worker 3: FID 316 done, 74 downloads
2026-06-23 16:11:12,327 [INFO] Worker 3: FID 46 (14/65)
2026-06-23 16:11:15,939 [INFO] Worker 4: FID 317 done, 62 downloads
2026-06-23 16:11:15,941 [INFO] Worker 4: FID 47 (14/65)
2026-06-23 16:12:28,075 [WARNING] Sleeping 1.26 seconds before retry 1 of 5 for request: POST https://earthengine.googleapis.com/v1/projects/zinc-wares-316319/image:computePixels?, after 502
2026-06-23 16:13:05,602 [WARNING] Sleeping 0.75 seconds before retry 1 of 5 for request: POST https://earthengine.googleapis.com/v1/projects/zinc-wares-316319/image:computePixels?, after 502
2026-06-23 16:13:36,619 [INFO] Worker 4: FID 47 done, 105 downloads
2026-06-23 16:13:36,622 [INFO] Worker 4: FID 125 (15/65)
2026-06-23 16:13:59,921 [INFO] Worker 1: FID 313 done, 150 downloads
2026-06-23 16:13:59,923 [INFO] Worker 1: FID 135 (14/65)
2026-06-23 16:14:40,357 [INFO] Worker 2: FID 68 done, 82 downloads
2026-06-23 16:14:40,361 [INFO] Worker 2: FID 214 (16/65)
2026-06-23 16:14:46,953 [INFO] Worker 1: FID 135 done, 38 downloads
2026-06-23 16:14:46,955 [INFO] Worker 1: FID 74 (15/65)
2026-06-23 16:15:32,841 [INFO] Worker 0: FID 43 done, 200 downloads
2026-06-23 16:15:32,843 [INFO] Worker 0: FID 145 (9/65)
2026-06-23 16:15:49,293 [INFO] Worker 4: FID 125 done, 78 downloads
2026-06-23 16:15:49,296 [INFO] Worker 4: FID 351 (16/65)
2026-06-23 16:16:42,393 [INFO] Worker 1: FID 74 done, 76 downloads
2026-06-23 16:16:42,395 [INFO] Worker 1: FID 137 (16/65)
2026-06-23 16:17:19,454 [INFO] Worker 5: FID 260 done, 360 downloads
2026-06-23 16:17:19,457 [INFO] Worker 5: FID 263 (14/64)
2026-06-23 16:17:25,164 [INFO] Worker 0: FID 145 done, 32 downloads
2026-06-23 16:17:25,166 [INFO] Worker 0: FID 34 (10/65)
2026-06-23 16:17:37,829 [INFO] Worker 4: FID 351 done, 92 downloads
2026-06-23 16:17:37,832 [INFO] Worker 4: FID 354 (17/65)
2026-06-23 16:20:17,745 [INFO] Worker 4: FID 354 done, 45 downloads
2026-06-23 16:20:17,748 [INFO] Worker 4: FID 62 (18/65)
2026-06-23 16:20:43,286 [INFO] Worker 5: FID 263 done, 38 downloads
2026-06-23 16:20:43,289 [INFO] Worker 5: FID 374 (15/64)
2026-06-23 16:20:57,227 [INFO] Worker 2: FID 214 done, 102 downloads
2026-06-23 16:20:57,230 [INFO] Worker 2: FID 5 (17/65)
2026-06-23 16:21:10,672 [INFO] Worker 0: FID 34 done, 78 downloads
2026-06-23 16:21:10,675 [INFO] Worker 0: FID 24 (11/65)
2026-06-23 16:21:48,518 [INFO] Worker 5: FID 374 done, 46 downloads
2026-06-23 16:21:48,521 [INFO] Worker 5: FID 2 (16/64)
2026-06-23 16:21:52,001 [INFO] Worker 3: FID 46 done, 304 downloads
2026-06-23 16:21:52,004 [INFO] Worker 3: FID 69 (15/65)
2026-06-23 16:22:23,822 [INFO] Worker 0: FID 24 done, 45 downloads
2026-06-23 16:22:23,824 [INFO] Worker 0: FID 220 (12/65)
2026-06-23 16:23:16,349 [INFO] Worker 2: FID 5 done, 92 downloads
2026-06-23 16:23:16,351 [INFO] Worker 2: FID 29 (18/65)
2026-06-23 16:25:37,303 [WARNING] Sleeping 1.92 seconds before retry 1 of 5 for request: POST https://earthengine.googleapis.com/v1/projects/zinc-wares-316319/image:computePixels?, after 502
2026-06-23 16:25:40,546 [INFO] Worker 0: FID 220 done, 36 downloads
2026-06-23 16:25:40,549 [INFO] Worker 0: FID 284 (13/65)
2026-06-23 16:26:08,454 [INFO] Worker 3: FID 69 done, 144 downloads
2026-06-23 16:26:08,459 [INFO] Worker 3: FID 333 (16/65)
2026-06-23 16:26:20,490 [INFO] Worker 0: FID 284 done, 34 downloads
2026-06-23 16:26:20,494 [INFO] Worker 0: FID 209 (14/65)
2026-06-23 16:27:39,806 [INFO] Worker 0: FID 209 done, 66 downloads
2026-06-23 16:27:39,809 [INFO] Worker 0: FID 341 (15/65)
2026-06-23 16:28:00,442 [INFO] Worker 1: FID 137 done, 196 downloads
2026-06-23 16:28:00,445 [INFO] Worker 1: FID 4 (17/65)
2026-06-23 16:28:57,487 [INFO] Worker 3: FID 333 done, 98 downloads
2026-06-23 16:28:57,491 [INFO] Worker 3: FID 8 (17/65)
2026-06-23 16:29:21,911 [INFO] Worker 0: FID 341 done, 78 downloads
2026-06-23 16:29:21,914 [INFO] Worker 0: FID 376 (16/65)
2026-06-23 16:29:39,454 [INFO] Worker 1: FID 4 done, 86 downloads
2026-06-23 16:29:39,457 [INFO] Worker 1: FID 28 (18/65)
2026-06-23 16:30:18,442 [INFO] Worker 2: FID 29 done, 282 downloads
2026-06-23 16:30:18,445 [INFO] Worker 2: FID 151 (19/65)
2026-06-23 16:30:31,298 [INFO] Worker 3: FID 8 done, 86 downloads
2026-06-23 16:30:31,301 [INFO] Worker 3: FID 31 (18/65)
2026-06-23 16:30:45,569 [INFO] Worker 2: FID 151 done, 26 downloads
2026-06-23 16:30:45,573 [INFO] Worker 2: FID 339 (20/65)
2026-06-23 16:30:56,652 [INFO] Worker 0: FID 376 done, 86 downloads
2026-06-23 16:30:56,655 [INFO] Worker 0: FID 3 (17/65)
2026-06-23 16:32:50,619 [INFO] Worker 3: FID 31 done, 90 downloads
2026-06-23 16:32:50,622 [INFO] Worker 3: FID 161 (19/65)
2026-06-23 16:33:05,796 [INFO] Worker 2: FID 339 done, 117 downloads
2026-06-23 16:33:05,799 [INFO] Worker 2: FID 332 (21/65)
2026-06-23 16:33:12,099 [INFO] Worker 4: FID 62 done, 598 downloads
2026-06-23 16:33:12,102 [INFO] Worker 4: FID 167 (19/65)
2026-06-23 16:33:17,811 [INFO] Worker 3: FID 161 done, 21 downloads
2026-06-23 16:33:17,814 [INFO] Worker 3: FID 343 (20/65)
2026-06-23 16:33:22,128 [WARNING] Encountered 403 Forbidden with reason "PERMISSION_DENIED"
2026-06-23 16:33:22,128 [WARNING] GEE error (attempt 1/5): Not signed up for Earth Engine or project is not registered. Visit https://developers.google.com/earth-engine/guides/access
2026-06-23 16:33:30,184 [INFO] Worker 1: FID 28 done, 192 downloads
2026-06-23 16:33:30,187 [INFO] Worker 1: FID 92 (19/65)
2026-06-23 16:34:02,759 [INFO] Worker 1: FID 92 done, 28 downloads
2026-06-23 16:34:02,762 [INFO] Worker 1: FID 325 (20/65)
2026-06-23 16:34:07,814 [WARNING] Encountered 403 Forbidden with reason "PERMISSION_DENIED"
2026-06-23 16:34:07,814 [WARNING] GEE error (attempt 1/5): Not signed up for Earth Engine or project is not registered. Visit https://developers.google.com/earth-engine/guides/access
2026-06-23 16:34:07,888 [INFO] Worker 4: FID 167 done, 54 downloads
2026-06-23 16:34:07,892 [INFO] Worker 4: FID 58 (20/65)
2026-06-23 16:34:32,825 [WARNING] FID 58: dropped empty tile s1_grd evt S1A_IW_GRDH_1SDV_20230906T094943_20230906T095008_050205_060AF4_E713 tile_0
2026-06-23 16:34:34,174 [WARNING] FID 58: dropped empty tile s1_grd bef S1A_IW_GRDH_1SDV_20230109T094936_20230109T095001_046705_05993A_763B tile_0
2026-06-23 16:34:35,735 [WARNING] FID 58: dropped empty tile s1_grd bef S1A_IW_GRDH_1SDV_20230121T094935_20230121T095000_046880_059F24_7A3A tile_0
2026-06-23 16:34:37,163 [WARNING] FID 58: dropped empty tile s1_grd bef S1A_IW_GRDH_1SDV_20230214T094935_20230214T095000_047230_05AAD4_443E tile_0
2026-06-23 16:34:38,937 [WARNING] FID 58: dropped empty tile s1_grd bef S1A_IW_GRDH_1SDV_20230226T094935_20230226T095000_047405_05B0D3_E8BA tile_0
2026-06-23 16:34:40,350 [WARNING] FID 58: dropped empty tile s1_grd bef S1A_IW_GRDH_1SDV_20230310T094935_20230310T095000_047580_05B6BD_B228 tile_0
2026-06-23 16:34:41,993 [WARNING] FID 58: dropped empty tile s1_grd bef S1A_IW_GRDH_1SDV_20230322T094935_20230322T095000_047755_05BCAD_A5E4 tile_0
2026-06-23 16:34:43,433 [WARNING] FID 58: dropped empty tile s1_grd bef S1A_IW_GRDH_1SDV_20230415T094936_20230415T095001_048105_05C876_7D01 tile_0
2026-06-23 16:34:45,000 [WARNING] FID 58: dropped empty tile s1_grd bef S1A_IW_GRDH_1SDV_20230427T094936_20230427T095001_048280_05CE51_C3AC tile_0
2026-06-23 16:34:45,145 [INFO] Worker 3: FID 343 done, 82 downloads
2026-06-23 16:34:45,149 [INFO] Worker 3: FID 89 (21/65)
2026-06-23 16:34:46,602 [WARNING] FID 58: dropped empty tile s1_grd bef S1A_IW_GRDH_1SDV_20230509T094937_20230509T095002_048455_05D42C_4A7D tile_0
2026-06-23 16:34:48,573 [WARNING] FID 58: dropped empty tile s1_grd bef S1A_IW_GRDH_1SDV_20230521T094937_20230521T095002_048630_05D957_8119 tile_0
2026-06-23 16:34:50,192 [WARNING] FID 58: dropped empty tile s1_grd bef S1A_IW_GRDH_1SDV_20230602T094938_20230602T095003_048805_05DE8B_61F1 tile_0
2026-06-23 16:34:52,003 [WARNING] FID 58: dropped empty tile s1_grd bef S1A_IW_GRDH_1SDV_20230614T094938_20230614T095003_048980_05E3E7_B37E tile_0
2026-06-23 16:34:54,707 [WARNING] FID 58: dropped empty tile s1_grd bef S1A_IW_GRDH_1SDV_20230626T094939_20230626T095004_049155_05E932_87DB tile_0
2026-06-23 16:34:56,375 [WARNING] FID 58: dropped empty tile s1_grd bef S1A_IW_GRDH_1SDV_20230708T094940_20230708T095005_049330_05EE9A_BD21 tile_0
2026-06-23 16:34:58,006 [WARNING] FID 58: dropped empty tile s1_grd bef S1A_IW_GRDH_1SDV_20230720T094940_20230720T095005_049505_05F3ED_61B1 tile_0
2026-06-23 16:34:59,724 [WARNING] FID 58: dropped empty tile s1_grd bef S1A_IW_GRDH_1SDV_20230801T094941_20230801T095006_049680_05F959_7E64 tile_0
2026-06-23 16:35:01,281 [WARNING] FID 58: dropped empty tile s1_grd bef S1A_IW_GRDH_1SDV_20230813T094942_20230813T095007_049855_05FF04_F481 tile_0
2026-06-23 16:35:02,883 [WARNING] FID 58: dropped empty tile s1_grd bef S1A_IW_GRDH_1SDV_20230825T094943_20230825T095008_050030_0604F6_5B1D tile_0
2026-06-23 16:35:04,474 [WARNING] FID 58: dropped empty tile s1_grd aft S1A_IW_GRDH_1SDV_20230930T094944_20230930T095009_050555_0616E4_8B83 tile_0
2026-06-23 16:35:04,475 [INFO] Worker 4: FID 58 done, 40 downloads
2026-06-23 16:35:04,480 [INFO] Worker 4: FID 348 (21/65)
2026-06-23 16:35:31,455 [INFO] Worker 1: FID 325 done, 68 downloads
2026-06-23 16:35:31,459 [INFO] Worker 1: FID 87 (21/65)
2026-06-23 16:35:40,752 [INFO] Worker 3: FID 89 done, 42 downloads
2026-06-23 16:35:40,756 [INFO] Worker 3: FID 20 (22/65)
2026-06-23 16:35:47,215 [INFO] Worker 4: FID 348 done, 41 downloads
2026-06-23 16:35:47,219 [INFO] Worker 4: FID 21 (22/65)
2026-06-23 16:36:11,878 [INFO] Worker 2: FID 332 done, 164 downloads
2026-06-23 16:36:11,882 [INFO] Worker 2: FID 365 (22/65)
2026-06-23 16:36:14,197 [INFO] Worker 1: FID 87 done, 41 downloads
2026-06-23 16:36:14,200 [INFO] Worker 1: FID 361 (22/65)
2026-06-23 16:36:37,426 [INFO] Worker 4: FID 21 done, 47 downloads
2026-06-23 16:36:37,431 [INFO] Worker 4: FID 96 (23/65)
2026-06-23 16:36:45,649 [INFO] Worker 0: FID 3 done, 322 downloads
2026-06-23 16:36:45,653 [INFO] Worker 0: FID 13 (18/65)
2026-06-23 16:36:46,804 [WARNING] FID 96: dropped empty tile s1_grd evt S1A_IW_GRDH_1SDV_20230415T094911_20230415T094936_048105_05C876_50BE tile_0
2026-06-23 16:36:50,103 [WARNING] FID 96: dropped empty tile s1_grd bef S1A_IW_GRDH_1SDV_20230109T094911_20230109T094936_046705_05993A_671C tile_0
2026-06-23 16:36:53,793 [WARNING] FID 96: dropped empty tile s1_grd bef S1A_IW_GRDH_1SDV_20230121T094910_20230121T094935_046880_059F24_ED7C tile_0
2026-06-23 16:36:57,449 [WARNING] FID 96: dropped empty tile s1_grd bef S1A_IW_GRDH_1SDV_20230214T094910_20230214T094935_047230_05AAD4_E27D tile_0
2026-06-23 16:37:01,275 [WARNING] FID 96: dropped empty tile s1_grd bef S1A_IW_GRDH_1SDV_20230226T094910_20230226T094935_047405_05B0D3_9DE4 tile_0
2026-06-23 16:37:04,775 [WARNING] FID 96: dropped empty tile s1_grd bef S1A_IW_GRDH_1SDV_20230310T094910_20230310T094935_047580_05B6BD_2426 tile_0
2026-06-23 16:37:08,400 [WARNING] FID 96: dropped empty tile s1_grd bef S1A_IW_GRDH_1SDV_20230322T094910_20230322T094935_047755_05BCAD_F524 tile_0
2026-06-23 16:37:12,178 [WARNING] FID 96: dropped empty tile s1_grd aft S1A_IW_GRDH_1SDV_20230427T094911_20230427T094936_048280_05CE51_9F1D tile_0
2026-06-23 16:37:16,257 [WARNING] FID 96: dropped empty tile s1_grd aft S1A_IW_GRDH_1SDV_20230509T094912_20230509T094937_048455_05D42C_BB80 tile_0
2026-06-23 16:37:19,354 [INFO] Worker 4: FID 96 done, 35 downloads
2026-06-23 16:37:19,358 [INFO] Worker 4: FID 225 (24/65)
2026-06-23 16:37:33,144 [WARNING] FID 225: dropped empty tile s1_grd evt S1A_IW_GRDH_1SDV_20230427T094911_20230427T094936_048280_05CE51_9F1D tile_0
2026-06-23 16:37:35,599 [WARNING] FID 225: dropped empty tile s1_grd bef S1A_IW_GRDH_1SDV_20230109T094911_20230109T094936_046705_05993A_671C tile_0
2026-06-23 16:37:38,988 [WARNING] FID 225: dropped empty tile s1_grd bef S1A_IW_GRDH_1SDV_20230121T094910_20230121T094935_046880_059F24_ED7C tile_0
2026-06-23 16:37:41,536 [WARNING] FID 225: dropped empty tile s1_grd bef S1A_IW_GRDH_1SDV_20230214T094910_20230214T094935_047230_05AAD4_E27D tile_0
2026-06-23 16:37:44,823 [WARNING] FID 225: dropped empty tile s1_grd bef S1A_IW_GRDH_1SDV_20230226T094910_20230226T094935_047405_05B0D3_9DE4 tile_0
2026-06-23 16:37:47,907 [WARNING] FID 225: dropped empty tile s1_grd bef S1A_IW_GRDH_1SDV_20230310T094910_20230310T094935_047580_05B6BD_2426 tile_0
2026-06-23 16:37:51,402 [WARNING] FID 225: dropped empty tile s1_grd bef S1A_IW_GRDH_1SDV_20230322T094910_20230322T094935_047755_05BCAD_F524 tile_0
2026-06-23 16:37:54,012 [WARNING] FID 225: dropped empty tile s1_grd bef S1A_IW_GRDH_1SDV_20230415T094911_20230415T094936_048105_05C876_50BE tile_0
2026-06-23 16:37:56,892 [WARNING] FID 225: dropped empty tile s1_grd aft S1A_IW_GRDH_1SDV_20230509T094912_20230509T094937_048455_05D42C_BB80 tile_0
2026-06-23 16:38:03,028 [WARNING] FID 225: dropped empty tile s1_grd aft S1A_IW_GRDH_1SDV_20230521T094912_20230521T094937_048630_05D957_8539 tile_0
2026-06-23 16:38:07,321 [INFO] Worker 4: FID 225 done, 29 downloads
2026-06-23 16:38:07,324 [INFO] Worker 4: FID 103 (25/65)
2026-06-23 16:38:23,469 [INFO] Worker 0: FID 13 done, 90 downloads
2026-06-23 16:38:23,474 [INFO] Worker 0: FID 360 (19/65)
2026-06-23 16:38:44,115 [INFO] Worker 4: FID 103 done, 34 downloads
2026-06-23 16:38:44,120 [INFO] Worker 4: FID 287 (26/65)
2026-06-23 16:38:45,196 [INFO] Worker 3: FID 20 done, 172 downloads
2026-06-23 16:38:45,201 [INFO] Worker 3: FID 149 (23/65)
2026-06-23 16:39:23,731 [INFO] Worker 4: FID 287 done, 38 downloads
2026-06-23 16:39:23,735 [INFO] Worker 4: FID 248 (27/65)
2026-06-23 16:39:31,117 [INFO] Worker 3: FID 149 done, 32 downloads
2026-06-23 16:39:31,121 [INFO] Worker 3: FID 224 (24/65)
2026-06-23 16:39:34,990 [INFO] Worker 1: FID 361 done, 176 downloads
2026-06-23 16:39:34,994 [INFO] Worker 1: FID 63 (23/65)
2026-06-23 16:39:40,996 [WARNING] FID 224: dropped empty tile s1_grd evt S1A_IW_GRDH_1SDV_20230427T094911_20230427T094936_048280_05CE51_9F1D tile_0
2026-06-23 16:39:41,635 [WARNING] FID 224: dropped empty tile s1_grd evt S1A_IW_GRDH_1SDV_20230427T094911_20230427T094936_048280_05CE51_9F1D tile_1
2026-06-23 16:39:45,033 [WARNING] FID 224: dropped empty tile s1_grd evt S1A_IW_GRDH_1SDV_20230427T094936_20230427T095001_048280_05CE51_C3AC tile_2
2026-06-23 16:39:45,576 [WARNING] FID 224: dropped empty tile s1_grd bef S1A_IW_GRDH_1SDV_20230109T094911_20230109T094936_046705_05993A_671C tile_0
2026-06-23 16:39:46,269 [WARNING] FID 224: dropped empty tile s1_grd bef S1A_IW_GRDH_1SDV_20230109T094911_20230109T094936_046705_05993A_671C tile_1
2026-06-23 16:39:49,804 [WARNING] FID 224: dropped empty tile s1_grd bef S1A_IW_GRDH_1SDV_20230109T094936_20230109T095001_046705_05993A_763B tile_2
2026-06-23 16:39:50,479 [WARNING] FID 224: dropped empty tile s1_grd bef S1A_IW_GRDH_1SDV_20230121T094910_20230121T094935_046880_059F24_ED7C tile_0
2026-06-23 16:39:51,051 [WARNING] FID 224: dropped empty tile s1_grd bef S1A_IW_GRDH_1SDV_20230121T094910_20230121T094935_046880_059F24_ED7C tile_1
2026-06-23 16:39:56,585 [WARNING] FID 224: dropped empty tile s1_grd bef S1A_IW_GRDH_1SDV_20230121T094935_20230121T095000_046880_059F24_7A3A tile_2
2026-06-23 16:39:57,148 [WARNING] FID 224: dropped empty tile s1_grd bef S1A_IW_GRDH_1SDV_20230214T094910_20230214T094935_047230_05AAD4_E27D tile_0
2026-06-23 16:39:57,771 [WARNING] FID 224: dropped empty tile s1_grd bef S1A_IW_GRDH_1SDV_20230214T094910_20230214T094935_047230_05AAD4_E27D tile_1
2026-06-23 16:39:59,646 [INFO] Worker 2: FID 365 done, 215 downloads
2026-06-23 16:39:59,651 [INFO] Worker 2: FID 147 (23/65)
2026-06-23 16:40:00,471 [INFO] Worker 0: FID 360 done, 94 downloads
2026-06-23 16:40:00,478 [INFO] Worker 0: FID 195 (20/65)
2026-06-23 16:40:01,233 [WARNING] FID 224: dropped empty tile s1_grd bef S1A_IW_GRDH_1SDV_20230214T094935_20230214T095000_047230_05AAD4_443E tile_2
2026-06-23 16:40:02,032 [WARNING] FID 224: dropped empty tile s1_grd bef S1A_IW_GRDH_1SDV_20230226T094910_20230226T094935_047405_05B0D3_9DE4 tile_0
2026-06-23 16:40:02,739 [WARNING] FID 224: dropped empty tile s1_grd bef S1A_IW_GRDH_1SDV_20230226T094910_20230226T094935_047405_05B0D3_9DE4 tile_1
2026-06-23 16:40:06,024 [WARNING] FID 224: dropped empty tile s1_grd bef S1A_IW_GRDH_1SDV_20230226T094935_20230226T095000_047405_05B0D3_E8BA tile_2
2026-06-23 16:40:06,626 [WARNING] FID 224: dropped empty tile s1_grd bef S1A_IW_GRDH_1SDV_20230310T094910_20230310T094935_047580_05B6BD_2426 tile_0
2026-06-23 16:40:07,305 [WARNING] FID 224: dropped empty tile s1_grd bef S1A_IW_GRDH_1SDV_20230310T094910_20230310T094935_047580_05B6BD_2426 tile_1
2026-06-23 16:40:10,923 [WARNING] FID 224: dropped empty tile s1_grd bef S1A_IW_GRDH_1SDV_20230310T094935_20230310T095000_047580_05B6BD_B228 tile_2
2026-06-23 16:40:11,572 [WARNING] FID 224: dropped empty tile s1_grd bef S1A_IW_GRDH_1SDV_20230322T094910_20230322T094935_047755_05BCAD_F524 tile_0
2026-06-23 16:40:12,271 [WARNING] FID 224: dropped empty tile s1_grd bef S1A_IW_GRDH_1SDV_20230322T094910_20230322T094935_047755_05BCAD_F524 tile_1
2026-06-23 16:40:15,934 [WARNING] FID 224: dropped empty tile s1_grd bef S1A_IW_GRDH_1SDV_20230322T094935_20230322T095000_047755_05BCAD_A5E4 tile_2
2026-06-23 16:40:19,532 [WARNING] FID 224: dropped empty tile s1_grd bef S1A_IW_GRDH_1SDV_20230415T094911_20230415T094936_048105_05C876_50BE tile_0
2026-06-23 16:40:20,305 [WARNING] FID 224: dropped empty tile s1_grd bef S1A_IW_GRDH_1SDV_20230415T094911_20230415T094936_048105_05C876_50BE tile_1
2026-06-23 16:40:23,686 [WARNING] FID 224: dropped empty tile s1_grd bef S1A_IW_GRDH_1SDV_20230415T094936_20230415T095001_048105_05C876_7D01 tile_2
2026-06-23 16:40:24,068 [INFO] Worker 4: FID 248 done, 56 downloads
2026-06-23 16:40:24,072 [INFO] Worker 4: FID 126 (28/65)
2026-06-23 16:40:24,180 [WARNING] FID 224: dropped empty tile s1_grd aft S1A_IW_GRDH_1SDV_20230509T094912_20230509T094937_048455_05D42C_BB80 tile_0
2026-06-23 16:40:24,827 [WARNING] FID 224: dropped empty tile s1_grd aft S1A_IW_GRDH_1SDV_20230509T094912_20230509T094937_048455_05D42C_BB80 tile_1
2026-06-23 16:40:29,021 [WARNING] FID 224: dropped empty tile s1_grd aft S1A_IW_GRDH_1SDV_20230509T094937_20230509T095002_048455_05D42C_4A7D tile_2
2026-06-23 16:40:29,580 [WARNING] FID 224: dropped empty tile s1_grd aft S1A_IW_GRDH_1SDV_20230521T094912_20230521T094937_048630_05D957_8539 tile_0
2026-06-23 16:40:30,786 [WARNING] FID 224: dropped empty tile s1_grd aft S1A_IW_GRDH_1SDV_20230521T094912_20230521T094937_048630_05D957_8539 tile_1
2026-06-23 16:40:34,758 [INFO] Worker 2: FID 147 done, 13 downloads
2026-06-23 16:40:34,763 [INFO] Worker 2: FID 153 (24/65)
2026-06-23 16:40:41,497 [WARNING] FID 224: dropped empty tile s1_grd aft S1A_IW_GRDH_1SDV_20230521T094937_20230521T095002_048630_05D957_8119 tile_2
2026-06-23 16:40:41,498 [INFO] Worker 3: FID 224 done, 39 downloads
2026-06-23 16:40:41,503 [INFO] Worker 3: FID 280 (25/65)
2026-06-23 16:41:03,140 [INFO] Worker 0: FID 195 done, 56 downloads
2026-06-23 16:41:03,144 [INFO] Worker 0: FID 86 (21/65)
2026-06-23 16:41:38,845 [INFO] Worker 2: FID 153 done, 56 downloads
2026-06-23 16:41:38,848 [INFO] Worker 2: FID 156 (25/65)
2026-06-23 16:41:40,294 [INFO] Worker 3: FID 280 done, 56 downloads
2026-06-23 16:41:40,298 [INFO] Worker 3: FID 169 (26/65)
2026-06-23 16:41:52,928 [INFO] Worker 4: FID 126 done, 68 downloads
2026-06-23 16:41:52,932 [INFO] Worker 4: FID 312 (29/65)
2026-06-23 16:42:19,070 [INFO] Worker 3: FID 169 done, 32 downloads
2026-06-23 16:42:19,074 [INFO] Worker 3: FID 120 (27/65)
2026-06-23 16:42:39,891 [INFO] Worker 2: FID 156 done, 56 downloads
2026-06-23 16:42:39,896 [INFO] Worker 2: FID 282 (26/65)
2026-06-23 16:42:57,687 [INFO] Worker 2: FID 282 done, 18 downloads
2026-06-23 16:42:57,691 [INFO] Worker 2: FID 232 (27/65)
2026-06-23 16:42:59,357 [INFO] Worker 5: FID 2 done, 1050 downloads
2026-06-23 16:42:59,361 [INFO] Worker 5: FID 12 (17/64)
2026-06-23 16:43:06,311 [INFO] Worker 4: FID 312 done, 66 downloads
2026-06-23 16:43:06,316 [INFO] Worker 4: FID 318 (30/65)
2026-06-23 16:43:24,734 [INFO] Worker 3: FID 120 done, 54 downloads
2026-06-23 16:43:24,739 [INFO] Worker 3: FID 196 (28/65)
2026-06-23 16:43:39,550 [INFO] Worker 0: FID 86 done, 152 downloads
2026-06-23 16:43:39,554 [INFO] Worker 0: FID 366 (22/65)
2026-06-23 16:43:59,203 [INFO] Worker 1: FID 63 done, 245 downloads
2026-06-23 16:43:59,208 [INFO] Worker 1: FID 154 (24/65)
2026-06-23 16:44:05,517 [INFO] Worker 2: FID 232 done, 64 downloads
2026-06-23 16:44:05,520 [INFO] Worker 2: FID 310 (28/65)
2026-06-23 16:44:07,917 [WARNING] FID 196: dropped empty tile s1_grd evt S1A_IW_GRDH_1SDV_20230708T094915_20230708T094940_049330_05EE9A_201B tile_0
2026-06-23 16:44:08,720 [WARNING] FID 196: dropped empty tile s1_grd evt S1A_IW_GRDH_1SDV_20230708T094915_20230708T094940_049330_05EE9A_201B tile_1
2026-06-23 16:44:11,970 [WARNING] FID 196: dropped empty tile s1_grd evt S1A_IW_GRDH_1SDV_20230708T094940_20230708T095005_049330_05EE9A_BD21 tile_2
2026-06-23 16:44:12,525 [WARNING] FID 196: dropped empty tile s1_grd bef S1A_IW_GRDH_1SDV_20230109T094911_20230109T094936_046705_05993A_671C tile_0
2026-06-23 16:44:13,214 [WARNING] FID 196: dropped empty tile s1_grd bef S1A_IW_GRDH_1SDV_20230109T094911_20230109T094936_046705_05993A_671C tile_1
2026-06-23 16:44:16,866 [WARNING] FID 196: dropped empty tile s1_grd bef S1A_IW_GRDH_1SDV_20230109T094936_20230109T095001_046705_05993A_763B tile_2
2026-06-23 16:44:17,987 [WARNING] FID 196: dropped empty tile s1_grd bef S1A_IW_GRDH_1SDV_20230121T094910_20230121T094935_046880_059F24_ED7C tile_0
2026-06-23 16:44:18,560 [WARNING] FID 196: dropped empty tile s1_grd bef S1A_IW_GRDH_1SDV_20230121T094910_20230121T094935_046880_059F24_ED7C tile_1
2026-06-23 16:44:21,803 [WARNING] FID 196: dropped empty tile s1_grd bef S1A_IW_GRDH_1SDV_20230121T094935_20230121T095000_046880_059F24_7A3A tile_2
2026-06-23 16:44:22,315 [WARNING] FID 196: dropped empty tile s1_grd bef S1A_IW_GRDH_1SDV_20230214T094910_20230214T094935_047230_05AAD4_E27D tile_0
2026-06-23 16:44:22,970 [WARNING] FID 196: dropped empty tile s1_grd bef S1A_IW_GRDH_1SDV_20230214T094910_20230214T094935_047230_05AAD4_E27D tile_1
2026-06-23 16:44:26,460 [WARNING] FID 196: dropped empty tile s1_grd bef S1A_IW_GRDH_1SDV_20230214T094935_20230214T095000_047230_05AAD4_443E tile_2
2026-06-23 16:44:27,009 [WARNING] FID 196: dropped empty tile s1_grd bef S1A_IW_GRDH_1SDV_20230226T094910_20230226T094935_047405_05B0D3_9DE4 tile_0
2026-06-23 16:44:27,847 [WARNING] FID 196: dropped empty tile s1_grd bef S1A_IW_GRDH_1SDV_20230226T094910_20230226T094935_047405_05B0D3_9DE4 tile_1
2026-06-23 16:44:28,543 [INFO] Worker 4: FID 318 done, 70 downloads
2026-06-23 16:44:28,547 [INFO] Worker 4: FID 261 (31/65)
2026-06-23 16:44:31,273 [WARNING] FID 196: dropped empty tile s1_grd bef S1A_IW_GRDH_1SDV_20230226T094935_20230226T095000_047405_05B0D3_E8BA tile_2
2026-06-23 16:44:31,781 [WARNING] FID 196: dropped empty tile s1_grd bef S1A_IW_GRDH_1SDV_20230310T094910_20230310T094935_047580_05B6BD_2426 tile_0
2026-06-23 16:44:32,455 [WARNING] FID 196: dropped empty tile s1_grd bef S1A_IW_GRDH_1SDV_20230310T094910_20230310T094935_047580_05B6BD_2426 tile_1
2026-06-23 16:44:35,784 [WARNING] FID 196: dropped empty tile s1_grd bef S1A_IW_GRDH_1SDV_20230310T094935_20230310T095000_047580_05B6BD_B228 tile_2
2026-06-23 16:44:36,652 [WARNING] FID 196: dropped empty tile s1_grd bef S1A_IW_GRDH_1SDV_20230322T094910_20230322T094935_047755_05BCAD_F524 tile_0
2026-06-23 16:44:36,741 [INFO] Worker 1: FID 154 done, 32 downloads
2026-06-23 16:44:36,745 [INFO] Worker 1: FID 155 (25/65)
2026-06-23 16:44:37,313 [WARNING] FID 196: dropped empty tile s1_grd bef S1A_IW_GRDH_1SDV_20230322T094910_20230322T094935_047755_05BCAD_F524 tile_1
2026-06-23 16:44:40,930 [WARNING] FID 196: dropped empty tile s1_grd bef S1A_IW_GRDH_1SDV_20230322T094935_20230322T095000_047755_05BCAD_A5E4 tile_2
2026-06-23 16:44:41,483 [WARNING] FID 196: dropped empty tile s1_grd bef S1A_IW_GRDH_1SDV_20230415T094911_20230415T094936_048105_05C876_50BE tile_0
2026-06-23 16:44:42,267 [WARNING] FID 196: dropped empty tile s1_grd bef S1A_IW_GRDH_1SDV_20230415T094911_20230415T094936_048105_05C876_50BE tile_1
2026-06-23 16:44:45,383 [WARNING] FID 196: dropped empty tile s1_grd bef S1A_IW_GRDH_1SDV_20230415T094936_20230415T095001_048105_05C876_7D01 tile_2
2026-06-23 16:44:45,960 [WARNING] FID 196: dropped empty tile s1_grd bef S1A_IW_GRDH_1SDV_20230427T094911_20230427T094936_048280_05CE51_9F1D tile_0
2026-06-23 16:44:46,567 [WARNING] FID 196: dropped empty tile s1_grd bef S1A_IW_GRDH_1SDV_20230427T094911_20230427T094936_048280_05CE51_9F1D tile_1
2026-06-23 16:44:50,004 [WARNING] FID 196: dropped empty tile s1_grd bef S1A_IW_GRDH_1SDV_20230427T094936_20230427T095001_048280_05CE51_C3AC tile_2
2026-06-23 16:44:50,325 [WARNING] FID 12: dropped empty tile s1_grd evt S1A_IW_GRDH_1SDV_20230930T094944_20230930T095009_050555_0616E4_8B83 tile_0
2026-06-23 16:44:50,666 [WARNING] FID 196: dropped empty tile s1_grd bef S1A_IW_GRDH_1SDV_20230509T094912_20230509T094937_048455_05D42C_BB80 tile_0
2026-06-23 16:44:50,861 [WARNING] FID 12: dropped empty tile s1_grd evt S1A_IW_GRDH_1SDV_20230930T094944_20230930T095009_050555_0616E4_8B83 tile_1
2026-06-23 16:44:51,419 [WARNING] FID 12: dropped empty tile s1_grd evt S1A_IW_GRDH_1SDV_20230930T094944_20230930T095009_050555_0616E4_8B83 tile_2
2026-06-23 16:44:51,451 [WARNING] FID 196: dropped empty tile s1_grd bef S1A_IW_GRDH_1SDV_20230509T094912_20230509T094937_048455_05D42C_BB80 tile_1
2026-06-23 16:44:51,938 [WARNING] FID 12: dropped empty tile s1_grd evt S1A_IW_GRDH_1SDV_20230930T094944_20230930T095009_050555_0616E4_8B83 tile_3
2026-06-23 16:44:52,793 [WARNING] FID 12: dropped empty tile s1_grd bef S1A_IW_GRDH_1SDV_20230109T094911_20230109T094936_046705_05993A_671C tile_0
2026-06-23 16:44:55,006 [WARNING] FID 196: dropped empty tile s1_grd bef S1A_IW_GRDH_1SDV_20230509T094937_20230509T095002_048455_05D42C_4A7D tile_2
2026-06-23 16:44:55,526 [WARNING] FID 196: dropped empty tile s1_grd bef S1A_IW_GRDH_1SDV_20230521T094912_20230521T094937_048630_05D957_8539 tile_0
2026-06-23 16:44:56,253 [WARNING] FID 196: dropped empty tile s1_grd bef S1A_IW_GRDH_1SDV_20230521T094912_20230521T094937_048630_05D957_8539 tile_1
2026-06-23 16:44:57,194 [WARNING] FID 12: dropped empty tile s1_grd bef S1A_IW_GRDH_1SDV_20230109T094936_20230109T095001_046705_05993A_763B tile_1
2026-06-23 16:44:57,817 [WARNING] FID 12: dropped empty tile s1_grd bef S1A_IW_GRDH_1SDV_20230109T094936_20230109T095001_046705_05993A_763B tile_2
2026-06-23 16:44:58,354 [WARNING] FID 12: dropped empty tile s1_grd bef S1A_IW_GRDH_1SDV_20230109T094936_20230109T095001_046705_05993A_763B tile_3
2026-06-23 16:44:59,200 [WARNING] FID 12: dropped empty tile s1_grd bef S1A_IW_GRDH_1SDV_20230121T094910_20230121T094935_046880_059F24_ED7C tile_0
2026-06-23 16:45:00,014 [WARNING] FID 196: dropped empty tile s1_grd bef S1A_IW_GRDH_1SDV_20230521T094937_20230521T095002_048630_05D957_8119 tile_2
2026-06-23 16:45:00,644 [WARNING] FID 196: dropped empty tile s1_grd bef S1A_IW_GRDH_1SDV_20230602T094913_20230602T094938_048805_05DE8B_7193 tile_0
2026-06-23 16:45:01,391 [WARNING] FID 196: dropped empty tile s1_grd bef S1A_IW_GRDH_1SDV_20230602T094913_20230602T094938_048805_05DE8B_7193 tile_1
2026-06-23 16:45:04,235 [INFO] Worker 2: FID 310 done, 50 downloads
2026-06-23 16:45:04,239 [INFO] Worker 2: FID 197 (29/65)
2026-06-23 16:45:04,245 [WARNING] FID 12: dropped empty tile s1_grd bef S1A_IW_GRDH_1SDV_20230121T094935_20230121T095000_046880_059F24_7A3A tile_1
2026-06-23 16:45:04,669 [WARNING] FID 196: dropped empty tile s1_grd bef S1A_IW_GRDH_1SDV_20230602T094938_20230602T095003_048805_05DE8B_61F1 tile_2
2026-06-23 16:45:04,782 [WARNING] FID 12: dropped empty tile s1_grd bef S1A_IW_GRDH_1SDV_20230121T094935_20230121T095000_046880_059F24_7A3A tile_2
2026-06-23 16:45:05,160 [WARNING] FID 196: dropped empty tile s1_grd bef S1A_IW_GRDH_1SDV_20230614T094913_20230614T094938_048980_05E3E7_6485 tile_0
2026-06-23 16:45:05,282 [WARNING] FID 12: dropped empty tile s1_grd bef S1A_IW_GRDH_1SDV_20230121T094935_20230121T095000_046880_059F24_7A3A tile_3
2026-06-23 16:45:05,897 [WARNING] FID 196: dropped empty tile s1_grd bef S1A_IW_GRDH_1SDV_20230614T094913_20230614T094938_048980_05E3E7_6485 tile_1
2026-06-23 16:45:06,104 [WARNING] FID 12: dropped empty tile s1_grd bef S1A_IW_GRDH_1SDV_20230214T094910_20230214T094935_047230_05AAD4_E27D tile_0
2026-06-23 16:45:07,745 [INFO] Worker 4: FID 261 done, 36 downloads
2026-06-23 16:45:07,749 [INFO] Worker 4: FID 262 (32/65)
2026-06-23 16:45:09,389 [WARNING] FID 196: dropped empty tile s1_grd bef S1A_IW_GRDH_1SDV_20230614T094938_20230614T095003_048980_05E3E7_B37E tile_2
2026-06-23 16:45:10,208 [WARNING] FID 196: dropped empty tile s1_grd bef S1A_IW_GRDH_1SDV_20230626T094914_20230626T094939_049155_05E932_8E24 tile_0
2026-06-23 16:45:10,401 [WARNING] FID 12: dropped empty tile s1_grd bef S1A_IW_GRDH_1SDV_20230214T094935_20230214T095000_047230_05AAD4_443E tile_1
2026-06-23 16:45:10,825 [WARNING] FID 196: dropped empty tile s1_grd bef S1A_IW_GRDH_1SDV_20230626T094914_20230626T094939_049155_05E932_8E24 tile_1
2026-06-23 16:45:11,073 [WARNING] FID 12: dropped empty tile s1_grd bef S1A_IW_GRDH_1SDV_20230214T094935_20230214T095000_047230_05AAD4_443E tile_2
2026-06-23 16:45:12,064 [WARNING] FID 12: dropped empty tile s1_grd bef S1A_IW_GRDH_1SDV_20230214T094935_20230214T095000_047230_05AAD4_443E tile_3
2026-06-23 16:45:12,978 [WARNING] FID 12: dropped empty tile s1_grd bef S1A_IW_GRDH_1SDV_20230226T094910_20230226T094935_047405_05B0D3_9DE4 tile_0
2026-06-23 16:45:14,296 [WARNING] FID 196: dropped empty tile s1_grd bef S1A_IW_GRDH_1SDV_20230626T094939_20230626T095004_049155_05E932_87DB tile_2
2026-06-23 16:45:14,927 [WARNING] FID 196: dropped empty tile s1_grd aft S1A_IW_GRDH_1SDV_20230720T094915_20230720T094940_049505_05F3ED_2372 tile_0
2026-06-23 16:45:15,595 [WARNING] FID 196: dropped empty tile s1_grd aft S1A_IW_GRDH_1SDV_20230720T094915_20230720T094940_049505_05F3ED_2372 tile_1
2026-06-23 16:45:16,469 [INFO] Worker 0: FID 366 done, 88 downloads
2026-06-23 16:45:16,473 [INFO] Worker 0: FID 26 (23/65)
2026-06-23 16:45:17,196 [WARNING] FID 12: dropped empty tile s1_grd bef S1A_IW_GRDH_1SDV_20230226T094935_20230226T095000_047405_05B0D3_E8BA tile_1
2026-06-23 16:45:17,796 [WARNING] FID 12: dropped empty tile s1_grd bef S1A_IW_GRDH_1SDV_20230226T094935_20230226T095000_047405_05B0D3_E8BA tile_2
2026-06-23 16:45:18,354 [WARNING] FID 12: dropped empty tile s1_grd bef S1A_IW_GRDH_1SDV_20230226T094935_20230226T095000_047405_05B0D3_E8BA tile_3
2026-06-23 16:45:19,238 [WARNING] FID 12: dropped empty tile s1_grd bef S1A_IW_GRDH_1SDV_20230310T094910_20230310T094935_047580_05B6BD_2426 tile_0
2026-06-23 16:45:20,968 [INFO] Worker 1: FID 155 done, 34 downloads
2026-06-23 16:45:20,972 [INFO] Worker 1: FID 158 (26/65)
2026-06-23 16:45:23,739 [WARNING] FID 12: dropped empty tile s1_grd bef S1A_IW_GRDH_1SDV_20230310T094935_20230310T095000_047580_05B6BD_B228 tile_1
2026-06-23 16:45:24,938 [WARNING] FID 196: dropped empty tile s1_grd aft S1A_IW_GRDH_1SDV_20230720T094940_20230720T095005_049505_05F3ED_61B1 tile_2
2026-06-23 16:45:24,985 [WARNING] FID 12: dropped empty tile s1_grd bef S1A_IW_GRDH_1SDV_20230310T094935_20230310T095000_047580_05B6BD_B228 tile_2
2026-06-23 16:45:25,522 [WARNING] FID 12: dropped empty tile s1_grd bef S1A_IW_GRDH_1SDV_20230310T094935_20230310T095000_047580_05B6BD_B228 tile_3
2026-06-23 16:45:25,628 [WARNING] FID 196: dropped empty tile s1_grd aft S1A_IW_GRDH_1SDV_20230801T094916_20230801T094941_049680_05F959_E6F2 tile_0
2026-06-23 16:45:26,298 [WARNING] FID 12: dropped empty tile s1_grd bef S1A_IW_GRDH_1SDV_20230322T094910_20230322T094935_047755_05BCAD_F524 tile_0
2026-06-23 16:45:26,352 [WARNING] FID 196: dropped empty tile s1_grd aft S1A_IW_GRDH_1SDV_20230801T094916_20230801T094941_049680_05F959_E6F2 tile_1
2026-06-23 16:45:30,752 [WARNING] FID 12: dropped empty tile s1_grd bef S1A_IW_GRDH_1SDV_20230322T094935_20230322T095000_047755_05BCAD_A5E4 tile_1
2026-06-23 16:45:31,369 [WARNING] FID 12: dropped empty tile s1_grd bef S1A_IW_GRDH_1SDV_20230322T094935_20230322T095000_047755_05BCAD_A5E4 tile_2
2026-06-23 16:45:31,857 [WARNING] FID 12: dropped empty tile s1_grd bef S1A_IW_GRDH_1SDV_20230322T094935_20230322T095000_047755_05BCAD_A5E4 tile_3
2026-06-23 16:45:32,129 [WARNING] FID 196: dropped empty tile s1_grd aft S1A_IW_GRDH_1SDV_20230801T094941_20230801T095006_049680_05F959_7E64 tile_2
2026-06-23 16:45:32,130 [INFO] Worker 3: FID 196 done, 87 downloads
2026-06-23 16:45:32,136 [INFO] Worker 3: FID 256 (29/65)
2026-06-23 16:45:37,027 [WARNING] FID 12: dropped empty tile s1_grd bef S1A_IW_GRDH_1SDV_20230415T094936_20230415T095001_048105_05C876_7D01 tile_0
2026-06-23 16:45:37,599 [WARNING] FID 12: dropped empty tile s1_grd bef S1A_IW_GRDH_1SDV_20230415T094936_20230415T095001_048105_05C876_7D01 tile_1
2026-06-23 16:45:38,141 [WARNING] FID 12: dropped empty tile s1_grd bef S1A_IW_GRDH_1SDV_20230415T094936_20230415T095001_048105_05C876_7D01 tile_2
2026-06-23 16:45:38,641 [WARNING] FID 12: dropped empty tile s1_grd bef S1A_IW_GRDH_1SDV_20230415T094936_20230415T095001_048105_05C876_7D01 tile_3
2026-06-23 16:45:39,556 [WARNING] FID 12: dropped empty tile s1_grd bef S1A_IW_GRDH_1SDV_20230427T094911_20230427T094936_048280_05CE51_9F1D tile_0
2026-06-23 16:45:43,926 [WARNING] FID 12: dropped empty tile s1_grd bef S1A_IW_GRDH_1SDV_20230427T094936_20230427T095001_048280_05CE51_C3AC tile_1
2026-06-23 16:45:46,182 [WARNING] FID 12: dropped empty tile s1_grd bef S1A_IW_GRDH_1SDV_20230427T094936_20230427T095001_048280_05CE51_C3AC tile_2
2026-06-23 16:45:46,735 [WARNING] FID 12: dropped empty tile s1_grd bef S1A_IW_GRDH_1SDV_20230427T094936_20230427T095001_048280_05CE51_C3AC tile_3
2026-06-23 16:45:47,486 [WARNING] FID 12: dropped empty tile s1_grd bef S1A_IW_GRDH_1SDV_20230509T094912_20230509T094937_048455_05D42C_BB80 tile_0
2026-06-23 16:45:51,991 [WARNING] FID 12: dropped empty tile s1_grd bef S1A_IW_GRDH_1SDV_20230509T094937_20230509T095002_048455_05D42C_4A7D tile_0
2026-06-23 16:45:52,494 [WARNING] FID 12: dropped empty tile s1_grd bef S1A_IW_GRDH_1SDV_20230509T094937_20230509T095002_048455_05D42C_4A7D tile_1
2026-06-23 16:45:53,094 [WARNING] FID 12: dropped empty tile s1_grd bef S1A_IW_GRDH_1SDV_20230509T094937_20230509T095002_048455_05D42C_4A7D tile_2
2026-06-23 16:45:53,642 [WARNING] FID 12: dropped empty tile s1_grd bef S1A_IW_GRDH_1SDV_20230509T094937_20230509T095002_048455_05D42C_4A7D tile_3
2026-06-23 16:46:01,213 [WARNING] FID 12: dropped empty tile s1_grd bef S1A_IW_GRDH_1SDV_20230521T094937_20230521T095002_048630_05D957_8119 tile_0
2026-06-23 16:46:01,963 [WARNING] FID 12: dropped empty tile s1_grd bef S1A_IW_GRDH_1SDV_20230521T094937_20230521T095002_048630_05D957_8119 tile_1
2026-06-23 16:46:02,546 [WARNING] FID 12: dropped empty tile s1_grd bef S1A_IW_GRDH_1SDV_20230521T094937_20230521T095002_048630_05D957_8119 tile_2
2026-06-23 16:46:03,035 [WARNING] FID 12: dropped empty tile s1_grd bef S1A_IW_GRDH_1SDV_20230521T094937_20230521T095002_048630_05D957_8119 tile_3
2026-06-23 16:46:07,919 [WARNING] FID 12: dropped empty tile s1_grd bef S1A_IW_GRDH_1SDV_20230602T094938_20230602T095003_048805_05DE8B_61F1 tile_0
2026-06-23 16:46:08,414 [WARNING] FID 12: dropped empty tile s1_grd bef S1A_IW_GRDH_1SDV_20230602T094938_20230602T095003_048805_05DE8B_61F1 tile_1
2026-06-23 16:46:09,514 [WARNING] FID 12: dropped empty tile s1_grd bef S1A_IW_GRDH_1SDV_20230602T094938_20230602T095003_048805_05DE8B_61F1 tile_2
2026-06-23 16:46:10,142 [WARNING] FID 12: dropped empty tile s1_grd bef S1A_IW_GRDH_1SDV_20230602T094938_20230602T095003_048805_05DE8B_61F1 tile_3
2026-06-23 16:46:10,273 [INFO] Worker 0: FID 26 done, 49 downloads
2026-06-23 16:46:10,277 [INFO] Worker 0: FID 277 (24/65)
2026-06-23 16:46:15,843 [WARNING] FID 12: dropped empty tile s1_grd bef S1A_IW_GRDH_1SDV_20230614T094938_20230614T095003_048980_05E3E7_B37E tile_0
2026-06-23 16:46:16,472 [WARNING] FID 12: dropped empty tile s1_grd bef S1A_IW_GRDH_1SDV_20230614T094938_20230614T095003_048980_05E3E7_B37E tile_1
2026-06-23 16:46:17,058 [WARNING] FID 12: dropped empty tile s1_grd bef S1A_IW_GRDH_1SDV_20230614T094938_20230614T095003_048980_05E3E7_B37E tile_2
2026-06-23 16:46:17,569 [WARNING] FID 12: dropped empty tile s1_grd bef S1A_IW_GRDH_1SDV_20230614T094938_20230614T095003_048980_05E3E7_B37E tile_3
2026-06-23 16:46:18,566 [WARNING] FID 12: dropped empty tile s1_grd bef S1A_IW_GRDH_1SDV_20230626T094914_20230626T094939_049155_05E932_8E24 tile_0
2026-06-23 16:46:19,986 [INFO] Worker 2: FID 197 done, 64 downloads
2026-06-23 16:46:19,990 [INFO] Worker 2: FID 315 (30/65)
2026-06-23 16:46:22,931 [WARNING] FID 12: dropped empty tile s1_grd bef S1A_IW_GRDH_1SDV_20230626T094939_20230626T095004_049155_05E932_87DB tile_1
2026-06-23 16:46:23,584 [WARNING] FID 12: dropped empty tile s1_grd bef S1A_IW_GRDH_1SDV_20230626T094939_20230626T095004_049155_05E932_87DB tile_2
2026-06-23 16:46:24,224 [WARNING] FID 12: dropped empty tile s1_grd bef S1A_IW_GRDH_1SDV_20230626T094939_20230626T095004_049155_05E932_87DB tile_3
2026-06-23 16:46:29,134 [WARNING] FID 12: dropped empty tile s1_grd bef S1A_IW_GRDH_1SDV_20230708T094940_20230708T095005_049330_05EE9A_BD21 tile_0
2026-06-23 16:46:29,668 [WARNING] FID 12: dropped empty tile s1_grd bef S1A_IW_GRDH_1SDV_20230708T094940_20230708T095005_049330_05EE9A_BD21 tile_1
2026-06-23 16:46:30,266 [WARNING] FID 12: dropped empty tile s1_grd bef S1A_IW_GRDH_1SDV_20230708T094940_20230708T095005_049330_05EE9A_BD21 tile_2
2026-06-23 16:46:30,796 [WARNING] FID 12: dropped empty tile s1_grd bef S1A_IW_GRDH_1SDV_20230708T094940_20230708T095005_049330_05EE9A_BD21 tile_3
2026-06-23 16:46:31,667 [WARNING] FID 12: dropped empty tile s1_grd bef S1A_IW_GRDH_1SDV_20230720T094915_20230720T094940_049505_05F3ED_2372 tile_0
2026-06-23 16:46:36,713 [WARNING] FID 12: dropped empty tile s1_grd bef S1A_IW_GRDH_1SDV_20230720T094940_20230720T095005_049505_05F3ED_61B1 tile_1
2026-06-23 16:46:37,261 [WARNING] FID 12: dropped empty tile s1_grd bef S1A_IW_GRDH_1SDV_20230720T094940_20230720T095005_049505_05F3ED_61B1 tile_2
2026-06-23 16:46:37,816 [WARNING] FID 12: dropped empty tile s1_grd bef S1A_IW_GRDH_1SDV_20230720T094940_20230720T095005_049505_05F3ED_61B1 tile_3
2026-06-23 16:46:39,254 [WARNING] FID 12: dropped empty tile s1_grd bef S1A_IW_GRDH_1SDV_20230801T094916_20230801T094941_049680_05F959_E6F2 tile_0
2026-06-23 16:46:43,286 [INFO] Worker 3: FID 256 done, 64 downloads
2026-06-23 16:46:43,293 [INFO] Worker 3: FID 129 (30/65)
2026-06-23 16:46:43,418 [WARNING] FID 12: dropped empty tile s1_grd bef S1A_IW_GRDH_1SDV_20230801T094941_20230801T095006_049680_05F959_7E64 tile_0
2026-06-23 16:46:43,976 [WARNING] FID 12: dropped empty tile s1_grd bef S1A_IW_GRDH_1SDV_20230801T094941_20230801T095006_049680_05F959_7E64 tile_1
2026-06-23 16:46:44,533 [WARNING] FID 12: dropped empty tile s1_grd bef S1A_IW_GRDH_1SDV_20230801T094941_20230801T095006_049680_05F959_7E64 tile_2
2026-06-23 16:46:45,043 [WARNING] FID 12: dropped empty tile s1_grd bef S1A_IW_GRDH_1SDV_20230801T094941_20230801T095006_049680_05F959_7E64 tile_3
2026-06-23 16:46:46,454 [WARNING] FID 12: dropped empty tile s1_grd bef S1A_IW_GRDH_1SDV_20230813T094917_20230813T094942_049855_05FF04_E952 tile_0
2026-06-23 16:46:48,902 [INFO] Worker 1: FID 158 done, 80 downloads
2026-06-23 16:46:48,906 [INFO] Worker 1: FID 231 (27/65)
2026-06-23 16:46:51,088 [WARNING] FID 12: dropped empty tile s1_grd bef S1A_IW_GRDH_1SDV_20230813T094942_20230813T095007_049855_05FF04_F481 tile_1
2026-06-23 16:46:51,694 [WARNING] FID 12: dropped empty tile s1_grd bef S1A_IW_GRDH_1SDV_20230813T094942_20230813T095007_049855_05FF04_F481 tile_2
2026-06-23 16:46:52,184 [WARNING] FID 12: dropped empty tile s1_grd bef S1A_IW_GRDH_1SDV_20230813T094942_20230813T095007_049855_05FF04_F481 tile_3
2026-06-23 16:46:57,016 [WARNING] FID 12: dropped empty tile s1_grd bef S1A_IW_GRDH_1SDV_20230825T094943_20230825T095008_050030_0604F6_5B1D tile_0
2026-06-23 16:46:57,635 [WARNING] FID 12: dropped empty tile s1_grd bef S1A_IW_GRDH_1SDV_20230825T094943_20230825T095008_050030_0604F6_5B1D tile_1
2026-06-23 16:46:58,169 [WARNING] FID 12: dropped empty tile s1_grd bef S1A_IW_GRDH_1SDV_20230825T094943_20230825T095008_050030_0604F6_5B1D tile_2
2026-06-23 16:46:58,693 [WARNING] FID 12: dropped empty tile s1_grd bef S1A_IW_GRDH_1SDV_20230825T094943_20230825T095008_050030_0604F6_5B1D tile_3
2026-06-23 16:47:03,979 [WARNING] FID 12: dropped empty tile s1_grd bef S1A_IW_GRDH_1SDV_20230906T094943_20230906T095008_050205_060AF4_E713 tile_0
2026-06-23 16:47:04,832 [WARNING] FID 12: dropped empty tile s1_grd bef S1A_IW_GRDH_1SDV_20230906T094943_20230906T095008_050205_060AF4_E713 tile_1
2026-06-23 16:47:05,397 [WARNING] FID 12: dropped empty tile s1_grd bef S1A_IW_GRDH_1SDV_20230906T094943_20230906T095008_050205_060AF4_E713 tile_2
2026-06-23 16:47:05,909 [WARNING] FID 12: dropped empty tile s1_grd bef S1A_IW_GRDH_1SDV_20230906T094943_20230906T095008_050205_060AF4_E713 tile_3
2026-06-23 16:47:06,765 [WARNING] FID 12: dropped empty tile s1_grd aft S1A_IW_GRDH_1SDV_20231012T094918_20231012T094943_050730_061CE6_51C0 tile_0
2026-06-23 16:47:11,472 [WARNING] FID 12: dropped empty tile s1_grd aft S1A_IW_GRDH_1SDV_20231012T094943_20231012T095008_050730_061CE6_B0FB tile_1
2026-06-23 16:47:12,208 [WARNING] FID 12: dropped empty tile s1_grd aft S1A_IW_GRDH_1SDV_20231012T094943_20231012T095008_050730_061CE6_B0FB tile_2
2026-06-23 16:47:12,764 [WARNING] FID 12: dropped empty tile s1_grd aft S1A_IW_GRDH_1SDV_20231012T094943_20231012T095008_050730_061CE6_B0FB tile_3
2026-06-23 16:47:13,823 [INFO] Worker 0: FID 277 done, 56 downloads
2026-06-23 16:47:13,828 [INFO] Worker 0: FID 99 (25/65)
2026-06-23 16:47:18,208 [WARNING] FID 12: dropped empty tile s1_grd aft S1A_IW_GRDH_1SDV_20231024T094944_20231024T095009_050905_0622DD_C0B7 tile_0
2026-06-23 16:47:18,738 [WARNING] FID 12: dropped empty tile s1_grd aft S1A_IW_GRDH_1SDV_20231024T094944_20231024T095009_050905_0622DD_C0B7 tile_1
2026-06-23 16:47:19,714 [WARNING] FID 12: dropped empty tile s1_grd aft S1A_IW_GRDH_1SDV_20231024T094944_20231024T095009_050905_0622DD_C0B7 tile_2
2026-06-23 16:47:20,247 [WARNING] FID 12: dropped empty tile s1_grd aft S1A_IW_GRDH_1SDV_20231024T094944_20231024T095009_050905_0622DD_C0B7 tile_3
2026-06-23 16:47:20,247 [INFO] Worker 5: FID 12 done, 170 downloads
2026-06-23 16:47:20,253 [INFO] Worker 5: FID 39 (18/64)
2026-06-23 16:47:29,703 [INFO] Worker 2: FID 315 done, 68 downloads
2026-06-23 16:47:29,707 [INFO] Worker 2: FID 207 (31/65)
2026-06-23 16:47:45,100 [INFO] Worker 0: FID 99 done, 28 downloads
2026-06-23 16:47:45,104 [INFO] Worker 0: FID 243 (26/65)
2026-06-23 16:47:52,955 [INFO] Worker 1: FID 231 done, 60 downloads
2026-06-23 16:47:52,959 [INFO] Worker 1: FID 252 (28/65)
2026-06-23 16:47:57,655 [INFO] Worker 4: FID 262 done, 156 downloads
2026-06-23 16:47:57,660 [INFO] Worker 4: FID 55 (33/65)
2026-06-23 16:48:12,420 [INFO] Worker 3: FID 129 done, 70 downloads
2026-06-23 16:48:12,425 [INFO] Worker 3: FID 208 (31/65)
2026-06-23 16:48:26,029 [INFO] Worker 0: FID 243 done, 36 downloads
2026-06-23 16:48:26,034 [INFO] Worker 0: FID 106 (27/65)
2026-06-23 16:48:46,498 [INFO] Worker 0: FID 106 done, 18 downloads
2026-06-23 16:48:46,502 [INFO] Worker 0: FID 191 (28/65)
2026-06-23 16:48:52,371 [INFO] Worker 1: FID 252 done, 54 downloads
2026-06-23 16:48:52,375 [INFO] Worker 1: FID 255 (29/65)
2026-06-23 16:49:25,379 [INFO] Worker 5: FID 39 done, 108 downloads
2026-06-23 16:49:25,383 [INFO] Worker 5: FID 168 (19/64)
2026-06-23 16:49:42,516 [INFO] Worker 3: FID 208 done, 78 downloads
2026-06-23 16:49:42,521 [INFO] Worker 3: FID 133 (32/65)
2026-06-23 16:50:09,833 [INFO] Worker 1: FID 255 done, 68 downloads
2026-06-23 16:50:09,838 [INFO] Worker 1: FID 259 (30/65)
2026-06-23 16:50:10,643 [INFO] Worker 2: FID 207 done, 144 downloads
2026-06-23 16:50:10,647 [INFO] Worker 2: FID 132 (32/65)
2026-06-23 16:50:21,006 [INFO] Worker 0: FID 191 done, 84 downloads
2026-06-23 16:50:21,011 [INFO] Worker 0: FID 199 (29/65)
2026-06-23 16:50:28,735 [INFO] Worker 3: FID 133 done, 39 downloads
2026-06-23 16:50:28,742 [INFO] Worker 3: FID 51 (33/65)
2026-06-23 16:50:50,636 [INFO] Worker 4: FID 55 done, 156 downloads
2026-06-23 16:50:50,640 [INFO] Worker 4: FID 65 (34/65)
2026-06-23 16:50:52,273 [INFO] Worker 2: FID 132 done, 37 downloads
2026-06-23 16:50:52,277 [INFO] Worker 2: FID 50 (33/65)
2026-06-23 16:50:58,381 [INFO] Worker 5: FID 168 done, 80 downloads
2026-06-23 16:50:58,385 [INFO] Worker 5: FID 81 (20/64)
2026-06-23 16:51:59,560 [WARNING] FID 65: dropped empty tile s1_grd evt S1A_IW_GRDH_1SDV_20230906T094918_20230906T094943_050205_060AF4_C05C tile_0
2026-06-23 16:52:03,052 [WARNING] FID 65: dropped empty tile s1_grd evt S1A_IW_GRDH_1SDV_20230906T094943_20230906T095008_050205_060AF4_E713 tile_1
2026-06-23 16:52:03,524 [INFO] Worker 1: FID 259 done, 105 downloads
2026-06-23 16:52:03,529 [INFO] Worker 1: FID 321 (31/65)
2026-06-23 16:52:03,569 [WARNING] FID 65: dropped empty tile s1_grd evt S1A_IW_GRDH_1SDV_20230906T094943_20230906T095008_050205_060AF4_E713 tile_2
2026-06-23 16:52:04,255 [WARNING] FID 65: dropped empty tile s1_grd bef S1A_IW_GRDH_1SDV_20230109T094911_20230109T094936_046705_05993A_671C tile_0
2026-06-23 16:52:04,439 [INFO] Worker 3: FID 51 done, 80 downloads
2026-06-23 16:52:04,444 [INFO] Worker 3: FID 64 (34/65)
2026-06-23 16:52:07,829 [WARNING] FID 65: dropped empty tile s1_grd bef S1A_IW_GRDH_1SDV_20230109T094936_20230109T095001_046705_05993A_763B tile_1
2026-06-23 16:52:08,449 [WARNING] FID 65: dropped empty tile s1_grd bef S1A_IW_GRDH_1SDV_20230109T094936_20230109T095001_046705_05993A_763B tile_2
2026-06-23 16:52:09,300 [WARNING] FID 65: dropped empty tile s1_grd bef S1A_IW_GRDH_1SDV_20230121T094910_20230121T094935_046880_059F24_ED7C tile_0
2026-06-23 16:52:13,109 [WARNING] FID 65: dropped empty tile s1_grd bef S1A_IW_GRDH_1SDV_20230121T094935_20230121T095000_046880_059F24_7A3A tile_1
2026-06-23 16:52:13,642 [WARNING] FID 65: dropped empty tile s1_grd bef S1A_IW_GRDH_1SDV_20230121T094935_20230121T095000_046880_059F24_7A3A tile_2
2026-06-23 16:52:14,416 [WARNING] FID 65: dropped empty tile s1_grd bef S1A_IW_GRDH_1SDV_20230214T094910_20230214T094935_047230_05AAD4_E27D tile_0
2026-06-23 16:52:16,832 [INFO] Worker 2: FID 50 done, 76 downloads
2026-06-23 16:52:16,837 [INFO] Worker 2: FID 330 (34/65)
2026-06-23 16:52:17,971 [WARNING] FID 65: dropped empty tile s1_grd bef S1A_IW_GRDH_1SDV_20230214T094935_20230214T095000_047230_05AAD4_443E tile_1
2026-06-23 16:52:18,444 [WARNING] FID 65: dropped empty tile s1_grd bef S1A_IW_GRDH_1SDV_20230214T094935_20230214T095000_047230_05AAD4_443E tile_2
2026-06-23 16:52:19,095 [WARNING] FID 65: dropped empty tile s1_grd bef S1A_IW_GRDH_1SDV_20230226T094910_20230226T094935_047405_05B0D3_9DE4 tile_0
2026-06-23 16:52:22,810 [WARNING] FID 65: dropped empty tile s1_grd bef S1A_IW_GRDH_1SDV_20230226T094935_20230226T095000_047405_05B0D3_E8BA tile_1
2026-06-23 16:52:23,280 [WARNING] FID 65: dropped empty tile s1_grd bef S1A_IW_GRDH_1SDV_20230226T094935_20230226T095000_047405_05B0D3_E8BA tile_2
2026-06-23 16:52:24,089 [WARNING] FID 65: dropped empty tile s1_grd bef S1A_IW_GRDH_1SDV_20230310T094910_20230310T094935_047580_05B6BD_2426 tile_0
2026-06-23 16:52:27,721 [WARNING] FID 65: dropped empty tile s1_grd bef S1A_IW_GRDH_1SDV_20230310T094935_20230310T095000_047580_05B6BD_B228 tile_1
2026-06-23 16:52:28,318 [WARNING] FID 65: dropped empty tile s1_grd bef S1A_IW_GRDH_1SDV_20230310T094935_20230310T095000_047580_05B6BD_B228 tile_2
2026-06-23 16:52:29,073 [WARNING] FID 65: dropped empty tile s1_grd bef S1A_IW_GRDH_1SDV_20230322T094910_20230322T094935_047755_05BCAD_F524 tile_0
2026-06-23 16:52:32,731 [WARNING] FID 65: dropped empty tile s1_grd bef S1A_IW_GRDH_1SDV_20230322T094935_20230322T095000_047755_05BCAD_A5E4 tile_1
2026-06-23 16:52:33,219 [WARNING] FID 65: dropped empty tile s1_grd bef S1A_IW_GRDH_1SDV_20230322T094935_20230322T095000_047755_05BCAD_A5E4 tile_2
2026-06-23 16:52:34,116 [WARNING] FID 65: dropped empty tile s1_grd bef S1A_IW_GRDH_1SDV_20230415T094911_20230415T094936_048105_05C876_50BE tile_0
2026-06-23 16:52:37,971 [WARNING] FID 65: dropped empty tile s1_grd bef S1A_IW_GRDH_1SDV_20230415T094936_20230415T095001_048105_05C876_7D01 tile_1
2026-06-23 16:52:38,472 [WARNING] FID 65: dropped empty tile s1_grd bef S1A_IW_GRDH_1SDV_20230415T094936_20230415T095001_048105_05C876_7D01 tile_2
2026-06-23 16:52:39,295 [WARNING] FID 65: dropped empty tile s1_grd bef S1A_IW_GRDH_1SDV_20230427T094911_20230427T094936_048280_05CE51_9F1D tile_0
2026-06-23 16:52:43,012 [WARNING] FID 65: dropped empty tile s1_grd bef S1A_IW_GRDH_1SDV_20230427T094936_20230427T095001_048280_05CE51_C3AC tile_1
2026-06-23 16:52:43,553 [WARNING] FID 65: dropped empty tile s1_grd bef S1A_IW_GRDH_1SDV_20230427T094936_20230427T095001_048280_05CE51_C3AC tile_2
2026-06-23 16:52:44,304 [WARNING] FID 65: dropped empty tile s1_grd bef S1A_IW_GRDH_1SDV_20230509T094912_20230509T094937_048455_05D42C_BB80 tile_0
2026-06-23 16:52:48,096 [WARNING] FID 65: dropped empty tile s1_grd bef S1A_IW_GRDH_1SDV_20230509T094937_20230509T095002_048455_05D42C_4A7D tile_1
2026-06-23 16:52:48,291 [INFO] Worker 0: FID 199 done, 140 downloads
2026-06-23 16:52:48,295 [INFO] Worker 0: FID 203 (30/65)
2026-06-23 16:52:48,602 [WARNING] FID 65: dropped empty tile s1_grd bef S1A_IW_GRDH_1SDV_20230509T094937_20230509T095002_048455_05D42C_4A7D tile_2
2026-06-23 16:52:49,794 [WARNING] FID 65: dropped empty tile s1_grd bef S1A_IW_GRDH_1SDV_20230521T094912_20230521T094937_048630_05D957_8539 tile_0
2026-06-23 16:52:52,990 [WARNING] FID 65: dropped empty tile s1_grd bef S1A_IW_GRDH_1SDV_20230521T094937_20230521T095002_048630_05D957_8119 tile_1
2026-06-23 16:52:53,504 [WARNING] FID 65: dropped empty tile s1_grd bef S1A_IW_GRDH_1SDV_20230521T094937_20230521T095002_048630_05D957_8119 tile_2
2026-06-23 16:52:54,194 [WARNING] FID 65: dropped empty tile s1_grd bef S1A_IW_GRDH_1SDV_20230602T094913_20230602T094938_048805_05DE8B_7193 tile_0
2026-06-23 16:52:57,748 [WARNING] FID 65: dropped empty tile s1_grd bef S1A_IW_GRDH_1SDV_20230602T094938_20230602T095003_048805_05DE8B_61F1 tile_1
2026-06-23 16:52:58,258 [WARNING] FID 65: dropped empty tile s1_grd bef S1A_IW_GRDH_1SDV_20230602T094938_20230602T095003_048805_05DE8B_61F1 tile_2
2026-06-23 16:52:59,631 [WARNING] FID 65: dropped empty tile s1_grd bef S1A_IW_GRDH_1SDV_20230614T094913_20230614T094938_048980_05E3E7_6485 tile_0
2026-06-23 16:52:59,811 [INFO] Worker 2: FID 330 done, 39 downloads
2026-06-23 16:52:59,816 [INFO] Worker 2: FID 212 (35/65)
2026-06-23 16:53:03,193 [WARNING] FID 65: dropped empty tile s1_grd bef S1A_IW_GRDH_1SDV_20230614T094938_20230614T095003_048980_05E3E7_B37E tile_1
2026-06-23 16:53:03,682 [WARNING] FID 65: dropped empty tile s1_grd bef S1A_IW_GRDH_1SDV_20230614T094938_20230614T095003_048980_05E3E7_B37E tile_2
2026-06-23 16:53:04,508 [WARNING] FID 65: dropped empty tile s1_grd bef S1A_IW_GRDH_1SDV_20230626T094914_20230626T094939_049155_05E932_8E24 tile_0
2026-06-23 16:53:07,803 [WARNING] FID 65: dropped empty tile s1_grd bef S1A_IW_GRDH_1SDV_20230626T094939_20230626T095004_049155_05E932_87DB tile_1
2026-06-23 16:53:08,329 [WARNING] FID 65: dropped empty tile s1_grd bef S1A_IW_GRDH_1SDV_20230626T094939_20230626T095004_049155_05E932_87DB tile_2
2026-06-23 16:53:08,971 [WARNING] FID 65: dropped empty tile s1_grd bef S1A_IW_GRDH_1SDV_20230708T094915_20230708T094940_049330_05EE9A_201B tile_0
2026-06-23 16:53:13,444 [WARNING] FID 65: dropped empty tile s1_grd bef S1A_IW_GRDH_1SDV_20230708T094940_20230708T095005_049330_05EE9A_BD21 tile_1
2026-06-23 16:53:13,934 [WARNING] FID 65: dropped empty tile s1_grd bef S1A_IW_GRDH_1SDV_20230708T094940_20230708T095005_049330_05EE9A_BD21 tile_2
2026-06-23 16:53:14,801 [WARNING] FID 65: dropped empty tile s1_grd bef S1A_IW_GRDH_1SDV_20230720T094915_20230720T094940_049505_05F3ED_2372 tile_0
2026-06-23 16:53:18,406 [WARNING] FID 65: dropped empty tile s1_grd bef S1A_IW_GRDH_1SDV_20230720T094940_20230720T095005_049505_05F3ED_61B1 tile_1
2026-06-23 16:53:18,910 [WARNING] FID 65: dropped empty tile s1_grd bef S1A_IW_GRDH_1SDV_20230720T094940_20230720T095005_049505_05F3ED_61B1 tile_2
2026-06-23 16:53:19,730 [WARNING] FID 65: dropped empty tile s1_grd bef S1A_IW_GRDH_1SDV_20230801T094916_20230801T094941_049680_05F959_E6F2 tile_0
2026-06-23 16:53:24,094 [WARNING] FID 65: dropped empty tile s1_grd bef S1A_IW_GRDH_1SDV_20230801T094941_20230801T095006_049680_05F959_7E64 tile_1
2026-06-23 16:53:24,938 [WARNING] FID 65: dropped empty tile s1_grd bef S1A_IW_GRDH_1SDV_20230801T094941_20230801T095006_049680_05F959_7E64 tile_2
2026-06-23 16:53:25,732 [WARNING] FID 65: dropped empty tile s1_grd bef S1A_IW_GRDH_1SDV_20230813T094917_20230813T094942_049855_05FF04_E952 tile_0
2026-06-23 16:53:29,217 [WARNING] FID 65: dropped empty tile s1_grd bef S1A_IW_GRDH_1SDV_20230813T094942_20230813T095007_049855_05FF04_F481 tile_1
2026-06-23 16:53:29,710 [WARNING] FID 65: dropped empty tile s1_grd bef S1A_IW_GRDH_1SDV_20230813T094942_20230813T095007_049855_05FF04_F481 tile_2
2026-06-23 16:53:30,525 [WARNING] FID 65: dropped empty tile s1_grd bef S1A_IW_GRDH_1SDV_20230825T094918_20230825T094943_050030_0604F6_59F6 tile_0
2026-06-23 16:53:35,264 [WARNING] FID 65: dropped empty tile s1_grd bef S1A_IW_GRDH_1SDV_20230825T094943_20230825T095008_050030_0604F6_5B1D tile_1
2026-06-23 16:53:35,852 [WARNING] FID 65: dropped empty tile s1_grd bef S1A_IW_GRDH_1SDV_20230825T094943_20230825T095008_050030_0604F6_5B1D tile_2
2026-06-23 16:53:36,742 [WARNING] FID 65: dropped empty tile s1_grd aft S1A_IW_GRDH_1SDV_20230930T094919_20230930T094944_050555_0616E4_C554 tile_0
2026-06-23 16:53:40,391 [WARNING] FID 65: dropped empty tile s1_grd aft S1A_IW_GRDH_1SDV_20230930T094944_20230930T095009_050555_0616E4_8B83 tile_1
2026-06-23 16:53:40,990 [WARNING] FID 65: dropped empty tile s1_grd aft S1A_IW_GRDH_1SDV_20230930T094944_20230930T095009_050555_0616E4_8B83 tile_2
2026-06-23 16:53:40,990 [INFO] Worker 4: FID 65 done, 123 downloads
2026-06-23 16:53:40,997 [INFO] Worker 4: FID 345 (35/65)
2026-06-23 16:53:44,207 [INFO] Refreshing credentials due to a 401 response. Attempt 1/2.
2026-06-23 16:53:44,417 [INFO] Refreshing credentials due to a 401 response. Attempt 1/2.
2026-06-23 16:53:44,732 [INFO] Refreshing credentials due to a 401 response. Attempt 1/2.
2026-06-23 16:53:45,002 [INFO] Refreshing credentials due to a 401 response. Attempt 1/2.
2026-06-23 16:53:45,535 [INFO] Refreshing credentials due to a 401 response. Attempt 1/2.
2026-06-23 16:53:48,132 [INFO] Refreshing credentials due to a 401 response. Attempt 1/2.
2026-06-23 16:53:49,091 [INFO] Worker 5: FID 81 done, 164 downloads
2026-06-23 16:53:49,096 [INFO] Worker 5: FID 349 (21/64)
2026-06-23 16:53:51,201 [INFO] Worker 3: FID 64 done, 84 downloads
2026-06-23 16:53:51,205 [INFO] Worker 3: FID 329 (35/65)
2026-06-23 16:54:14,584 [INFO] Worker 0: FID 203 done, 72 downloads
2026-06-23 16:54:14,589 [INFO] Worker 0: FID 206 (31/65)
2026-06-23 16:54:35,032 [INFO] Worker 2: FID 212 done, 86 downloads
2026-06-23 16:54:35,036 [INFO] Worker 2: FID 370 (36/65)
2026-06-23 16:54:37,600 [INFO] Worker 3: FID 329 done, 41 downloads
2026-06-23 16:54:37,605 [INFO] Worker 3: FID 359 (36/65)
2026-06-23 16:55:09,752 [INFO] Worker 4: FID 345 done, 82 downloads
2026-06-23 16:55:09,757 [INFO] Worker 4: FID 352 (36/65)
2026-06-23 16:55:22,001 [INFO] Worker 3: FID 359 done, 44 downloads
2026-06-23 16:55:22,005 [INFO] Worker 3: FID 33 (37/65)
2026-06-23 16:55:26,163 [INFO] Worker 0: FID 206 done, 66 downloads
2026-06-23 16:55:26,168 [INFO] Worker 0: FID 323 (32/65)
2026-06-23 16:55:57,504 [INFO] Worker 4: FID 352 done, 47 downloads
2026-06-23 16:55:57,509 [INFO] Worker 4: FID 35 (37/65)
2026-06-23 16:55:59,719 [INFO] Worker 5: FID 349 done, 126 downloads
2026-06-23 16:55:59,724 [INFO] Worker 5: FID 25 (22/64)
2026-06-23 16:56:53,355 [INFO] Worker 5: FID 25 done, 48 downloads
2026-06-23 16:56:53,360 [INFO] Worker 5: FID 152 (23/64)
2026-06-23 16:57:01,519 [INFO] Worker 1: FID 321 done, 279 downloads
2026-06-23 16:57:01,524 [INFO] Worker 1: FID 324 (32/65)
2026-06-23 16:57:25,518 [INFO] Worker 0: FID 323 done, 102 downloads
2026-06-23 16:57:25,523 [INFO] Worker 0: FID 48 (33/65)
2026-06-23 16:57:26,179 [INFO] Worker 5: FID 152 done, 28 downloads
2026-06-23 16:57:26,184 [INFO] Worker 5: FID 279 (24/64)
2026-06-23 16:58:01,784 [INFO] Worker 3: FID 33 done, 144 downloads
2026-06-23 16:58:01,788 [INFO] Worker 3: FID 163 (38/65)
2026-06-23 16:58:07,613 [INFO] Worker 4: FID 35 done, 106 downloads
2026-06-23 16:58:07,618 [INFO] Worker 4: FID 166 (38/65)
2026-06-23 16:58:18,450 [INFO] Worker 2: FID 370 done, 210 downloads
2026-06-23 16:58:18,454 [INFO] Worker 2: FID 61 (37/65)
2026-06-23 16:58:20,086 [INFO] Worker 1: FID 324 done, 70 downloads
2026-06-23 16:58:20,091 [INFO] Worker 1: FID 338 (33/65)
2026-06-23 16:58:29,557 [INFO] Worker 5: FID 279 done, 60 downloads
2026-06-23 16:58:29,562 [INFO] Worker 5: FID 227 (25/64)
2026-06-23 16:58:40,751 [INFO] Worker 0: FID 48 done, 72 downloads
2026-06-23 16:58:40,756 [INFO] Worker 0: FID 328 (34/65)
2026-06-23 16:58:41,491 [INFO] Worker 3: FID 163 done, 38 downloads
2026-06-23 16:58:41,495 [INFO] Worker 3: FID 234 (39/65)
2026-06-23 16:59:02,435 [INFO] Worker 4: FID 166 done, 51 downloads
2026-06-23 16:59:02,440 [INFO] Worker 4: FID 173 (39/65)
2026-06-23 16:59:26,604 [INFO] Worker 3: FID 234 done, 42 downloads
2026-06-23 16:59:26,609 [INFO] Worker 3: FID 111 (40/65)
2026-06-23 16:59:39,026 [INFO] Worker 5: FID 227 done, 64 downloads
2026-06-23 16:59:39,031 [INFO] Worker 5: FID 105 (26/64)
2026-06-23 16:59:44,320 [INFO] Worker 4: FID 173 done, 40 downloads
2026-06-23 16:59:44,325 [INFO] Worker 4: FID 171 (40/65)
2026-06-23 16:59:59,938 [INFO] Worker 2: FID 61 done, 96 downloads
2026-06-23 16:59:59,943 [INFO] Worker 2: FID 104 (38/65)
2026-06-23 17:00:05,747 [INFO] Worker 1: FID 338 done, 105 downloads
2026-06-23 17:00:05,752 [INFO] Worker 1: FID 57 (34/65)
2026-06-23 17:00:08,391 [INFO] Worker 3: FID 111 done, 38 downloads
2026-06-23 17:00:08,396 [INFO] Worker 3: FID 80 (41/65)
2026-06-23 17:00:16,161 [INFO] Worker 4: FID 171 done, 18 downloads
2026-06-23 17:00:16,166 [INFO] Worker 4: FID 88 (41/65)
2026-06-23 17:00:27,948 [INFO] Worker 0: FID 328 done, 80 downloads
2026-06-23 17:00:27,953 [INFO] Worker 0: FID 72 (35/65)
2026-06-23 17:00:38,306 [INFO] Worker 5: FID 105 done, 54 downloads
2026-06-23 17:00:38,311 [INFO] Worker 5: FID 308 (27/64)
2026-06-23 17:01:00,291 [INFO] Worker 4: FID 88 done, 43 downloads
2026-06-23 17:01:00,296 [INFO] Worker 4: FID 363 (42/65)
2026-06-23 17:01:04,748 [INFO] Worker 3: FID 80 done, 41 downloads
2026-06-23 17:01:04,755 [INFO] Worker 3: FID 368 (42/65)
2026-06-23 17:01:10,326 [INFO] Worker 2: FID 104 done, 68 downloads
2026-06-23 17:01:10,332 [INFO] Worker 2: FID 108 (39/65)
2026-06-23 17:01:24,416 [WARNING] FID 72: dropped empty tile s1_grd evt S1A_IW_GRDH_1SDV_20230906T094918_20230906T094943_050205_060AF4_C05C tile_0
2026-06-23 17:01:27,174 [WARNING] FID 72: dropped empty tile s1_grd evt S1A_IW_GRDH_1SDV_20230906T094943_20230906T095008_050205_060AF4_E713 tile_1
2026-06-23 17:01:27,694 [WARNING] FID 72: dropped empty tile s1_grd bef S1A_IW_GRDH_1SDV_20230109T094911_20230109T094936_046705_05993A_671C tile_0
2026-06-23 17:01:30,121 [WARNING] FID 72: dropped empty tile s1_grd bef S1A_IW_GRDH_1SDV_20230109T094936_20230109T095001_046705_05993A_763B tile_1
2026-06-23 17:01:30,679 [WARNING] FID 72: dropped empty tile s1_grd bef S1A_IW_GRDH_1SDV_20230121T094910_20230121T094935_046880_059F24_ED7C tile_0
2026-06-23 17:01:33,037 [WARNING] FID 72: dropped empty tile s1_grd bef S1A_IW_GRDH_1SDV_20230121T094935_20230121T095000_046880_059F24_7A3A tile_1
2026-06-23 17:01:33,529 [WARNING] FID 72: dropped empty tile s1_grd bef S1A_IW_GRDH_1SDV_20230214T094910_20230214T094935_047230_05AAD4_E27D tile_0
2026-06-23 17:01:35,903 [WARNING] FID 72: dropped empty tile s1_grd bef S1A_IW_GRDH_1SDV_20230214T094935_20230214T095000_047230_05AAD4_443E tile_1
2026-06-23 17:01:36,540 [WARNING] FID 72: dropped empty tile s1_grd bef S1A_IW_GRDH_1SDV_20230226T094910_20230226T094935_047405_05B0D3_9DE4 tile_0
2026-06-23 17:01:39,126 [WARNING] FID 72: dropped empty tile s1_grd bef S1A_IW_GRDH_1SDV_20230226T094935_20230226T095000_047405_05B0D3_E8BA tile_1
2026-06-23 17:01:39,637 [WARNING] FID 72: dropped empty tile s1_grd bef S1A_IW_GRDH_1SDV_20230310T094910_20230310T094935_047580_05B6BD_2426 tile_0
2026-06-23 17:01:42,201 [WARNING] FID 72: dropped empty tile s1_grd bef S1A_IW_GRDH_1SDV_20230310T094935_20230310T095000_047580_05B6BD_B228 tile_1
2026-06-23 17:01:42,917 [WARNING] FID 72: dropped empty tile s1_grd bef S1A_IW_GRDH_1SDV_20230322T094910_20230322T094935_047755_05BCAD_F524 tile_0
2026-06-23 17:01:45,355 [WARNING] FID 72: dropped empty tile s1_grd bef S1A_IW_GRDH_1SDV_20230322T094935_20230322T095000_047755_05BCAD_A5E4 tile_1
2026-06-23 17:01:45,905 [WARNING] FID 72: dropped empty tile s1_grd bef S1A_IW_GRDH_1SDV_20230415T094911_20230415T094936_048105_05C876_50BE tile_0
2026-06-23 17:01:48,331 [WARNING] FID 72: dropped empty tile s1_grd bef S1A_IW_GRDH_1SDV_20230415T094936_20230415T095001_048105_05C876_7D01 tile_1
2026-06-23 17:01:48,620 [INFO] Worker 2: FID 108 done, 38 downloads
2026-06-23 17:01:48,625 [INFO] Worker 2: FID 109 (40/65)
2026-06-23 17:01:49,118 [WARNING] FID 72: dropped empty tile s1_grd bef S1A_IW_GRDH_1SDV_20230427T094911_20230427T094936_048280_05CE51_9F1D tile_0
2026-06-23 17:01:51,624 [WARNING] FID 72: dropped empty tile s1_grd bef S1A_IW_GRDH_1SDV_20230427T094936_20230427T095001_048280_05CE51_C3AC tile_1
2026-06-23 17:01:52,156 [WARNING] FID 72: dropped empty tile s1_grd bef S1A_IW_GRDH_1SDV_20230509T094912_20230509T094937_048455_05D42C_BB80 tile_0
2026-06-23 17:01:54,546 [WARNING] FID 72: dropped empty tile s1_grd bef S1A_IW_GRDH_1SDV_20230509T094937_20230509T095002_048455_05D42C_4A7D tile_1
2026-06-23 17:01:55,039 [WARNING] FID 72: dropped empty tile s1_grd bef S1A_IW_GRDH_1SDV_20230521T094912_20230521T094937_048630_05D957_8539 tile_0
2026-06-23 17:01:57,458 [INFO] Worker 5: FID 308 done, 75 downloads
2026-06-23 17:01:57,464 [INFO] Worker 5: FID 198 (28/64)
2026-06-23 17:01:57,668 [WARNING] FID 72: dropped empty tile s1_grd bef S1A_IW_GRDH_1SDV_20230521T094937_20230521T095002_048630_05D957_8119 tile_1
2026-06-23 17:01:58,205 [WARNING] FID 72: dropped empty tile s1_grd bef S1A_IW_GRDH_1SDV_20230602T094913_20230602T094938_048805_05DE8B_7193 tile_0
2026-06-23 17:02:00,601 [WARNING] FID 72: dropped empty tile s1_grd bef S1A_IW_GRDH_1SDV_20230602T094938_20230602T095003_048805_05DE8B_61F1 tile_1
2026-06-23 17:02:01,160 [WARNING] FID 72: dropped empty tile s1_grd bef S1A_IW_GRDH_1SDV_20230614T094913_20230614T094938_048980_05E3E7_6485 tile_0
2026-06-23 17:02:02,460 [INFO] Worker 1: FID 57 done, 84 downloads
2026-06-23 17:02:02,465 [INFO] Worker 1: FID 73 (35/65)
2026-06-23 17:02:03,716 [WARNING] FID 72: dropped empty tile s1_grd bef S1A_IW_GRDH_1SDV_20230614T094938_20230614T095003_048980_05E3E7_B37E tile_1
2026-06-23 17:02:04,224 [WARNING] FID 72: dropped empty tile s1_grd bef S1A_IW_GRDH_1SDV_20230626T094914_20230626T094939_049155_05E932_8E24 tile_0
2026-06-23 17:02:05,253 [WARNING] Encountered 403 Forbidden with reason "PERMISSION_DENIED"
2026-06-23 17:02:05,254 [WARNING] GEE error (attempt 1/5): Not signed up for Earth Engine or project is not registered. Visit https://developers.google.com/earth-engine/guides/access
2026-06-23 17:02:07,251 [WARNING] FID 72: dropped empty tile s1_grd bef S1A_IW_GRDH_1SDV_20230626T094939_20230626T095004_049155_05E932_87DB tile_1
2026-06-23 17:02:07,761 [WARNING] FID 72: dropped empty tile s1_grd bef S1A_IW_GRDH_1SDV_20230708T094915_20230708T094940_049330_05EE9A_201B tile_0
2026-06-23 17:02:10,580 [WARNING] FID 72: dropped empty tile s1_grd bef S1A_IW_GRDH_1SDV_20230708T094940_20230708T095005_049330_05EE9A_BD21 tile_1
2026-06-23 17:02:11,325 [WARNING] FID 72: dropped empty tile s1_grd bef S1A_IW_GRDH_1SDV_20230720T094915_20230720T094940_049505_05F3ED_2372 tile_0
2026-06-23 17:02:13,704 [WARNING] FID 72: dropped empty tile s1_grd bef S1A_IW_GRDH_1SDV_20230720T094940_20230720T095005_049505_05F3ED_61B1 tile_1
2026-06-23 17:02:14,247 [WARNING] FID 72: dropped empty tile s1_grd bef S1A_IW_GRDH_1SDV_20230801T094916_20230801T094941_049680_05F959_E6F2 tile_0
2026-06-23 17:02:17,466 [WARNING] FID 72: dropped empty tile s1_grd bef S1A_IW_GRDH_1SDV_20230801T094941_20230801T095006_049680_05F959_7E64 tile_1
2026-06-23 17:02:18,003 [WARNING] FID 72: dropped empty tile s1_grd bef S1A_IW_GRDH_1SDV_20230813T094917_20230813T094942_049855_05FF04_E952 tile_0
2026-06-23 17:02:22,063 [WARNING] FID 72: dropped empty tile s1_grd bef S1A_IW_GRDH_1SDV_20230813T094942_20230813T095007_049855_05FF04_F481 tile_1
2026-06-23 17:02:22,703 [WARNING] FID 72: dropped empty tile s1_grd bef S1A_IW_GRDH_1SDV_20230825T094918_20230825T094943_050030_0604F6_59F6 tile_0
2026-06-23 17:02:25,726 [WARNING] FID 72: dropped empty tile s1_grd bef S1A_IW_GRDH_1SDV_20230825T094943_20230825T095008_050030_0604F6_5B1D tile_1
2026-06-23 17:02:26,508 [WARNING] FID 72: dropped empty tile s1_grd aft S1A_IW_GRDH_1SDV_20230930T094919_20230930T094944_050555_0616E4_C554 tile_0
2026-06-23 17:02:28,997 [WARNING] FID 72: dropped empty tile s1_grd aft S1A_IW_GRDH_1SDV_20230930T094944_20230930T095009_050555_0616E4_8B83 tile_1
2026-06-23 17:02:28,997 [INFO] Worker 0: FID 72 done, 86 downloads
2026-06-23 17:02:29,005 [INFO] Worker 0: FID 264 (36/65)
2026-06-23 17:02:36,624 [INFO] Worker 5: FID 198 done, 36 downloads
2026-06-23 17:02:36,629 [INFO] Worker 5: FID 202 (29/64)
2026-06-23 17:02:41,744 [INFO] Worker 2: FID 109 done, 44 downloads
2026-06-23 17:02:41,750 [INFO] Worker 2: FID 357 (41/65)
2026-06-23 17:02:59,103 [INFO] Worker 1: FID 73 done, 44 downloads
2026-06-23 17:02:59,108 [INFO] Worker 1: FID 265 (36/65)
2026-06-23 17:03:19,913 [INFO] Worker 3: FID 368 done, 132 downloads
2026-06-23 17:03:19,918 [INFO] Worker 3: FID 289 (43/65)
2026-06-23 17:03:45,398 [INFO] Worker 1: FID 265 done, 38 downloads
2026-06-23 17:03:45,403 [INFO] Worker 1: FID 10 (37/65)
2026-06-23 17:03:45,836 [INFO] Worker 5: FID 202 done, 36 downloads
2026-06-23 17:03:45,842 [INFO] Worker 5: FID 319 (30/64)
2026-06-23 17:03:58,586 [INFO] Worker 2: FID 357 done, 66 downloads
2026-06-23 17:03:58,591 [INFO] Worker 2: FID 362 (42/65)
2026-06-23 17:04:42,611 [INFO] Worker 0: FID 264 done, 123 downloads
2026-06-23 17:04:42,617 [INFO] Worker 0: FID 11 (37/65)
2026-06-23 17:04:47,147 [INFO] Worker 4: FID 363 done, 192 downloads
2026-06-23 17:04:47,152 [INFO] Worker 4: FID 112 (43/65)
2026-06-23 17:04:55,656 [INFO] Worker 3: FID 289 done, 85 downloads
2026-06-23 17:04:55,662 [INFO] Worker 3: FID 121 (44/65)
2026-06-23 17:05:34,446 [INFO] Worker 4: FID 112 done, 44 downloads
2026-06-23 17:05:34,451 [INFO] Worker 4: FID 187 (44/65)
2026-06-23 17:05:48,240 [INFO] Worker 3: FID 121 done, 52 downloads
2026-06-23 17:05:48,246 [INFO] Worker 3: FID 188 (45/65)
2026-06-23 17:05:49,923 [INFO] Worker 1: FID 10 done, 98 downloads
2026-06-23 17:05:49,928 [INFO] Worker 1: FID 36 (38/65)
2026-06-23 17:06:12,917 [INFO] Worker 5: FID 319 done, 132 downloads
2026-06-23 17:06:12,923 [INFO] Worker 5: FID 131 (31/64)
2026-06-23 17:06:17,746 [INFO] Worker 3: FID 188 done, 29 downloads
2026-06-23 17:06:17,752 [INFO] Worker 3: FID 356 (46/65)
2026-06-23 17:06:34,681 [INFO] Worker 0: FID 11 done, 100 downloads
2026-06-23 17:06:34,686 [INFO] Worker 0: FID 37 (38/65)
2026-06-23 17:06:41,644 [INFO] Worker 1: FID 36 done, 47 downloads
2026-06-23 17:06:41,650 [INFO] Worker 1: FID 288 (39/65)
2026-06-23 17:06:56,544 [INFO] Worker 2: FID 362 done, 168 downloads
2026-06-23 17:06:56,550 [INFO] Worker 2: FID 285 (43/65)
2026-06-23 17:06:58,998 [INFO] Worker 1: FID 288 done, 18 downloads
2026-06-23 17:06:59,003 [INFO] Worker 1: FID 292 (40/65)
2026-06-23 17:07:01,612 [INFO] Worker 3: FID 356 done, 35 downloads
2026-06-23 17:07:01,618 [INFO] Worker 3: FID 327 (47/65)
2026-06-23 17:07:17,685 [INFO] Worker 1: FID 292 done, 19 downloads
2026-06-23 17:07:17,690 [INFO] Worker 1: FID 293 (41/65)
2026-06-23 17:07:21,535 [INFO] Worker 4: FID 187 done, 100 downloads
2026-06-23 17:07:21,542 [INFO] Worker 4: FID 192 (45/65)
2026-06-23 17:07:51,636 [INFO] Worker 4: FID 192 done, 27 downloads
2026-06-23 17:07:51,641 [INFO] Worker 4: FID 210 (46/65)
2026-06-23 17:07:57,939 [INFO] Worker 2: FID 285 done, 54 downloads
2026-06-23 17:07:57,944 [INFO] Worker 2: FID 305 (44/65)
2026-06-23 17:08:28,738 [INFO] Worker 5: FID 131 done, 132 downloads
2026-06-23 17:08:28,743 [INFO] Worker 5: FID 211 (32/64)
2026-06-23 17:08:57,297 [INFO] Worker 1: FID 293 done, 95 downloads
2026-06-23 17:08:57,302 [INFO] Worker 1: FID 364 (42/65)
2026-06-23 17:09:04,708 [INFO] Worker 4: FID 210 done, 72 downloads
2026-06-23 17:09:04,714 [INFO] Worker 4: FID 337 (47/65)
2026-06-23 17:09:58,571 [INFO] Worker 1: FID 364 done, 47 downloads
2026-06-23 17:09:58,577 [INFO] Worker 1: FID 229 (43/65)
2026-06-23 17:09:59,976 [INFO] Worker 3: FID 327 done, 148 downloads
2026-06-23 17:09:59,982 [INFO] Worker 3: FID 383 (48/65)
2026-06-23 17:10:09,875 [INFO] Worker 2: FID 305 done, 130 downloads
2026-06-23 17:10:09,881 [INFO] Worker 2: FID 307 (45/65)
2026-06-23 17:11:03,970 [INFO] Worker 4: FID 337 done, 114 downloads
2026-06-23 17:11:03,978 [INFO] Worker 4: FID 52 (48/65)
2026-06-23 17:11:14,333 [INFO] Worker 1: FID 229 done, 75 downloads
2026-06-23 17:11:14,338 [INFO] Worker 1: FID 300 (44/65)
2026-06-23 17:11:27,199 [INFO] Worker 2: FID 307 done, 69 downloads
2026-06-23 17:11:27,205 [INFO] Worker 2: FID 320 (46/65)
2026-06-23 17:11:30,912 [INFO] Worker 5: FID 211 done, 180 downloads
2026-06-23 17:11:30,918 [INFO] Worker 5: FID 56 (33/64)
2026-06-23 17:12:14,158 [INFO] Worker 3: FID 383 done, 117 downloads
2026-06-23 17:12:14,164 [INFO] Worker 3: FID 331 (49/65)
2026-06-23 17:12:21,031 [INFO] Worker 5: FID 56 done, 41 downloads
2026-06-23 17:12:21,038 [INFO] Worker 5: FID 71 (34/64)
2026-06-23 17:12:33,132 [INFO] Worker 0: FID 37 done, 276 downloads
2026-06-23 17:12:33,138 [INFO] Worker 0: FID 165 (39/65)
2026-06-23 17:12:34,576 [INFO] Worker 2: FID 320 done, 66 downloads
2026-06-23 17:12:34,582 [INFO] Worker 2: FID 134 (47/65)
2026-06-23 17:12:51,052 [INFO] Worker 0: FID 165 done, 17 downloads
2026-06-23 17:12:51,059 [INFO] Worker 0: FID 175 (40/65)
2026-06-23 17:13:13,517 [INFO] Worker 1: FID 300 done, 108 downloads
2026-06-23 17:13:13,524 [INFO] Worker 1: FID 304 (45/65)
2026-06-23 17:13:17,960 [INFO] Worker 4: FID 52 done, 120 downloads
2026-06-23 17:13:17,967 [INFO] Worker 4: FID 344 (49/65)
2026-06-23 17:13:38,322 [INFO] Worker 1: FID 304 done, 25 downloads
2026-06-23 17:13:38,328 [INFO] Worker 1: FID 128 (46/65)
2026-06-23 17:13:41,911 [INFO] Worker 5: FID 71 done, 82 downloads
2026-06-23 17:13:41,917 [INFO] Worker 5: FID 76 (35/64)
2026-06-23 17:13:45,905 [INFO] Worker 3: FID 331 done, 86 downloads
2026-06-23 17:13:45,911 [INFO] Worker 3: FID 369 (50/65)
2026-06-23 17:13:53,583 [INFO] Worker 0: FID 175 done, 60 downloads
2026-06-23 17:13:53,589 [INFO] Worker 0: FID 291 (41/65)
2026-06-23 17:14:11,755 [INFO] Worker 0: FID 291 done, 18 downloads
2026-06-23 17:14:11,761 [INFO] Worker 0: FID 347 (42/65)
2026-06-23 17:15:05,785 [INFO] Worker 5: FID 76 done, 80 downloads
2026-06-23 17:15:05,791 [INFO] Worker 5: FID 9 (36/64)
2026-06-23 17:15:06,497 [INFO] Worker 2: FID 134 done, 152 downloads
2026-06-23 17:15:06,503 [INFO] Worker 2: FID 342 (48/65)
2026-06-23 17:15:43,738 [INFO] Worker 1: FID 128 done, 124 downloads
2026-06-23 17:15:43,744 [INFO] Worker 1: FID 386 (47/65)
2026-06-23 17:15:45,067 [INFO] Worker 0: FID 347 done, 86 downloads
2026-06-23 17:15:45,072 [INFO] Worker 0: FID 102 (43/65)
2026-06-23 17:16:18,057 [INFO] Worker 0: FID 102 done, 32 downloads
2026-06-23 17:16:18,063 [INFO] Worker 0: FID 176 (44/65)
2026-06-23 17:16:21,025 [INFO] Worker 4: FID 344 done, 176 downloads
2026-06-23 17:16:21,031 [INFO] Worker 4: FID 371 (50/65)
2026-06-23 17:16:28,616 [INFO] Worker 2: FID 342 done, 78 downloads
2026-06-23 17:16:28,622 [INFO] Worker 2: FID 75 (49/65)
2026-06-23 17:16:53,262 [INFO] Worker 5: FID 9 done, 92 downloads
2026-06-23 17:16:53,269 [INFO] Worker 5: FID 385 (37/64)
2026-06-23 17:16:56,453 [INFO] Worker 0: FID 176 done, 38 downloads
2026-06-23 17:16:56,459 [INFO] Worker 0: FID 251 (45/65)
2026-06-23 17:17:30,027 [INFO] Worker 1: FID 386 done, 80 downloads
2026-06-23 17:17:30,033 [INFO] Worker 1: FID 340 (48/65)
2026-06-23 17:17:46,682 [INFO] Worker 0: FID 251 done, 50 downloads
2026-06-23 17:17:46,688 [INFO] Worker 0: FID 124 (46/65)
2026-06-23 17:17:58,259 [INFO] Worker 4: FID 371 done, 94 downloads
2026-06-23 17:17:58,266 [INFO] Worker 4: FID 172 (51/65)
2026-06-23 17:18:37,122 [INFO] Worker 2: FID 75 done, 117 downloads
2026-06-23 17:18:37,128 [INFO] Worker 2: FID 60 (50/65)
2026-06-23 17:19:01,680 [INFO] Worker 0: FID 124 done, 70 downloads
2026-06-23 17:19:01,687 [INFO] Worker 0: FID 335 (47/65)
2026-06-23 17:19:35,321 [INFO] Worker 4: FID 172 done, 84 downloads
2026-06-23 17:19:35,328 [INFO] Worker 4: FID 367 (52/65)
2026-06-23 17:19:37,035 [INFO] Worker 3: FID 369 done, 352 downloads
2026-06-23 17:19:37,041 [INFO] Worker 3: FID 162 (51/65)
2026-06-23 17:19:38,828 [WARNING] FID 162: dropped empty tile s2_l2a evt 20230510T142719_20230510T142819 tile_1
2026-06-23 17:19:39,927 [WARNING] FID 162: dropped empty tile s2_l2a evt 20230510T142719_20230510T142819 tile_2
2026-06-23 17:19:43,923 [INFO] Worker 1: FID 340 done, 123 downloads
2026-06-23 17:19:43,933 [INFO] Worker 1: FID 70 (49/65)
2026-06-23 17:20:07,971 [WARNING] FID 162: dropped empty tile s2_l2a bef 20230326T142711_20230326T142710 tile_1
2026-06-23 17:20:08,517 [WARNING] FID 162: dropped empty tile s2_l2a bef 20230326T142711_20230326T142710 tile_2
2026-06-23 17:20:10,099 [WARNING] FID 162: dropped empty tile s2_l2a bef 20230405T142711_20230405T142712 tile_1
2026-06-23 17:20:10,622 [WARNING] FID 162: dropped empty tile s2_l2a bef 20230405T142711_20230405T142712 tile_2
2026-06-23 17:20:24,026 [INFO] Worker 0: FID 335 done, 80 downloads
2026-06-23 17:20:24,032 [INFO] Worker 0: FID 38 (48/65)
2026-06-23 17:20:26,446 [INFO] Worker 1: FID 70 done, 41 downloads
2026-06-23 17:20:26,452 [INFO] Worker 1: FID 136 (50/65)
2026-06-23 17:20:59,280 [INFO] Worker 3: FID 162 done, 60 downloads
2026-06-23 17:20:59,287 [INFO] Worker 3: FID 213 (52/65)
2026-06-23 17:21:03,251 [INFO] Worker 2: FID 60 done, 138 downloads
2026-06-23 17:21:03,260 [INFO] Worker 2: FID 389 (51/65)
2026-06-23 17:21:03,359 [INFO] Worker 4: FID 367 done, 88 downloads
2026-06-23 17:21:03,366 [INFO] Worker 4: FID 177 (53/65)
2026-06-23 17:21:03,914 [INFO] Worker 0: FID 38 done, 37 downloads
2026-06-23 17:21:03,921 [INFO] Worker 0: FID 67 (49/65)
2026-06-23 17:21:46,790 [INFO] Worker 3: FID 213 done, 44 downloads
2026-06-23 17:21:46,797 [INFO] Worker 3: FID 240 (53/65)
2026-06-23 17:21:50,656 [INFO] Worker 4: FID 177 done, 48 downloads
2026-06-23 17:21:50,663 [INFO] Worker 4: FID 180 (54/65)
2026-06-23 17:21:59,328 [INFO] Worker 1: FID 136 done, 90 downloads
2026-06-23 17:21:59,334 [INFO] Worker 1: FID 388 (51/65)
2026-06-23 17:22:05,402 [INFO] Worker 2: FID 389 done, 47 downloads
2026-06-23 17:22:05,409 [INFO] Worker 2: FID 85 (52/65)
2026-06-23 17:22:17,642 [INFO] Worker 4: FID 180 done, 27 downloads
2026-06-23 17:22:17,649 [INFO] Worker 4: FID 179 (55/65)
2026-06-23 17:22:34,801 [INFO] Worker 0: FID 67 done, 82 downloads
2026-06-23 17:22:34,808 [INFO] Worker 0: FID 138 (50/65)
2026-06-23 17:22:35,168 [INFO] Worker 3: FID 240 done, 50 downloads
2026-06-23 17:22:35,175 [INFO] Worker 3: FID 238 (54/65)
2026-06-23 17:22:57,789 [INFO] Worker 3: FID 238 done, 23 downloads
2026-06-23 17:22:57,797 [INFO] Worker 3: FID 297 (55/65)
2026-06-23 17:23:22,711 [INFO] Worker 3: FID 297 done, 25 downloads
2026-06-23 17:23:22,718 [INFO] Worker 3: FID 184 (56/65)
2026-06-23 17:23:43,832 [INFO] Worker 4: FID 179 done, 78 downloads
2026-06-23 17:23:43,843 [INFO] Worker 4: FID 245 (56/65)
2026-06-23 17:23:51,742 [INFO] Worker 1: FID 388 done, 92 downloads
2026-06-23 17:23:51,752 [INFO] Worker 1: FID 123 (52/65)
2026-06-23 17:23:54,620 [INFO] Worker 3: FID 184 done, 30 downloads
2026-06-23 17:23:54,627 [INFO] Worker 3: FID 186 (57/65)
2026-06-23 17:24:14,799 [INFO] Worker 4: FID 245 done, 29 downloads
2026-06-23 17:24:14,806 [INFO] Worker 4: FID 247 (57/65)
2026-06-23 17:24:58,155 [INFO] Worker 1: FID 123 done, 64 downloads
2026-06-23 17:24:58,161 [INFO] Worker 1: FID 230 (53/65)
2026-06-23 17:25:24,326 [INFO] Worker 0: FID 138 done, 156 downloads
2026-06-23 17:25:24,333 [INFO] Worker 0: FID 379 (51/65)
2026-06-23 17:25:29,391 [INFO] Worker 2: FID 85 done, 172 downloads
2026-06-23 17:25:29,398 [INFO] Worker 2: FID 281 (53/65)
2026-06-23 17:25:36,794 [INFO] Worker 1: FID 230 done, 34 downloads
2026-06-23 17:25:36,801 [INFO] Worker 1: FID 296 (54/65)
2026-06-23 17:25:48,884 [INFO] Worker 2: FID 281 done, 18 downloads
2026-06-23 17:25:48,890 [INFO] Worker 2: FID 113 (54/65)
2026-06-23 17:26:03,414 [INFO] Worker 1: FID 296 done, 26 downloads
2026-06-23 17:26:03,420 [INFO] Worker 1: FID 299 (55/65)
2026-06-23 17:26:09,112 [INFO] Worker 3: FID 186 done, 128 downloads
2026-06-23 17:26:09,119 [INFO] Worker 3: FID 190 (58/65)
2026-06-23 17:26:19,077 [INFO] Worker 4: FID 247 done, 112 downloads
2026-06-23 17:26:19,085 [INFO] Worker 4: FID 122 (58/65)
2026-06-23 17:26:47,714 [INFO] Worker 4: FID 122 done, 28 downloads
2026-06-23 17:26:47,721 [INFO] Worker 4: FID 314 (59/65)
2026-06-23 17:26:59,006 [INFO] Worker 0: FID 379 done, 84 downloads
2026-06-23 17:26:59,013 [INFO] Worker 0: FID 237 (52/65)
2026-06-23 17:27:04,568 [INFO] Worker 1: FID 299 done, 54 downloads
2026-06-23 17:27:04,575 [INFO] Worker 1: FID 183 (56/65)
2026-06-23 17:27:13,881 [INFO] Worker 3: FID 190 done, 64 downloads
2026-06-23 17:27:13,889 [INFO] Worker 3: FID 257 (59/65)
2026-06-23 17:27:20,678 [INFO] Worker 2: FID 113 done, 92 downloads
2026-06-23 17:27:20,685 [INFO] Worker 2: FID 241 (55/65)
2026-06-23 17:27:28,708 [WARNING] FID 183: dropped empty tile s1_grd evt S1A_IW_GRDH_1SDV_20230614T094913_20230614T094938_048980_05E3E7_6485 tile_0
2026-06-23 17:27:31,097 [WARNING] FID 183: dropped empty tile s1_grd evt S1A_IW_GRDH_1SDV_20230614T094938_20230614T095003_048980_05E3E7_B37E tile_1
2026-06-23 17:27:31,634 [WARNING] FID 183: dropped empty tile s1_grd evt S1A_IW_GRDH_1SDV_20230626T094914_20230626T094939_049155_05E932_8E24 tile_0
2026-06-23 17:27:34,155 [WARNING] FID 183: dropped empty tile s1_grd evt S1A_IW_GRDH_1SDV_20230626T094939_20230626T095004_049155_05E932_87DB tile_1
2026-06-23 17:27:34,653 [WARNING] FID 183: dropped empty tile s1_grd bef S1A_IW_GRDH_1SDV_20230109T094911_20230109T094936_046705_05993A_671C tile_0
2026-06-23 17:27:37,174 [WARNING] FID 183: dropped empty tile s1_grd bef S1A_IW_GRDH_1SDV_20230109T094936_20230109T095001_046705_05993A_763B tile_1
2026-06-23 17:27:37,703 [WARNING] FID 183: dropped empty tile s1_grd bef S1A_IW_GRDH_1SDV_20230121T094910_20230121T094935_046880_059F24_ED7C tile_0
2026-06-23 17:27:40,202 [WARNING] FID 183: dropped empty tile s1_grd bef S1A_IW_GRDH_1SDV_20230121T094935_20230121T095000_046880_059F24_7A3A tile_1
2026-06-23 17:27:40,697 [WARNING] FID 183: dropped empty tile s1_grd bef S1A_IW_GRDH_1SDV_20230214T094910_20230214T094935_047230_05AAD4_E27D tile_0
2026-06-23 17:27:43,737 [WARNING] FID 183: dropped empty tile s1_grd bef S1A_IW_GRDH_1SDV_20230214T094935_20230214T095000_047230_05AAD4_443E tile_1
2026-06-23 17:27:44,400 [WARNING] FID 183: dropped empty tile s1_grd bef S1A_IW_GRDH_1SDV_20230226T094910_20230226T094935_047405_05B0D3_9DE4 tile_0
2026-06-23 17:27:46,761 [WARNING] FID 183: dropped empty tile s1_grd bef S1A_IW_GRDH_1SDV_20230226T094935_20230226T095000_047405_05B0D3_E8BA tile_1
2026-06-23 17:27:47,305 [WARNING] FID 183: dropped empty tile s1_grd bef S1A_IW_GRDH_1SDV_20230310T094910_20230310T094935_047580_05B6BD_2426 tile_0
2026-06-23 17:27:50,022 [WARNING] FID 183: dropped empty tile s1_grd bef S1A_IW_GRDH_1SDV_20230310T094935_20230310T095000_047580_05B6BD_B228 tile_1
2026-06-23 17:27:50,526 [WARNING] FID 183: dropped empty tile s1_grd bef S1A_IW_GRDH_1SDV_20230322T094910_20230322T094935_047755_05BCAD_F524 tile_0
2026-06-23 17:27:52,844 [WARNING] FID 183: dropped empty tile s1_grd bef S1A_IW_GRDH_1SDV_20230322T094935_20230322T095000_047755_05BCAD_A5E4 tile_1
2026-06-23 17:27:53,659 [WARNING] FID 183: dropped empty tile s1_grd bef S1A_IW_GRDH_1SDV_20230415T094911_20230415T094936_048105_05C876_50BE tile_0
2026-06-23 17:27:56,411 [WARNING] FID 183: dropped empty tile s1_grd bef S1A_IW_GRDH_1SDV_20230415T094936_20230415T095001_048105_05C876_7D01 tile_1
2026-06-23 17:27:56,903 [WARNING] FID 183: dropped empty tile s1_grd bef S1A_IW_GRDH_1SDV_20230427T094911_20230427T094936_048280_05CE51_9F1D tile_0
2026-06-23 17:27:59,380 [WARNING] FID 183: dropped empty tile s1_grd bef S1A_IW_GRDH_1SDV_20230427T094936_20230427T095001_048280_05CE51_C3AC tile_1
2026-06-23 17:27:59,943 [WARNING] FID 183: dropped empty tile s1_grd bef S1A_IW_GRDH_1SDV_20230509T094912_20230509T094937_048455_05D42C_BB80 tile_0
2026-06-23 17:28:02,548 [WARNING] FID 183: dropped empty tile s1_grd bef S1A_IW_GRDH_1SDV_20230509T094937_20230509T095002_048455_05D42C_4A7D tile_1
2026-06-23 17:28:03,094 [WARNING] FID 183: dropped empty tile s1_grd bef S1A_IW_GRDH_1SDV_20230521T094912_20230521T094937_048630_05D957_8539 tile_0
2026-06-23 17:28:05,604 [WARNING] FID 183: dropped empty tile s1_grd bef S1A_IW_GRDH_1SDV_20230521T094937_20230521T095002_048630_05D957_8119 tile_1
2026-06-23 17:28:06,102 [WARNING] FID 183: dropped empty tile s1_grd bef S1A_IW_GRDH_1SDV_20230602T094913_20230602T094938_048805_05DE8B_7193 tile_0
2026-06-23 17:28:08,569 [WARNING] FID 183: dropped empty tile s1_grd bef S1A_IW_GRDH_1SDV_20230602T094938_20230602T095003_048805_05DE8B_61F1 tile_1
2026-06-23 17:28:09,098 [WARNING] FID 183: dropped empty tile s1_grd aft S1A_IW_GRDH_1SDV_20230708T094915_20230708T094940_049330_05EE9A_201B tile_0
2026-06-23 17:28:11,455 [WARNING] FID 183: dropped empty tile s1_grd aft S1A_IW_GRDH_1SDV_20230708T094940_20230708T095005_049330_05EE9A_BD21 tile_1
2026-06-23 17:28:11,455 [INFO] Worker 1: FID 183 done, 52 downloads
2026-06-23 17:28:11,466 [INFO] Worker 1: FID 117 (57/65)
2026-06-23 17:28:12,037 [INFO] Worker 2: FID 241 done, 52 downloads
2026-06-23 17:28:12,044 [INFO] Worker 2: FID 116 (56/65)
2026-06-23 17:28:16,369 [INFO] Worker 4: FID 314 done, 72 downloads
2026-06-23 17:28:16,376 [INFO] Worker 4: FID 384 (60/65)
2026-06-23 17:28:18,499 [INFO] Worker 0: FID 237 done, 66 downloads
2026-06-23 17:28:18,506 [INFO] Worker 0: FID 223 (53/65)
2026-06-23 17:28:23,565 [INFO] Worker 3: FID 257 done, 64 downloads
2026-06-23 17:28:23,573 [INFO] Worker 3: FID 79 (60/65)
2026-06-23 17:28:38,895 [INFO] Worker 1: FID 117 done, 27 downloads
2026-06-23 17:28:38,902 [INFO] Worker 1: FID 189 (58/65)
2026-06-23 17:28:40,622 [INFO] Worker 5: FID 385 done, 644 downloads
2026-06-23 17:28:40,630 [INFO] Worker 5: FID 286 (38/64)
2026-06-23 17:28:42,605 [INFO] Worker 2: FID 116 done, 29 downloads
2026-06-23 17:28:42,612 [INFO] Worker 2: FID 118 (57/65)
2026-06-23 17:28:51,809 [INFO] Worker 0: FID 223 done, 32 downloads
2026-06-23 17:28:51,816 [INFO] Worker 0: FID 239 (54/65)
2026-06-23 17:29:00,239 [INFO] Worker 5: FID 286 done, 19 downloads
2026-06-23 17:29:00,247 [INFO] Worker 5: FID 174 (39/64)
2026-06-23 17:29:12,818 [INFO] Worker 2: FID 118 done, 30 downloads
2026-06-23 17:29:12,824 [INFO] Worker 2: FID 309 (58/65)
2026-06-23 17:29:40,280 [INFO] Worker 1: FID 189 done, 60 downloads
2026-06-23 17:29:40,287 [INFO] Worker 1: FID 254 (59/65)
2026-06-23 17:29:41,062 [INFO] Worker 0: FID 239 done, 48 downloads
2026-06-23 17:29:41,069 [INFO] Worker 0: FID 298 (55/65)
2026-06-23 17:30:00,112 [INFO] Worker 5: FID 174 done, 57 downloads
2026-06-23 17:30:00,120 [INFO] Worker 5: FID 290 (40/64)
2026-06-23 17:30:11,007 [INFO] Worker 1: FID 254 done, 30 downloads
2026-06-23 17:30:11,014 [INFO] Worker 1: FID 54 (60/65)
2026-06-23 17:30:39,062 [INFO] Worker 5: FID 290 done, 36 downloads
2026-06-23 17:30:39,073 [INFO] Worker 5: FID 346 (41/64)
2026-06-23 17:31:21,593 [INFO] Worker 5: FID 346 done, 41 downloads
2026-06-23 17:31:21,600 [INFO] Worker 5: FID 101 (42/64)
2026-06-23 17:31:27,034 [INFO] Worker 0: FID 298 done, 104 downloads
2026-06-23 17:31:27,041 [INFO] Worker 0: FID 182 (56/65)
2026-06-23 17:31:36,871 [INFO] Worker 1: FID 54 done, 84 downloads
2026-06-23 17:31:36,878 [INFO] Worker 1: FID 373 (61/65)
2026-06-23 17:31:42,130 [INFO] Worker 5: FID 101 done, 19 downloads
2026-06-23 17:31:42,138 [INFO] Worker 5: FID 294 (43/64)
2026-06-23 17:31:50,189 [INFO] Worker 2: FID 309 done, 156 downloads
2026-06-23 17:31:50,196 [INFO] Worker 2: FID 204 (59/65)
2026-06-23 17:31:50,824 [INFO] Worker 3: FID 79 done, 205 downloads
2026-06-23 17:31:50,832 [INFO] Worker 3: FID 100 (61/65)
2026-06-23 17:32:01,130 [INFO] Worker 5: FID 294 done, 19 downloads
2026-06-23 17:32:01,137 [INFO] Worker 5: FID 250 (44/64)
2026-06-23 17:32:20,133 [INFO] Worker 1: FID 373 done, 43 downloads
2026-06-23 17:32:20,140 [INFO] Worker 1: FID 380 (62/65)
2026-06-23 17:32:25,588 [INFO] Worker 0: FID 182 done, 50 downloads
2026-06-23 17:32:25,596 [INFO] Worker 0: FID 301 (57/65)
2026-06-23 17:32:31,412 [INFO] Worker 2: FID 204 done, 37 downloads
2026-06-23 17:32:31,419 [INFO] Worker 2: FID 59 (60/65)
2026-06-23 17:32:59,905 [INFO] Worker 3: FID 100 done, 68 downloads
2026-06-23 17:32:59,913 [INFO] Worker 3: FID 170 (62/65)
2026-06-23 17:33:00,921 [INFO] Worker 0: FID 301 done, 30 downloads
2026-06-23 17:33:00,928 [INFO] Worker 0: FID 306 (58/65)
2026-06-23 17:33:04,060 [INFO] Worker 5: FID 250 done, 52 downloads
2026-06-23 17:33:04,067 [INFO] Worker 5: FID 253 (45/64)
2026-06-23 17:33:36,063 [INFO] Worker 0: FID 306 done, 27 downloads
2026-06-23 17:33:36,071 [INFO] Worker 0: FID 311 (59/65)
2026-06-23 17:33:44,606 [INFO] Worker 3: FID 170 done, 42 downloads
2026-06-23 17:33:44,613 [INFO] Worker 3: FID 322 (63/65)
2026-06-23 17:34:26,375 [INFO] Worker 3: FID 322 done, 35 downloads
2026-06-23 17:34:26,382 [INFO] Worker 3: FID 194 (64/65)
2026-06-23 17:34:34,669 [INFO] Worker 1: FID 380 done, 96 downloads
2026-06-23 17:34:34,676 [INFO] Worker 1: FID 295 (63/65)
2026-06-23 17:34:44,463 [WARNING] FID 295: dropped empty tile s2_l2a bef 20230326T142711_20230326T142710 tile_0
2026-06-23 17:34:51,192 [INFO] Worker 0: FID 311 done, 62 downloads
2026-06-23 17:34:51,199 [INFO] Worker 0: FID 336 (60/65)
2026-06-23 17:35:31,835 [INFO] Worker 1: FID 295 done, 47 downloads
2026-06-23 17:35:31,842 [INFO] Worker 1: FID 78 (64/65)
2026-06-23 17:35:34,585 [INFO] Worker 5: FID 253 done, 136 downloads
2026-06-23 17:35:34,592 [INFO] Worker 5: FID 326 (46/64)
2026-06-23 17:35:37,696 [INFO] Worker 4: FID 384 done, 374 downloads
2026-06-23 17:35:37,704 [INFO] Worker 4: FID 157 (61/65)
2026-06-23 17:36:14,759 [INFO] Worker 1: FID 78 done, 38 downloads
2026-06-23 17:36:14,767 [INFO] Worker 1: FID 185 (65/65)
2026-06-23 17:36:15,217 [INFO] Worker 0: FID 336 done, 78 downloads
2026-06-23 17:36:15,224 [INFO] Worker 0: FID 350 (61/65)
2026-06-23 17:36:17,969 [INFO] Worker 4: FID 157 done, 38 downloads
2026-06-23 17:36:17,976 [INFO] Worker 4: FID 233 (62/65)
2026-06-23 17:36:19,605 [INFO] Worker 5: FID 326 done, 39 downloads
2026-06-23 17:36:19,613 [INFO] Worker 5: FID 387 (47/64)
2026-06-23 17:36:44,706 [INFO] Worker 4: FID 233 done, 21 downloads
2026-06-23 17:36:44,714 [INFO] Worker 4: FID 130 (63/65)
2026-06-23 17:37:07,613 [INFO] Worker 3: FID 194 done, 144 downloads
2026-06-23 17:37:07,621 [INFO] Worker 3: FID 303 (65/65)
2026-06-23 17:37:29,254 [INFO] Worker 2: FID 59 done, 301 downloads
2026-06-23 17:37:29,261 [INFO] Worker 2: FID 375 (61/65)
2026-06-23 17:37:40,021 [INFO] Worker 5: FID 387 done, 78 downloads
2026-06-23 17:37:40,029 [INFO] Worker 5: FID 66 (48/64)
2026-06-23 17:37:48,278 [INFO] Worker 1: FID 185 done, 90 downloads
2026-06-23 17:37:48,292 [INFO] Worker 1: finished. 4958 total completed.
2026-06-23 17:37:54,861 [INFO] Worker 3: FID 303 done, 31 downloads
2026-06-23 17:37:54,875 [INFO] Worker 3: finished. 5157 total completed.
2026-06-23 17:38:11,780 [INFO] Worker 2: FID 375 done, 44 downloads
2026-06-23 17:38:11,787 [INFO] Worker 2: FID 110 (62/65)
2026-06-23 17:38:27,916 [INFO] Worker 4: FID 130 done, 72 downloads
2026-06-23 17:38:27,926 [INFO] Worker 4: FID 83 (64/65)
2026-06-23 17:38:28,870 [INFO] Worker 0: FID 350 done, 132 downloads
2026-06-23 17:38:28,877 [INFO] Worker 0: FID 283 (62/65)
2026-06-23 17:39:07,839 [INFO] Worker 2: FID 110 done, 44 downloads
2026-06-23 17:39:07,847 [INFO] Worker 2: FID 119 (63/65)
2026-06-23 17:39:13,940 [INFO] Worker 5: FID 66 done, 84 downloads
2026-06-23 17:39:13,947 [INFO] Worker 5: FID 77 (49/64)
2026-06-23 17:39:53,683 [INFO] Worker 0: FID 283 done, 76 downloads
2026-06-23 17:39:53,691 [INFO] Worker 0: FID 107 (63/65)
2026-06-23 17:40:19,319 [INFO] Worker 4: FID 83 done, 94 downloads
2026-06-23 17:40:19,327 [INFO] Worker 4: FID 377 (65/65)
2026-06-23 17:40:46,655 [INFO] Worker 5: FID 77 done, 82 downloads
2026-06-23 17:40:46,666 [INFO] Worker 5: FID 372 (50/64)
2026-06-23 17:40:51,547 [INFO] Worker 2: FID 119 done, 100 downloads
2026-06-23 17:40:51,555 [INFO] Worker 2: FID 193 (64/65)
2026-06-23 17:41:06,767 [INFO] Worker 4: FID 377 done, 44 downloads
2026-06-23 17:41:06,782 [INFO] Worker 4: finished. 5353 total completed.
2026-06-23 17:41:35,720 [INFO] Worker 0: FID 107 done, 88 downloads
2026-06-23 17:41:35,727 [INFO] Worker 0: FID 378 (64/65)
2026-06-23 17:42:41,960 [INFO] Worker 2: FID 193 done, 70 downloads
2026-06-23 17:42:41,968 [INFO] Worker 2: FID 302 (65/65)
2026-06-23 17:43:04,238 [INFO] Worker 0: FID 378 done, 82 downloads
2026-06-23 17:43:04,245 [INFO] Worker 0: FID 114 (65/65)
2026-06-23 17:43:47,283 [INFO] Worker 2: FID 302 done, 64 downloads
2026-06-23 17:43:47,299 [INFO] Worker 2: finished. 5280 total completed.
2026-06-23 17:44:22,638 [INFO] Worker 0: FID 114 done, 54 downloads
2026-06-23 17:44:22,658 [INFO] Worker 0: finished. 5294 total completed.
2026-06-23 17:45:10,541 [INFO] Worker 5: FID 372 done, 258 downloads
2026-06-23 17:45:10,550 [INFO] Worker 5: FID 235 (51/64)
2026-06-23 17:45:28,516 [WARNING] FID 235: dropped empty tile s2_l2a bef 20230520T142719_20230520T142902 tile_0
2026-06-23 17:45:29,113 [WARNING] FID 235: dropped empty tile s2_l2a bef 20230520T142719_20230520T142902 tile_1
2026-06-23 17:45:59,695 [INFO] Worker 5: FID 235 done, 38 downloads
2026-06-23 17:45:59,703 [INFO] Worker 5: FID 97 (52/64)
2026-06-23 17:47:01,867 [INFO] Worker 5: FID 97 done, 56 downloads
2026-06-23 17:47:01,876 [INFO] Worker 5: FID 178 (53/64)
2026-06-23 17:48:51,505 [INFO] Worker 5: FID 178 done, 100 downloads
2026-06-23 17:48:51,514 [INFO] Worker 5: FID 181 (54/64)
2026-06-23 17:49:48,633 [INFO] Worker 5: FID 181 done, 52 downloads
2026-06-23 17:49:48,642 [INFO] Worker 5: FID 115 (55/64)
2026-06-23 17:51:12,642 [INFO] Worker 5: FID 115 done, 72 downloads
2026-06-23 17:51:12,651 [INFO] Worker 5: FID 246 (56/64)
2026-06-23 17:52:13,530 [INFO] Worker 5: FID 246 done, 58 downloads
2026-06-23 17:52:13,540 [INFO] Worker 5: FID 249 (57/64)
2026-06-23 17:53:44,170 [INFO] Worker 5: FID 249 done, 87 downloads
2026-06-23 17:53:44,179 [INFO] Worker 5: FID 258 (58/64)
2026-06-23 17:55:51,031 [INFO] Worker 5: FID 258 done, 108 downloads
2026-06-23 17:55:51,041 [INFO] Worker 5: FID 358 (59/64)
2026-06-23 17:57:34,330 [INFO] Worker 5: FID 358 done, 80 downloads
2026-06-23 17:57:34,340 [INFO] Worker 5: FID 139 (60/64)
2026-06-23 17:59:05,840 [INFO] Worker 5: FID 139 done, 82 downloads
2026-06-23 17:59:05,850 [INFO] Worker 5: FID 160 (61/64)
2026-06-23 17:59:24,851 [INFO] Worker 5: FID 160 done, 18 downloads
2026-06-23 17:59:24,859 [INFO] Worker 5: FID 236 (62/64)
2026-06-23 18:00:39,507 [INFO] Worker 5: FID 236 done, 48 downloads
2026-06-23 18:00:39,517 [INFO] Worker 5: FID 382 (63/64)
2026-06-23 18:13:22,665 [INFO] Worker 5: FID 382 done, 660 downloads
2026-06-23 18:13:22,677 [INFO] Worker 5: FID 244 (64/64)
2026-06-23 18:14:49,474 [INFO] Worker 5: FID 244 done, 58 downloads
2026-06-23 18:14:49,493 [INFO] Worker 5: finished. 7032 total completed.
2026-06-23 18:14:49,601 [INFO] All workers finished. 33074 total completed downloads.
2026-06-23 18:14:49,601 [INFO] Output: /share/home/e2406749/thesis_tiles_120px
2026-06-24 12:20:26,936 [INFO] Parsing CSVs from: /share/castor/home/e2406749/tropical_forest_disturbance/data_csv
2026-06-24 12:20:26,936 [INFO] Tile size: 120x120 px (1200 m footprint)
2026-06-24 12:20:26,936 [INFO] Output base: /share/home/e2406749/thesis_tiles_120px
2026-06-24 12:20:26,937 [INFO] Products: ['s1_grd']
2026-06-24 12:20:26,968 [INFO] Parsed v1_images_s2_s1.csv: 389 rows
2026-06-24 12:20:26,982 [INFO] Parsed v2_images_s2_s1.csv: 389 rows
2026-06-24 12:20:26,996 [INFO] Parsed v3_images_s2_s1.csv: 389 rows
2026-06-24 12:20:26,997 [INFO] Merged: 389 FIDs, 12856 unique (fid, image, window) pairs
2026-06-24 12:20:26,998 [INFO] Launching 6 parallel workers for 389 FIDs
2026-06-24 12:20:26,998 [INFO]   Worker 0: 65 FIDs
2026-06-24 12:20:26,998 [INFO]   Worker 1: 65 FIDs
2026-06-24 12:20:26,998 [INFO]   Worker 2: 65 FIDs
2026-06-24 12:20:26,998 [INFO]   Worker 3: 65 FIDs
2026-06-24 12:20:26,999 [INFO]   Worker 4: 65 FIDs
2026-06-24 12:20:26,999 [INFO]   Worker 5: 64 FIDs
2026-06-24 12:20:27,026 [INFO] Worker 0: starting with 65 FIDs, products: ['s1_grd'], tile_size: 120px
2026-06-24 12:20:27,026 [INFO] Worker 1: starting with 65 FIDs, products: ['s1_grd'], tile_size: 120px
2026-06-24 12:20:27,029 [INFO] Worker 2: starting with 65 FIDs, products: ['s1_grd'], tile_size: 120px
2026-06-24 12:20:27,030 [INFO] Worker 3: starting with 65 FIDs, products: ['s1_grd'], tile_size: 120px
2026-06-24 12:20:27,032 [INFO] Worker 4: starting with 65 FIDs, products: ['s1_grd'], tile_size: 120px
2026-06-24 12:20:27,034 [INFO] Worker 5: starting with 64 FIDs, products: ['s1_grd'], tile_size: 120px
2026-06-24 12:20:28,306 [INFO] Worker 1: resumed with 4958 completed
2026-06-24 12:20:28,307 [INFO] Worker 1: FID 90 (1/65)
2026-06-24 12:20:28,313 [INFO] Worker 1: FID 90 done, 0 downloads
2026-06-24 12:20:28,324 [INFO] Worker 1: FID 270 (2/65)
2026-06-24 12:20:28,327 [INFO] Worker 1: FID 270 done, 0 downloads
2026-06-24 12:20:28,329 [INFO] Worker 3: resumed with 5157 completed
2026-06-24 12:20:28,329 [INFO] Worker 3: FID 141 (1/65)
2026-06-24 12:20:28,334 [INFO] Worker 1: FID 144 (3/65)
2026-06-24 12:20:28,336 [INFO] Worker 1: FID 144 done, 0 downloads
2026-06-24 12:20:28,338 [INFO] Worker 3: FID 141 done, 0 downloads
2026-06-24 12:20:28,343 [INFO] Worker 1: FID 275 (4/65)
2026-06-24 12:20:28,349 [INFO] Worker 3: FID 215 (2/65)
2026-06-24 12:20:28,351 [INFO] Worker 1: FID 275 done, 0 downloads
2026-06-24 12:20:28,353 [INFO] Worker 3: FID 215 done, 0 downloads
2026-06-24 12:20:28,358 [INFO] Worker 1: FID 381 (5/65)
2026-06-24 12:20:28,365 [INFO] Worker 3: FID 271 (3/65)
2026-06-24 12:20:28,370 [INFO] Worker 3: FID 271 done, 0 downloads
2026-06-24 12:20:28,378 [INFO] Worker 3: FID 127 (4/65)
2026-06-24 12:20:28,380 [INFO] Worker 1: FID 381 done, 0 downloads
2026-06-24 12:20:28,383 [INFO] Worker 3: FID 127 done, 0 downloads
2026-06-24 12:20:28,390 [INFO] Worker 1: FID 14 (6/65)
2026-06-24 12:20:28,391 [INFO] Worker 3: FID 6 (5/65)
2026-06-24 12:20:28,393 [INFO] Worker 4: resumed with 5353 completed
2026-06-24 12:20:28,393 [INFO] Worker 4: FID 91 (1/65)
2026-06-24 12:20:28,398 [INFO] Worker 1: FID 14 done, 0 downloads
2026-06-24 12:20:28,398 [INFO] Worker 4: FID 91 done, 0 downloads
2026-06-24 12:20:28,408 [INFO] Worker 1: FID 30 (7/65)
2026-06-24 12:20:28,410 [INFO] Worker 4: FID 93 (2/65)
2026-06-24 12:20:28,418 [INFO] Worker 3: FID 6 done, 0 downloads
2026-06-24 12:20:28,427 [INFO] Worker 4: FID 93 done, 0 downloads
2026-06-24 12:20:28,428 [INFO] Worker 3: FID 16 (6/65)
2026-06-24 12:20:28,437 [INFO] Worker 4: FID 142 (3/65)
2026-06-24 12:20:28,443 [INFO] Worker 1: FID 30 done, 0 downloads
2026-06-24 12:20:28,452 [INFO] Worker 1: FID 44 (8/65)
2026-06-24 12:20:28,452 [INFO] Worker 4: FID 142 done, 0 downloads
2026-06-24 12:20:28,460 [INFO] Worker 4: FID 200 (4/65)
2026-06-24 12:20:28,465 [INFO] Worker 4: FID 200 done, 0 downloads
2026-06-24 12:20:28,465 [INFO] Worker 3: FID 16 done, 0 downloads
2026-06-24 12:20:28,468 [INFO] Worker 1: FID 44 done, 0 downloads
2026-06-24 12:20:28,479 [INFO] Worker 4: FID 7 (5/65)
2026-06-24 12:20:28,479 [INFO] Worker 3: FID 40 (7/65)
2026-06-24 12:20:28,480 [INFO] Worker 1: FID 218 (9/65)
2026-06-24 12:20:28,482 [INFO] Worker 1: FID 218 done, 0 downloads
2026-06-24 12:20:28,489 [INFO] Worker 1: FID 49 (10/65)
2026-06-24 12:20:28,492 [INFO] Worker 4: FID 7 done, 0 downloads
2026-06-24 12:20:28,500 [INFO] Worker 4: FID 17 (6/65)
2026-06-24 12:20:28,501 [INFO] Worker 1: FID 49 done, 0 downloads
2026-06-24 12:20:28,508 [INFO] Worker 1: FID 27 (11/65)
2026-06-24 12:20:28,519 [INFO] Worker 4: FID 17 done, 0 downloads
2026-06-24 12:20:28,527 [INFO] Worker 4: FID 41 (7/65)
2026-06-24 12:20:28,527 [INFO] Worker 1: FID 27 done, 0 downloads
2026-06-24 12:20:28,534 [INFO] Worker 1: FID 98 (12/65)
2026-06-24 12:20:28,538 [INFO] Worker 1: FID 98 done, 0 downloads
2026-06-24 12:20:28,545 [INFO] Worker 5: resumed with 7032 completed
2026-06-24 12:20:28,545 [INFO] Worker 1: FID 313 (13/65)
2026-06-24 12:20:28,545 [INFO] Worker 5: FID 268 (1/64)
2026-06-24 12:20:28,546 [INFO] Worker 4: FID 41 done, 0 downloads
2026-06-24 12:20:28,553 [INFO] Worker 4: FID 94 (8/65)
2026-06-24 12:20:28,556 [INFO] Worker 4: FID 94 done, 0 downloads
2026-06-24 12:20:28,557 [INFO] Worker 5: FID 268 done, 0 downloads
2026-06-24 12:20:28,564 [INFO] Worker 4: FID 221 (9/65)
2026-06-24 12:20:28,565 [INFO] Worker 1: FID 313 done, 0 downloads
2026-06-24 12:20:28,571 [INFO] Worker 5: FID 95 (2/64)
2026-06-24 12:20:28,576 [INFO] Worker 1: FID 135 (14/65)
2026-06-24 12:20:28,577 [INFO] Worker 5: FID 95 done, 0 downloads
2026-06-24 12:20:28,578 [INFO] Worker 4: FID 221 done, 0 downloads
2026-06-24 12:20:28,580 [INFO] Worker 1: FID 135 done, 0 downloads
2026-06-24 12:20:28,589 [INFO] Worker 5: FID 266 (3/64)
2026-06-24 12:20:28,593 [INFO] Worker 4: FID 22 (10/65)
2026-06-24 12:20:28,593 [INFO] Worker 1: FID 74 (15/65)
2026-06-24 12:20:28,599 [INFO] Worker 5: FID 266 done, 0 downloads
2026-06-24 12:20:28,600 [INFO] Worker 1: FID 74 done, 0 downloads
2026-06-24 12:20:28,603 [INFO] Worker 4: FID 22 done, 0 downloads
2026-06-24 12:20:28,611 [INFO] Worker 5: FID 205 (4/64)
2026-06-24 12:20:28,611 [INFO] Worker 1: FID 137 (16/65)
2026-06-24 12:20:28,615 [INFO] Worker 5: FID 205 done, 0 downloads
2026-06-24 12:20:28,626 [INFO] Worker 4: FID 242 (11/65)
2026-06-24 12:20:28,626 [INFO] Worker 5: FID 353 (5/64)
2026-06-24 12:20:28,629 [INFO] Worker 4: FID 242 done, 0 downloads
2026-06-24 12:20:28,636 [INFO] Worker 1: FID 137 done, 0 downloads
2026-06-24 12:20:28,636 [INFO] Worker 4: FID 159 (12/65)
2026-06-24 12:20:28,643 [INFO] Worker 1: FID 4 (17/65)
2026-06-24 12:20:28,644 [INFO] Worker 5: FID 353 done, 0 downloads
2026-06-24 12:20:28,648 [INFO] Worker 4: FID 159 done, 0 downloads
2026-06-24 12:20:28,657 [INFO] Worker 5: FID 18 (6/64)
2026-06-24 12:20:28,657 [INFO] Worker 4: FID 317 (13/65)
2026-06-24 12:20:28,659 [INFO] Worker 1: FID 4 done, 0 downloads
2026-06-24 12:20:28,667 [INFO] Worker 1: FID 28 (18/65)
2026-06-24 12:20:28,667 [INFO] Worker 4: FID 317 done, 0 downloads
2026-06-24 12:20:28,669 [INFO] Worker 5: FID 18 done, 0 downloads
2026-06-24 12:20:28,680 [INFO] Worker 4: FID 47 (14/65)
2026-06-24 12:20:28,681 [INFO] Worker 5: FID 42 (7/64)
2026-06-24 12:20:28,689 [INFO] Worker 5: FID 42 done, 0 downloads
2026-06-24 12:20:28,691 [INFO] Worker 1: FID 28 done, 0 downloads
2026-06-24 12:20:28,691 [INFO] Worker 4: FID 47 done, 0 downloads
2026-06-24 12:20:28,705 [INFO] Worker 5: FID 216 (8/64)
2026-06-24 12:20:28,705 [INFO] Worker 1: FID 92 (19/65)
2026-06-24 12:20:28,706 [INFO] Worker 4: FID 125 (15/65)
2026-06-24 12:20:28,710 [INFO] Worker 1: FID 92 done, 0 downloads
2026-06-24 12:20:28,710 [INFO] Worker 5: FID 216 done, 0 downloads
2026-06-24 12:20:28,722 [INFO] Worker 1: FID 325 (20/65)
2026-06-24 12:20:28,722 [INFO] Worker 4: FID 125 done, 0 downloads
2026-06-24 12:20:28,723 [INFO] Worker 5: FID 164 (9/64)
2026-06-24 12:20:28,731 [INFO] Worker 4: FID 351 (16/65)
2026-06-24 12:20:28,732 [INFO] Worker 5: FID 164 done, 0 downloads
2026-06-24 12:20:28,734 [INFO] Worker 1: FID 325 done, 0 downloads
2026-06-24 12:20:28,745 [INFO] Worker 5: FID 23 (10/64)
2026-06-24 12:20:28,746 [INFO] Worker 1: FID 87 (21/65)
2026-06-24 12:20:28,748 [INFO] Worker 4: FID 351 done, 0 downloads
2026-06-24 12:20:28,752 [INFO] Worker 5: FID 23 done, 0 downloads
2026-06-24 12:20:28,756 [INFO] Worker 1: FID 87 done, 0 downloads
2026-06-24 12:20:28,756 [INFO] Worker 4: FID 354 (17/65)
2026-06-24 12:20:28,768 [INFO] Worker 1: FID 361 (22/65)
2026-06-24 12:20:28,769 [INFO] Worker 5: FID 148 (11/64)
2026-06-24 12:20:28,771 [INFO] Worker 4: FID 354 done, 0 downloads
2026-06-24 12:20:28,774 [INFO] Worker 5: FID 148 done, 0 downloads
2026-06-24 12:20:28,779 [INFO] Worker 4: FID 62 (18/65)
2026-06-24 12:20:28,787 [INFO] Worker 5: FID 228 (12/64)
2026-06-24 12:20:28,791 [INFO] Worker 1: FID 361 done, 0 downloads
2026-06-24 12:20:28,793 [INFO] Worker 5: FID 228 done, 0 downloads
2026-06-24 12:20:28,798 [INFO] Worker 1: FID 63 (23/65)
2026-06-24 12:20:28,803 [INFO] Worker 5: FID 260 (13/64)
2026-06-24 12:20:28,824 [INFO] Worker 1: FID 63 done, 0 downloads
2026-06-24 12:20:28,831 [INFO] Worker 5: FID 260 done, 0 downloads
2026-06-24 12:20:28,836 [INFO] Worker 1: FID 154 (24/65)
2026-06-24 12:20:28,838 [INFO] Worker 4: FID 62 done, 0 downloads
2026-06-24 12:20:28,848 [INFO] Worker 5: FID 263 (14/64)
2026-06-24 12:20:28,848 [INFO] Worker 4: FID 167 (19/65)
2026-06-24 12:20:28,849 [INFO] Worker 1: FID 154 done, 0 downloads
2026-06-24 12:20:28,857 [INFO] Worker 5: FID 263 done, 0 downloads
2026-06-24 12:20:28,857 [INFO] Worker 1: FID 155 (25/65)
2026-06-24 12:20:28,859 [INFO] Worker 4: FID 167 done, 0 downloads
2026-06-24 12:20:28,866 [INFO] Worker 1: FID 155 done, 0 downloads
2026-06-24 12:20:28,870 [INFO] Worker 5: FID 374 (15/64)
2026-06-24 12:20:28,871 [INFO] Worker 4: FID 58 (20/65)
2026-06-24 12:20:28,877 [INFO] Worker 1: FID 158 (26/65)
2026-06-24 12:20:28,879 [INFO] Worker 5: FID 374 done, 0 downloads
2026-06-24 12:20:28,880 [INFO] Worker 4: FID 58 done, 0 downloads
2026-06-24 12:20:28,893 [INFO] Worker 5: FID 2 (16/64)
2026-06-24 12:20:28,893 [INFO] Worker 4: FID 348 (21/65)
2026-06-24 12:20:28,895 [INFO] Worker 1: FID 158 done, 0 downloads
2026-06-24 12:20:28,897 [INFO] Worker 2: resumed with 5280 completed
2026-06-24 12:20:28,897 [INFO] Worker 2: FID 267 (1/65)
2026-06-24 12:20:28,902 [INFO] Worker 1: FID 231 (27/65)
2026-06-24 12:20:28,903 [INFO] Worker 4: FID 348 done, 0 downloads
2026-06-24 12:20:28,905 [INFO] Worker 2: FID 267 done, 0 downloads
2026-06-24 12:20:28,911 [INFO] Worker 4: FID 21 (22/65)
2026-06-24 12:20:28,917 [INFO] Worker 2: FID 217 (2/65)
2026-06-24 12:20:28,918 [INFO] Worker 1: FID 231 done, 0 downloads
2026-06-24 12:20:28,921 [INFO] Worker 4: FID 21 done, 0 downloads
2026-06-24 12:20:28,925 [INFO] Worker 1: FID 252 (28/65)
2026-06-24 12:20:28,926 [INFO] Worker 2: FID 217 done, 0 downloads
2026-06-24 12:20:28,936 [INFO] Worker 4: FID 96 (23/65)
2026-06-24 12:20:28,937 [INFO] Worker 2: FID 146 (3/65)
2026-06-24 12:20:28,939 [INFO] Worker 2: FID 146 done, 0 downloads
2026-06-24 12:20:28,940 [INFO] Worker 1: FID 252 done, 0 downloads
2026-06-24 12:20:28,949 [INFO] Worker 2: FID 276 (4/65)
2026-06-24 12:20:28,950 [INFO] Worker 1: FID 255 (29/65)
2026-06-24 12:20:28,954 [INFO] Worker 2: FID 276 done, 0 downloads
2026-06-24 12:20:28,961 [INFO] Worker 1: FID 255 done, 0 downloads
2026-06-24 12:20:28,961 [INFO] Worker 2: FID 1 (5/65)
2026-06-24 12:20:28,968 [INFO] Worker 1: FID 259 (30/65)
2026-06-24 12:20:28,975 [INFO] Worker 2: FID 1 done, 0 downloads
2026-06-24 12:20:28,982 [INFO] Worker 1: FID 259 done, 0 downloads
2026-06-24 12:20:28,982 [INFO] Worker 2: FID 15 (6/65)
2026-06-24 12:20:28,989 [INFO] Worker 1: FID 321 (31/65)
2026-06-24 12:20:28,996 [INFO] Worker 2: FID 15 done, 0 downloads
2026-06-24 12:20:29,003 [INFO] Worker 2: FID 32 (7/65)
2026-06-24 12:20:29,017 [INFO] Worker 5: FID 2 done, 0 downloads
2026-06-24 12:20:29,017 [INFO] Worker 2: FID 32 done, 0 downloads
2026-06-24 12:20:29,018 [INFO] Worker 1: FID 321 done, 0 downloads
2026-06-24 12:20:29,033 [INFO] Worker 2: FID 273 (8/65)
2026-06-24 12:20:29,033 [INFO] Worker 1: FID 324 (32/65)
2026-06-24 12:20:29,033 [INFO] Worker 5: FID 12 (17/64)
2026-06-24 12:20:29,036 [INFO] Worker 2: FID 273 done, 0 downloads
2026-06-24 12:20:29,043 [INFO] Worker 2: FID 222 (9/65)
2026-06-24 12:20:29,044 [INFO] Worker 1: FID 324 done, 0 downloads
2026-06-24 12:20:29,047 [INFO] Worker 2: FID 222 done, 0 downloads
2026-06-24 12:20:29,052 [INFO] Worker 1: FID 338 (33/65)
2026-06-24 12:20:29,056 [INFO] Worker 2: FID 82 (10/65)
2026-06-24 12:20:29,066 [INFO] Worker 2: FID 82 done, 0 downloads
2026-06-24 12:20:29,067 [INFO] Worker 1: FID 338 done, 0 downloads
2026-06-24 12:20:29,077 [INFO] Worker 2: FID 334 (11/65)
2026-06-24 12:20:29,077 [INFO] Worker 1: FID 57 (34/65)
2026-06-24 12:20:29,084 [INFO] Worker 2: FID 334 done, 0 downloads
2026-06-24 12:20:29,086 [INFO] Worker 1: FID 57 done, 0 downloads
2026-06-24 12:20:29,095 [INFO] Worker 2: FID 226 (12/65)
2026-06-24 12:20:29,096 [INFO] Worker 1: FID 73 (35/65)
2026-06-24 12:20:29,100 [INFO] Worker 2: FID 226 done, 0 downloads
2026-06-24 12:20:29,102 [INFO] Worker 1: FID 73 done, 0 downloads
2026-06-24 12:20:29,111 [INFO] Worker 2: FID 201 (13/65)
2026-06-24 12:20:29,112 [INFO] Worker 1: FID 265 (36/65)
2026-06-24 12:20:29,116 [INFO] Worker 2: FID 201 done, 0 downloads
2026-06-24 12:20:29,118 [INFO] Worker 1: FID 265 done, 0 downloads
2026-06-24 12:20:29,124 [INFO] Worker 2: FID 45 (14/65)
2026-06-24 12:20:29,128 [INFO] Worker 1: FID 10 (37/65)
2026-06-24 12:20:29,136 [INFO] Worker 2: FID 45 done, 0 downloads
2026-06-24 12:20:29,139 [INFO] Worker 1: FID 10 done, 0 downloads
2026-06-24 12:20:29,147 [INFO] Worker 2: FID 68 (15/65)
2026-06-24 12:20:29,148 [INFO] Worker 1: FID 36 (38/65)
2026-06-24 12:20:29,155 [INFO] Worker 1: FID 36 done, 0 downloads
2026-06-24 12:20:29,157 [INFO] Worker 2: FID 68 done, 0 downloads
2026-06-24 12:20:29,167 [INFO] Worker 1: FID 288 (39/65)
2026-06-24 12:20:29,167 [INFO] Worker 2: FID 214 (16/65)
2026-06-24 12:20:29,171 [INFO] Worker 1: FID 288 done, 0 downloads
2026-06-24 12:20:29,180 [INFO] Worker 1: FID 292 (40/65)
2026-06-24 12:20:29,181 [INFO] Worker 2: FID 214 done, 0 downloads
2026-06-24 12:20:29,184 [INFO] Worker 1: FID 292 done, 0 downloads
2026-06-24 12:20:29,193 [INFO] Worker 2: FID 5 (17/65)
2026-06-24 12:20:29,193 [INFO] Worker 1: FID 293 (41/65)
2026-06-24 12:20:29,203 [INFO] Worker 2: FID 5 done, 0 downloads
2026-06-24 12:20:29,204 [INFO] Worker 1: FID 293 done, 0 downloads
2026-06-24 12:20:29,206 [WARNING] FID 40: dropped empty tile s1_grd evt 062EE9 tile_0
2026-06-24 12:20:29,211 [INFO] Worker 2: FID 29 (18/65)
2026-06-24 12:20:29,215 [INFO] Worker 1: FID 364 (42/65)
2026-06-24 12:20:29,221 [INFO] Worker 1: FID 364 done, 0 downloads
2026-06-24 12:20:29,229 [INFO] Worker 1: FID 229 (43/65)
2026-06-24 12:20:29,238 [INFO] Worker 1: FID 229 done, 0 downloads
2026-06-24 12:20:29,238 [INFO] Worker 2: FID 29 done, 0 downloads
2026-06-24 12:20:29,246 [INFO] Worker 1: FID 300 (44/65)
2026-06-24 12:20:29,250 [INFO] Worker 2: FID 151 (19/65)
2026-06-24 12:20:29,255 [INFO] Worker 2: FID 151 done, 0 downloads
2026-06-24 12:20:29,260 [INFO] Worker 1: FID 300 done, 0 downloads
2026-06-24 12:20:29,262 [INFO] Worker 2: FID 339 (20/65)
2026-06-24 12:20:29,270 [INFO] Worker 1: FID 304 (45/65)
2026-06-24 12:20:29,275 [INFO] Worker 1: FID 304 done, 0 downloads
2026-06-24 12:20:29,277 [INFO] Worker 2: FID 339 done, 0 downloads
2026-06-24 12:20:29,286 [INFO] Worker 1: FID 128 (46/65)
2026-06-24 12:20:29,287 [INFO] Worker 2: FID 332 (21/65)
2026-06-24 12:20:29,298 [INFO] Worker 1: FID 128 done, 0 downloads
2026-06-24 12:20:29,301 [INFO] Worker 2: FID 332 done, 0 downloads
2026-06-24 12:20:29,309 [INFO] Worker 1: FID 386 (47/65)
2026-06-24 12:20:29,310 [INFO] Worker 2: FID 365 (22/65)
2026-06-24 12:20:29,318 [INFO] Worker 1: FID 386 done, 0 downloads
2026-06-24 12:20:29,327 [INFO] Worker 1: FID 340 (48/65)
2026-06-24 12:20:29,332 [INFO] Worker 2: FID 365 done, 0 downloads
2026-06-24 12:20:29,340 [INFO] Worker 2: FID 147 (23/65)
2026-06-24 12:20:29,341 [INFO] Worker 1: FID 340 done, 0 downloads
2026-06-24 12:20:29,344 [INFO] Worker 2: FID 147 done, 0 downloads
2026-06-24 12:20:29,349 [INFO] Worker 1: FID 70 (49/65)
2026-06-24 12:20:29,353 [INFO] Worker 2: FID 153 (24/65)
2026-06-24 12:20:29,358 [INFO] Worker 1: FID 70 done, 0 downloads
2026-06-24 12:20:29,361 [INFO] Worker 2: FID 153 done, 0 downloads
2026-06-24 12:20:29,371 [INFO] Worker 1: FID 136 (50/65)
2026-06-24 12:20:29,372 [INFO] Worker 2: FID 156 (25/65)
2026-06-24 12:20:29,381 [INFO] Worker 1: FID 136 done, 0 downloads
2026-06-24 12:20:29,381 [INFO] Worker 2: FID 156 done, 0 downloads
2026-06-24 12:20:29,389 [INFO] Worker 1: FID 388 (51/65)
2026-06-24 12:20:29,392 [INFO] Worker 0: resumed with 5294 completed
2026-06-24 12:20:29,393 [INFO] Worker 0: FID 140 (1/65)
2026-06-24 12:20:29,394 [INFO] Worker 2: FID 282 (26/65)
2026-06-24 12:20:29,398 [INFO] Worker 2: FID 282 done, 0 downloads
2026-06-24 12:20:29,402 [INFO] Worker 0: FID 140 done, 0 downloads
2026-06-24 12:20:29,406 [INFO] Worker 2: FID 232 (27/65)
2026-06-24 12:20:29,407 [INFO] Worker 1: FID 388 done, 0 downloads
2026-06-24 12:20:29,415 [INFO] Worker 1: FID 123 (52/65)
2026-06-24 12:20:29,419 [INFO] Worker 0: FID 269 (2/65)
2026-06-24 12:20:29,422 [INFO] Worker 2: FID 232 done, 0 downloads
2026-06-24 12:20:29,423 [INFO] Worker 0: FID 269 done, 0 downloads
2026-06-24 12:20:29,425 [INFO] Worker 1: FID 123 done, 0 downloads
2026-06-24 12:20:29,430 [INFO] Worker 2: FID 310 (28/65)
2026-06-24 12:20:29,434 [INFO] Worker 0: FID 143 (3/65)
2026-06-24 12:20:29,438 [INFO] Worker 1: FID 230 (53/65)
2026-06-24 12:20:29,440 [INFO] Worker 0: FID 143 done, 0 downloads
2026-06-24 12:20:29,443 [INFO] Worker 1: FID 230 done, 0 downloads
2026-06-24 12:20:29,447 [INFO] Worker 2: FID 310 done, 0 downloads
2026-06-24 12:20:29,447 [INFO] Worker 0: FID 272 (4/65)
2026-06-24 12:20:29,450 [INFO] Worker 0: FID 272 done, 0 downloads
2026-06-24 12:20:29,458 [INFO] Worker 1: FID 296 (54/65)
2026-06-24 12:20:29,459 [INFO] Worker 2: FID 197 (29/65)
2026-06-24 12:20:29,465 [INFO] Worker 0: FID 53 (5/65)
2026-06-24 12:20:29,466 [INFO] Worker 1: FID 296 done, 0 downloads
2026-06-24 12:20:29,470 [INFO] Worker 2: FID 197 done, 0 downloads
2026-06-24 12:20:29,475 [INFO] Worker 1: FID 299 (55/65)
2026-06-24 12:20:29,482 [INFO] Worker 2: FID 315 (30/65)
2026-06-24 12:20:29,485 [INFO] Worker 1: FID 299 done, 0 downloads
2026-06-24 12:20:29,486 [INFO] Worker 0: FID 53 done, 0 downloads
2026-06-24 12:20:29,489 [INFO] Worker 2: FID 315 done, 0 downloads
2026-06-24 12:20:29,494 [INFO] Worker 1: FID 183 (56/65)
2026-06-24 12:20:29,497 [INFO] Worker 0: FID 355 (6/65)
2026-06-24 12:20:29,504 [INFO] Worker 2: FID 207 (31/65)
2026-06-24 12:20:29,510 [INFO] Worker 1: FID 183 done, 0 downloads
2026-06-24 12:20:29,511 [INFO] Worker 0: FID 355 done, 0 downloads
2026-06-24 12:20:29,522 [INFO] Worker 1: FID 117 (57/65)
2026-06-24 12:20:29,522 [INFO] Worker 0: FID 19 (7/65)
2026-06-24 12:20:29,524 [INFO] Worker 2: FID 207 done, 0 downloads
2026-06-24 12:20:29,526 [INFO] Worker 1: FID 117 done, 0 downloads
2026-06-24 12:20:29,532 [INFO] Worker 2: FID 132 (32/65)
2026-06-24 12:20:29,536 [INFO] Worker 1: FID 189 (58/65)
2026-06-24 12:20:29,540 [INFO] Worker 2: FID 132 done, 0 downloads
2026-06-24 12:20:29,543 [INFO] Worker 1: FID 189 done, 0 downloads
2026-06-24 12:20:29,552 [INFO] Worker 2: FID 50 (33/65)
2026-06-24 12:20:29,552 [INFO] Worker 1: FID 254 (59/65)
2026-06-24 12:20:29,557 [INFO] Worker 1: FID 254 done, 0 downloads
2026-06-24 12:20:29,559 [INFO] Worker 2: FID 50 done, 0 downloads
2026-06-24 12:20:29,569 [INFO] Worker 1: FID 54 (60/65)
2026-06-24 12:20:29,570 [INFO] Worker 2: FID 330 (34/65)
2026-06-24 12:20:29,575 [INFO] Worker 2: FID 330 done, 0 downloads
2026-06-24 12:20:29,577 [INFO] Worker 1: FID 54 done, 0 downloads
2026-06-24 12:20:29,578 [INFO] Worker 0: FID 19 done, 0 downloads
2026-06-24 12:20:29,586 [INFO] Worker 2: FID 212 (35/65)
2026-06-24 12:20:29,590 [INFO] Worker 0: FID 43 (8/65)
2026-06-24 12:20:29,591 [INFO] Worker 1: FID 373 (61/65)
2026-06-24 12:20:29,597 [INFO] Worker 1: FID 373 done, 0 downloads
2026-06-24 12:20:29,599 [INFO] Worker 2: FID 212 done, 0 downloads
2026-06-24 12:20:29,609 [INFO] Worker 1: FID 380 (62/65)
2026-06-24 12:20:29,610 [INFO] Worker 2: FID 370 (36/65)
2026-06-24 12:20:29,617 [INFO] Worker 0: FID 43 done, 0 downloads
2026-06-24 12:20:29,618 [INFO] Worker 1: FID 380 done, 0 downloads
2026-06-24 12:20:29,628 [INFO] Worker 0: FID 145 (9/65)
2026-06-24 12:20:29,629 [INFO] Worker 1: FID 295 (63/65)
2026-06-24 12:20:29,633 [INFO] Worker 0: FID 145 done, 0 downloads
2026-06-24 12:20:29,634 [INFO] Worker 1: FID 295 done, 0 downloads
2026-06-24 12:20:29,635 [INFO] Worker 2: FID 370 done, 0 downloads
2026-06-24 12:20:29,648 [INFO] Worker 0: FID 34 (10/65)
2026-06-24 12:20:29,648 [INFO] Worker 1: FID 78 (64/65)
2026-06-24 12:20:29,648 [INFO] Worker 2: FID 61 (37/65)
2026-06-24 12:20:29,654 [INFO] Worker 1: FID 78 done, 0 downloads
2026-06-24 12:20:29,656 [INFO] Worker 0: FID 34 done, 0 downloads
2026-06-24 12:20:29,665 [INFO] Worker 1: FID 185 (65/65)
2026-06-24 12:20:29,665 [INFO] Worker 2: FID 61 done, 0 downloads
2026-06-24 12:20:29,666 [INFO] Worker 0: FID 24 (11/65)
2026-06-24 12:20:29,673 [INFO] Worker 2: FID 104 (38/65)
2026-06-24 12:20:29,676 [INFO] Worker 0: FID 24 done, 0 downloads
2026-06-24 12:20:29,678 [INFO] Worker 1: FID 185 done, 0 downloads
2026-06-24 12:20:29,684 [INFO] Worker 0: FID 220 (12/65)
2026-06-24 12:20:29,689 [INFO] Worker 2: FID 104 done, 0 downloads
2026-06-24 12:20:29,700 [INFO] Worker 1: finished. 7463 total completed.
2026-06-24 12:20:29,700 [INFO] Worker 0: FID 220 done, 0 downloads
2026-06-24 12:20:29,701 [INFO] Worker 2: FID 108 (39/65)
2026-06-24 12:20:29,708 [INFO] Worker 0: FID 284 (13/65)
2026-06-24 12:20:29,709 [INFO] Worker 2: FID 108 done, 0 downloads
2026-06-24 12:20:29,713 [INFO] Worker 0: FID 284 done, 0 downloads
2026-06-24 12:20:29,721 [INFO] Worker 2: FID 109 (40/65)
2026-06-24 12:20:29,722 [INFO] Worker 0: FID 209 (14/65)
2026-06-24 12:20:29,726 [INFO] Worker 2: FID 109 done, 0 downloads
2026-06-24 12:20:29,729 [INFO] Worker 0: FID 209 done, 0 downloads
2026-06-24 12:20:29,738 [INFO] Worker 2: FID 357 (41/65)
2026-06-24 12:20:29,738 [INFO] Worker 0: FID 341 (15/65)
2026-06-24 12:20:29,745 [INFO] Worker 2: FID 357 done, 0 downloads
2026-06-24 12:20:29,746 [INFO] Worker 0: FID 341 done, 0 downloads
2026-06-24 12:20:29,757 [INFO] Worker 2: FID 362 (42/65)
2026-06-24 12:20:29,757 [INFO] Worker 0: FID 376 (16/65)
2026-06-24 12:20:29,766 [INFO] Worker 0: FID 376 done, 0 downloads
2026-06-24 12:20:29,774 [INFO] Worker 0: FID 3 (17/65)
2026-06-24 12:20:29,774 [INFO] Worker 2: FID 362 done, 0 downloads
2026-06-24 12:20:29,783 [INFO] Worker 2: FID 285 (43/65)
2026-06-24 12:20:29,789 [INFO] Worker 2: FID 285 done, 0 downloads
2026-06-24 12:20:29,797 [INFO] Worker 2: FID 305 (44/65)
2026-06-24 12:20:29,807 [INFO] Worker 0: FID 3 done, 0 downloads
2026-06-24 12:20:29,809 [INFO] Worker 2: FID 305 done, 0 downloads
2026-06-24 12:20:29,818 [INFO] Worker 0: FID 13 (18/65)
2026-06-24 12:20:29,819 [INFO] Worker 2: FID 307 (45/65)
2026-06-24 12:20:29,820 [WARNING] FID 96: dropped empty tile s1_grd evt 05C876 tile_0
2026-06-24 12:20:29,827 [INFO] Worker 0: FID 13 done, 0 downloads
2026-06-24 12:20:29,828 [INFO] Worker 2: FID 307 done, 0 downloads
2026-06-24 12:20:29,839 [INFO] Worker 0: FID 360 (19/65)
2026-06-24 12:20:29,840 [INFO] Worker 2: FID 320 (46/65)
2026-06-24 12:20:29,847 [INFO] Worker 2: FID 320 done, 0 downloads
2026-06-24 12:20:29,849 [INFO] Worker 0: FID 360 done, 0 downloads
2026-06-24 12:20:29,858 [INFO] Worker 2: FID 134 (47/65)
2026-06-24 12:20:29,859 [INFO] Worker 0: FID 195 (20/65)
2026-06-24 12:20:29,866 [INFO] Worker 0: FID 195 done, 0 downloads
2026-06-24 12:20:29,874 [INFO] Worker 0: FID 86 (21/65)
2026-06-24 12:20:29,874 [INFO] Worker 2: FID 134 done, 0 downloads
2026-06-24 12:20:29,882 [INFO] Worker 2: FID 342 (48/65)
2026-06-24 12:20:29,890 [INFO] Worker 2: FID 342 done, 0 downloads
2026-06-24 12:20:29,891 [INFO] Worker 0: FID 86 done, 0 downloads
2026-06-24 12:20:29,898 [INFO] Worker 2: FID 75 (49/65)
2026-06-24 12:20:29,902 [INFO] Worker 0: FID 366 (22/65)
2026-06-24 12:20:29,912 [INFO] Worker 0: FID 366 done, 0 downloads
2026-06-24 12:20:29,913 [INFO] Worker 2: FID 75 done, 0 downloads
2026-06-24 12:20:29,922 [WARNING] FID 40: dropped empty tile s1_grd bef 05C876 tile_0
2026-06-24 12:20:29,923 [INFO] Worker 0: FID 26 (23/65)
2026-06-24 12:20:29,924 [INFO] Worker 2: FID 60 (50/65)
2026-06-24 12:20:29,930 [INFO] Worker 0: FID 26 done, 0 downloads
2026-06-24 12:20:29,938 [INFO] Worker 0: FID 277 (24/65)
2026-06-24 12:20:29,938 [INFO] Worker 2: FID 60 done, 0 downloads
2026-06-24 12:20:29,947 [INFO] Worker 2: FID 389 (51/65)
2026-06-24 12:20:29,949 [INFO] Worker 0: FID 277 done, 0 downloads
2026-06-24 12:20:29,957 [INFO] Worker 2: FID 389 done, 0 downloads
2026-06-24 12:20:29,957 [INFO] Worker 0: FID 99 (25/65)
2026-06-24 12:20:29,966 [INFO] Worker 2: FID 85 (52/65)
2026-06-24 12:20:29,966 [INFO] Worker 0: FID 99 done, 0 downloads
2026-06-24 12:20:29,974 [INFO] Worker 0: FID 243 (26/65)
2026-06-24 12:20:29,978 [INFO] Worker 0: FID 243 done, 0 downloads
2026-06-24 12:20:29,986 [INFO] Worker 2: FID 85 done, 0 downloads
2026-06-24 12:20:29,986 [INFO] Worker 0: FID 106 (27/65)
2026-06-24 12:20:29,994 [INFO] Worker 0: FID 106 done, 0 downloads
2026-06-24 12:20:29,995 [INFO] Worker 2: FID 281 (53/65)
2026-06-24 12:20:30,000 [INFO] Worker 2: FID 281 done, 0 downloads
2026-06-24 12:20:30,002 [INFO] Worker 0: FID 191 (28/65)
2026-06-24 12:20:30,010 [INFO] Worker 2: FID 113 (54/65)
2026-06-24 12:20:30,015 [INFO] Worker 0: FID 191 done, 0 downloads
2026-06-24 12:20:30,024 [INFO] Worker 0: FID 199 (29/65)
2026-06-24 12:20:30,025 [INFO] Worker 2: FID 113 done, 0 downloads
2026-06-24 12:20:30,039 [INFO] Worker 2: FID 241 (55/65)
2026-06-24 12:20:30,040 [INFO] Worker 0: FID 199 done, 0 downloads
2026-06-24 12:20:30,048 [INFO] Worker 0: FID 203 (30/65)
2026-06-24 12:20:30,049 [INFO] Worker 2: FID 241 done, 0 downloads
2026-06-24 12:20:30,057 [INFO] Worker 2: FID 116 (56/65)
2026-06-24 12:20:30,059 [INFO] Worker 0: FID 203 done, 0 downloads
2026-06-24 12:20:30,061 [INFO] Worker 2: FID 116 done, 0 downloads
2026-06-24 12:20:30,071 [INFO] Worker 0: FID 206 (31/65)
2026-06-24 12:20:30,072 [INFO] Worker 2: FID 118 (57/65)
2026-06-24 12:20:30,077 [INFO] Worker 2: FID 118 done, 0 downloads
2026-06-24 12:20:30,078 [INFO] Worker 0: FID 206 done, 0 downloads
2026-06-24 12:20:30,089 [INFO] Worker 2: FID 309 (58/65)
2026-06-24 12:20:30,090 [INFO] Worker 0: FID 323 (32/65)
2026-06-24 12:20:30,099 [INFO] Worker 0: FID 323 done, 0 downloads
2026-06-24 12:20:30,103 [INFO] Worker 2: FID 309 done, 0 downloads
2026-06-24 12:20:30,108 [INFO] Worker 0: FID 48 (33/65)
2026-06-24 12:20:30,115 [INFO] Worker 2: FID 204 (59/65)
2026-06-24 12:20:30,119 [INFO] Worker 2: FID 204 done, 0 downloads
2026-06-24 12:20:30,119 [INFO] Worker 0: FID 48 done, 0 downloads
2026-06-24 12:20:30,131 [INFO] Worker 0: FID 328 (34/65)
2026-06-24 12:20:30,132 [INFO] Worker 2: FID 59 (60/65)
2026-06-24 12:20:30,138 [INFO] Worker 0: FID 328 done, 0 downloads
2026-06-24 12:20:30,147 [INFO] Worker 0: FID 72 (35/65)
2026-06-24 12:20:30,157 [INFO] Worker 2: FID 59 done, 0 downloads
2026-06-24 12:20:30,160 [INFO] Worker 0: FID 72 done, 0 downloads
2026-06-24 12:20:30,169 [INFO] Worker 2: FID 375 (61/65)
2026-06-24 12:20:30,170 [INFO] Worker 0: FID 264 (36/65)
2026-06-24 12:20:30,176 [INFO] Worker 2: FID 375 done, 0 downloads
2026-06-24 12:20:30,185 [INFO] Worker 2: FID 110 (62/65)
2026-06-24 12:20:30,186 [INFO] Worker 0: FID 264 done, 0 downloads
2026-06-24 12:20:30,194 [INFO] Worker 2: FID 110 done, 0 downloads
2026-06-24 12:20:30,194 [INFO] Worker 0: FID 11 (37/65)
2026-06-24 12:20:30,203 [INFO] Worker 2: FID 119 (63/65)
2026-06-24 12:20:30,207 [INFO] Worker 0: FID 11 done, 0 downloads
2026-06-24 12:20:30,216 [INFO] Worker 0: FID 37 (38/65)
2026-06-24 12:20:30,217 [INFO] Worker 2: FID 119 done, 0 downloads
2026-06-24 12:20:30,226 [INFO] Worker 2: FID 193 (64/65)
2026-06-24 12:20:30,234 [INFO] Worker 2: FID 193 done, 0 downloads
2026-06-24 12:20:30,243 [INFO] Worker 2: FID 302 (65/65)
2026-06-24 12:20:30,248 [INFO] Worker 0: FID 37 done, 0 downloads
2026-06-24 12:20:30,251 [INFO] Worker 2: FID 302 done, 0 downloads
2026-06-24 12:20:30,257 [INFO] Worker 0: FID 165 (39/65)
2026-06-24 12:20:30,265 [INFO] Worker 0: FID 165 done, 0 downloads
2026-06-24 12:20:30,276 [INFO] Worker 2: finished. 8025 total completed.
2026-06-24 12:20:30,277 [INFO] Worker 0: FID 175 (40/65)
2026-06-24 12:20:30,284 [INFO] Worker 0: FID 175 done, 0 downloads
2026-06-24 12:20:30,292 [INFO] Worker 0: FID 291 (41/65)
2026-06-24 12:20:30,296 [INFO] Worker 0: FID 291 done, 0 downloads
2026-06-24 12:20:30,304 [INFO] Worker 0: FID 347 (42/65)
2026-06-24 12:20:30,313 [INFO] Worker 0: FID 347 done, 0 downloads
2026-06-24 12:20:30,321 [INFO] Worker 0: FID 102 (43/65)
2026-06-24 12:20:30,326 [INFO] Worker 0: FID 102 done, 0 downloads
2026-06-24 12:20:30,335 [INFO] Worker 0: FID 176 (44/65)
2026-06-24 12:20:30,340 [INFO] Worker 0: FID 176 done, 0 downloads
2026-06-24 12:20:30,349 [INFO] Worker 0: FID 251 (45/65)
2026-06-24 12:20:30,356 [INFO] Worker 0: FID 251 done, 0 downloads
2026-06-24 12:20:30,365 [INFO] Worker 0: FID 124 (46/65)
2026-06-24 12:20:30,371 [INFO] Worker 0: FID 124 done, 0 downloads
2026-06-24 12:20:30,380 [INFO] Worker 0: FID 335 (47/65)
2026-06-24 12:20:30,389 [INFO] Worker 0: FID 335 done, 0 downloads
2026-06-24 12:20:30,397 [INFO] Worker 0: FID 38 (48/65)
2026-06-24 12:20:30,403 [INFO] Worker 0: FID 38 done, 0 downloads
2026-06-24 12:20:30,411 [INFO] Worker 0: FID 67 (49/65)
2026-06-24 12:20:30,420 [INFO] Worker 0: FID 67 done, 0 downloads
2026-06-24 12:20:30,429 [INFO] Worker 0: FID 138 (50/65)
2026-06-24 12:20:30,442 [INFO] Worker 0: FID 138 done, 0 downloads
2026-06-24 12:20:30,450 [INFO] Worker 0: FID 379 (51/65)
2026-06-24 12:20:30,460 [INFO] Worker 0: FID 379 done, 0 downloads
2026-06-24 12:20:30,469 [INFO] Worker 0: FID 237 (52/65)
2026-06-24 12:20:30,476 [INFO] Worker 0: FID 237 done, 0 downloads
2026-06-24 12:20:30,485 [INFO] Worker 0: FID 223 (53/65)
2026-06-24 12:20:30,490 [INFO] Worker 0: FID 223 done, 0 downloads
2026-06-24 12:20:30,498 [INFO] Worker 0: FID 239 (54/65)
2026-06-24 12:20:30,505 [INFO] Worker 0: FID 239 done, 0 downloads
2026-06-24 12:20:30,513 [INFO] Worker 0: FID 298 (55/65)
2026-06-24 12:20:30,524 [INFO] Worker 0: FID 298 done, 0 downloads
2026-06-24 12:20:30,532 [INFO] Worker 0: FID 182 (56/65)
2026-06-24 12:20:30,539 [INFO] Worker 0: FID 182 done, 0 downloads
2026-06-24 12:20:30,547 [INFO] Worker 0: FID 301 (57/65)
2026-06-24 12:20:30,552 [INFO] Worker 0: FID 301 done, 0 downloads
2026-06-24 12:20:30,561 [INFO] Worker 0: FID 306 (58/65)
2026-06-24 12:20:30,565 [INFO] Worker 0: FID 306 done, 0 downloads
2026-06-24 12:20:30,574 [INFO] Worker 0: FID 311 (59/65)
2026-06-24 12:20:30,581 [INFO] Worker 0: FID 311 done, 0 downloads
2026-06-24 12:20:30,590 [INFO] Worker 0: FID 336 (60/65)
2026-06-24 12:20:30,595 [WARNING] FID 96: dropped empty tile s1_grd bef 05993A tile_0
2026-06-24 12:20:30,598 [INFO] Worker 0: FID 336 done, 0 downloads
2026-06-24 12:20:30,607 [INFO] Worker 0: FID 350 (61/65)
2026-06-24 12:20:30,619 [INFO] Worker 0: FID 350 done, 0 downloads
2026-06-24 12:20:30,628 [INFO] Worker 0: FID 283 (62/65)
2026-06-24 12:20:30,636 [INFO] Worker 0: FID 283 done, 0 downloads
2026-06-24 12:20:30,645 [INFO] Worker 0: FID 107 (63/65)
2026-06-24 12:20:30,654 [INFO] Worker 0: FID 107 done, 0 downloads
2026-06-24 12:20:30,663 [INFO] Worker 0: FID 378 (64/65)
2026-06-24 12:20:30,672 [INFO] Worker 0: FID 378 done, 0 downloads
2026-06-24 12:20:30,680 [INFO] Worker 0: FID 114 (65/65)
2026-06-24 12:20:30,687 [INFO] Worker 0: FID 114 done, 0 downloads
2026-06-24 12:20:30,704 [INFO] Worker 0: finished. 8006 total completed.
2026-06-24 12:20:31,207 [WARNING] FID 40: dropped empty tile s1_grd bef 05D42C tile_0
2026-06-24 12:20:31,353 [WARNING] FID 96: dropped empty tile s1_grd bef 059F24 tile_0
2026-06-24 12:20:31,961 [WARNING] FID 12: dropped empty tile s1_grd bef 05D42C tile_0
2026-06-24 12:20:31,993 [WARNING] FID 40: dropped empty tile s1_grd bef 05D957 tile_0
2026-06-24 12:20:32,111 [WARNING] FID 96: dropped empty tile s1_grd bef 05AAD4 tile_0
2026-06-24 12:20:32,728 [WARNING] FID 40: dropped empty tile s1_grd bef 05DE8B tile_0
2026-06-24 12:20:33,545 [WARNING] FID 96: dropped empty tile s1_grd bef 05B0D3 tile_0
2026-06-24 12:20:33,960 [WARNING] FID 40: dropped empty tile s1_grd bef 05E3E7 tile_0
2026-06-24 12:20:34,094 [WARNING] FID 12: dropped empty tile s1_grd bef 05F959 tile_0
2026-06-24 12:20:34,100 [INFO] Worker 5: FID 12 done, 0 downloads
2026-06-24 12:20:34,116 [INFO] Worker 5: FID 39 (18/64)
2026-06-24 12:20:34,127 [INFO] Worker 5: FID 39 done, 0 downloads
2026-06-24 12:20:34,137 [INFO] Worker 5: FID 168 (19/64)
2026-06-24 12:20:34,145 [INFO] Worker 5: FID 168 done, 0 downloads
2026-06-24 12:20:34,155 [INFO] Worker 5: FID 81 (20/64)
2026-06-24 12:20:34,169 [INFO] Worker 5: FID 81 done, 0 downloads
2026-06-24 12:20:34,185 [INFO] Worker 5: FID 349 (21/64)
2026-06-24 12:20:34,197 [INFO] Worker 5: FID 349 done, 0 downloads
2026-06-24 12:20:34,208 [INFO] Worker 5: FID 25 (22/64)
2026-06-24 12:20:34,215 [INFO] Worker 5: FID 25 done, 0 downloads
2026-06-24 12:20:34,226 [INFO] Worker 5: FID 152 (23/64)
2026-06-24 12:20:34,230 [INFO] Worker 5: FID 152 done, 0 downloads
2026-06-24 12:20:34,239 [INFO] Worker 5: FID 279 (24/64)
2026-06-24 12:20:34,247 [INFO] Worker 5: FID 279 done, 0 downloads
2026-06-24 12:20:34,257 [INFO] Worker 5: FID 227 (25/64)
2026-06-24 12:20:34,264 [INFO] Worker 5: FID 227 done, 0 downloads
2026-06-24 12:20:34,274 [INFO] Worker 5: FID 105 (26/64)
2026-06-24 12:20:34,281 [INFO] Worker 5: FID 105 done, 0 downloads
2026-06-24 12:20:34,291 [INFO] Worker 5: FID 308 (27/64)
2026-06-24 12:20:34,299 [INFO] Worker 5: FID 308 done, 0 downloads
2026-06-24 12:20:34,309 [INFO] Worker 5: FID 198 (28/64)
2026-06-24 12:20:34,314 [INFO] Worker 5: FID 198 done, 0 downloads
2026-06-24 12:20:34,325 [INFO] Worker 5: FID 202 (29/64)
2026-06-24 12:20:34,330 [INFO] Worker 5: FID 202 done, 0 downloads
2026-06-24 12:20:34,340 [INFO] Worker 5: FID 319 (30/64)
2026-06-24 12:20:34,351 [INFO] Worker 5: FID 319 done, 0 downloads
2026-06-24 12:20:34,361 [INFO] Worker 5: FID 131 (31/64)
2026-06-24 12:20:34,373 [INFO] Worker 5: FID 131 done, 0 downloads
2026-06-24 12:20:34,383 [INFO] Worker 5: FID 211 (32/64)
2026-06-24 12:20:34,399 [INFO] Worker 5: FID 211 done, 0 downloads
2026-06-24 12:20:34,409 [INFO] Worker 5: FID 56 (33/64)
2026-06-24 12:20:34,415 [INFO] Worker 5: FID 56 done, 0 downloads
2026-06-24 12:20:34,425 [INFO] Worker 5: FID 71 (34/64)
2026-06-24 12:20:34,434 [INFO] Worker 5: FID 71 done, 0 downloads
2026-06-24 12:20:34,444 [INFO] Worker 5: FID 76 (35/64)
2026-06-24 12:20:34,454 [INFO] Worker 5: FID 76 done, 0 downloads
2026-06-24 12:20:34,468 [INFO] Worker 5: FID 9 (36/64)
2026-06-24 12:20:34,478 [INFO] Worker 5: FID 9 done, 0 downloads
2026-06-24 12:20:34,488 [INFO] Worker 5: FID 385 (37/64)
2026-06-24 12:20:34,532 [INFO] Worker 5: FID 385 done, 0 downloads
2026-06-24 12:20:34,542 [INFO] Worker 5: FID 286 (38/64)
2026-06-24 12:20:34,545 [INFO] Worker 5: FID 286 done, 0 downloads
2026-06-24 12:20:34,556 [INFO] Worker 5: FID 174 (39/64)
2026-06-24 12:20:34,562 [INFO] Worker 5: FID 174 done, 0 downloads
2026-06-24 12:20:34,573 [INFO] Worker 5: FID 290 (40/64)
2026-06-24 12:20:34,578 [INFO] Worker 5: FID 290 done, 0 downloads
2026-06-24 12:20:34,589 [INFO] Worker 5: FID 346 (41/64)
2026-06-24 12:20:34,594 [INFO] Worker 5: FID 346 done, 0 downloads
2026-06-24 12:20:34,605 [INFO] Worker 5: FID 101 (42/64)
2026-06-24 12:20:34,609 [INFO] Worker 5: FID 101 done, 0 downloads
2026-06-24 12:20:34,620 [INFO] Worker 5: FID 294 (43/64)
2026-06-24 12:20:34,624 [INFO] Worker 5: FID 294 done, 0 downloads
2026-06-24 12:20:34,635 [INFO] Worker 5: FID 250 (44/64)
2026-06-24 12:20:34,642 [INFO] Worker 5: FID 250 done, 0 downloads
2026-06-24 12:20:34,653 [INFO] Worker 5: FID 253 (45/64)
2026-06-24 12:20:34,659 [WARNING] FID 40: dropped empty tile s1_grd bef 05EE9A tile_0
2026-06-24 12:20:34,666 [INFO] Worker 5: FID 253 done, 0 downloads
2026-06-24 12:20:34,677 [INFO] Worker 5: FID 326 (46/64)
2026-06-24 12:20:34,682 [INFO] Worker 5: FID 326 done, 0 downloads
2026-06-24 12:20:34,693 [INFO] Worker 5: FID 387 (47/64)
2026-06-24 12:20:34,701 [INFO] Worker 5: FID 387 done, 0 downloads
2026-06-24 12:20:34,712 [INFO] Worker 5: FID 66 (48/64)
2026-06-24 12:20:34,720 [INFO] Worker 5: FID 66 done, 0 downloads
2026-06-24 12:20:34,731 [INFO] Worker 5: FID 77 (49/64)
2026-06-24 12:20:34,740 [INFO] Worker 5: FID 77 done, 0 downloads
2026-06-24 12:20:34,756 [INFO] Worker 5: FID 372 (50/64)
2026-06-24 12:20:34,775 [INFO] Worker 5: FID 372 done, 0 downloads
2026-06-24 12:20:34,786 [INFO] Worker 5: FID 235 (51/64)
2026-06-24 12:20:34,792 [INFO] Worker 5: FID 235 done, 0 downloads
2026-06-24 12:20:34,803 [INFO] Worker 5: FID 97 (52/64)
2026-06-24 12:20:34,809 [INFO] Worker 5: FID 97 done, 0 downloads
2026-06-24 12:20:34,821 [INFO] Worker 5: FID 178 (53/64)
2026-06-24 12:20:34,831 [INFO] Worker 5: FID 178 done, 0 downloads
2026-06-24 12:20:34,842 [INFO] Worker 5: FID 181 (54/64)
2026-06-24 12:20:34,849 [INFO] Worker 5: FID 181 done, 0 downloads
2026-06-24 12:20:34,860 [INFO] Worker 5: FID 115 (55/64)
2026-06-24 12:20:34,868 [INFO] Worker 5: FID 115 done, 0 downloads
2026-06-24 12:20:34,879 [INFO] Worker 5: FID 246 (56/64)
2026-06-24 12:20:34,886 [INFO] Worker 5: FID 246 done, 0 downloads
2026-06-24 12:20:34,897 [INFO] Worker 5: FID 249 (57/64)
2026-06-24 12:20:34,906 [INFO] Worker 5: FID 249 done, 0 downloads
2026-06-24 12:20:34,917 [INFO] Worker 5: FID 258 (58/64)
2026-06-24 12:20:34,926 [INFO] Worker 5: FID 258 done, 0 downloads
2026-06-24 12:20:34,936 [WARNING] FID 96: dropped empty tile s1_grd bef 05B6BD tile_0
2026-06-24 12:20:34,938 [INFO] Worker 5: FID 358 (59/64)
2026-06-24 12:20:34,947 [INFO] Worker 5: FID 358 done, 0 downloads
2026-06-24 12:20:34,960 [INFO] Worker 5: FID 139 (60/64)
2026-06-24 12:20:34,968 [INFO] Worker 5: FID 139 done, 0 downloads
2026-06-24 12:20:34,979 [INFO] Worker 5: FID 160 (61/64)
2026-06-24 12:20:34,983 [INFO] Worker 5: FID 160 done, 0 downloads
2026-06-24 12:20:34,994 [INFO] Worker 5: FID 236 (62/64)
2026-06-24 12:20:34,999 [INFO] Worker 5: FID 236 done, 0 downloads
2026-06-24 12:20:35,010 [INFO] Worker 5: FID 382 (63/64)
2026-06-24 12:20:35,064 [INFO] Worker 5: FID 382 done, 0 downloads
2026-06-24 12:20:35,076 [INFO] Worker 5: FID 244 (64/64)
2026-06-24 12:20:35,082 [INFO] Worker 5: FID 244 done, 0 downloads
2026-06-24 12:20:35,105 [INFO] Worker 5: finished. 10714 total completed.
2026-06-24 12:20:35,306 [WARNING] FID 40: dropped empty tile s1_grd bef 05F959 tile_0
2026-06-24 12:20:35,765 [WARNING] FID 96: dropped empty tile s1_grd bef 05BCAD tile_0
2026-06-24 12:20:36,127 [WARNING] FID 40: dropped empty tile s1_grd bef 0604F6 tile_0
2026-06-24 12:20:36,698 [WARNING] FID 96: dropped empty tile s1_grd aft 05CE51 tile_0
2026-06-24 12:20:36,771 [WARNING] FID 40: dropped empty tile s1_grd bef 060AF4 tile_0
2026-06-24 12:20:37,540 [WARNING] FID 96: dropped empty tile s1_grd aft 05D42C tile_0
2026-06-24 12:20:37,541 [INFO] Worker 4: FID 96 done, 0 downloads
2026-06-24 12:20:37,554 [INFO] Worker 4: FID 225 (24/65)
2026-06-24 12:20:37,593 [WARNING] FID 40: dropped empty tile s1_grd bef 0616E4 tile_0
2026-06-24 12:20:38,280 [WARNING] FID 40: dropped empty tile s1_grd bef 0622DD tile_0
2026-06-24 12:20:38,893 [WARNING] FID 225: dropped empty tile s1_grd evt 05CE51 tile_0
2026-06-24 12:20:38,972 [WARNING] FID 40: dropped empty tile s1_grd bef 0628DA tile_0
2026-06-24 12:20:38,974 [INFO] Worker 3: FID 40 done, 0 downloads
2026-06-24 12:20:38,986 [INFO] Worker 3: FID 274 (8/65)
2026-06-24 12:20:38,989 [INFO] Worker 3: FID 274 done, 0 downloads
2026-06-24 12:20:38,997 [INFO] Worker 3: FID 150 (9/65)
2026-06-24 12:20:39,004 [INFO] Worker 3: FID 150 done, 0 downloads
2026-06-24 12:20:39,011 [INFO] Worker 3: FID 84 (10/65)
2026-06-24 12:20:39,023 [INFO] Worker 3: FID 84 done, 0 downloads
2026-06-24 12:20:39,031 [INFO] Worker 3: FID 219 (11/65)
2026-06-24 12:20:39,035 [INFO] Worker 3: FID 219 done, 0 downloads
2026-06-24 12:20:39,042 [INFO] Worker 3: FID 278 (12/65)
2026-06-24 12:20:39,046 [INFO] Worker 3: FID 278 done, 0 downloads
2026-06-24 12:20:39,053 [INFO] Worker 3: FID 316 (13/65)
2026-06-24 12:20:39,060 [INFO] Worker 3: FID 316 done, 0 downloads
2026-06-24 12:20:39,068 [INFO] Worker 3: FID 46 (14/65)
2026-06-24 12:20:39,091 [INFO] Worker 3: FID 46 done, 0 downloads
2026-06-24 12:20:39,099 [INFO] Worker 3: FID 69 (15/65)
2026-06-24 12:20:39,113 [INFO] Worker 3: FID 69 done, 0 downloads
2026-06-24 12:20:39,121 [INFO] Worker 3: FID 333 (16/65)
2026-06-24 12:20:39,130 [INFO] Worker 3: FID 333 done, 0 downloads
2026-06-24 12:20:39,137 [INFO] Worker 3: FID 8 (17/65)
2026-06-24 12:20:39,147 [INFO] Worker 3: FID 8 done, 0 downloads
2026-06-24 12:20:39,155 [INFO] Worker 3: FID 31 (18/65)
2026-06-24 12:20:39,164 [INFO] Worker 3: FID 31 done, 0 downloads
2026-06-24 12:20:39,172 [INFO] Worker 3: FID 161 (19/65)
2026-06-24 12:20:39,176 [INFO] Worker 3: FID 161 done, 0 downloads
2026-06-24 12:20:39,183 [INFO] Worker 3: FID 343 (20/65)
2026-06-24 12:20:39,191 [INFO] Worker 3: FID 343 done, 0 downloads
2026-06-24 12:20:39,199 [INFO] Worker 3: FID 89 (21/65)
2026-06-24 12:20:39,205 [INFO] Worker 3: FID 89 done, 0 downloads
2026-06-24 12:20:39,212 [INFO] Worker 3: FID 20 (22/65)
2026-06-24 12:20:39,228 [INFO] Worker 3: FID 20 done, 0 downloads
2026-06-24 12:20:39,236 [INFO] Worker 3: FID 149 (23/65)
2026-06-24 12:20:39,240 [INFO] Worker 3: FID 149 done, 0 downloads
2026-06-24 12:20:39,248 [INFO] Worker 3: FID 224 (24/65)
2026-06-24 12:20:39,258 [INFO] Worker 3: FID 224 done, 0 downloads
2026-06-24 12:20:39,266 [INFO] Worker 3: FID 280 (25/65)
2026-06-24 12:20:39,274 [INFO] Worker 3: FID 280 done, 0 downloads
2026-06-24 12:20:39,282 [INFO] Worker 3: FID 169 (26/65)
2026-06-24 12:20:39,287 [INFO] Worker 3: FID 169 done, 0 downloads
2026-06-24 12:20:39,295 [INFO] Worker 3: FID 120 (27/65)
2026-06-24 12:20:39,301 [INFO] Worker 3: FID 120 done, 0 downloads
2026-06-24 12:20:39,309 [INFO] Worker 3: FID 196 (28/65)
2026-06-24 12:20:39,325 [INFO] Worker 3: FID 196 done, 0 downloads
2026-06-24 12:20:39,333 [INFO] Worker 3: FID 256 (29/65)
2026-06-24 12:20:39,340 [INFO] Worker 3: FID 256 done, 0 downloads
2026-06-24 12:20:39,348 [INFO] Worker 3: FID 129 (30/65)
2026-06-24 12:20:39,355 [INFO] Worker 3: FID 129 done, 0 downloads
2026-06-24 12:20:39,363 [INFO] Worker 3: FID 208 (31/65)
2026-06-24 12:20:39,371 [INFO] Worker 3: FID 208 done, 0 downloads
2026-06-24 12:20:39,379 [INFO] Worker 3: FID 133 (32/65)
2026-06-24 12:20:39,385 [INFO] Worker 3: FID 133 done, 0 downloads
2026-06-24 12:20:39,392 [INFO] Worker 3: FID 51 (33/65)
2026-06-24 12:20:39,400 [INFO] Worker 3: FID 51 done, 0 downloads
2026-06-24 12:20:39,408 [INFO] Worker 3: FID 64 (34/65)
2026-06-24 12:20:39,417 [INFO] Worker 3: FID 64 done, 0 downloads
2026-06-24 12:20:39,425 [INFO] Worker 3: FID 329 (35/65)
2026-06-24 12:20:39,431 [INFO] Worker 3: FID 329 done, 0 downloads
2026-06-24 12:20:39,438 [INFO] Worker 3: FID 359 (36/65)
2026-06-24 12:20:39,445 [INFO] Worker 3: FID 359 done, 0 downloads
2026-06-24 12:20:39,452 [INFO] Worker 3: FID 33 (37/65)
2026-06-24 12:20:39,465 [INFO] Worker 3: FID 33 done, 0 downloads
2026-06-24 12:20:39,473 [INFO] Worker 3: FID 163 (38/65)
2026-06-24 12:20:39,478 [INFO] Worker 3: FID 163 done, 0 downloads
2026-06-24 12:20:39,487 [INFO] Worker 3: FID 234 (39/65)
2026-06-24 12:20:39,492 [INFO] Worker 3: FID 234 done, 0 downloads
2026-06-24 12:20:39,500 [INFO] Worker 3: FID 111 (40/65)
2026-06-24 12:20:39,505 [INFO] Worker 3: FID 111 done, 0 downloads
2026-06-24 12:20:39,512 [INFO] Worker 3: FID 80 (41/65)
2026-06-24 12:20:39,518 [INFO] Worker 3: FID 80 done, 0 downloads
2026-06-24 12:20:39,526 [INFO] Worker 3: FID 368 (42/65)
2026-06-24 12:20:39,538 [INFO] Worker 3: FID 368 done, 0 downloads
2026-06-24 12:20:39,546 [INFO] Worker 3: FID 289 (43/65)
2026-06-24 12:20:39,556 [INFO] Worker 3: FID 289 done, 0 downloads
2026-06-24 12:20:39,559 [WARNING] FID 225: dropped empty tile s1_grd bef 05993A tile_0
2026-06-24 12:20:39,564 [INFO] Worker 3: FID 121 (44/65)
2026-06-24 12:20:39,571 [INFO] Worker 3: FID 121 done, 0 downloads
2026-06-24 12:20:39,579 [INFO] Worker 3: FID 188 (45/65)
2026-06-24 12:20:39,584 [INFO] Worker 3: FID 188 done, 0 downloads
2026-06-24 12:20:39,592 [INFO] Worker 3: FID 356 (46/65)
2026-06-24 12:20:39,597 [INFO] Worker 3: FID 356 done, 0 downloads
2026-06-24 12:20:39,605 [INFO] Worker 3: FID 327 (47/65)
2026-06-24 12:20:39,618 [INFO] Worker 3: FID 327 done, 0 downloads
2026-06-24 12:20:39,627 [INFO] Worker 3: FID 383 (48/65)
2026-06-24 12:20:39,636 [INFO] Worker 3: FID 383 done, 0 downloads
2026-06-24 12:20:39,644 [INFO] Worker 3: FID 331 (49/65)
2026-06-24 12:20:39,653 [INFO] Worker 3: FID 331 done, 0 downloads
2026-06-24 12:20:39,661 [INFO] Worker 3: FID 369 (50/65)
2026-06-24 12:20:39,687 [INFO] Worker 3: FID 369 done, 0 downloads
2026-06-24 12:20:39,695 [INFO] Worker 3: FID 162 (51/65)
2026-06-24 12:20:39,702 [INFO] Worker 3: FID 162 done, 0 downloads
2026-06-24 12:20:39,711 [INFO] Worker 3: FID 213 (52/65)
2026-06-24 12:20:39,716 [INFO] Worker 3: FID 213 done, 0 downloads
2026-06-24 12:20:39,724 [INFO] Worker 3: FID 240 (53/65)
2026-06-24 12:20:39,731 [INFO] Worker 3: FID 240 done, 0 downloads
2026-06-24 12:20:39,739 [INFO] Worker 3: FID 238 (54/65)
2026-06-24 12:20:39,744 [INFO] Worker 3: FID 238 done, 0 downloads
2026-06-24 12:20:39,752 [INFO] Worker 3: FID 297 (55/65)
2026-06-24 12:20:39,756 [INFO] Worker 3: FID 297 done, 0 downloads
2026-06-24 12:20:39,765 [INFO] Worker 3: FID 184 (56/65)
2026-06-24 12:20:39,770 [INFO] Worker 3: FID 184 done, 0 downloads
2026-06-24 12:20:39,779 [INFO] Worker 3: FID 186 (57/65)
2026-06-24 12:20:39,789 [INFO] Worker 3: FID 186 done, 0 downloads
2026-06-24 12:20:39,798 [INFO] Worker 3: FID 190 (58/65)
2026-06-24 12:20:39,805 [INFO] Worker 3: FID 190 done, 0 downloads
2026-06-24 12:20:39,813 [INFO] Worker 3: FID 257 (59/65)
2026-06-24 12:20:39,820 [INFO] Worker 3: FID 257 done, 0 downloads
2026-06-24 12:20:39,829 [INFO] Worker 3: FID 79 (60/65)
2026-06-24 12:20:39,845 [INFO] Worker 3: FID 79 done, 0 downloads
2026-06-24 12:20:39,858 [INFO] Worker 3: FID 100 (61/65)
2026-06-24 12:20:39,865 [INFO] Worker 3: FID 100 done, 0 downloads
2026-06-24 12:20:39,874 [INFO] Worker 3: FID 170 (62/65)
2026-06-24 12:20:39,879 [INFO] Worker 3: FID 170 done, 0 downloads
2026-06-24 12:20:39,888 [INFO] Worker 3: FID 322 (63/65)
2026-06-24 12:20:39,893 [INFO] Worker 3: FID 322 done, 0 downloads
2026-06-24 12:20:39,901 [INFO] Worker 3: FID 194 (64/65)
2026-06-24 12:20:39,912 [INFO] Worker 3: FID 194 done, 0 downloads
2026-06-24 12:20:39,921 [INFO] Worker 3: FID 303 (65/65)
2026-06-24 12:20:39,926 [INFO] Worker 3: FID 303 done, 0 downloads
2026-06-24 12:20:39,944 [INFO] Worker 3: finished. 7764 total completed.
2026-06-24 12:20:40,284 [WARNING] FID 225: dropped empty tile s1_grd bef 059F24 tile_0
2026-06-24 12:20:40,964 [WARNING] FID 225: dropped empty tile s1_grd bef 05AAD4 tile_0
2026-06-24 12:20:42,263 [WARNING] FID 225: dropped empty tile s1_grd bef 05B0D3 tile_0
2026-06-24 12:20:43,013 [WARNING] FID 225: dropped empty tile s1_grd bef 05B6BD tile_0
2026-06-24 12:20:43,699 [WARNING] FID 225: dropped empty tile s1_grd bef 05BCAD tile_0
2026-06-24 12:20:44,394 [WARNING] FID 225: dropped empty tile s1_grd bef 05C876 tile_0
2026-06-24 12:20:44,984 [WARNING] FID 225: dropped empty tile s1_grd aft 05D42C tile_0
2026-06-24 12:20:46,236 [WARNING] FID 225: dropped empty tile s1_grd aft 05D957 tile_0
2026-06-24 12:20:46,237 [INFO] Worker 4: FID 225 done, 0 downloads
2026-06-24 12:20:46,250 [INFO] Worker 4: FID 103 (25/65)
2026-06-24 12:20:46,255 [INFO] Worker 4: FID 103 done, 0 downloads
2026-06-24 12:20:46,263 [INFO] Worker 4: FID 287 (26/65)
2026-06-24 12:20:46,268 [INFO] Worker 4: FID 287 done, 0 downloads
2026-06-24 12:20:46,277 [INFO] Worker 4: FID 248 (27/65)
2026-06-24 12:20:46,283 [INFO] Worker 4: FID 248 done, 0 downloads
2026-06-24 12:20:46,291 [INFO] Worker 4: FID 126 (28/65)
2026-06-24 12:20:46,298 [INFO] Worker 4: FID 126 done, 0 downloads
2026-06-24 12:20:46,305 [INFO] Worker 4: FID 312 (29/65)
2026-06-24 12:20:46,312 [INFO] Worker 4: FID 312 done, 0 downloads
2026-06-24 12:20:46,320 [INFO] Worker 4: FID 318 (30/65)
2026-06-24 12:20:46,327 [INFO] Worker 4: FID 318 done, 0 downloads
2026-06-24 12:20:46,335 [INFO] Worker 4: FID 261 (31/65)
2026-06-24 12:20:46,340 [INFO] Worker 4: FID 261 done, 0 downloads
2026-06-24 12:20:46,349 [INFO] Worker 4: FID 262 (32/65)
2026-06-24 12:20:46,361 [INFO] Worker 4: FID 262 done, 0 downloads
2026-06-24 12:20:46,370 [INFO] Worker 4: FID 55 (33/65)
2026-06-24 12:20:46,382 [INFO] Worker 4: FID 55 done, 0 downloads
2026-06-24 12:20:46,390 [INFO] Worker 4: FID 65 (34/65)
2026-06-24 12:20:46,405 [INFO] Worker 4: FID 65 done, 0 downloads
2026-06-24 12:20:46,413 [INFO] Worker 4: FID 345 (35/65)
2026-06-24 12:20:46,421 [INFO] Worker 4: FID 345 done, 0 downloads
2026-06-24 12:20:46,430 [INFO] Worker 4: FID 352 (36/65)
2026-06-24 12:20:46,437 [INFO] Worker 4: FID 352 done, 0 downloads
2026-06-24 12:20:46,445 [INFO] Worker 4: FID 35 (37/65)
2026-06-24 12:20:46,454 [INFO] Worker 4: FID 35 done, 0 downloads
2026-06-24 12:20:46,463 [INFO] Worker 4: FID 166 (38/65)
2026-06-24 12:20:46,469 [INFO] Worker 4: FID 166 done, 0 downloads
2026-06-24 12:20:46,478 [INFO] Worker 4: FID 173 (39/65)
2026-06-24 12:20:46,484 [INFO] Worker 4: FID 173 done, 0 downloads
2026-06-24 12:20:46,496 [INFO] Worker 4: FID 171 (40/65)
2026-06-24 12:20:46,499 [INFO] Worker 4: FID 171 done, 0 downloads
2026-06-24 12:20:46,507 [INFO] Worker 4: FID 88 (41/65)
2026-06-24 12:20:46,513 [INFO] Worker 4: FID 88 done, 0 downloads
2026-06-24 12:20:46,522 [INFO] Worker 4: FID 363 (42/65)
2026-06-24 12:20:46,536 [INFO] Worker 4: FID 363 done, 0 downloads
2026-06-24 12:20:46,544 [INFO] Worker 4: FID 112 (43/65)
2026-06-24 12:20:46,549 [INFO] Worker 4: FID 112 done, 0 downloads
2026-06-24 12:20:46,558 [INFO] Worker 4: FID 187 (44/65)
2026-06-24 12:20:46,568 [INFO] Worker 4: FID 187 done, 0 downloads
2026-06-24 12:20:46,577 [INFO] Worker 4: FID 192 (45/65)
2026-06-24 12:20:46,581 [INFO] Worker 4: FID 192 done, 0 downloads
2026-06-24 12:20:46,590 [INFO] Worker 4: FID 210 (46/65)
2026-06-24 12:20:46,598 [INFO] Worker 4: FID 210 done, 0 downloads
2026-06-24 12:20:46,607 [INFO] Worker 4: FID 337 (47/65)
2026-06-24 12:20:46,617 [INFO] Worker 4: FID 337 done, 0 downloads
2026-06-24 12:20:46,629 [INFO] Worker 4: FID 52 (48/65)
2026-06-24 12:20:46,639 [INFO] Worker 4: FID 52 done, 0 downloads
2026-06-24 12:20:46,648 [INFO] Worker 4: FID 344 (49/65)
2026-06-24 12:20:46,661 [INFO] Worker 4: FID 344 done, 0 downloads
2026-06-24 12:20:46,670 [INFO] Worker 4: FID 371 (50/65)
2026-06-24 12:20:46,678 [INFO] Worker 4: FID 371 done, 0 downloads
2026-06-24 12:20:46,687 [INFO] Worker 4: FID 172 (51/65)
2026-06-24 12:20:46,695 [INFO] Worker 4: FID 172 done, 0 downloads
2026-06-24 12:20:46,703 [INFO] Worker 4: FID 367 (52/65)
2026-06-24 12:20:46,711 [INFO] Worker 4: FID 367 done, 0 downloads
2026-06-24 12:20:46,720 [INFO] Worker 4: FID 177 (53/65)
2026-06-24 12:20:46,726 [INFO] Worker 4: FID 177 done, 0 downloads
2026-06-24 12:20:46,735 [INFO] Worker 4: FID 180 (54/65)
2026-06-24 12:20:46,739 [INFO] Worker 4: FID 180 done, 0 downloads
2026-06-24 12:20:46,748 [INFO] Worker 4: FID 179 (55/65)
2026-06-24 12:20:46,756 [INFO] Worker 4: FID 179 done, 0 downloads
2026-06-24 12:20:46,764 [INFO] Worker 4: FID 245 (56/65)
2026-06-24 12:20:46,769 [INFO] Worker 4: FID 245 done, 0 downloads
2026-06-24 12:20:46,778 [INFO] Worker 4: FID 247 (57/65)
2026-06-24 12:20:46,788 [INFO] Worker 4: FID 247 done, 0 downloads
2026-06-24 12:20:46,797 [INFO] Worker 4: FID 122 (58/65)
2026-06-24 12:20:46,801 [INFO] Worker 4: FID 122 done, 0 downloads
2026-06-24 12:20:46,811 [INFO] Worker 4: FID 314 (59/65)
2026-06-24 12:20:46,817 [INFO] Worker 4: FID 314 done, 0 downloads
2026-06-24 12:20:46,827 [INFO] Worker 4: FID 384 (60/65)
2026-06-24 12:20:46,858 [INFO] Worker 4: FID 384 done, 0 downloads
2026-06-24 12:20:46,868 [INFO] Worker 4: FID 157 (61/65)
2026-06-24 12:20:46,873 [INFO] Worker 4: FID 157 done, 0 downloads
2026-06-24 12:20:46,882 [INFO] Worker 4: FID 233 (62/65)
2026-06-24 12:20:46,885 [INFO] Worker 4: FID 233 done, 0 downloads
2026-06-24 12:20:46,894 [INFO] Worker 4: FID 130 (63/65)
2026-06-24 12:20:46,902 [INFO] Worker 4: FID 130 done, 0 downloads
2026-06-24 12:20:46,911 [INFO] Worker 4: FID 83 (64/65)
2026-06-24 12:20:46,919 [INFO] Worker 4: FID 83 done, 0 downloads
2026-06-24 12:20:46,928 [INFO] Worker 4: FID 377 (65/65)
2026-06-24 12:20:46,934 [INFO] Worker 4: FID 377 done, 0 downloads
2026-06-24 12:20:46,952 [INFO] Worker 4: finished. 8114 total completed.
2026-06-24 12:20:47,036 [INFO] All workers finished. 50086 total completed downloads.
2026-06-24 12:20:47,036 [INFO] Output: /share/home/e2406749/thesis_tiles_120px
2026-06-24 13:09:56,444 [INFO] Parsing CSVs from: /share/castor/home/e2406749/tropical_forest_disturbance/data_csv
2026-06-24 13:09:56,444 [INFO] Tile size: 120x120 px (1200 m footprint)
2026-06-24 13:09:56,444 [INFO] Output base: /share/home/e2406749/thesis_tiles_120px
2026-06-24 13:09:56,444 [INFO] Products: ['s1_grd']
2026-06-24 13:09:56,475 [INFO] Parsed v1_images_s2_s1.csv: 389 rows
2026-06-24 13:09:56,489 [INFO] Parsed v2_images_s2_s1.csv: 389 rows
2026-06-24 13:09:56,502 [INFO] Parsed v3_images_s2_s1.csv: 389 rows
2026-06-24 13:09:56,504 [INFO] Merged: 389 FIDs, 12856 unique (fid, image, window) pairs
2026-06-24 13:09:56,504 [INFO] Launching 6 parallel workers for 389 FIDs
2026-06-24 13:09:56,505 [INFO]   Worker 0: 65 FIDs
2026-06-24 13:09:56,505 [INFO]   Worker 1: 65 FIDs
2026-06-24 13:09:56,505 [INFO]   Worker 2: 65 FIDs
2026-06-24 13:09:56,505 [INFO]   Worker 3: 65 FIDs
2026-06-24 13:09:56,505 [INFO]   Worker 4: 65 FIDs
2026-06-24 13:09:56,505 [INFO]   Worker 5: 64 FIDs
2026-06-24 13:09:56,532 [INFO] Worker 0: starting with 65 FIDs, products: ['s1_grd'], tile_size: 120px
2026-06-24 13:09:56,533 [INFO] Worker 1: starting with 65 FIDs, products: ['s1_grd'], tile_size: 120px
2026-06-24 13:09:56,535 [INFO] Worker 2: starting with 65 FIDs, products: ['s1_grd'], tile_size: 120px
2026-06-24 13:09:56,536 [INFO] Worker 3: starting with 65 FIDs, products: ['s1_grd'], tile_size: 120px
2026-06-24 13:09:56,537 [INFO] Worker 4: starting with 65 FIDs, products: ['s1_grd'], tile_size: 120px
2026-06-24 13:09:56,539 [INFO] Worker 5: starting with 64 FIDs, products: ['s1_grd'], tile_size: 120px
2026-06-24 13:09:57,865 [INFO] Worker 2: resumed with 8025 completed
2026-06-24 13:09:57,865 [INFO] Worker 2: FID 267 (1/65)
2026-06-24 13:09:57,868 [INFO] Worker 2: FID 267 done, 0 downloads
2026-06-24 13:09:57,882 [INFO] Worker 2: FID 217 (2/65)
2026-06-24 13:09:57,883 [INFO] Worker 2: FID 217 done, 0 downloads
2026-06-24 13:09:57,892 [INFO] Worker 2: FID 146 (3/65)
2026-06-24 13:09:57,893 [INFO] Worker 2: FID 146 done, 0 downloads
2026-06-24 13:09:57,902 [INFO] Worker 2: FID 276 (4/65)
2026-06-24 13:09:57,903 [INFO] Worker 2: FID 276 done, 0 downloads
2026-06-24 13:09:57,912 [INFO] Worker 2: FID 1 (5/65)
2026-06-24 13:09:57,913 [INFO] Worker 2: FID 1 done, 0 downloads
2026-06-24 13:09:57,926 [INFO] Worker 2: FID 15 (6/65)
2026-06-24 13:09:57,927 [INFO] Worker 2: FID 15 done, 0 downloads
2026-06-24 13:09:57,936 [INFO] Worker 2: FID 32 (7/65)
2026-06-24 13:09:57,937 [INFO] Worker 2: FID 32 done, 0 downloads
2026-06-24 13:09:57,945 [INFO] Worker 2: FID 273 (8/65)
2026-06-24 13:09:57,946 [INFO] Worker 2: FID 273 done, 0 downloads
2026-06-24 13:09:57,955 [INFO] Worker 2: FID 222 (9/65)
2026-06-24 13:09:57,955 [INFO] Worker 2: FID 222 done, 0 downloads
2026-06-24 13:09:57,963 [INFO] Worker 3: resumed with 7764 completed
2026-06-24 13:09:57,964 [INFO] Worker 3: FID 141 (1/65)
2026-06-24 13:09:57,964 [INFO] Worker 2: FID 82 (10/65)
2026-06-24 13:09:57,964 [INFO] Worker 2: FID 82 done, 0 downloads
2026-06-24 13:09:57,967 [INFO] Worker 3: FID 141 done, 0 downloads
2026-06-24 13:09:57,973 [INFO] Worker 2: FID 334 (11/65)
2026-06-24 13:09:57,973 [INFO] Worker 2: FID 334 done, 0 downloads
2026-06-24 13:09:57,985 [INFO] Worker 3: FID 215 (2/65)
2026-06-24 13:09:57,985 [INFO] Worker 1: resumed with 7463 completed
2026-06-24 13:09:57,985 [INFO] Worker 1: FID 90 (1/65)
2026-06-24 13:09:57,986 [INFO] Worker 3: FID 215 done, 0 downloads
2026-06-24 13:09:57,986 [INFO] Worker 2: FID 226 (12/65)
2026-06-24 13:09:57,986 [INFO] Worker 2: FID 226 done, 0 downloads
2026-06-24 13:09:57,988 [INFO] Worker 1: FID 90 done, 0 downloads
2026-06-24 13:09:57,998 [INFO] Worker 3: FID 271 (3/65)
2026-06-24 13:09:57,999 [INFO] Worker 3: FID 271 done, 0 downloads
2026-06-24 13:09:57,999 [INFO] Worker 2: FID 201 (13/65)
2026-06-24 13:09:58,000 [INFO] Worker 2: FID 201 done, 0 downloads
2026-06-24 13:09:58,003 [INFO] Worker 1: FID 270 (2/65)
2026-06-24 13:09:58,004 [INFO] Worker 1: FID 270 done, 0 downloads
2026-06-24 13:09:58,019 [INFO] Worker 2: FID 45 (14/65)
2026-06-24 13:09:58,019 [INFO] Worker 3: FID 127 (4/65)
2026-06-24 13:09:58,019 [INFO] Worker 2: FID 45 done, 0 downloads
2026-06-24 13:09:58,019 [INFO] Worker 3: FID 127 done, 0 downloads
2026-06-24 13:09:58,019 [INFO] Worker 1: FID 144 (3/65)
2026-06-24 13:09:58,020 [INFO] Worker 1: FID 144 done, 0 downloads
2026-06-24 13:09:58,035 [INFO] Worker 3: FID 6 (5/65)
2026-06-24 13:09:58,035 [INFO] Worker 2: FID 68 (15/65)
2026-06-24 13:09:58,035 [INFO] Worker 5: resumed with 10714 completed
2026-06-24 13:09:58,036 [INFO] Worker 5: FID 268 (1/64)
2026-06-24 13:09:58,036 [INFO] Worker 2: FID 68 done, 0 downloads
2026-06-24 13:09:58,036 [INFO] Worker 1: FID 275 (4/65)
2026-06-24 13:09:58,036 [INFO] Worker 3: FID 6 done, 0 downloads
2026-06-24 13:09:58,037 [INFO] Worker 1: FID 275 done, 0 downloads
2026-06-24 13:09:58,038 [INFO] Worker 5: FID 268 done, 0 downloads
2026-06-24 13:09:58,052 [INFO] Worker 3: FID 16 (6/65)
2026-06-24 13:09:58,053 [INFO] Worker 3: FID 16 done, 0 downloads
2026-06-24 13:09:58,058 [INFO] Worker 1: FID 381 (5/65)
2026-06-24 13:09:58,058 [INFO] Worker 2: FID 214 (16/65)
2026-06-24 13:09:58,059 [INFO] Worker 2: FID 214 done, 0 downloads
2026-06-24 13:09:58,059 [INFO] Worker 1: FID 381 done, 0 downloads
2026-06-24 13:09:58,059 [INFO] Worker 5: FID 95 (2/64)
2026-06-24 13:09:58,060 [INFO] Worker 5: FID 95 done, 0 downloads
2026-06-24 13:09:58,067 [INFO] Worker 3: FID 40 (7/65)
2026-06-24 13:09:58,068 [INFO] Worker 3: FID 40 done, 0 downloads
2026-06-24 13:09:58,071 [INFO] Worker 1: FID 14 (6/65)
2026-06-24 13:09:58,071 [INFO] Worker 1: FID 14 done, 0 downloads
2026-06-24 13:09:58,080 [INFO] Worker 2: FID 5 (17/65)
2026-06-24 13:09:58,081 [INFO] Worker 2: FID 5 done, 0 downloads
2026-06-24 13:09:58,081 [INFO] Worker 5: FID 266 (3/64)
2026-06-24 13:09:58,082 [INFO] Worker 5: FID 266 done, 0 downloads
2026-06-24 13:09:58,102 [INFO] Worker 3: FID 274 (8/65)
2026-06-24 13:09:58,102 [INFO] Worker 1: FID 30 (7/65)
2026-06-24 13:09:58,102 [INFO] Worker 2: FID 29 (18/65)
2026-06-24 13:09:58,102 [INFO] Worker 1: FID 30 done, 0 downloads
2026-06-24 13:09:58,103 [INFO] Worker 2: FID 29 done, 0 downloads
2026-06-24 13:09:58,103 [INFO] Worker 5: FID 205 (4/64)
2026-06-24 13:09:58,103 [INFO] Worker 3: FID 274 done, 0 downloads
2026-06-24 13:09:58,103 [INFO] Worker 5: FID 205 done, 0 downloads
2026-06-24 13:09:58,125 [INFO] Worker 1: FID 44 (8/65)
2026-06-24 13:09:58,125 [INFO] Worker 3: FID 150 (9/65)
2026-06-24 13:09:58,125 [INFO] Worker 2: FID 151 (19/65)
2026-06-24 13:09:58,125 [INFO] Worker 2: FID 151 done, 0 downloads
2026-06-24 13:09:58,125 [INFO] Worker 3: FID 150 done, 0 downloads
2026-06-24 13:09:58,125 [INFO] Worker 1: FID 44 done, 0 downloads
2026-06-24 13:09:58,126 [INFO] Worker 5: FID 353 (5/64)
2026-06-24 13:09:58,126 [INFO] Worker 5: FID 353 done, 0 downloads
2026-06-24 13:09:58,134 [INFO] Worker 3: FID 84 (10/65)
2026-06-24 13:09:58,135 [INFO] Worker 3: FID 84 done, 0 downloads
2026-06-24 13:09:58,148 [INFO] Worker 1: FID 218 (9/65)
2026-06-24 13:09:58,148 [INFO] Worker 2: FID 339 (20/65)
2026-06-24 13:09:58,148 [INFO] Worker 1: FID 218 done, 0 downloads
2026-06-24 13:09:58,148 [INFO] Worker 2: FID 339 done, 0 downloads
2026-06-24 13:09:58,149 [INFO] Worker 5: FID 18 (6/64)
2026-06-24 13:09:58,150 [INFO] Worker 5: FID 18 done, 0 downloads
2026-06-24 13:09:58,170 [INFO] Worker 3: FID 219 (11/65)
2026-06-24 13:09:58,170 [INFO] Worker 2: FID 332 (21/65)
2026-06-24 13:09:58,170 [INFO] Worker 1: FID 49 (10/65)
2026-06-24 13:09:58,170 [INFO] Worker 3: FID 219 done, 0 downloads
2026-06-24 13:09:58,170 [INFO] Worker 1: FID 49 done, 0 downloads
2026-06-24 13:09:58,170 [INFO] Worker 2: FID 332 done, 0 downloads
2026-06-24 13:09:58,171 [INFO] Worker 5: FID 42 (7/64)
2026-06-24 13:09:58,171 [INFO] Worker 5: FID 42 done, 0 downloads
2026-06-24 13:09:58,192 [INFO] Worker 2: FID 365 (22/65)
2026-06-24 13:09:58,192 [INFO] Worker 1: FID 27 (11/65)
2026-06-24 13:09:58,192 [INFO] Worker 3: FID 278 (12/65)
2026-06-24 13:09:58,193 [INFO] Worker 3: FID 278 done, 0 downloads
2026-06-24 13:09:58,193 [INFO] Worker 1: FID 27 done, 0 downloads
2026-06-24 13:09:58,193 [INFO] Worker 2: FID 365 done, 0 downloads
2026-06-24 13:09:58,193 [INFO] Worker 5: FID 216 (8/64)
2026-06-24 13:09:58,195 [INFO] Worker 5: FID 216 done, 0 downloads
2026-06-24 13:09:58,209 [INFO] Worker 1: FID 98 (12/65)
2026-06-24 13:09:58,210 [INFO] Worker 1: FID 98 done, 0 downloads
2026-06-24 13:09:58,215 [INFO] Worker 3: FID 316 (13/65)
2026-06-24 13:09:58,215 [INFO] Worker 2: FID 147 (23/65)
2026-06-24 13:09:58,215 [INFO] Worker 2: FID 147 done, 0 downloads
2026-06-24 13:09:58,215 [INFO] Worker 3: FID 316 done, 0 downloads
2026-06-24 13:09:58,216 [INFO] Worker 5: FID 164 (9/64)
2026-06-24 13:09:58,216 [INFO] Worker 5: FID 164 done, 0 downloads
2026-06-24 13:09:58,236 [INFO] Worker 1: FID 313 (13/65)
2026-06-24 13:09:58,236 [INFO] Worker 2: FID 153 (24/65)
2026-06-24 13:09:58,236 [INFO] Worker 3: FID 46 (14/65)
2026-06-24 13:09:58,237 [INFO] Worker 2: FID 153 done, 0 downloads
2026-06-24 13:09:58,237 [INFO] Worker 1: FID 313 done, 0 downloads
2026-06-24 13:09:58,237 [INFO] Worker 3: FID 46 done, 0 downloads
2026-06-24 13:09:58,238 [INFO] Worker 5: FID 23 (10/64)
2026-06-24 13:09:58,238 [INFO] Worker 5: FID 23 done, 0 downloads
2026-06-24 13:09:58,259 [INFO] Worker 2: FID 156 (25/65)
2026-06-24 13:09:58,259 [INFO] Worker 1: FID 135 (14/65)
2026-06-24 13:09:58,259 [INFO] Worker 3: FID 69 (15/65)
2026-06-24 13:09:58,259 [INFO] Worker 1: FID 135 done, 0 downloads
2026-06-24 13:09:58,259 [INFO] Worker 2: FID 156 done, 0 downloads
2026-06-24 13:09:58,260 [INFO] Worker 3: FID 69 done, 0 downloads
2026-06-24 13:09:58,260 [INFO] Worker 5: FID 148 (11/64)
2026-06-24 13:09:58,260 [INFO] Worker 5: FID 148 done, 0 downloads
2026-06-24 13:09:58,281 [INFO] Worker 2: FID 282 (26/65)
2026-06-24 13:09:58,281 [INFO] Worker 1: FID 74 (15/65)
2026-06-24 13:09:58,281 [INFO] Worker 3: FID 333 (16/65)
2026-06-24 13:09:58,281 [INFO] Worker 2: FID 282 done, 0 downloads
2026-06-24 13:09:58,281 [INFO] Worker 1: FID 74 done, 0 downloads
2026-06-24 13:09:58,282 [INFO] Worker 3: FID 333 done, 0 downloads
2026-06-24 13:09:58,282 [INFO] Worker 5: FID 228 (12/64)
2026-06-24 13:09:58,283 [INFO] Worker 5: FID 228 done, 0 downloads
2026-06-24 13:09:58,303 [INFO] Worker 2: FID 232 (27/65)
2026-06-24 13:09:58,303 [INFO] Worker 1: FID 137 (16/65)
2026-06-24 13:09:58,303 [INFO] Worker 3: FID 8 (17/65)
2026-06-24 13:09:58,304 [INFO] Worker 1: FID 137 done, 0 downloads
2026-06-24 13:09:58,304 [INFO] Worker 2: FID 232 done, 0 downloads
2026-06-24 13:09:58,304 [INFO] Worker 3: FID 8 done, 0 downloads
2026-06-24 13:09:58,304 [INFO] Worker 5: FID 260 (13/64)
2026-06-24 13:09:58,306 [INFO] Worker 5: FID 260 done, 0 downloads
2026-06-24 13:09:58,312 [INFO] Worker 1: FID 4 (17/65)
2026-06-24 13:09:58,312 [INFO] Worker 1: FID 4 done, 0 downloads
2026-06-24 13:09:58,325 [INFO] Worker 2: FID 310 (28/65)
2026-06-24 13:09:58,325 [INFO] Worker 3: FID 31 (18/65)
2026-06-24 13:09:58,326 [INFO] Worker 2: FID 310 done, 0 downloads
2026-06-24 13:09:58,327 [INFO] Worker 5: FID 263 (14/64)
2026-06-24 13:09:58,327 [INFO] Worker 3: FID 31 done, 0 downloads
2026-06-24 13:09:58,327 [INFO] Worker 5: FID 263 done, 0 downloads
2026-06-24 13:09:58,337 [INFO] Worker 1: FID 28 (18/65)
2026-06-24 13:09:58,338 [INFO] Worker 1: FID 28 done, 0 downloads
2026-06-24 13:09:58,338 [INFO] Worker 2: FID 197 (29/65)
2026-06-24 13:09:58,338 [INFO] Worker 2: FID 197 done, 0 downloads
2026-06-24 13:09:58,347 [INFO] Worker 5: FID 374 (15/64)
2026-06-24 13:09:58,347 [INFO] Worker 5: FID 374 done, 0 downloads
2026-06-24 13:09:58,348 [INFO] Worker 3: FID 161 (19/65)
2026-06-24 13:09:58,348 [INFO] Worker 3: FID 161 done, 0 downloads
2026-06-24 13:09:58,355 [INFO] Worker 1: FID 92 (19/65)
2026-06-24 13:09:58,355 [INFO] Worker 1: FID 92 done, 0 downloads
2026-06-24 13:09:58,368 [INFO] Worker 2: FID 315 (30/65)
2026-06-24 13:09:58,368 [INFO] Worker 3: FID 343 (20/65)
2026-06-24 13:09:58,368 [INFO] Worker 2: FID 315 done, 0 downloads
2026-06-24 13:09:58,369 [INFO] Worker 3: FID 343 done, 0 downloads
2026-06-24 13:09:58,369 [INFO] Worker 5: FID 2 (16/64)
2026-06-24 13:09:58,371 [INFO] Worker 5: FID 2 done, 0 downloads
2026-06-24 13:09:58,376 [INFO] Worker 1: FID 325 (20/65)
2026-06-24 13:09:58,377 [INFO] Worker 1: FID 325 done, 0 downloads
2026-06-24 13:09:58,389 [INFO] Worker 2: FID 207 (31/65)
2026-06-24 13:09:58,389 [INFO] Worker 3: FID 89 (21/65)
2026-06-24 13:09:58,389 [INFO] Worker 5: FID 12 (17/64)
2026-06-24 13:09:58,390 [INFO] Worker 3: FID 89 done, 0 downloads
2026-06-24 13:09:58,390 [INFO] Worker 2: FID 207 done, 0 downloads
2026-06-24 13:09:58,390 [INFO] Worker 5: FID 12 done, 0 downloads
2026-06-24 13:09:58,398 [INFO] Worker 1: FID 87 (21/65)
2026-06-24 13:09:58,399 [INFO] Worker 1: FID 87 done, 0 downloads
2026-06-24 13:09:58,411 [INFO] Worker 2: FID 132 (32/65)
2026-06-24 13:09:58,411 [INFO] Worker 3: FID 20 (22/65)
2026-06-24 13:09:58,411 [INFO] Worker 2: FID 132 done, 0 downloads
2026-06-24 13:09:58,412 [INFO] Worker 3: FID 20 done, 0 downloads
2026-06-24 13:09:58,412 [INFO] Worker 5: FID 39 (18/64)
2026-06-24 13:09:58,413 [INFO] Worker 5: FID 39 done, 0 downloads
2026-06-24 13:09:58,432 [INFO] Worker 1: FID 361 (22/65)
2026-06-24 13:09:58,432 [INFO] Worker 2: FID 50 (33/65)
2026-06-24 13:09:58,432 [INFO] Worker 3: FID 149 (23/65)
2026-06-24 13:09:58,433 [INFO] Worker 3: FID 149 done, 0 downloads
2026-06-24 13:09:58,433 [INFO] Worker 2: FID 50 done, 0 downloads
2026-06-24 13:09:58,433 [INFO] Worker 1: FID 361 done, 0 downloads
2026-06-24 13:09:58,433 [INFO] Worker 5: FID 168 (19/64)
2026-06-24 13:09:58,434 [INFO] Worker 5: FID 168 done, 0 downloads
2026-06-24 13:09:58,455 [INFO] Worker 1: FID 63 (23/65)
2026-06-24 13:09:58,455 [INFO] Worker 2: FID 330 (34/65)
2026-06-24 13:09:58,455 [INFO] Worker 3: FID 224 (24/65)
2026-06-24 13:09:58,455 [INFO] Worker 2: FID 330 done, 0 downloads
2026-06-24 13:09:58,456 [INFO] Worker 1: FID 63 done, 0 downloads
2026-06-24 13:09:58,456 [INFO] Worker 3: FID 224 done, 0 downloads
2026-06-24 13:09:58,456 [INFO] Worker 5: FID 81 (20/64)
2026-06-24 13:09:58,457 [INFO] Worker 5: FID 81 done, 0 downloads
2026-06-24 13:09:58,477 [INFO] Worker 1: FID 154 (24/65)
2026-06-24 13:09:58,477 [INFO] Worker 2: FID 212 (35/65)
2026-06-24 13:09:58,477 [INFO] Worker 3: FID 280 (25/65)
2026-06-24 13:09:58,478 [INFO] Worker 1: FID 154 done, 0 downloads
2026-06-24 13:09:58,478 [INFO] Worker 2: FID 212 done, 0 downloads
2026-06-24 13:09:58,478 [INFO] Worker 5: FID 349 (21/64)
2026-06-24 13:09:58,478 [INFO] Worker 3: FID 280 done, 0 downloads
2026-06-24 13:09:58,479 [INFO] Worker 5: FID 349 done, 0 downloads
2026-06-24 13:09:58,499 [INFO] Worker 2: FID 370 (36/65)
2026-06-24 13:09:58,499 [INFO] Worker 1: FID 155 (25/65)
2026-06-24 13:09:58,499 [INFO] Worker 3: FID 169 (26/65)
2026-06-24 13:09:58,500 [INFO] Worker 1: FID 155 done, 0 downloads
2026-06-24 13:09:58,500 [INFO] Worker 3: FID 169 done, 0 downloads
2026-06-24 13:09:58,500 [INFO] Worker 2: FID 370 done, 0 downloads
2026-06-24 13:09:58,500 [INFO] Worker 5: FID 25 (22/64)
2026-06-24 13:09:58,501 [INFO] Worker 5: FID 25 done, 0 downloads
2026-06-24 13:09:58,509 [INFO] Worker 1: FID 158 (26/65)
2026-06-24 13:09:58,509 [INFO] Worker 1: FID 158 done, 0 downloads
2026-06-24 13:09:58,522 [INFO] Worker 3: FID 120 (27/65)
2026-06-24 13:09:58,522 [INFO] Worker 2: FID 61 (37/65)
2026-06-24 13:09:58,522 [INFO] Worker 0: resumed with 8006 completed
2026-06-24 13:09:58,522 [INFO] Worker 0: FID 140 (1/65)
2026-06-24 13:09:58,522 [INFO] Worker 3: FID 120 done, 0 downloads
2026-06-24 13:09:58,522 [INFO] Worker 2: FID 61 done, 0 downloads
2026-06-24 13:09:58,523 [INFO] Worker 5: FID 152 (23/64)
2026-06-24 13:09:58,523 [INFO] Worker 5: FID 152 done, 0 downloads
2026-06-24 13:09:58,525 [INFO] Worker 0: FID 140 done, 0 downloads
2026-06-24 13:09:58,539 [INFO] Worker 1: FID 231 (27/65)
2026-06-24 13:09:58,540 [INFO] Worker 1: FID 231 done, 0 downloads
2026-06-24 13:09:58,543 [INFO] Worker 3: FID 196 (28/65)
2026-06-24 13:09:58,543 [INFO] Worker 5: FID 279 (24/64)
2026-06-24 13:09:58,544 [INFO] Worker 5: FID 279 done, 0 downloads
2026-06-24 13:09:58,544 [INFO] Worker 2: FID 104 (38/65)
2026-06-24 13:09:58,544 [INFO] Worker 3: FID 196 done, 0 downloads
2026-06-24 13:09:58,545 [INFO] Worker 2: FID 104 done, 0 downloads
2026-06-24 13:09:58,561 [INFO] Worker 1: FID 252 (28/65)
2026-06-24 13:09:58,562 [INFO] Worker 1: FID 252 done, 0 downloads
2026-06-24 13:09:58,569 [INFO] Worker 3: FID 256 (29/65)
2026-06-24 13:09:58,569 [INFO] Worker 5: FID 227 (25/64)
2026-06-24 13:09:58,569 [INFO] Worker 0: FID 269 (2/65)
2026-06-24 13:09:58,570 [INFO] Worker 3: FID 256 done, 0 downloads
2026-06-24 13:09:58,570 [INFO] Worker 5: FID 227 done, 0 downloads
2026-06-24 13:09:58,570 [INFO] Worker 0: FID 269 done, 0 downloads
2026-06-24 13:09:58,570 [INFO] Worker 2: FID 108 (39/65)
2026-06-24 13:09:58,571 [INFO] Worker 2: FID 108 done, 0 downloads
2026-06-24 13:09:58,593 [INFO] Worker 5: FID 105 (26/64)
2026-06-24 13:09:58,593 [INFO] Worker 5: FID 105 done, 0 downloads
2026-06-24 13:09:58,595 [INFO] Worker 3: FID 129 (30/65)
2026-06-24 13:09:58,595 [INFO] Worker 0: FID 143 (3/65)
2026-06-24 13:09:58,595 [INFO] Worker 1: FID 255 (29/65)
2026-06-24 13:09:58,596 [INFO] Worker 3: FID 129 done, 0 downloads
2026-06-24 13:09:58,596 [INFO] Worker 0: FID 143 done, 0 downloads
2026-06-24 13:09:58,596 [INFO] Worker 1: FID 255 done, 0 downloads
2026-06-24 13:09:58,596 [INFO] Worker 2: FID 109 (40/65)
2026-06-24 13:09:58,597 [INFO] Worker 2: FID 109 done, 0 downloads
2026-06-24 13:09:58,616 [INFO] Worker 3: FID 208 (31/65)
2026-06-24 13:09:58,617 [INFO] Worker 3: FID 208 done, 0 downloads
2026-06-24 13:09:58,622 [INFO] Worker 1: FID 259 (30/65)
2026-06-24 13:09:58,622 [INFO] Worker 2: FID 357 (41/65)
2026-06-24 13:09:58,622 [INFO] Worker 0: FID 272 (4/65)
2026-06-24 13:09:58,622 [INFO] Worker 0: FID 272 done, 0 downloads
2026-06-24 13:09:58,622 [INFO] Worker 2: FID 357 done, 0 downloads
2026-06-24 13:09:58,622 [INFO] Worker 1: FID 259 done, 0 downloads
2026-06-24 13:09:58,623 [INFO] Worker 5: FID 308 (27/64)
2026-06-24 13:09:58,624 [INFO] Worker 5: FID 308 done, 0 downloads
2026-06-24 13:09:58,648 [INFO] Worker 1: FID 321 (31/65)
2026-06-24 13:09:58,648 [INFO] Worker 3: FID 133 (32/65)
2026-06-24 13:09:58,648 [INFO] Worker 2: FID 362 (42/65)
2026-06-24 13:09:58,648 [INFO] Worker 0: FID 53 (5/65)
2026-06-24 13:09:58,648 [INFO] Worker 3: FID 133 done, 0 downloads
2026-06-24 13:09:58,649 [INFO] Worker 0: FID 53 done, 0 downloads
2026-06-24 13:09:58,649 [INFO] Worker 2: FID 362 done, 0 downloads
2026-06-24 13:09:58,649 [INFO] Worker 5: FID 198 (28/64)
2026-06-24 13:09:58,649 [INFO] Worker 1: FID 321 done, 0 downloads
2026-06-24 13:09:58,649 [INFO] Worker 5: FID 198 done, 0 downloads
2026-06-24 13:09:58,675 [INFO] Worker 0: FID 355 (6/65)
2026-06-24 13:09:58,675 [INFO] Worker 2: FID 285 (43/65)
2026-06-24 13:09:58,675 [INFO] Worker 1: FID 324 (32/65)
2026-06-24 13:09:58,675 [INFO] Worker 5: FID 202 (29/64)
2026-06-24 13:09:58,675 [INFO] Worker 5: FID 202 done, 0 downloads
2026-06-24 13:09:58,675 [INFO] Worker 1: FID 324 done, 0 downloads
2026-06-24 13:09:58,675 [INFO] Worker 2: FID 285 done, 0 downloads
2026-06-24 13:09:58,675 [INFO] Worker 0: FID 355 done, 0 downloads
2026-06-24 13:09:58,676 [INFO] Worker 3: FID 51 (33/65)
2026-06-24 13:09:58,676 [INFO] Worker 3: FID 51 done, 0 downloads
2026-06-24 13:09:58,702 [INFO] Worker 2: FID 305 (44/65)
2026-06-24 13:09:58,702 [INFO] Worker 1: FID 338 (33/65)
2026-06-24 13:09:58,702 [INFO] Worker 3: FID 64 (34/65)
2026-06-24 13:09:58,702 [INFO] Worker 0: FID 19 (7/65)
2026-06-24 13:09:58,702 [INFO] Worker 1: FID 338 done, 0 downloads
2026-06-24 13:09:58,702 [INFO] Worker 3: FID 64 done, 0 downloads
2026-06-24 13:09:58,702 [INFO] Worker 2: FID 305 done, 0 downloads
2026-06-24 13:09:58,703 [INFO] Worker 5: FID 319 (30/64)
2026-06-24 13:09:58,704 [INFO] Worker 5: FID 319 done, 0 downloads
2026-06-24 13:09:58,705 [INFO] Worker 0: FID 19 done, 0 downloads
2026-06-24 13:09:58,711 [INFO] Worker 1: FID 57 (34/65)
2026-06-24 13:09:58,711 [INFO] Worker 1: FID 57 done, 0 downloads
2026-06-24 13:09:58,725 [INFO] Worker 5: FID 131 (31/64)
2026-06-24 13:09:58,726 [INFO] Worker 5: FID 131 done, 0 downloads
2026-06-24 13:09:58,728 [INFO] Worker 2: FID 307 (45/65)
2026-06-24 13:09:58,728 [INFO] Worker 3: FID 329 (35/65)
2026-06-24 13:09:58,729 [INFO] Worker 3: FID 329 done, 0 downloads
2026-06-24 13:09:58,729 [INFO] Worker 2: FID 307 done, 0 downloads
2026-06-24 13:09:58,729 [INFO] Worker 0: FID 43 (8/65)
2026-06-24 13:09:58,730 [INFO] Worker 0: FID 43 done, 0 downloads
2026-06-24 13:09:58,745 [INFO] Worker 3: FID 359 (36/65)
2026-06-24 13:09:58,745 [INFO] Worker 3: FID 359 done, 0 downloads
2026-06-24 13:09:58,754 [INFO] Worker 1: FID 73 (35/65)
2026-06-24 13:09:58,754 [INFO] Worker 2: FID 320 (46/65)
2026-06-24 13:09:58,754 [INFO] Worker 5: FID 211 (32/64)
2026-06-24 13:09:58,754 [INFO] Worker 1: FID 73 done, 0 downloads
2026-06-24 13:09:58,754 [INFO] Worker 2: FID 320 done, 0 downloads
2026-06-24 13:09:58,754 [INFO] Worker 5: FID 211 done, 0 downloads
2026-06-24 13:09:58,754 [INFO] Worker 0: FID 145 (9/65)
2026-06-24 13:09:58,755 [INFO] Worker 0: FID 145 done, 0 downloads
2026-06-24 13:09:58,763 [INFO] Worker 1: FID 265 (36/65)
2026-06-24 13:09:58,763 [INFO] Worker 1: FID 265 done, 0 downloads
2026-06-24 13:09:58,780 [INFO] Worker 2: FID 134 (47/65)
2026-06-24 13:09:58,780 [INFO] Worker 3: FID 33 (37/65)
2026-06-24 13:09:58,780 [INFO] Worker 0: FID 34 (10/65)
2026-06-24 13:09:58,780 [INFO] Worker 0: FID 34 done, 0 downloads
2026-06-24 13:09:58,780 [INFO] Worker 2: FID 134 done, 0 downloads
2026-06-24 13:09:58,781 [INFO] Worker 3: FID 33 done, 0 downloads
2026-06-24 13:09:58,781 [INFO] Worker 5: FID 56 (33/64)
2026-06-24 13:09:58,781 [INFO] Worker 5: FID 56 done, 0 downloads
2026-06-24 13:09:58,806 [INFO] Worker 1: FID 10 (37/65)
2026-06-24 13:09:58,806 [INFO] Worker 3: FID 163 (38/65)
2026-06-24 13:09:58,806 [INFO] Worker 2: FID 342 (48/65)
2026-06-24 13:09:58,806 [INFO] Worker 0: FID 24 (11/65)
2026-06-24 13:09:58,806 [INFO] Worker 2: FID 342 done, 0 downloads
2026-06-24 13:09:58,806 [INFO] Worker 1: FID 10 done, 0 downloads
2026-06-24 13:09:58,806 [INFO] Worker 0: FID 24 done, 0 downloads
2026-06-24 13:09:58,806 [INFO] Worker 3: FID 163 done, 0 downloads
2026-06-24 13:09:58,807 [INFO] Worker 5: FID 71 (34/64)
2026-06-24 13:09:58,807 [INFO] Worker 5: FID 71 done, 0 downloads
2026-06-24 13:09:58,820 [INFO] Worker 2: FID 75 (49/65)
2026-06-24 13:09:58,821 [INFO] Worker 2: FID 75 done, 0 downloads
2026-06-24 13:09:58,828 [INFO] Worker 0: FID 220 (12/65)
2026-06-24 13:09:58,829 [INFO] Worker 0: FID 220 done, 0 downloads
2026-06-24 13:09:58,833 [INFO] Worker 1: FID 36 (38/65)
2026-06-24 13:09:58,833 [INFO] Worker 3: FID 234 (39/65)
2026-06-24 13:09:58,833 [INFO] Worker 1: FID 36 done, 0 downloads
2026-06-24 13:09:58,834 [INFO] Worker 3: FID 234 done, 0 downloads
2026-06-24 13:09:58,834 [INFO] Worker 5: FID 76 (35/64)
2026-06-24 13:09:58,835 [INFO] Worker 5: FID 76 done, 0 downloads
2026-06-24 13:09:58,854 [INFO] Worker 3: FID 111 (40/65)
2026-06-24 13:09:58,855 [INFO] Worker 3: FID 111 done, 0 downloads
2026-06-24 13:09:58,859 [INFO] Worker 0: FID 284 (13/65)
2026-06-24 13:09:58,859 [INFO] Worker 2: FID 60 (50/65)
2026-06-24 13:09:58,859 [INFO] Worker 1: FID 288 (39/65)
2026-06-24 13:09:58,860 [INFO] Worker 1: FID 288 done, 0 downloads
2026-06-24 13:09:58,860 [INFO] Worker 0: FID 284 done, 0 downloads
2026-06-24 13:09:58,860 [INFO] Worker 2: FID 60 done, 0 downloads
2026-06-24 13:09:58,860 [INFO] Worker 5: FID 9 (36/64)
2026-06-24 13:09:58,861 [INFO] Worker 5: FID 9 done, 0 downloads
2026-06-24 13:09:58,885 [INFO] Worker 1: FID 292 (40/65)
2026-06-24 13:09:58,885 [INFO] Worker 2: FID 389 (51/65)
2026-06-24 13:09:58,885 [INFO] Worker 3: FID 80 (41/65)
2026-06-24 13:09:58,885 [INFO] Worker 0: FID 209 (14/65)
2026-06-24 13:09:58,886 [INFO] Worker 1: FID 292 done, 0 downloads
2026-06-24 13:09:58,886 [INFO] Worker 2: FID 389 done, 0 downloads
2026-06-24 13:09:58,886 [INFO] Worker 3: FID 80 done, 0 downloads
2026-06-24 13:09:58,886 [INFO] Worker 0: FID 209 done, 0 downloads
2026-06-24 13:09:58,887 [INFO] Worker 5: FID 385 (37/64)
2026-06-24 13:09:58,889 [INFO] Worker 5: FID 385 done, 0 downloads
2026-06-24 13:09:58,906 [INFO] Worker 1: FID 293 (41/65)
2026-06-24 13:09:58,907 [INFO] Worker 1: FID 293 done, 0 downloads
2026-06-24 13:09:58,907 [INFO] Worker 0: FID 341 (15/65)
2026-06-24 13:09:58,908 [INFO] Worker 0: FID 341 done, 0 downloads
2026-06-24 13:09:58,912 [INFO] Worker 2: FID 85 (52/65)
2026-06-24 13:09:58,912 [INFO] Worker 3: FID 368 (42/65)
2026-06-24 13:09:58,912 [INFO] Worker 2: FID 85 done, 0 downloads
2026-06-24 13:09:58,913 [INFO] Worker 3: FID 368 done, 0 downloads
2026-06-24 13:09:58,913 [INFO] Worker 5: FID 286 (38/64)
2026-06-24 13:09:58,914 [INFO] Worker 5: FID 286 done, 0 downloads
2026-06-24 13:09:58,937 [INFO] Worker 1: FID 364 (42/65)
2026-06-24 13:09:58,937 [INFO] Worker 2: FID 281 (53/65)
2026-06-24 13:09:58,937 [INFO] Worker 3: FID 289 (43/65)
2026-06-24 13:09:58,937 [INFO] Worker 0: FID 376 (16/65)
2026-06-24 13:09:58,938 [INFO] Worker 1: FID 364 done, 0 downloads
2026-06-24 13:09:58,938 [INFO] Worker 2: FID 281 done, 0 downloads
2026-06-24 13:09:58,938 [INFO] Worker 0: FID 376 done, 0 downloads
2026-06-24 13:09:58,938 [INFO] Worker 3: FID 289 done, 0 downloads
2026-06-24 13:09:58,939 [INFO] Worker 5: FID 174 (39/64)
2026-06-24 13:09:58,939 [INFO] Worker 5: FID 174 done, 0 downloads
2026-06-24 13:09:58,963 [INFO] Worker 1: FID 229 (43/65)
2026-06-24 13:09:58,964 [INFO] Worker 2: FID 113 (54/65)
2026-06-24 13:09:58,964 [INFO] Worker 3: FID 121 (44/65)
2026-06-24 13:09:58,964 [INFO] Worker 0: FID 3 (17/65)
2026-06-24 13:09:58,964 [INFO] Worker 1: FID 229 done, 0 downloads
2026-06-24 13:09:58,964 [INFO] Worker 3: FID 121 done, 0 downloads
2026-06-24 13:09:58,964 [INFO] Worker 2: FID 113 done, 0 downloads
2026-06-24 13:09:58,965 [INFO] Worker 5: FID 290 (40/64)
2026-06-24 13:09:58,965 [INFO] Worker 5: FID 290 done, 0 downloads
2026-06-24 13:09:58,966 [INFO] Worker 0: FID 3 done, 0 downloads
2026-06-24 13:09:58,981 [INFO] Worker 3: FID 188 (45/65)
2026-06-24 13:09:58,982 [INFO] Worker 3: FID 188 done, 0 downloads
2026-06-24 13:09:58,990 [INFO] Worker 1: FID 300 (44/65)
2026-06-24 13:09:58,990 [INFO] Worker 0: FID 13 (18/65)
2026-06-24 13:09:58,990 [INFO] Worker 2: FID 241 (55/65)
2026-06-24 13:09:58,991 [INFO] Worker 0: FID 13 done, 0 downloads
2026-06-24 13:09:58,991 [INFO] Worker 2: FID 241 done, 0 downloads
2026-06-24 13:09:58,991 [INFO] Worker 1: FID 300 done, 0 downloads
2026-06-24 13:09:58,991 [INFO] Worker 5: FID 346 (41/64)
2026-06-24 13:09:58,992 [INFO] Worker 5: FID 346 done, 0 downloads
2026-06-24 13:09:59,004 [INFO] Worker 0: FID 360 (19/65)
2026-06-24 13:09:59,004 [INFO] Worker 0: FID 360 done, 0 downloads
2026-06-24 13:09:59,012 [INFO] Worker 3: FID 356 (46/65)
2026-06-24 13:09:59,012 [INFO] Worker 3: FID 356 done, 0 downloads
2026-06-24 13:09:59,016 [INFO] Worker 1: FID 304 (45/65)
2026-06-24 13:09:59,016 [INFO] Worker 5: FID 101 (42/64)
2026-06-24 13:09:59,017 [INFO] Worker 5: FID 101 done, 0 downloads
2026-06-24 13:09:59,017 [INFO] Worker 1: FID 304 done, 0 downloads
2026-06-24 13:09:59,017 [INFO] Worker 2: FID 116 (56/65)
2026-06-24 13:09:59,018 [INFO] Worker 2: FID 116 done, 0 downloads
2026-06-24 13:09:59,033 [INFO] Worker 4: resumed with 8114 completed
2026-06-24 13:09:59,033 [INFO] Worker 4: FID 91 (1/65)
2026-06-24 13:09:59,036 [INFO] Worker 4: FID 91 done, 0 downloads
2026-06-24 13:09:59,042 [INFO] Worker 3: FID 327 (47/65)
2026-06-24 13:09:59,043 [INFO] Worker 1: FID 128 (46/65)
2026-06-24 13:09:59,043 [INFO] Worker 0: FID 195 (20/65)
2026-06-24 13:09:59,043 [INFO] Worker 5: FID 294 (43/64)
2026-06-24 13:09:59,043 [INFO] Worker 3: FID 327 done, 0 downloads
2026-06-24 13:09:59,043 [INFO] Worker 1: FID 128 done, 0 downloads
2026-06-24 13:09:59,044 [INFO] Worker 2: FID 118 (57/65)
2026-06-24 13:09:59,044 [INFO] Worker 5: FID 294 done, 0 downloads
2026-06-24 13:09:59,044 [INFO] Worker 2: FID 118 done, 0 downloads
2026-06-24 13:09:59,044 [INFO] Worker 0: FID 195 done, 0 downloads
2026-06-24 13:09:59,052 [INFO] Worker 1: FID 386 (47/65)
2026-06-24 13:09:59,052 [INFO] Worker 1: FID 386 done, 0 downloads
2026-06-24 13:09:59,056 [INFO] Worker 3: FID 383 (48/65)
2026-06-24 13:09:59,057 [INFO] Worker 3: FID 383 done, 0 downloads
2026-06-24 13:09:59,074 [INFO] Worker 2: FID 309 (58/65)
2026-06-24 13:09:59,074 [INFO] Worker 0: FID 86 (21/65)
2026-06-24 13:09:59,074 [INFO] Worker 4: FID 93 (2/65)
2026-06-24 13:09:59,075 [INFO] Worker 0: FID 86 done, 0 downloads
2026-06-24 13:09:59,075 [INFO] Worker 5: FID 250 (44/64)
2026-06-24 13:09:59,075 [INFO] Worker 4: FID 93 done, 0 downloads
2026-06-24 13:09:59,076 [INFO] Worker 5: FID 250 done, 0 downloads
2026-06-24 13:09:59,076 [INFO] Worker 2: FID 309 done, 0 downloads
2026-06-24 13:09:59,090 [INFO] Worker 0: FID 366 (22/65)
2026-06-24 13:09:59,090 [INFO] Worker 0: FID 366 done, 0 downloads
2026-06-24 13:09:59,095 [INFO] Worker 1: FID 340 (48/65)
2026-06-24 13:09:59,095 [INFO] Worker 1: FID 340 done, 0 downloads
2026-06-24 13:09:59,103 [INFO] Worker 3: FID 331 (49/65)
2026-06-24 13:09:59,103 [INFO] Worker 4: FID 142 (3/65)
2026-06-24 13:09:59,103 [INFO] Worker 5: FID 253 (45/64)
2026-06-24 13:09:59,104 [INFO] Worker 4: FID 142 done, 0 downloads
2026-06-24 13:09:59,104 [INFO] Worker 3: FID 331 done, 0 downloads
2026-06-24 13:09:59,104 [INFO] Worker 5: FID 253 done, 0 downloads
2026-06-24 13:09:59,104 [INFO] Worker 2: FID 204 (59/65)
2026-06-24 13:09:59,105 [INFO] Worker 2: FID 204 done, 0 downloads
2026-06-24 13:09:59,133 [INFO] Worker 1: FID 70 (49/65)
2026-06-24 13:09:59,133 [INFO] Worker 4: FID 200 (4/65)
2026-06-24 13:09:59,133 [INFO] Worker 0: FID 26 (23/65)
2026-06-24 13:09:59,133 [INFO] Worker 3: FID 369 (50/65)
2026-06-24 13:09:59,133 [INFO] Worker 2: FID 59 (60/65)
2026-06-24 13:09:59,133 [INFO] Worker 1: FID 70 done, 0 downloads
2026-06-24 13:09:59,133 [INFO] Worker 4: FID 200 done, 0 downloads
2026-06-24 13:09:59,134 [INFO] Worker 0: FID 26 done, 0 downloads
2026-06-24 13:09:59,134 [INFO] Worker 3: FID 369 done, 0 downloads
2026-06-24 13:09:59,134 [INFO] Worker 2: FID 59 done, 0 downloads
2026-06-24 13:09:59,134 [INFO] Worker 5: FID 326 (46/64)
2026-06-24 13:09:59,135 [INFO] Worker 5: FID 326 done, 0 downloads
2026-06-24 13:09:59,142 [INFO] Worker 1: FID 136 (50/65)
2026-06-24 13:09:59,142 [INFO] Worker 1: FID 136 done, 0 downloads
2026-06-24 13:09:59,163 [INFO] Worker 2: FID 375 (61/65)
2026-06-24 13:09:59,163 [INFO] Worker 5: FID 387 (47/64)
2026-06-24 13:09:59,163 [INFO] Worker 3: FID 162 (51/65)
2026-06-24 13:09:59,163 [INFO] Worker 0: FID 277 (24/65)
2026-06-24 13:09:59,164 [INFO] Worker 5: FID 387 done, 0 downloads
2026-06-24 13:09:59,164 [INFO] Worker 3: FID 162 done, 0 downloads
2026-06-24 13:09:59,164 [INFO] Worker 0: FID 277 done, 0 downloads
2026-06-24 13:09:59,165 [INFO] Worker 4: FID 7 (5/65)
2026-06-24 13:09:59,165 [INFO] Worker 2: FID 375 done, 0 downloads
2026-06-24 13:09:59,165 [INFO] Worker 4: FID 7 done, 0 downloads
2026-06-24 13:09:59,171 [INFO] Worker 1: FID 388 (51/65)
2026-06-24 13:09:59,172 [INFO] Worker 1: FID 388 done, 0 downloads
2026-06-24 13:09:59,182 [INFO] Worker 5: FID 66 (48/64)
2026-06-24 13:09:59,182 [INFO] Worker 5: FID 66 done, 0 downloads
2026-06-24 13:09:59,193 [INFO] Worker 0: FID 99 (25/65)
2026-06-24 13:09:59,193 [INFO] Worker 4: FID 17 (6/65)
2026-06-24 13:09:59,193 [INFO] Worker 3: FID 213 (52/65)
2026-06-24 13:09:59,194 [INFO] Worker 3: FID 213 done, 0 downloads
2026-06-24 13:09:59,194 [INFO] Worker 4: FID 17 done, 0 downloads
2026-06-24 13:09:59,194 [INFO] Worker 2: FID 110 (62/65)
2026-06-24 13:09:59,195 [INFO] Worker 0: FID 99 done, 0 downloads
2026-06-24 13:09:59,195 [INFO] Worker 2: FID 110 done, 0 downloads
2026-06-24 13:09:59,216 [INFO] Worker 5: FID 77 (49/64)
2026-06-24 13:09:59,217 [INFO] Worker 5: FID 77 done, 0 downloads
2026-06-24 13:09:59,224 [INFO] Worker 1: FID 123 (52/65)
2026-06-24 13:09:59,224 [INFO] Worker 2: FID 119 (63/65)
2026-06-24 13:09:59,224 [INFO] Worker 3: FID 240 (53/65)
2026-06-24 13:09:59,224 [INFO] Worker 4: FID 41 (7/65)
2026-06-24 13:09:59,224 [INFO] Worker 2: FID 119 done, 0 downloads
2026-06-24 13:09:59,224 [INFO] Worker 3: FID 240 done, 0 downloads
2026-06-24 13:09:59,224 [INFO] Worker 1: FID 123 done, 0 downloads
2026-06-24 13:09:59,225 [INFO] Worker 0: FID 243 (26/65)
2026-06-24 13:09:59,225 [INFO] Worker 4: FID 41 done, 0 downloads
2026-06-24 13:09:59,225 [INFO] Worker 0: FID 243 done, 0 downloads
2026-06-24 13:09:59,238 [INFO] Worker 3: FID 238 (54/65)
2026-06-24 13:09:59,239 [INFO] Worker 3: FID 238 done, 0 downloads
2026-06-24 13:09:59,251 [INFO] Worker 2: FID 193 (64/65)
2026-06-24 13:09:59,252 [INFO] Worker 2: FID 193 done, 0 downloads
2026-06-24 13:09:59,255 [INFO] Worker 0: FID 106 (27/65)
2026-06-24 13:09:59,255 [INFO] Worker 4: FID 94 (8/65)
2026-06-24 13:09:59,255 [INFO] Worker 5: FID 372 (50/64)
2026-06-24 13:09:59,256 [INFO] Worker 0: FID 106 done, 0 downloads
2026-06-24 13:09:59,256 [INFO] Worker 4: FID 94 done, 0 downloads
2026-06-24 13:09:59,256 [INFO] Worker 1: FID 230 (53/65)
2026-06-24 13:09:59,256 [INFO] Worker 5: FID 372 done, 0 downloads
2026-06-24 13:09:59,257 [INFO] Worker 1: FID 230 done, 0 downloads
2026-06-24 13:09:59,273 [INFO] Worker 0: FID 191 (28/65)
2026-06-24 13:09:59,274 [INFO] Worker 0: FID 191 done, 0 downloads
2026-06-24 13:09:59,285 [INFO] Worker 2: FID 302 (65/65)
2026-06-24 13:09:59,285 [INFO] Worker 3: FID 297 (55/65)
2026-06-24 13:09:59,286 [INFO] Worker 1: FID 296 (54/65)
2026-06-24 13:09:59,286 [INFO] Worker 4: FID 221 (9/65)
2026-06-24 13:09:59,286 [INFO] Worker 1: FID 296 done, 0 downloads
2026-06-24 13:09:59,286 [INFO] Worker 2: FID 302 done, 0 downloads
2026-06-24 13:09:59,286 [INFO] Worker 3: FID 297 done, 0 downloads
2026-06-24 13:09:59,286 [INFO] Worker 4: FID 221 done, 0 downloads
2026-06-24 13:09:59,287 [INFO] Worker 5: FID 235 (51/64)
2026-06-24 13:09:59,288 [INFO] Worker 5: FID 235 done, 0 downloads
2026-06-24 13:09:59,294 [INFO] Worker 1: FID 299 (55/65)
2026-06-24 13:09:59,295 [INFO] Worker 1: FID 299 done, 0 downloads
2026-06-24 13:09:59,316 [INFO] Worker 4: FID 22 (10/65)
2026-06-24 13:09:59,316 [INFO] Worker 0: FID 199 (29/65)
2026-06-24 13:09:59,316 [INFO] Worker 3: FID 184 (56/65)
2026-06-24 13:09:59,317 [INFO] Worker 4: FID 22 done, 0 downloads
2026-06-24 13:09:59,317 [INFO] Worker 3: FID 184 done, 0 downloads
2026-06-24 13:09:59,317 [INFO] Worker 5: FID 97 (52/64)
2026-06-24 13:09:59,318 [INFO] Worker 5: FID 97 done, 0 downloads
2026-06-24 13:09:59,318 [INFO] Worker 0: FID 199 done, 0 downloads
2026-06-24 13:09:59,342 [INFO] Worker 2: finished. 8025 total completed.
2026-06-24 13:09:59,346 [INFO] Worker 1: FID 183 (56/65)
2026-06-24 13:09:59,346 [INFO] Worker 5: FID 178 (53/64)
2026-06-24 13:09:59,346 [INFO] Worker 4: FID 242 (11/65)
2026-06-24 13:09:59,346 [INFO] Worker 3: FID 186 (57/65)
2026-06-24 13:09:59,347 [INFO] Worker 4: FID 242 done, 0 downloads
2026-06-24 13:09:59,347 [INFO] Worker 1: FID 183 done, 0 downloads
2026-06-24 13:09:59,347 [INFO] Worker 5: FID 178 done, 0 downloads
2026-06-24 13:09:59,347 [INFO] Worker 0: FID 203 (30/65)
2026-06-24 13:09:59,347 [INFO] Worker 3: FID 186 done, 0 downloads
2026-06-24 13:09:59,348 [INFO] Worker 0: FID 203 done, 0 downloads
2026-06-24 13:09:59,374 [INFO] Worker 4: FID 159 (12/65)
2026-06-24 13:09:59,374 [INFO] Worker 0: FID 206 (31/65)
2026-06-24 13:09:59,374 [INFO] Worker 3: FID 190 (58/65)
2026-06-24 13:09:59,374 [INFO] Worker 5: FID 181 (54/64)
2026-06-24 13:09:59,374 [INFO] Worker 0: FID 206 done, 0 downloads
2026-06-24 13:09:59,374 [INFO] Worker 5: FID 181 done, 0 downloads
2026-06-24 13:09:59,374 [INFO] Worker 3: FID 190 done, 0 downloads
2026-06-24 13:09:59,374 [INFO] Worker 4: FID 159 done, 0 downloads
2026-06-24 13:09:59,375 [INFO] Worker 1: FID 117 (57/65)
2026-06-24 13:09:59,375 [INFO] Worker 1: FID 117 done, 0 downloads
2026-06-24 13:09:59,388 [INFO] Worker 4: FID 317 (13/65)
2026-06-24 13:09:59,389 [INFO] Worker 4: FID 317 done, 0 downloads
2026-06-24 13:09:59,395 [INFO] Worker 0: FID 323 (32/65)
2026-06-24 13:09:59,396 [INFO] Worker 3: FID 257 (59/65)
2026-06-24 13:09:59,396 [INFO] Worker 0: FID 323 done, 0 downloads
2026-06-24 13:09:59,397 [INFO] Worker 3: FID 257 done, 0 downloads
2026-06-24 13:09:59,401 [INFO] Worker 1: FID 189 (58/65)
2026-06-24 13:09:59,401 [INFO] Worker 1: FID 189 done, 0 downloads
2026-06-24 13:09:59,402 [INFO] Worker 5: FID 115 (55/64)
2026-06-24 13:09:59,403 [INFO] Worker 5: FID 115 done, 0 downloads
2026-06-24 13:09:59,427 [INFO] Worker 1: FID 254 (59/65)
2026-06-24 13:09:59,427 [INFO] Worker 3: FID 79 (60/65)
2026-06-24 13:09:59,427 [INFO] Worker 4: FID 47 (14/65)
2026-06-24 13:09:59,427 [INFO] Worker 0: FID 48 (33/65)
2026-06-24 13:09:59,427 [INFO] Worker 1: FID 254 done, 0 downloads
2026-06-24 13:09:59,427 [INFO] Worker 0: FID 48 done, 0 downloads
2026-06-24 13:09:59,428 [INFO] Worker 4: FID 47 done, 0 downloads
2026-06-24 13:09:59,428 [INFO] Worker 3: FID 79 done, 0 downloads
2026-06-24 13:09:59,428 [INFO] Worker 5: FID 246 (56/64)
2026-06-24 13:09:59,428 [INFO] Worker 5: FID 246 done, 0 downloads
2026-06-24 13:09:59,454 [INFO] Worker 0: FID 328 (34/65)
2026-06-24 13:09:59,454 [INFO] Worker 4: FID 125 (15/65)
2026-06-24 13:09:59,454 [INFO] Worker 3: FID 100 (61/65)
2026-06-24 13:09:59,454 [INFO] Worker 1: FID 54 (60/65)
2026-06-24 13:09:59,454 [INFO] Worker 0: FID 328 done, 0 downloads
2026-06-24 13:09:59,454 [INFO] Worker 4: FID 125 done, 0 downloads
2026-06-24 13:09:59,454 [INFO] Worker 3: FID 100 done, 0 downloads
2026-06-24 13:09:59,454 [INFO] Worker 1: FID 54 done, 0 downloads
2026-06-24 13:09:59,455 [INFO] Worker 5: FID 249 (57/64)
2026-06-24 13:09:59,456 [INFO] Worker 5: FID 249 done, 0 downloads
2026-06-24 13:09:59,481 [INFO] Worker 1: FID 373 (61/65)
2026-06-24 13:09:59,481 [INFO] Worker 4: FID 351 (16/65)
2026-06-24 13:09:59,481 [INFO] Worker 0: FID 72 (35/65)
2026-06-24 13:09:59,481 [INFO] Worker 3: FID 170 (62/65)
2026-06-24 13:09:59,481 [INFO] Worker 1: FID 373 done, 0 downloads
2026-06-24 13:09:59,481 [INFO] Worker 0: FID 72 done, 0 downloads
2026-06-24 13:09:59,481 [INFO] Worker 4: FID 351 done, 0 downloads
2026-06-24 13:09:59,481 [INFO] Worker 3: FID 170 done, 0 downloads
2026-06-24 13:09:59,482 [INFO] Worker 5: FID 258 (58/64)
2026-06-24 13:09:59,483 [INFO] Worker 5: FID 258 done, 0 downloads
2026-06-24 13:09:59,508 [INFO] Worker 1: FID 380 (62/65)
2026-06-24 13:09:59,508 [INFO] Worker 3: FID 322 (63/65)
2026-06-24 13:09:59,508 [INFO] Worker 0: FID 264 (36/65)
2026-06-24 13:09:59,508 [INFO] Worker 4: FID 354 (17/65)
2026-06-24 13:09:59,508 [INFO] Worker 1: FID 380 done, 0 downloads
2026-06-24 13:09:59,508 [INFO] Worker 3: FID 322 done, 0 downloads
2026-06-24 13:09:59,508 [INFO] Worker 4: FID 354 done, 0 downloads
2026-06-24 13:09:59,508 [INFO] Worker 0: FID 264 done, 0 downloads
2026-06-24 13:09:59,509 [INFO] Worker 5: FID 358 (59/64)
2026-06-24 13:09:59,510 [INFO] Worker 5: FID 358 done, 0 downloads
2026-06-24 13:09:59,521 [INFO] Worker 3: FID 194 (64/65)
2026-06-24 13:09:59,522 [INFO] Worker 3: FID 194 done, 0 downloads
2026-06-24 13:09:59,529 [INFO] Worker 1: FID 295 (63/65)
2026-06-24 13:09:59,529 [INFO] Worker 1: FID 295 done, 0 downloads
2026-06-24 13:09:59,534 [INFO] Worker 4: FID 62 (18/65)
2026-06-24 13:09:59,534 [INFO] Worker 0: FID 11 (37/65)
2026-06-24 13:09:59,535 [INFO] Worker 0: FID 11 done, 0 downloads
2026-06-24 13:09:59,535 [INFO] Worker 5: FID 139 (60/64)
2026-06-24 13:09:59,536 [INFO] Worker 5: FID 139 done, 0 downloads
2026-06-24 13:09:59,536 [INFO] Worker 4: FID 62 done, 0 downloads
2026-06-24 13:09:59,543 [INFO] Worker 1: FID 78 (64/65)
2026-06-24 13:09:59,543 [INFO] Worker 1: FID 78 done, 0 downloads
2026-06-24 13:09:59,560 [INFO] Worker 4: FID 167 (19/65)
2026-06-24 13:09:59,560 [INFO] Worker 3: FID 303 (65/65)
2026-06-24 13:09:59,560 [INFO] Worker 0: FID 37 (38/65)
2026-06-24 13:09:59,560 [INFO] Worker 3: FID 303 done, 0 downloads
2026-06-24 13:09:59,560 [INFO] Worker 4: FID 167 done, 0 downloads
2026-06-24 13:09:59,561 [INFO] Worker 0: FID 37 done, 0 downloads
2026-06-24 13:09:59,561 [INFO] Worker 5: FID 160 (61/64)
2026-06-24 13:09:59,561 [INFO] Worker 5: FID 160 done, 0 downloads
2026-06-24 13:09:59,568 [INFO] Worker 1: FID 185 (65/65)
2026-06-24 13:09:59,568 [INFO] Worker 1: FID 185 done, 0 downloads
2026-06-24 13:09:59,585 [INFO] Worker 4: FID 58 (20/65)
2026-06-24 13:09:59,585 [INFO] Worker 0: FID 165 (39/65)
2026-06-24 13:09:59,586 [INFO] Worker 0: FID 165 done, 0 downloads
2026-06-24 13:09:59,586 [INFO] Worker 4: FID 58 done, 0 downloads
2026-06-24 13:09:59,587 [INFO] Worker 5: FID 236 (62/64)
2026-06-24 13:09:59,587 [INFO] Worker 5: FID 236 done, 0 downloads
2026-06-24 13:09:59,611 [INFO] Worker 4: FID 348 (21/65)
2026-06-24 13:09:59,611 [INFO] Worker 3: finished. 7764 total completed.
2026-06-24 13:09:59,611 [INFO] Worker 0: FID 175 (40/65)
2026-06-24 13:09:59,612 [INFO] Worker 4: FID 348 done, 0 downloads
2026-06-24 13:09:59,612 [INFO] Worker 0: FID 175 done, 0 downloads
2026-06-24 13:09:59,612 [INFO] Worker 5: FID 382 (63/64)
2026-06-24 13:09:59,614 [INFO] Worker 5: FID 382 done, 0 downloads
2026-06-24 13:09:59,629 [INFO] Worker 1: finished. 7463 total completed.
2026-06-24 13:09:59,634 [INFO] Worker 4: FID 21 (22/65)
2026-06-24 13:09:59,635 [INFO] Worker 0: FID 291 (41/65)
2026-06-24 13:09:59,635 [INFO] Worker 4: FID 21 done, 0 downloads
2026-06-24 13:09:59,635 [INFO] Worker 0: FID 291 done, 0 downloads
2026-06-24 13:09:59,636 [INFO] Worker 5: FID 244 (64/64)
2026-06-24 13:09:59,637 [INFO] Worker 5: FID 244 done, 0 downloads
2026-06-24 13:09:59,656 [INFO] Worker 4: FID 96 (23/65)
2026-06-24 13:09:59,656 [INFO] Worker 0: FID 347 (42/65)
2026-06-24 13:09:59,657 [INFO] Worker 0: FID 347 done, 0 downloads
2026-06-24 13:09:59,657 [INFO] Worker 4: FID 96 done, 0 downloads
2026-06-24 13:09:59,677 [INFO] Worker 0: FID 102 (43/65)
2026-06-24 13:09:59,678 [INFO] Worker 4: FID 225 (24/65)
2026-06-24 13:09:59,678 [INFO] Worker 0: FID 102 done, 0 downloads
2026-06-24 13:09:59,678 [INFO] Worker 4: FID 225 done, 0 downloads
2026-06-24 13:09:59,679 [INFO] Worker 5: finished. 10714 total completed.
2026-06-24 13:09:59,689 [INFO] Worker 0: FID 176 (44/65)
2026-06-24 13:09:59,689 [INFO] Worker 0: FID 176 done, 0 downloads
2026-06-24 13:09:59,694 [INFO] Worker 4: FID 103 (25/65)
2026-06-24 13:09:59,695 [INFO] Worker 4: FID 103 done, 0 downloads
2026-06-24 13:09:59,704 [INFO] Worker 0: FID 251 (45/65)
2026-06-24 13:09:59,705 [INFO] Worker 0: FID 251 done, 0 downloads
2026-06-24 13:09:59,709 [INFO] Worker 4: FID 287 (26/65)
2026-06-24 13:09:59,710 [INFO] Worker 4: FID 287 done, 0 downloads
2026-06-24 13:09:59,719 [INFO] Worker 0: FID 124 (46/65)
2026-06-24 13:09:59,719 [INFO] Worker 0: FID 124 done, 0 downloads
2026-06-24 13:09:59,724 [INFO] Worker 4: FID 248 (27/65)
2026-06-24 13:09:59,725 [INFO] Worker 4: FID 248 done, 0 downloads
2026-06-24 13:09:59,737 [INFO] Worker 0: FID 335 (47/65)
2026-06-24 13:09:59,737 [INFO] Worker 0: FID 335 done, 0 downloads
2026-06-24 13:09:59,738 [INFO] Worker 4: FID 126 (28/65)
2026-06-24 13:09:59,738 [INFO] Worker 4: FID 126 done, 0 downloads
2026-06-24 13:09:59,750 [INFO] Worker 0: FID 38 (48/65)
2026-06-24 13:09:59,750 [INFO] Worker 0: FID 38 done, 0 downloads
2026-06-24 13:09:59,751 [INFO] Worker 4: FID 312 (29/65)
2026-06-24 13:09:59,752 [INFO] Worker 4: FID 312 done, 0 downloads
2026-06-24 13:09:59,763 [INFO] Worker 0: FID 67 (49/65)
2026-06-24 13:09:59,764 [INFO] Worker 0: FID 67 done, 0 downloads
2026-06-24 13:09:59,764 [INFO] Worker 4: FID 318 (30/65)
2026-06-24 13:09:59,764 [INFO] Worker 4: FID 318 done, 0 downloads
2026-06-24 13:09:59,773 [INFO] Worker 0: FID 138 (50/65)
2026-06-24 13:09:59,774 [INFO] Worker 0: FID 138 done, 0 downloads
2026-06-24 13:09:59,777 [INFO] Worker 4: FID 261 (31/65)
2026-06-24 13:09:59,778 [INFO] Worker 4: FID 261 done, 0 downloads
2026-06-24 13:09:59,789 [INFO] Worker 0: FID 379 (51/65)
2026-06-24 13:09:59,789 [INFO] Worker 0: FID 379 done, 0 downloads
2026-06-24 13:09:59,790 [INFO] Worker 4: FID 262 (32/65)
2026-06-24 13:09:59,790 [INFO] Worker 4: FID 262 done, 0 downloads
2026-06-24 13:09:59,802 [INFO] Worker 0: FID 237 (52/65)
2026-06-24 13:09:59,803 [INFO] Worker 0: FID 237 done, 0 downloads
2026-06-24 13:09:59,803 [INFO] Worker 4: FID 55 (33/65)
2026-06-24 13:09:59,803 [INFO] Worker 4: FID 55 done, 0 downloads
2026-06-24 13:09:59,815 [INFO] Worker 0: FID 223 (53/65)
2026-06-24 13:09:59,816 [INFO] Worker 0: FID 223 done, 0 downloads
2026-06-24 13:09:59,816 [INFO] Worker 4: FID 65 (34/65)
2026-06-24 13:09:59,817 [INFO] Worker 4: FID 65 done, 0 downloads
2026-06-24 13:09:59,828 [INFO] Worker 0: FID 239 (54/65)
2026-06-24 13:09:59,829 [INFO] Worker 0: FID 239 done, 0 downloads
2026-06-24 13:09:59,829 [INFO] Worker 4: FID 345 (35/65)
2026-06-24 13:09:59,830 [INFO] Worker 4: FID 345 done, 0 downloads
2026-06-24 13:09:59,842 [INFO] Worker 0: FID 298 (55/65)
2026-06-24 13:09:59,842 [INFO] Worker 0: FID 298 done, 0 downloads
2026-06-24 13:09:59,842 [INFO] Worker 4: FID 352 (36/65)
2026-06-24 13:09:59,843 [INFO] Worker 4: FID 352 done, 0 downloads
2026-06-24 13:09:59,855 [INFO] Worker 0: FID 182 (56/65)
2026-06-24 13:09:59,856 [INFO] Worker 0: FID 182 done, 0 downloads
2026-06-24 13:09:59,856 [INFO] Worker 4: FID 35 (37/65)
2026-06-24 13:09:59,856 [INFO] Worker 4: FID 35 done, 0 downloads
2026-06-24 13:09:59,869 [INFO] Worker 0: FID 301 (57/65)
2026-06-24 13:09:59,869 [INFO] Worker 0: FID 301 done, 0 downloads
2026-06-24 13:09:59,869 [INFO] Worker 4: FID 166 (38/65)
2026-06-24 13:09:59,870 [INFO] Worker 4: FID 166 done, 0 downloads
2026-06-24 13:09:59,878 [INFO] Worker 0: FID 306 (58/65)
2026-06-24 13:09:59,879 [INFO] Worker 0: FID 306 done, 0 downloads
2026-06-24 13:09:59,883 [INFO] Worker 4: FID 173 (39/65)
2026-06-24 13:09:59,883 [INFO] Worker 4: FID 173 done, 0 downloads
2026-06-24 13:09:59,894 [INFO] Worker 0: FID 311 (59/65)
2026-06-24 13:09:59,895 [INFO] Worker 0: FID 311 done, 0 downloads
2026-06-24 13:09:59,895 [INFO] Worker 4: FID 171 (40/65)
2026-06-24 13:09:59,895 [INFO] Worker 4: FID 171 done, 0 downloads
2026-06-24 13:09:59,907 [INFO] Worker 0: FID 336 (60/65)
2026-06-24 13:09:59,908 [INFO] Worker 0: FID 336 done, 0 downloads
2026-06-24 13:09:59,908 [INFO] Worker 4: FID 88 (41/65)
2026-06-24 13:09:59,909 [INFO] Worker 4: FID 88 done, 0 downloads
2026-06-24 13:09:59,920 [INFO] Worker 0: FID 350 (61/65)
2026-06-24 13:09:59,921 [INFO] Worker 0: FID 350 done, 0 downloads
2026-06-24 13:09:59,921 [INFO] Worker 4: FID 363 (42/65)
2026-06-24 13:09:59,922 [INFO] Worker 4: FID 363 done, 0 downloads
2026-06-24 13:09:59,934 [INFO] Worker 0: FID 283 (62/65)
2026-06-24 13:09:59,934 [INFO] Worker 0: FID 283 done, 0 downloads
2026-06-24 13:09:59,934 [INFO] Worker 4: FID 112 (43/65)
2026-06-24 13:09:59,935 [INFO] Worker 4: FID 112 done, 0 downloads
2026-06-24 13:09:59,943 [INFO] Worker 0: FID 107 (63/65)
2026-06-24 13:09:59,944 [INFO] Worker 0: FID 107 done, 0 downloads
2026-06-24 13:09:59,948 [INFO] Worker 4: FID 187 (44/65)
2026-06-24 13:09:59,948 [INFO] Worker 4: FID 187 done, 0 downloads
2026-06-24 13:09:59,955 [INFO] Worker 0: FID 378 (64/65)
2026-06-24 13:09:59,956 [INFO] Worker 0: FID 378 done, 0 downloads
2026-06-24 13:09:59,960 [INFO] Worker 4: FID 192 (45/65)
2026-06-24 13:09:59,961 [INFO] Worker 4: FID 192 done, 0 downloads
2026-06-24 13:09:59,972 [INFO] Worker 0: FID 114 (65/65)
2026-06-24 13:09:59,972 [INFO] Worker 0: FID 114 done, 0 downloads
2026-06-24 13:09:59,972 [INFO] Worker 4: FID 210 (46/65)
2026-06-24 13:09:59,973 [INFO] Worker 4: FID 210 done, 0 downloads
2026-06-24 13:09:59,986 [INFO] Worker 4: FID 337 (47/65)
2026-06-24 13:09:59,987 [INFO] Worker 4: FID 337 done, 0 downloads
2026-06-24 13:09:59,998 [INFO] Worker 0: finished. 8006 total completed.
2026-06-24 13:09:59,998 [INFO] Worker 4: FID 52 (48/65)
2026-06-24 13:09:59,999 [INFO] Worker 4: FID 52 done, 0 downloads
2026-06-24 13:10:00,008 [INFO] Worker 4: FID 344 (49/65)
2026-06-24 13:10:00,008 [INFO] Worker 4: FID 344 done, 0 downloads
2026-06-24 13:10:00,017 [INFO] Worker 4: FID 371 (50/65)
2026-06-24 13:10:00,018 [INFO] Worker 4: FID 371 done, 0 downloads
2026-06-24 13:10:00,027 [INFO] Worker 4: FID 172 (51/65)
2026-06-24 13:10:00,027 [INFO] Worker 4: FID 172 done, 0 downloads
2026-06-24 13:10:00,036 [INFO] Worker 4: FID 367 (52/65)
2026-06-24 13:10:00,037 [INFO] Worker 4: FID 367 done, 0 downloads
2026-06-24 13:10:00,045 [INFO] Worker 4: FID 177 (53/65)
2026-06-24 13:10:00,046 [INFO] Worker 4: FID 177 done, 0 downloads
2026-06-24 13:10:00,055 [INFO] Worker 4: FID 180 (54/65)
2026-06-24 13:10:00,055 [INFO] Worker 4: FID 180 done, 0 downloads
2026-06-24 13:10:00,064 [INFO] Worker 4: FID 179 (55/65)
2026-06-24 13:10:00,065 [INFO] Worker 4: FID 179 done, 0 downloads
2026-06-24 13:10:00,074 [INFO] Worker 4: FID 245 (56/65)
2026-06-24 13:10:00,074 [INFO] Worker 4: FID 245 done, 0 downloads
2026-06-24 13:10:00,083 [INFO] Worker 4: FID 247 (57/65)
2026-06-24 13:10:00,084 [INFO] Worker 4: FID 247 done, 0 downloads
2026-06-24 13:10:00,093 [INFO] Worker 4: FID 122 (58/65)
2026-06-24 13:10:00,093 [INFO] Worker 4: FID 122 done, 0 downloads
2026-06-24 13:10:00,102 [INFO] Worker 4: FID 314 (59/65)
2026-06-24 13:10:00,103 [INFO] Worker 4: FID 314 done, 0 downloads
2026-06-24 13:10:00,111 [INFO] Worker 4: FID 384 (60/65)
2026-06-24 13:10:00,112 [INFO] Worker 4: FID 384 done, 0 downloads
2026-06-24 13:10:00,121 [INFO] Worker 4: FID 157 (61/65)
2026-06-24 13:10:00,122 [INFO] Worker 4: FID 157 done, 0 downloads
2026-06-24 13:10:00,131 [INFO] Worker 4: FID 233 (62/65)
2026-06-24 13:10:00,131 [INFO] Worker 4: FID 233 done, 0 downloads
2026-06-24 13:10:00,140 [INFO] Worker 4: FID 130 (63/65)
2026-06-24 13:10:00,141 [INFO] Worker 4: FID 130 done, 0 downloads
2026-06-24 13:10:00,150 [INFO] Worker 4: FID 83 (64/65)
2026-06-24 13:10:00,150 [INFO] Worker 4: FID 83 done, 0 downloads
2026-06-24 13:10:00,159 [INFO] Worker 4: FID 377 (65/65)
2026-06-24 13:10:00,160 [INFO] Worker 4: FID 377 done, 0 downloads
2026-06-24 13:10:00,179 [INFO] Worker 4: finished. 8114 total completed.
2026-06-24 13:10:00,261 [INFO] All workers finished. 50086 total completed downloads.
2026-06-24 13:10:00,261 [INFO] Output: /share/home/e2406749/thesis_tiles_120px
2026-06-24 13:12:30,745 [INFO] Parsing CSVs from: /share/castor/home/e2406749/tropical_forest_disturbance/data_csv
2026-06-24 13:12:30,746 [INFO] Tile size: 120x120 px (1200 m footprint)
2026-06-24 13:12:30,746 [INFO] Output base: /share/home/e2406749/thesis_tiles_120px
2026-06-24 13:12:30,746 [INFO] Products: ['s1_grd']
2026-06-24 13:12:30,779 [INFO] Parsed v1_images_s2_s1.csv: 389 rows
2026-06-24 13:12:30,793 [INFO] Parsed v2_images_s2_s1.csv: 389 rows
2026-06-24 13:12:30,807 [INFO] Parsed v3_images_s2_s1.csv: 389 rows
2026-06-24 13:12:30,808 [INFO] Merged: 389 FIDs, 12856 unique (fid, image, window) pairs
2026-06-24 13:12:30,809 [INFO] Launching 6 parallel workers for 389 FIDs
2026-06-24 13:12:30,809 [INFO]   Worker 0: 65 FIDs
2026-06-24 13:12:30,809 [INFO]   Worker 1: 65 FIDs
2026-06-24 13:12:30,809 [INFO]   Worker 2: 65 FIDs
2026-06-24 13:12:30,809 [INFO]   Worker 3: 65 FIDs
2026-06-24 13:12:30,810 [INFO]   Worker 4: 65 FIDs
2026-06-24 13:12:30,810 [INFO]   Worker 5: 64 FIDs
2026-06-24 13:12:30,838 [INFO] Worker 0: starting with 65 FIDs, products: ['s1_grd'], tile_size: 120px
2026-06-24 13:12:30,839 [INFO] Worker 1: starting with 65 FIDs, products: ['s1_grd'], tile_size: 120px
2026-06-24 13:12:30,840 [INFO] Worker 2: starting with 65 FIDs, products: ['s1_grd'], tile_size: 120px
2026-06-24 13:12:30,841 [INFO] Worker 3: starting with 65 FIDs, products: ['s1_grd'], tile_size: 120px
2026-06-24 13:12:30,843 [INFO] Worker 4: starting with 65 FIDs, products: ['s1_grd'], tile_size: 120px
2026-06-24 13:12:30,844 [INFO] Worker 5: starting with 64 FIDs, products: ['s1_grd'], tile_size: 120px
2026-06-24 13:12:32,090 [INFO] Worker 5: resumed with 10714 completed
2026-06-24 13:12:32,090 [INFO] Worker 5: FID 268 (1/64)
2026-06-24 13:12:32,092 [INFO] Worker 5: FID 268 done, 0 downloads
2026-06-24 13:12:32,106 [INFO] Worker 5: FID 95 (2/64)
2026-06-24 13:12:32,106 [INFO] Worker 5: FID 95 done, 0 downloads
2026-06-24 13:12:32,110 [INFO] Worker 4: resumed with 8114 completed
2026-06-24 13:12:32,111 [INFO] Worker 4: FID 91 (1/65)
2026-06-24 13:12:32,113 [INFO] Worker 4: FID 91 done, 0 downloads
2026-06-24 13:12:32,118 [INFO] Worker 5: FID 266 (3/64)
2026-06-24 13:12:32,119 [INFO] Worker 5: FID 266 done, 0 downloads
2026-06-24 13:12:32,134 [INFO] Worker 5: FID 205 (4/64)
2026-06-24 13:12:32,135 [INFO] Worker 5: FID 205 done, 0 downloads
2026-06-24 13:12:32,135 [INFO] Worker 4: FID 93 (2/65)
2026-06-24 13:12:32,136 [INFO] Worker 4: FID 93 done, 0 downloads
2026-06-24 13:12:32,150 [INFO] Worker 5: FID 353 (5/64)
2026-06-24 13:12:32,151 [INFO] Worker 4: FID 142 (3/65)
2026-06-24 13:12:32,151 [INFO] Worker 5: FID 353 done, 0 downloads
2026-06-24 13:12:32,151 [INFO] Worker 4: FID 142 done, 0 downloads
2026-06-24 13:12:32,166 [INFO] Worker 4: FID 200 (4/65)
2026-06-24 13:12:32,166 [INFO] Worker 4: FID 200 done, 0 downloads
2026-06-24 13:12:32,167 [INFO] Worker 5: FID 18 (6/64)
2026-06-24 13:12:32,167 [INFO] Worker 5: FID 18 done, 0 downloads
2026-06-24 13:12:32,180 [INFO] Worker 4: FID 7 (5/65)
2026-06-24 13:12:32,181 [INFO] Worker 4: FID 7 done, 0 downloads
2026-06-24 13:12:32,181 [INFO] Worker 5: FID 42 (7/64)
2026-06-24 13:12:32,182 [INFO] Worker 5: FID 42 done, 0 downloads
2026-06-24 13:12:32,190 [INFO] Worker 4: FID 17 (6/65)
2026-06-24 13:12:32,191 [INFO] Worker 4: FID 17 done, 0 downloads
2026-06-24 13:12:32,196 [INFO] Worker 5: FID 216 (8/64)
2026-06-24 13:12:32,197 [INFO] Worker 5: FID 216 done, 0 downloads
2026-06-24 13:12:32,209 [INFO] Worker 4: FID 41 (7/65)
2026-06-24 13:12:32,210 [INFO] Worker 4: FID 41 done, 0 downloads
2026-06-24 13:12:32,210 [INFO] Worker 5: FID 164 (9/64)
2026-06-24 13:12:32,211 [INFO] Worker 5: FID 164 done, 0 downloads
2026-06-24 13:12:32,220 [INFO] Worker 4: FID 94 (8/65)
2026-06-24 13:12:32,220 [INFO] Worker 4: FID 94 done, 0 downloads
2026-06-24 13:12:32,226 [INFO] Worker 5: FID 23 (10/64)
2026-06-24 13:12:32,227 [INFO] Worker 5: FID 23 done, 0 downloads
2026-06-24 13:12:32,239 [INFO] Worker 4: FID 221 (9/65)
2026-06-24 13:12:32,240 [INFO] Worker 4: FID 221 done, 0 downloads
2026-06-24 13:12:32,241 [INFO] Worker 5: FID 148 (11/64)
2026-06-24 13:12:32,241 [INFO] Worker 5: FID 148 done, 0 downloads
2026-06-24 13:12:32,254 [INFO] Worker 4: FID 22 (10/65)
2026-06-24 13:12:32,255 [INFO] Worker 4: FID 22 done, 0 downloads
2026-06-24 13:12:32,256 [INFO] Worker 5: FID 228 (12/64)
2026-06-24 13:12:32,257 [INFO] Worker 5: FID 228 done, 0 downloads
2026-06-24 13:12:32,269 [INFO] Worker 4: FID 242 (11/65)
2026-06-24 13:12:32,269 [INFO] Worker 2: resumed with 8025 completed
2026-06-24 13:12:32,270 [INFO] Worker 2: FID 267 (1/65)
2026-06-24 13:12:32,270 [INFO] Worker 4: FID 242 done, 0 downloads
2026-06-24 13:12:32,271 [INFO] Worker 5: FID 260 (13/64)
2026-06-24 13:12:32,272 [INFO] Worker 5: FID 260 done, 0 downloads
2026-06-24 13:12:32,272 [INFO] Worker 2: FID 267 done, 0 downloads
2026-06-24 13:12:32,280 [INFO] Worker 4: FID 159 (12/65)
2026-06-24 13:12:32,280 [INFO] Worker 4: FID 159 done, 0 downloads
2026-06-24 13:12:32,286 [INFO] Worker 5: FID 263 (14/64)
2026-06-24 13:12:32,286 [INFO] Worker 5: FID 263 done, 0 downloads
2026-06-24 13:12:32,290 [INFO] Worker 2: FID 217 (2/65)
2026-06-24 13:12:32,291 [INFO] Worker 2: FID 217 done, 0 downloads
2026-06-24 13:12:32,300 [INFO] Worker 5: FID 374 (15/64)
2026-06-24 13:12:32,300 [INFO] Worker 5: FID 374 done, 0 downloads
2026-06-24 13:12:32,308 [INFO] Worker 2: FID 146 (3/65)
2026-06-24 13:12:32,309 [INFO] Worker 2: FID 146 done, 0 downloads
2026-06-24 13:12:32,309 [INFO] Worker 4: FID 317 (13/65)
2026-06-24 13:12:32,310 [INFO] Worker 4: FID 317 done, 0 downloads
2026-06-24 13:12:32,318 [INFO] Worker 2: FID 276 (4/65)
2026-06-24 13:12:32,318 [INFO] Worker 2: FID 276 done, 0 downloads
2026-06-24 13:12:32,327 [INFO] Worker 5: FID 2 (16/64)
2026-06-24 13:12:32,328 [INFO] Worker 4: FID 47 (14/65)
2026-06-24 13:12:32,329 [INFO] Worker 4: FID 47 done, 0 downloads
2026-06-24 13:12:32,330 [INFO] Worker 5: FID 2 done, 0 downloads
2026-06-24 13:12:32,348 [INFO] Worker 5: FID 12 (17/64)
2026-06-24 13:12:32,348 [INFO] Worker 4: FID 125 (15/65)
2026-06-24 13:12:32,349 [INFO] Worker 4: FID 125 done, 0 downloads
2026-06-24 13:12:32,349 [INFO] Worker 2: FID 1 (5/65)
2026-06-24 13:12:32,349 [INFO] Worker 5: FID 12 done, 0 downloads
2026-06-24 13:12:32,350 [INFO] Worker 2: FID 1 done, 0 downloads
2026-06-24 13:12:32,368 [INFO] Worker 2: FID 15 (6/65)
2026-06-24 13:12:32,368 [INFO] Worker 4: FID 351 (16/65)
2026-06-24 13:12:32,368 [INFO] Worker 4: FID 351 done, 0 downloads
2026-06-24 13:12:32,368 [INFO] Worker 2: FID 15 done, 0 downloads
2026-06-24 13:12:32,369 [INFO] Worker 5: FID 39 (18/64)
2026-06-24 13:12:32,370 [INFO] Worker 5: FID 39 done, 0 downloads
2026-06-24 13:12:32,387 [INFO] Worker 4: FID 354 (17/65)
2026-06-24 13:12:32,387 [INFO] Worker 2: FID 32 (7/65)
2026-06-24 13:12:32,388 [INFO] Worker 4: FID 354 done, 0 downloads
2026-06-24 13:12:32,388 [INFO] Worker 2: FID 32 done, 0 downloads
2026-06-24 13:12:32,389 [INFO] Worker 5: FID 168 (19/64)
2026-06-24 13:12:32,389 [INFO] Worker 5: FID 168 done, 0 downloads
2026-06-24 13:12:32,403 [INFO] Worker 2: FID 273 (8/65)
2026-06-24 13:12:32,403 [INFO] Worker 2: FID 273 done, 0 downloads
2026-06-24 13:12:32,407 [INFO] Worker 4: FID 62 (18/65)
2026-06-24 13:12:32,409 [INFO] Worker 5: FID 81 (20/64)
2026-06-24 13:12:32,410 [INFO] Worker 4: FID 62 done, 0 downloads
2026-06-24 13:12:32,410 [INFO] Worker 5: FID 81 done, 0 downloads
2026-06-24 13:12:32,426 [INFO] Worker 4: FID 167 (19/65)
2026-06-24 13:12:32,426 [INFO] Worker 2: FID 222 (9/65)
2026-06-24 13:12:32,426 [INFO] Worker 2: FID 222 done, 0 downloads
2026-06-24 13:12:32,426 [INFO] Worker 4: FID 167 done, 0 downloads
2026-06-24 13:12:32,427 [INFO] Worker 5: FID 349 (21/64)
2026-06-24 13:12:32,428 [INFO] Worker 5: FID 349 done, 0 downloads
2026-06-24 13:12:32,445 [INFO] Worker 4: FID 58 (20/65)
2026-06-24 13:12:32,445 [INFO] Worker 2: FID 82 (10/65)
2026-06-24 13:12:32,445 [INFO] Worker 2: FID 82 done, 0 downloads
2026-06-24 13:12:32,445 [INFO] Worker 4: FID 58 done, 0 downloads
2026-06-24 13:12:32,446 [INFO] Worker 5: FID 25 (22/64)
2026-06-24 13:12:32,447 [INFO] Worker 5: FID 25 done, 0 downloads
2026-06-24 13:12:32,459 [INFO] Worker 4: FID 348 (21/65)
2026-06-24 13:12:32,460 [INFO] Worker 4: FID 348 done, 0 downloads
2026-06-24 13:12:32,464 [INFO] Worker 2: FID 334 (11/65)
2026-06-24 13:12:32,465 [INFO] Worker 2: FID 334 done, 0 downloads
2026-06-24 13:12:32,465 [INFO] Worker 5: FID 152 (23/64)
2026-06-24 13:12:32,466 [INFO] Worker 5: FID 152 done, 0 downloads
2026-06-24 13:12:32,482 [INFO] Worker 4: FID 21 (22/65)
2026-06-24 13:12:32,482 [INFO] Worker 2: FID 226 (12/65)
2026-06-24 13:12:32,483 [INFO] Worker 4: FID 21 done, 0 downloads
2026-06-24 13:12:32,483 [INFO] Worker 2: FID 226 done, 0 downloads
2026-06-24 13:12:32,483 [INFO] Worker 5: FID 279 (24/64)
2026-06-24 13:12:32,484 [INFO] Worker 5: FID 279 done, 0 downloads
2026-06-24 13:12:32,501 [INFO] Worker 4: FID 96 (23/65)
2026-06-24 13:12:32,501 [INFO] Worker 2: FID 201 (13/65)
2026-06-24 13:12:32,502 [INFO] Worker 2: FID 201 done, 0 downloads
2026-06-24 13:12:32,502 [INFO] Worker 5: FID 227 (25/64)
2026-06-24 13:12:32,502 [INFO] Worker 4: FID 96 done, 0 downloads
2026-06-24 13:12:32,503 [INFO] Worker 5: FID 227 done, 0 downloads
2026-06-24 13:12:32,520 [INFO] Worker 4: FID 225 (24/65)
2026-06-24 13:12:32,520 [INFO] Worker 2: FID 45 (14/65)
2026-06-24 13:12:32,521 [INFO] Worker 5: FID 105 (26/64)
2026-06-24 13:12:32,521 [INFO] Worker 2: FID 45 done, 0 downloads
2026-06-24 13:12:32,521 [INFO] Worker 4: FID 225 done, 0 downloads
2026-06-24 13:12:32,521 [INFO] Worker 5: FID 105 done, 0 downloads
2026-06-24 13:12:32,533 [INFO] Worker 4: FID 103 (25/65)
2026-06-24 13:12:32,534 [INFO] Worker 4: FID 103 done, 0 downloads
2026-06-24 13:12:32,539 [INFO] Worker 2: FID 68 (15/65)
2026-06-24 13:12:32,540 [INFO] Worker 2: FID 68 done, 0 downloads
2026-06-24 13:12:32,540 [INFO] Worker 5: FID 308 (27/64)
2026-06-24 13:12:32,541 [INFO] Worker 5: FID 308 done, 0 downloads
2026-06-24 13:12:32,557 [INFO] Worker 4: FID 287 (26/65)
2026-06-24 13:12:32,557 [INFO] Worker 2: FID 214 (16/65)
2026-06-24 13:12:32,558 [INFO] Worker 5: FID 198 (28/64)
2026-06-24 13:12:32,558 [INFO] Worker 4: FID 287 done, 0 downloads
2026-06-24 13:12:32,558 [INFO] Worker 2: FID 214 done, 0 downloads
2026-06-24 13:12:32,558 [INFO] Worker 5: FID 198 done, 0 downloads
2026-06-24 13:12:32,570 [INFO] Worker 0: resumed with 8006 completed
2026-06-24 13:12:32,571 [INFO] Worker 0: FID 140 (1/65)
2026-06-24 13:12:32,573 [INFO] Worker 0: FID 140 done, 0 downloads
2026-06-24 13:12:32,576 [INFO] Worker 4: FID 248 (27/65)
2026-06-24 13:12:32,576 [INFO] Worker 2: FID 5 (17/65)
2026-06-24 13:12:32,576 [INFO] Worker 4: FID 248 done, 0 downloads
2026-06-24 13:12:32,577 [INFO] Worker 2: FID 5 done, 0 downloads
2026-06-24 13:12:32,577 [INFO] Worker 5: FID 202 (29/64)
2026-06-24 13:12:32,577 [INFO] Worker 5: FID 202 done, 0 downloads
2026-06-24 13:12:32,599 [INFO] Worker 4: FID 126 (28/65)
2026-06-24 13:12:32,599 [INFO] Worker 2: FID 29 (18/65)
2026-06-24 13:12:32,599 [INFO] Worker 5: FID 319 (30/64)
2026-06-24 13:12:32,599 [INFO] Worker 4: FID 126 done, 0 downloads
2026-06-24 13:12:32,599 [INFO] Worker 0: FID 269 (2/65)
2026-06-24 13:12:32,600 [INFO] Worker 5: FID 319 done, 0 downloads
2026-06-24 13:12:32,600 [INFO] Worker 2: FID 29 done, 0 downloads
2026-06-24 13:12:32,600 [INFO] Worker 0: FID 269 done, 0 downloads
2026-06-24 13:12:32,622 [INFO] Worker 4: FID 312 (29/65)
2026-06-24 13:12:32,622 [INFO] Worker 0: FID 143 (3/65)
2026-06-24 13:12:32,622 [INFO] Worker 2: FID 151 (19/65)
2026-06-24 13:12:32,622 [INFO] Worker 0: FID 143 done, 0 downloads
2026-06-24 13:12:32,622 [INFO] Worker 2: FID 151 done, 0 downloads
2026-06-24 13:12:32,622 [INFO] Worker 4: FID 312 done, 0 downloads
2026-06-24 13:12:32,623 [INFO] Worker 5: FID 131 (31/64)
2026-06-24 13:12:32,623 [INFO] Worker 5: FID 131 done, 0 downloads
2026-06-24 13:12:32,645 [INFO] Worker 0: FID 272 (4/65)
2026-06-24 13:12:32,645 [INFO] Worker 2: FID 339 (20/65)
2026-06-24 13:12:32,645 [INFO] Worker 4: FID 318 (30/65)
2026-06-24 13:12:32,645 [INFO] Worker 4: FID 318 done, 0 downloads
2026-06-24 13:12:32,645 [INFO] Worker 0: FID 272 done, 0 downloads
2026-06-24 13:12:32,645 [INFO] Worker 2: FID 339 done, 0 downloads
2026-06-24 13:12:32,645 [INFO] Worker 5: FID 211 (32/64)
2026-06-24 13:12:32,646 [INFO] Worker 5: FID 211 done, 0 downloads
2026-06-24 13:12:32,668 [INFO] Worker 4: FID 261 (31/65)
2026-06-24 13:12:32,668 [INFO] Worker 0: FID 53 (5/65)
2026-06-24 13:12:32,668 [INFO] Worker 2: FID 332 (21/65)
2026-06-24 13:12:32,668 [INFO] Worker 4: FID 261 done, 0 downloads
2026-06-24 13:12:32,669 [INFO] Worker 5: FID 56 (33/64)
2026-06-24 13:12:32,669 [INFO] Worker 2: FID 332 done, 0 downloads
2026-06-24 13:12:32,669 [INFO] Worker 0: FID 53 done, 0 downloads
2026-06-24 13:12:32,669 [INFO] Worker 5: FID 56 done, 0 downloads
2026-06-24 13:12:32,691 [INFO] Worker 0: FID 355 (6/65)
2026-06-24 13:12:32,691 [INFO] Worker 4: FID 262 (32/65)
2026-06-24 13:12:32,691 [INFO] Worker 2: FID 365 (22/65)
2026-06-24 13:12:32,692 [INFO] Worker 5: FID 71 (34/64)
2026-06-24 13:12:32,692 [INFO] Worker 0: FID 355 done, 0 downloads
2026-06-24 13:12:32,692 [INFO] Worker 4: FID 262 done, 0 downloads
2026-06-24 13:12:32,692 [INFO] Worker 5: FID 71 done, 0 downloads
2026-06-24 13:12:32,692 [INFO] Worker 2: FID 365 done, 0 downloads
2026-06-24 13:12:32,714 [INFO] Worker 0: FID 19 (7/65)
2026-06-24 13:12:32,714 [INFO] Worker 2: FID 147 (23/65)
2026-06-24 13:12:32,714 [INFO] Worker 4: FID 55 (33/65)
2026-06-24 13:12:32,714 [INFO] Worker 2: FID 147 done, 0 downloads
2026-06-24 13:12:32,715 [INFO] Worker 4: FID 55 done, 0 downloads
2026-06-24 13:12:32,715 [INFO] Worker 5: FID 76 (35/64)
2026-06-24 13:12:32,716 [INFO] Worker 5: FID 76 done, 0 downloads
2026-06-24 13:12:32,717 [INFO] Worker 0: FID 19 done, 0 downloads
2026-06-24 13:12:32,737 [INFO] Worker 5: FID 9 (36/64)
2026-06-24 13:12:32,737 [INFO] Worker 4: FID 65 (34/65)
2026-06-24 13:12:32,737 [INFO] Worker 2: FID 153 (24/65)
2026-06-24 13:12:32,737 [INFO] Worker 5: FID 9 done, 0 downloads
2026-06-24 13:12:32,737 [INFO] Worker 4: FID 65 done, 0 downloads
2026-06-24 13:12:32,737 [INFO] Worker 2: FID 153 done, 0 downloads
2026-06-24 13:12:32,738 [INFO] Worker 0: FID 43 (8/65)
2026-06-24 13:12:32,738 [INFO] Worker 0: FID 43 done, 0 downloads
2026-06-24 13:12:32,760 [INFO] Worker 4: FID 345 (35/65)
2026-06-24 13:12:32,760 [INFO] Worker 0: FID 145 (9/65)
2026-06-24 13:12:32,760 [INFO] Worker 2: FID 156 (25/65)
2026-06-24 13:12:32,761 [INFO] Worker 5: FID 385 (37/64)
2026-06-24 13:12:32,761 [INFO] Worker 2: FID 156 done, 0 downloads
2026-06-24 13:12:32,761 [INFO] Worker 4: FID 345 done, 0 downloads
2026-06-24 13:12:32,761 [INFO] Worker 0: FID 145 done, 0 downloads
2026-06-24 13:12:32,763 [INFO] Worker 5: FID 385 done, 0 downloads
2026-06-24 13:12:32,783 [INFO] Worker 0: FID 34 (10/65)
2026-06-24 13:12:32,783 [INFO] Worker 2: FID 282 (26/65)
2026-06-24 13:12:32,783 [INFO] Worker 4: FID 352 (36/65)
2026-06-24 13:12:32,783 [INFO] Worker 2: FID 282 done, 0 downloads
2026-06-24 13:12:32,783 [INFO] Worker 4: FID 352 done, 0 downloads
2026-06-24 13:12:32,783 [INFO] Worker 0: FID 34 done, 0 downloads
2026-06-24 13:12:32,784 [INFO] Worker 5: FID 286 (38/64)
2026-06-24 13:12:32,784 [INFO] Worker 5: FID 286 done, 0 downloads
2026-06-24 13:12:32,806 [INFO] Worker 2: FID 232 (27/65)
2026-06-24 13:12:32,806 [INFO] Worker 4: FID 35 (37/65)
2026-06-24 13:12:32,806 [INFO] Worker 0: FID 24 (11/65)
2026-06-24 13:12:32,806 [INFO] Worker 4: FID 35 done, 0 downloads
2026-06-24 13:12:32,806 [INFO] Worker 0: FID 24 done, 0 downloads
2026-06-24 13:12:32,806 [INFO] Worker 2: FID 232 done, 0 downloads
2026-06-24 13:12:32,807 [INFO] Worker 5: FID 174 (39/64)
2026-06-24 13:12:32,807 [INFO] Worker 5: FID 174 done, 0 downloads
2026-06-24 13:12:32,815 [INFO] Worker 1: resumed with 7463 completed
2026-06-24 13:12:32,815 [INFO] Worker 1: FID 90 (1/65)
2026-06-24 13:12:32,815 [INFO] Worker 4: FID 166 (38/65)
2026-06-24 13:12:32,816 [INFO] Worker 4: FID 166 done, 0 downloads
2026-06-24 13:12:32,818 [INFO] Worker 1: FID 90 done, 0 downloads
2026-06-24 13:12:32,829 [INFO] Worker 0: FID 220 (12/65)
2026-06-24 13:12:32,829 [INFO] Worker 2: FID 310 (28/65)
2026-06-24 13:12:32,830 [INFO] Worker 0: FID 220 done, 0 downloads
2026-06-24 13:12:32,830 [INFO] Worker 5: FID 290 (40/64)
2026-06-24 13:12:32,830 [INFO] Worker 2: FID 310 done, 0 downloads
2026-06-24 13:12:32,830 [INFO] Worker 5: FID 290 done, 0 downloads
2026-06-24 13:12:32,851 [INFO] Worker 4: FID 173 (39/65)
2026-06-24 13:12:32,852 [INFO] Worker 4: FID 173 done, 0 downloads
2026-06-24 13:12:32,855 [INFO] Worker 2: FID 197 (29/65)
2026-06-24 13:12:32,855 [INFO] Worker 0: FID 284 (13/65)
2026-06-24 13:12:32,855 [INFO] Worker 5: FID 346 (41/64)
2026-06-24 13:12:32,855 [INFO] Worker 5: FID 346 done, 0 downloads
2026-06-24 13:12:32,855 [INFO] Worker 0: FID 284 done, 0 downloads
2026-06-24 13:12:32,855 [INFO] Worker 2: FID 197 done, 0 downloads
2026-06-24 13:12:32,856 [INFO] Worker 1: FID 270 (2/65)
2026-06-24 13:12:32,857 [INFO] Worker 1: FID 270 done, 0 downloads
2026-06-24 13:12:32,868 [INFO] Worker 0: FID 209 (14/65)
2026-06-24 13:12:32,868 [INFO] Worker 0: FID 209 done, 0 downloads
2026-06-24 13:12:32,881 [INFO] Worker 4: FID 171 (40/65)
2026-06-24 13:12:32,881 [INFO] Worker 5: FID 101 (42/64)
2026-06-24 13:12:32,881 [INFO] Worker 2: FID 315 (30/65)
2026-06-24 13:12:32,882 [INFO] Worker 4: FID 171 done, 0 downloads
2026-06-24 13:12:32,882 [INFO] Worker 5: FID 101 done, 0 downloads
2026-06-24 13:12:32,882 [INFO] Worker 2: FID 315 done, 0 downloads
2026-06-24 13:12:32,882 [INFO] Worker 1: FID 144 (3/65)
2026-06-24 13:12:32,883 [INFO] Worker 1: FID 144 done, 0 downloads
2026-06-24 13:12:32,903 [INFO] Worker 0: FID 341 (15/65)
2026-06-24 13:12:32,904 [INFO] Worker 0: FID 341 done, 0 downloads
2026-06-24 13:12:32,904 [INFO] Worker 5: FID 294 (43/64)
2026-06-24 13:12:32,905 [INFO] Worker 5: FID 294 done, 0 downloads
2026-06-24 13:12:32,907 [INFO] Worker 4: FID 88 (41/65)
2026-06-24 13:12:32,907 [INFO] Worker 1: FID 275 (4/65)
2026-06-24 13:12:32,908 [INFO] Worker 4: FID 88 done, 0 downloads
2026-06-24 13:12:32,908 [INFO] Worker 1: FID 275 done, 0 downloads
2026-06-24 13:12:32,908 [INFO] Worker 2: FID 207 (31/65)
2026-06-24 13:12:32,909 [INFO] Worker 2: FID 207 done, 0 downloads
2026-06-24 13:12:32,933 [INFO] Worker 0: FID 376 (16/65)
2026-06-24 13:12:32,933 [INFO] Worker 4: FID 363 (42/65)
2026-06-24 13:12:32,933 [INFO] Worker 1: FID 381 (5/65)
2026-06-24 13:12:32,933 [INFO] Worker 5: FID 250 (44/64)
2026-06-24 13:12:32,934 [INFO] Worker 0: FID 376 done, 0 downloads
2026-06-24 13:12:32,934 [INFO] Worker 4: FID 363 done, 0 downloads
2026-06-24 13:12:32,934 [INFO] Worker 2: FID 132 (32/65)
2026-06-24 13:12:32,934 [INFO] Worker 5: FID 250 done, 0 downloads
2026-06-24 13:12:32,934 [INFO] Worker 1: FID 381 done, 0 downloads
2026-06-24 13:12:32,935 [INFO] Worker 2: FID 132 done, 0 downloads
2026-06-24 13:12:32,955 [INFO] Worker 1: FID 14 (6/65)
2026-06-24 13:12:32,956 [INFO] Worker 1: FID 14 done, 0 downloads
2026-06-24 13:12:32,961 [INFO] Worker 2: FID 50 (33/65)
2026-06-24 13:12:32,961 [INFO] Worker 4: FID 112 (43/65)
2026-06-24 13:12:32,961 [INFO] Worker 0: FID 3 (17/65)
2026-06-24 13:12:32,961 [INFO] Worker 5: FID 253 (45/64)
2026-06-24 13:12:32,962 [INFO] Worker 4: FID 112 done, 0 downloads
2026-06-24 13:12:32,962 [INFO] Worker 2: FID 50 done, 0 downloads
2026-06-24 13:12:32,963 [INFO] Worker 5: FID 253 done, 0 downloads
2026-06-24 13:12:32,964 [INFO] Worker 0: FID 3 done, 0 downloads
2026-06-24 13:12:32,981 [INFO] Worker 1: FID 30 (7/65)
2026-06-24 13:12:32,982 [INFO] Worker 1: FID 30 done, 0 downloads
2026-06-24 13:12:32,982 [INFO] Worker 0: FID 13 (18/65)
2026-06-24 13:12:32,983 [INFO] Worker 0: FID 13 done, 0 downloads
2026-06-24 13:12:32,987 [INFO] Worker 4: FID 187 (44/65)
2026-06-24 13:12:32,987 [INFO] Worker 2: FID 330 (34/65)
2026-06-24 13:12:32,987 [INFO] Worker 2: FID 330 done, 0 downloads
2026-06-24 13:12:32,988 [INFO] Worker 4: FID 187 done, 0 downloads
2026-06-24 13:12:32,988 [INFO] Worker 5: FID 326 (46/64)
2026-06-24 13:12:32,988 [INFO] Worker 5: FID 326 done, 0 downloads
2026-06-24 13:12:33,007 [INFO] Worker 1: FID 44 (8/65)
2026-06-24 13:12:33,007 [INFO] Worker 1: FID 44 done, 0 downloads
2026-06-24 13:12:33,012 [INFO] Worker 2: FID 212 (35/65)
2026-06-24 13:12:33,012 [INFO] Worker 0: FID 360 (19/65)
2026-06-24 13:12:33,012 [INFO] Worker 4: FID 192 (45/65)
2026-06-24 13:12:33,013 [INFO] Worker 4: FID 192 done, 0 downloads
2026-06-24 13:12:33,013 [INFO] Worker 2: FID 212 done, 0 downloads
2026-06-24 13:12:33,013 [INFO] Worker 0: FID 360 done, 0 downloads
2026-06-24 13:12:33,013 [INFO] Worker 5: FID 387 (47/64)
2026-06-24 13:12:33,015 [INFO] Worker 5: FID 387 done, 0 downloads
2026-06-24 13:12:33,032 [INFO] Worker 1: FID 218 (9/65)
2026-06-24 13:12:33,032 [INFO] Worker 4: FID 210 (46/65)
2026-06-24 13:12:33,033 [INFO] Worker 1: FID 218 done, 0 downloads
2026-06-24 13:12:33,033 [INFO] Worker 4: FID 210 done, 0 downloads
2026-06-24 13:12:33,038 [INFO] Worker 2: FID 370 (36/65)
2026-06-24 13:12:33,038 [INFO] Worker 0: FID 195 (20/65)
2026-06-24 13:12:33,039 [INFO] Worker 0: FID 195 done, 0 downloads
2026-06-24 13:12:33,039 [INFO] Worker 2: FID 370 done, 0 downloads
2026-06-24 13:12:33,039 [INFO] Worker 5: FID 66 (48/64)
2026-06-24 13:12:33,040 [INFO] Worker 5: FID 66 done, 0 downloads
2026-06-24 13:12:33,058 [INFO] Worker 1: FID 49 (10/65)
2026-06-24 13:12:33,059 [INFO] Worker 1: FID 49 done, 0 downloads
2026-06-24 13:12:33,064 [INFO] Worker 4: FID 337 (47/65)
2026-06-24 13:12:33,064 [INFO] Worker 2: FID 61 (37/65)
2026-06-24 13:12:33,064 [INFO] Worker 0: FID 86 (21/65)
2026-06-24 13:12:33,064 [INFO] Worker 2: FID 61 done, 0 downloads
2026-06-24 13:12:33,064 [INFO] Worker 4: FID 337 done, 0 downloads
2026-06-24 13:12:33,064 [INFO] Worker 5: FID 77 (49/64)
2026-06-24 13:12:33,065 [INFO] Worker 0: FID 86 done, 0 downloads
2026-06-24 13:12:33,065 [INFO] Worker 5: FID 77 done, 0 downloads
2026-06-24 13:12:33,084 [INFO] Worker 1: FID 27 (11/65)
2026-06-24 13:12:33,084 [INFO] Worker 1: FID 27 done, 0 downloads
2026-06-24 13:12:33,089 [INFO] Worker 4: FID 52 (48/65)
2026-06-24 13:12:33,089 [INFO] Worker 2: FID 104 (38/65)
2026-06-24 13:12:33,089 [INFO] Worker 0: FID 366 (22/65)
2026-06-24 13:12:33,090 [INFO] Worker 5: FID 372 (50/64)
2026-06-24 13:12:33,090 [INFO] Worker 4: FID 52 done, 0 downloads
2026-06-24 13:12:33,090 [INFO] Worker 0: FID 366 done, 0 downloads
2026-06-24 13:12:33,090 [INFO] Worker 2: FID 104 done, 0 downloads
2026-06-24 13:12:33,091 [INFO] Worker 5: FID 372 done, 0 downloads
2026-06-24 13:12:33,115 [INFO] Worker 1: FID 98 (12/65)
2026-06-24 13:12:33,115 [INFO] Worker 4: FID 344 (49/65)
2026-06-24 13:12:33,115 [INFO] Worker 0: FID 26 (23/65)
2026-06-24 13:12:33,115 [INFO] Worker 2: FID 108 (39/65)
2026-06-24 13:12:33,116 [INFO] Worker 1: FID 98 done, 0 downloads
2026-06-24 13:12:33,116 [INFO] Worker 2: FID 108 done, 0 downloads
2026-06-24 13:12:33,116 [INFO] Worker 4: FID 344 done, 0 downloads
2026-06-24 13:12:33,116 [INFO] Worker 0: FID 26 done, 0 downloads
2026-06-24 13:12:33,116 [INFO] Worker 5: FID 235 (51/64)
2026-06-24 13:12:33,117 [INFO] Worker 5: FID 235 done, 0 downloads
2026-06-24 13:12:33,142 [INFO] Worker 1: FID 313 (13/65)
2026-06-24 13:12:33,142 [INFO] Worker 4: FID 371 (50/65)
2026-06-24 13:12:33,142 [INFO] Worker 2: FID 109 (40/65)
2026-06-24 13:12:33,142 [INFO] Worker 0: FID 277 (24/65)
2026-06-24 13:12:33,142 [INFO] Worker 4: FID 371 done, 0 downloads
2026-06-24 13:12:33,142 [INFO] Worker 2: FID 109 done, 0 downloads
2026-06-24 13:12:33,142 [INFO] Worker 1: FID 313 done, 0 downloads
2026-06-24 13:12:33,142 [INFO] Worker 0: FID 277 done, 0 downloads
2026-06-24 13:12:33,143 [INFO] Worker 5: FID 97 (52/64)
2026-06-24 13:12:33,143 [INFO] Worker 5: FID 97 done, 0 downloads
2026-06-24 13:12:33,151 [INFO] Worker 1: FID 135 (14/65)
2026-06-24 13:12:33,151 [INFO] Worker 1: FID 135 done, 0 downloads
2026-06-24 13:12:33,169 [INFO] Worker 4: FID 172 (51/65)
2026-06-24 13:12:33,169 [INFO] Worker 2: FID 357 (41/65)
2026-06-24 13:12:33,169 [INFO] Worker 0: FID 99 (25/65)
2026-06-24 13:12:33,169 [INFO] Worker 2: FID 357 done, 0 downloads
2026-06-24 13:12:33,169 [INFO] Worker 4: FID 172 done, 0 downloads
2026-06-24 13:12:33,170 [INFO] Worker 5: FID 178 (53/64)
2026-06-24 13:12:33,170 [INFO] Worker 0: FID 99 done, 0 downloads
2026-06-24 13:12:33,170 [INFO] Worker 5: FID 178 done, 0 downloads
2026-06-24 13:12:33,194 [INFO] Worker 1: FID 74 (15/65)
2026-06-24 13:12:33,195 [INFO] Worker 0: FID 243 (26/65)
2026-06-24 13:12:33,195 [INFO] Worker 4: FID 367 (52/65)
2026-06-24 13:12:33,195 [INFO] Worker 2: FID 362 (42/65)
2026-06-24 13:12:33,195 [INFO] Worker 1: FID 74 done, 0 downloads
2026-06-24 13:12:33,195 [INFO] Worker 0: FID 243 done, 0 downloads
2026-06-24 13:12:33,195 [INFO] Worker 4: FID 367 done, 0 downloads
2026-06-24 13:12:33,195 [INFO] Worker 5: FID 181 (54/64)
2026-06-24 13:12:33,196 [INFO] Worker 2: FID 362 done, 0 downloads
2026-06-24 13:12:33,196 [INFO] Worker 5: FID 181 done, 0 downloads
2026-06-24 13:12:33,198 [INFO] Worker 3: resumed with 7764 completed
2026-06-24 13:12:33,198 [INFO] Worker 3: FID 141 (1/65)
2026-06-24 13:12:33,200 [INFO] Worker 3: FID 141 done, 0 downloads
2026-06-24 13:12:33,204 [INFO] Worker 1: FID 137 (16/65)
2026-06-24 13:12:33,204 [INFO] Worker 1: FID 137 done, 0 downloads
2026-06-24 13:12:33,221 [INFO] Worker 4: FID 177 (53/65)
2026-06-24 13:12:33,221 [INFO] Worker 2: FID 285 (43/65)
2026-06-24 13:12:33,221 [INFO] Worker 0: FID 106 (27/65)
2026-06-24 13:12:33,222 [INFO] Worker 4: FID 177 done, 0 downloads
2026-06-24 13:12:33,222 [INFO] Worker 0: FID 106 done, 0 downloads
2026-06-24 13:12:33,222 [INFO] Worker 2: FID 285 done, 0 downloads
2026-06-24 13:12:33,222 [INFO] Worker 5: FID 115 (55/64)
2026-06-24 13:12:33,224 [INFO] Worker 5: FID 115 done, 0 downloads
2026-06-24 13:12:33,246 [INFO] Worker 1: FID 4 (17/65)
2026-06-24 13:12:33,246 [INFO] Worker 1: FID 4 done, 0 downloads
2026-06-24 13:12:33,251 [INFO] Worker 4: FID 180 (54/65)
2026-06-24 13:12:33,251 [INFO] Worker 0: FID 191 (28/65)
2026-06-24 13:12:33,251 [INFO] Worker 2: FID 305 (44/65)
2026-06-24 13:12:33,251 [INFO] Worker 3: FID 215 (2/65)
2026-06-24 13:12:33,252 [INFO] Worker 4: FID 180 done, 0 downloads
2026-06-24 13:12:33,252 [INFO] Worker 3: FID 215 done, 0 downloads
2026-06-24 13:12:33,252 [INFO] Worker 0: FID 191 done, 0 downloads
2026-06-24 13:12:33,252 [INFO] Worker 2: FID 305 done, 0 downloads
2026-06-24 13:12:33,252 [INFO] Worker 5: FID 246 (56/64)
2026-06-24 13:12:33,253 [INFO] Worker 5: FID 246 done, 0 downloads
2026-06-24 13:12:33,264 [INFO] Worker 4: FID 179 (55/65)
2026-06-24 13:12:33,265 [INFO] Worker 4: FID 179 done, 0 downloads
2026-06-24 13:12:33,268 [INFO] Worker 2: FID 307 (45/65)
2026-06-24 13:12:33,269 [INFO] Worker 2: FID 307 done, 0 downloads
2026-06-24 13:12:33,275 [INFO] Worker 1: FID 28 (18/65)
2026-06-24 13:12:33,276 [INFO] Worker 1: FID 28 done, 0 downloads
2026-06-24 13:12:33,281 [INFO] Worker 0: FID 199 (29/65)
2026-06-24 13:12:33,281 [INFO] Worker 3: FID 271 (3/65)
2026-06-24 13:12:33,282 [INFO] Worker 0: FID 199 done, 0 downloads
2026-06-24 13:12:33,282 [INFO] Worker 3: FID 271 done, 0 downloads
2026-06-24 13:12:33,282 [INFO] Worker 5: FID 249 (57/64)
2026-06-24 13:12:33,283 [INFO] Worker 5: FID 249 done, 0 downloads
2026-06-24 13:12:33,291 [INFO] Worker 4: FID 245 (56/65)
2026-06-24 13:12:33,291 [INFO] Worker 4: FID 245 done, 0 downloads
2026-06-24 13:12:33,307 [INFO] Worker 3: FID 127 (4/65)
2026-06-24 13:12:33,307 [INFO] Worker 3: FID 127 done, 0 downloads
2026-06-24 13:12:33,311 [INFO] Worker 2: FID 320 (46/65)
2026-06-24 13:12:33,311 [INFO] Worker 0: FID 203 (30/65)
2026-06-24 13:12:33,311 [INFO] Worker 1: FID 92 (19/65)
2026-06-24 13:12:33,312 [INFO] Worker 2: FID 320 done, 0 downloads
2026-06-24 13:12:33,312 [INFO] Worker 0: FID 203 done, 0 downloads
2026-06-24 13:12:33,312 [INFO] Worker 1: FID 92 done, 0 downloads
2026-06-24 13:12:33,313 [INFO] Worker 5: FID 258 (58/64)
2026-06-24 13:12:33,314 [INFO] Worker 5: FID 258 done, 0 downloads
2026-06-24 13:12:33,342 [INFO] Worker 1: FID 325 (20/65)
2026-06-24 13:12:33,342 [INFO] Worker 0: FID 206 (31/65)
2026-06-24 13:12:33,342 [INFO] Worker 4: FID 247 (57/65)
2026-06-24 13:12:33,342 [INFO] Worker 3: FID 6 (5/65)
2026-06-24 13:12:33,342 [INFO] Worker 2: FID 134 (47/65)
2026-06-24 13:12:33,342 [INFO] Worker 0: FID 206 done, 0 downloads
2026-06-24 13:12:33,342 [INFO] Worker 1: FID 325 done, 0 downloads
2026-06-24 13:12:33,342 [INFO] Worker 4: FID 247 done, 0 downloads
2026-06-24 13:12:33,342 [INFO] Worker 2: FID 134 done, 0 downloads
2026-06-24 13:12:33,343 [INFO] Worker 3: FID 6 done, 0 downloads
2026-06-24 13:12:33,343 [INFO] Worker 5: FID 358 (59/64)
2026-06-24 13:12:33,344 [INFO] Worker 5: FID 358 done, 0 downloads
2026-06-24 13:12:33,373 [INFO] Worker 1: FID 87 (21/65)
2026-06-24 13:12:33,373 [INFO] Worker 2: FID 342 (48/65)
2026-06-24 13:12:33,373 [INFO] Worker 0: FID 323 (32/65)
2026-06-24 13:12:33,373 [INFO] Worker 4: FID 122 (58/65)
2026-06-24 13:12:33,373 [INFO] Worker 3: FID 16 (6/65)
2026-06-24 13:12:33,374 [INFO] Worker 4: FID 122 done, 0 downloads
2026-06-24 13:12:33,374 [INFO] Worker 2: FID 342 done, 0 downloads
2026-06-24 13:12:33,374 [INFO] Worker 0: FID 323 done, 0 downloads
2026-06-24 13:12:33,374 [INFO] Worker 3: FID 16 done, 0 downloads
2026-06-24 13:12:33,374 [INFO] Worker 1: FID 87 done, 0 downloads
2026-06-24 13:12:33,374 [INFO] Worker 5: FID 139 (60/64)
2026-06-24 13:12:33,375 [INFO] Worker 5: FID 139 done, 0 downloads
2026-06-24 13:12:33,405 [INFO] Worker 1: FID 361 (22/65)
2026-06-24 13:12:33,405 [INFO] Worker 4: FID 314 (59/65)
2026-06-24 13:12:33,405 [INFO] Worker 0: FID 48 (33/65)
2026-06-24 13:12:33,405 [INFO] Worker 2: FID 75 (49/65)
2026-06-24 13:12:33,405 [INFO] Worker 3: FID 40 (7/65)
2026-06-24 13:12:33,405 [INFO] Worker 4: FID 314 done, 0 downloads
2026-06-24 13:12:33,405 [INFO] Worker 0: FID 48 done, 0 downloads
2026-06-24 13:12:33,406 [INFO] Worker 1: FID 361 done, 0 downloads
2026-06-24 13:12:33,406 [INFO] Worker 5: FID 160 (61/64)
2026-06-24 13:12:33,406 [INFO] Worker 2: FID 75 done, 0 downloads
2026-06-24 13:12:33,406 [INFO] Worker 3: FID 40 done, 0 downloads
2026-06-24 13:12:33,406 [INFO] Worker 5: FID 160 done, 0 downloads
2026-06-24 13:12:33,419 [INFO] Worker 4: FID 384 (60/65)
2026-06-24 13:12:33,420 [INFO] Worker 4: FID 384 done, 0 downloads
2026-06-24 13:12:33,427 [INFO] Worker 2: FID 60 (50/65)
2026-06-24 13:12:33,428 [INFO] Worker 2: FID 60 done, 0 downloads
2026-06-24 13:12:33,430 [INFO] Worker 1: FID 63 (23/65)
2026-06-24 13:12:33,431 [INFO] Worker 1: FID 63 done, 0 downloads
2026-06-24 13:12:33,436 [INFO] Worker 0: FID 328 (34/65)
2026-06-24 13:12:33,436 [INFO] Worker 3: FID 274 (8/65)
2026-06-24 13:12:33,436 [INFO] Worker 0: FID 328 done, 0 downloads
2026-06-24 13:12:33,437 [INFO] Worker 5: FID 236 (62/64)
2026-06-24 13:12:33,437 [INFO] Worker 3: FID 274 done, 0 downloads
2026-06-24 13:12:33,437 [INFO] Worker 5: FID 236 done, 0 downloads
2026-06-24 13:12:33,444 [INFO] Worker 1: FID 154 (24/65)
2026-06-24 13:12:33,445 [INFO] Worker 1: FID 154 done, 0 downloads
2026-06-24 13:12:33,466 [INFO] Worker 2: FID 389 (51/65)
2026-06-24 13:12:33,466 [INFO] Worker 0: FID 72 (35/65)
2026-06-24 13:12:33,466 [INFO] Worker 3: FID 150 (9/65)
2026-06-24 13:12:33,466 [INFO] Worker 4: FID 157 (61/65)
2026-06-24 13:12:33,467 [INFO] Worker 2: FID 389 done, 0 downloads
2026-06-24 13:12:33,467 [INFO] Worker 0: FID 72 done, 0 downloads
2026-06-24 13:12:33,467 [INFO] Worker 3: FID 150 done, 0 downloads
2026-06-24 13:12:33,467 [INFO] Worker 5: FID 382 (63/64)
2026-06-24 13:12:33,467 [INFO] Worker 4: FID 157 done, 0 downloads
2026-06-24 13:12:33,469 [INFO] Worker 5: FID 382 done, 0 downloads
2026-06-24 13:12:33,486 [INFO] Worker 1: FID 155 (25/65)
2026-06-24 13:12:33,486 [INFO] Worker 3: FID 84 (10/65)
2026-06-24 13:12:33,490 [INFO] Worker 0: FID 264 (36/65)
2026-06-24 13:12:33,490 [INFO] Worker 2: FID 85 (52/65)
2026-06-24 13:12:33,490 [INFO] Worker 1: FID 155 done, 0 downloads
2026-06-24 13:12:33,490 [INFO] Worker 2: FID 85 done, 0 downloads
2026-06-24 13:12:33,491 [INFO] Worker 0: FID 264 done, 0 downloads
2026-06-24 13:12:33,491 [INFO] Worker 4: FID 233 (62/65)
2026-06-24 13:12:33,491 [INFO] Worker 3: FID 84 done, 0 downloads
2026-06-24 13:12:33,491 [INFO] Worker 4: FID 233 done, 0 downloads
2026-06-24 13:12:33,520 [INFO] Worker 1: FID 158 (26/65)
2026-06-24 13:12:33,520 [INFO] Worker 2: FID 281 (53/65)
2026-06-24 13:12:33,520 [INFO] Worker 4: FID 130 (63/65)
2026-06-24 13:12:33,520 [INFO] Worker 0: FID 11 (37/65)
2026-06-24 13:12:33,520 [INFO] Worker 5: FID 244 (64/64)
2026-06-24 13:12:33,521 [INFO] Worker 2: FID 281 done, 0 downloads
2026-06-24 13:12:33,521 [INFO] Worker 5: FID 244 done, 0 downloads
2026-06-24 13:12:33,521 [INFO] Worker 0: FID 11 done, 0 downloads
2026-06-24 13:12:33,521 [INFO] Worker 4: FID 130 done, 0 downloads
2026-06-24 13:12:33,521 [INFO] Worker 3: FID 219 (11/65)
2026-06-24 13:12:33,521 [INFO] Worker 1: FID 158 done, 0 downloads
2026-06-24 13:12:33,521 [INFO] Worker 3: FID 219 done, 0 downloads
2026-06-24 13:12:33,551 [INFO] Worker 1: FID 231 (27/65)
2026-06-24 13:12:33,551 [INFO] Worker 0: FID 37 (38/65)
2026-06-24 13:12:33,551 [INFO] Worker 2: FID 113 (54/65)
2026-06-24 13:12:33,551 [INFO] Worker 3: FID 278 (12/65)
2026-06-24 13:12:33,551 [INFO] Worker 4: FID 83 (64/65)
2026-06-24 13:12:33,552 [INFO] Worker 3: FID 278 done, 0 downloads
2026-06-24 13:12:33,552 [INFO] Worker 1: FID 231 done, 0 downloads
2026-06-24 13:12:33,552 [INFO] Worker 4: FID 83 done, 0 downloads
2026-06-24 13:12:33,552 [INFO] Worker 2: FID 113 done, 0 downloads
2026-06-24 13:12:33,552 [INFO] Worker 0: FID 37 done, 0 downloads
2026-06-24 13:12:33,582 [INFO] Worker 1: FID 252 (28/65)
2026-06-24 13:12:33,582 [INFO] Worker 2: FID 241 (55/65)
2026-06-24 13:12:33,582 [INFO] Worker 4: FID 377 (65/65)
2026-06-24 13:12:33,582 [INFO] Worker 0: FID 165 (39/65)
2026-06-24 13:12:33,582 [INFO] Worker 3: FID 316 (13/65)
2026-06-24 13:12:33,583 [INFO] Worker 0: FID 165 done, 0 downloads
2026-06-24 13:12:33,583 [INFO] Worker 4: FID 377 done, 0 downloads
2026-06-24 13:12:33,583 [INFO] Worker 1: FID 252 done, 0 downloads
2026-06-24 13:12:33,583 [INFO] Worker 2: FID 241 done, 0 downloads
2026-06-24 13:12:33,583 [INFO] Worker 3: FID 316 done, 0 downloads
2026-06-24 13:12:33,583 [INFO] Worker 5: finished. 10714 total completed.
2026-06-24 13:12:33,591 [INFO] Worker 1: FID 255 (29/65)
2026-06-24 13:12:33,592 [INFO] Worker 1: FID 255 done, 0 downloads
2026-06-24 13:12:33,604 [INFO] Worker 3: FID 46 (14/65)
2026-06-24 13:12:33,605 [INFO] Worker 3: FID 46 done, 0 downloads
2026-06-24 13:12:33,608 [INFO] Worker 0: FID 175 (40/65)
2026-06-24 13:12:33,608 [INFO] Worker 0: FID 175 done, 0 downloads
2026-06-24 13:12:33,609 [INFO] Worker 2: FID 116 (56/65)
2026-06-24 13:12:33,610 [INFO] Worker 2: FID 116 done, 0 downloads
2026-06-24 13:12:33,624 [INFO] Worker 1: FID 259 (30/65)
2026-06-24 13:12:33,624 [INFO] Worker 1: FID 259 done, 0 downloads
2026-06-24 13:12:33,632 [INFO] Worker 3: FID 69 (15/65)
2026-06-24 13:12:33,632 [INFO] Worker 0: FID 291 (41/65)
2026-06-24 13:12:33,632 [INFO] Worker 4: finished. 8114 total completed.
2026-06-24 13:12:33,632 [INFO] Worker 0: FID 291 done, 0 downloads
2026-06-24 13:12:33,632 [INFO] Worker 3: FID 69 done, 0 downloads
2026-06-24 13:12:33,633 [INFO] Worker 2: FID 118 (57/65)
2026-06-24 13:12:33,634 [INFO] Worker 2: FID 118 done, 0 downloads
2026-06-24 13:12:33,652 [INFO] Worker 1: FID 321 (31/65)
2026-06-24 13:12:33,652 [INFO] Worker 0: FID 347 (42/65)
2026-06-24 13:12:33,652 [INFO] Worker 3: FID 333 (16/65)
2026-06-24 13:12:33,652 [INFO] Worker 3: FID 333 done, 0 downloads
2026-06-24 13:12:33,653 [INFO] Worker 0: FID 347 done, 0 downloads
2026-06-24 13:12:33,653 [INFO] Worker 2: FID 309 (58/65)
2026-06-24 13:12:33,653 [INFO] Worker 1: FID 321 done, 0 downloads
2026-06-24 13:12:33,654 [INFO] Worker 2: FID 309 done, 0 downloads
2026-06-24 13:12:33,673 [INFO] Worker 1: FID 324 (32/65)
2026-06-24 13:12:33,673 [INFO] Worker 3: FID 8 (17/65)
2026-06-24 13:12:33,673 [INFO] Worker 0: FID 102 (43/65)
2026-06-24 13:12:33,674 [INFO] Worker 1: FID 324 done, 0 downloads
2026-06-24 13:12:33,674 [INFO] Worker 0: FID 102 done, 0 downloads
2026-06-24 13:12:33,674 [INFO] Worker 3: FID 8 done, 0 downloads
2026-06-24 13:12:33,674 [INFO] Worker 2: FID 204 (59/65)
2026-06-24 13:12:33,674 [INFO] Worker 2: FID 204 done, 0 downloads
2026-06-24 13:12:33,682 [INFO] Worker 1: FID 338 (33/65)
2026-06-24 13:12:33,683 [INFO] Worker 1: FID 338 done, 0 downloads
2026-06-24 13:12:33,687 [INFO] Worker 0: FID 176 (44/65)
2026-06-24 13:12:33,687 [INFO] Worker 0: FID 176 done, 0 downloads
2026-06-24 13:12:33,694 [INFO] Worker 3: FID 31 (18/65)
2026-06-24 13:12:33,695 [INFO] Worker 3: FID 31 done, 0 downloads
2026-06-24 13:12:33,695 [INFO] Worker 2: FID 59 (60/65)
2026-06-24 13:12:33,696 [INFO] Worker 2: FID 59 done, 0 downloads
2026-06-24 13:12:33,714 [INFO] Worker 1: FID 57 (34/65)
2026-06-24 13:12:33,714 [INFO] Worker 3: FID 161 (19/65)
2026-06-24 13:12:33,714 [INFO] Worker 0: FID 251 (45/65)
2026-06-24 13:12:33,715 [INFO] Worker 1: FID 57 done, 0 downloads
2026-06-24 13:12:33,715 [INFO] Worker 3: FID 161 done, 0 downloads
2026-06-24 13:12:33,715 [INFO] Worker 0: FID 251 done, 0 downloads
2026-06-24 13:12:33,715 [INFO] Worker 2: FID 375 (61/65)
2026-06-24 13:12:33,715 [INFO] Worker 2: FID 375 done, 0 downloads
2026-06-24 13:12:33,735 [INFO] Worker 1: FID 73 (35/65)
2026-06-24 13:12:33,735 [INFO] Worker 3: FID 343 (20/65)
2026-06-24 13:12:33,735 [INFO] Worker 0: FID 124 (46/65)
2026-06-24 13:12:33,735 [INFO] Worker 1: FID 73 done, 0 downloads
2026-06-24 13:12:33,735 [INFO] Worker 3: FID 343 done, 0 downloads
2026-06-24 13:12:33,735 [INFO] Worker 0: FID 124 done, 0 downloads
2026-06-24 13:12:33,736 [INFO] Worker 2: FID 110 (62/65)
2026-06-24 13:12:33,736 [INFO] Worker 2: FID 110 done, 0 downloads
2026-06-24 13:12:33,755 [INFO] Worker 0: FID 335 (47/65)
2026-06-24 13:12:33,755 [INFO] Worker 3: FID 89 (21/65)
2026-06-24 13:12:33,755 [INFO] Worker 1: FID 265 (36/65)
2026-06-24 13:12:33,756 [INFO] Worker 3: FID 89 done, 0 downloads
2026-06-24 13:12:33,756 [INFO] Worker 0: FID 335 done, 0 downloads
2026-06-24 13:12:33,756 [INFO] Worker 1: FID 265 done, 0 downloads
2026-06-24 13:12:33,756 [INFO] Worker 2: FID 119 (63/65)
2026-06-24 13:12:33,757 [INFO] Worker 2: FID 119 done, 0 downloads
2026-06-24 13:12:33,776 [INFO] Worker 3: FID 20 (22/65)
2026-06-24 13:12:33,776 [INFO] Worker 0: FID 38 (48/65)
2026-06-24 13:12:33,776 [INFO] Worker 1: FID 10 (37/65)
2026-06-24 13:12:33,777 [INFO] Worker 2: FID 193 (64/65)
2026-06-24 13:12:33,777 [INFO] Worker 0: FID 38 done, 0 downloads
2026-06-24 13:12:33,777 [INFO] Worker 3: FID 20 done, 0 downloads
2026-06-24 13:12:33,777 [INFO] Worker 1: FID 10 done, 0 downloads
2026-06-24 13:12:33,777 [INFO] Worker 2: FID 193 done, 0 downloads
2026-06-24 13:12:33,797 [INFO] Worker 1: FID 36 (38/65)
2026-06-24 13:12:33,797 [INFO] Worker 3: FID 149 (23/65)
2026-06-24 13:12:33,797 [INFO] Worker 0: FID 67 (49/65)
2026-06-24 13:12:33,798 [INFO] Worker 1: FID 36 done, 0 downloads
2026-06-24 13:12:33,798 [INFO] Worker 3: FID 149 done, 0 downloads
2026-06-24 13:12:33,798 [INFO] Worker 2: FID 302 (65/65)
2026-06-24 13:12:33,798 [INFO] Worker 0: FID 67 done, 0 downloads
2026-06-24 13:12:33,799 [INFO] Worker 2: FID 302 done, 0 downloads
2026-06-24 13:12:33,818 [INFO] Worker 1: FID 288 (39/65)
2026-06-24 13:12:33,818 [INFO] Worker 3: FID 224 (24/65)
2026-06-24 13:12:33,818 [INFO] Worker 0: FID 138 (50/65)
2026-06-24 13:12:33,818 [INFO] Worker 1: FID 288 done, 0 downloads
2026-06-24 13:12:33,819 [INFO] Worker 0: FID 138 done, 0 downloads
2026-06-24 13:12:33,819 [INFO] Worker 3: FID 224 done, 0 downloads
2026-06-24 13:12:33,839 [INFO] Worker 1: FID 292 (40/65)
2026-06-24 13:12:33,839 [INFO] Worker 3: FID 280 (25/65)
2026-06-24 13:12:33,839 [INFO] Worker 2: finished. 8025 total completed.
2026-06-24 13:12:33,839 [INFO] Worker 1: FID 292 done, 0 downloads
2026-06-24 13:12:33,839 [INFO] Worker 0: FID 379 (51/65)
2026-06-24 13:12:33,839 [INFO] Worker 3: FID 280 done, 0 downloads
2026-06-24 13:12:33,840 [INFO] Worker 0: FID 379 done, 0 downloads
2026-06-24 13:12:33,855 [INFO] Worker 1: FID 293 (41/65)
2026-06-24 13:12:33,855 [INFO] Worker 3: FID 169 (26/65)
2026-06-24 13:12:33,856 [INFO] Worker 0: FID 237 (52/65)
2026-06-24 13:12:33,856 [INFO] Worker 1: FID 293 done, 0 downloads
2026-06-24 13:12:33,856 [INFO] Worker 3: FID 169 done, 0 downloads
2026-06-24 13:12:33,857 [INFO] Worker 0: FID 237 done, 0 downloads
2026-06-24 13:12:33,872 [INFO] Worker 1: FID 364 (42/65)
2026-06-24 13:12:33,872 [INFO] Worker 3: FID 120 (27/65)
2026-06-24 13:12:33,873 [INFO] Worker 1: FID 364 done, 0 downloads
2026-06-24 13:12:33,873 [INFO] Worker 0: FID 223 (53/65)
2026-06-24 13:12:33,873 [INFO] Worker 3: FID 120 done, 0 downloads
2026-06-24 13:12:33,873 [INFO] Worker 0: FID 223 done, 0 downloads
2026-06-24 13:12:33,889 [INFO] Worker 1: FID 229 (43/65)
2026-06-24 13:12:33,889 [INFO] Worker 3: FID 196 (28/65)
2026-06-24 13:12:33,890 [INFO] Worker 3: FID 196 done, 0 downloads
2026-06-24 13:12:33,890 [INFO] Worker 1: FID 229 done, 0 downloads
2026-06-24 13:12:33,890 [INFO] Worker 0: FID 239 (54/65)
2026-06-24 13:12:33,890 [INFO] Worker 0: FID 239 done, 0 downloads
2026-06-24 13:12:33,906 [INFO] Worker 3: FID 256 (29/65)
2026-06-24 13:12:33,906 [INFO] Worker 1: FID 300 (44/65)
2026-06-24 13:12:33,907 [INFO] Worker 3: FID 256 done, 0 downloads
2026-06-24 13:12:33,907 [INFO] Worker 0: FID 298 (55/65)
2026-06-24 13:12:33,907 [INFO] Worker 1: FID 300 done, 0 downloads
2026-06-24 13:12:33,907 [INFO] Worker 0: FID 298 done, 0 downloads
2026-06-24 13:12:33,923 [INFO] Worker 1: FID 304 (45/65)
2026-06-24 13:12:33,923 [INFO] Worker 3: FID 129 (30/65)
2026-06-24 13:12:33,923 [INFO] Worker 1: FID 304 done, 0 downloads
2026-06-24 13:12:33,923 [INFO] Worker 0: FID 182 (56/65)
2026-06-24 13:12:33,924 [INFO] Worker 3: FID 129 done, 0 downloads
2026-06-24 13:12:33,924 [INFO] Worker 0: FID 182 done, 0 downloads
2026-06-24 13:12:33,932 [INFO] Worker 1: FID 128 (46/65)
2026-06-24 13:12:33,932 [INFO] Worker 1: FID 128 done, 0 downloads
2026-06-24 13:12:33,939 [INFO] Worker 3: FID 208 (31/65)
2026-06-24 13:12:33,940 [INFO] Worker 0: FID 301 (57/65)
2026-06-24 13:12:33,940 [INFO] Worker 3: FID 208 done, 0 downloads
2026-06-24 13:12:33,940 [INFO] Worker 0: FID 301 done, 0 downloads
2026-06-24 13:12:33,955 [INFO] Worker 1: FID 386 (47/65)
2026-06-24 13:12:33,955 [INFO] Worker 3: FID 133 (32/65)
2026-06-24 13:12:33,956 [INFO] Worker 3: FID 133 done, 0 downloads
2026-06-24 13:12:33,956 [INFO] Worker 1: FID 386 done, 0 downloads
2026-06-24 13:12:33,956 [INFO] Worker 0: FID 306 (58/65)
2026-06-24 13:12:33,956 [INFO] Worker 0: FID 306 done, 0 downloads
2026-06-24 13:12:33,968 [INFO] Worker 1: FID 340 (48/65)
2026-06-24 13:12:33,969 [INFO] Worker 1: FID 340 done, 0 downloads
2026-06-24 13:12:33,972 [INFO] Worker 3: FID 51 (33/65)
2026-06-24 13:12:33,972 [INFO] Worker 3: FID 51 done, 0 downloads
2026-06-24 13:12:33,972 [INFO] Worker 0: FID 311 (59/65)
2026-06-24 13:12:33,973 [INFO] Worker 0: FID 311 done, 0 downloads
2026-06-24 13:12:33,988 [INFO] Worker 3: FID 64 (34/65)
2026-06-24 13:12:33,988 [INFO] Worker 1: FID 70 (49/65)
2026-06-24 13:12:33,988 [INFO] Worker 1: FID 70 done, 0 downloads
2026-06-24 13:12:33,988 [INFO] Worker 3: FID 64 done, 0 downloads
2026-06-24 13:12:33,988 [INFO] Worker 0: FID 336 (60/65)
2026-06-24 13:12:33,989 [INFO] Worker 0: FID 336 done, 0 downloads
2026-06-24 13:12:34,004 [INFO] Worker 1: FID 136 (50/65)
2026-06-24 13:12:34,004 [INFO] Worker 3: FID 329 (35/65)
2026-06-24 13:12:34,005 [INFO] Worker 1: FID 136 done, 0 downloads
2026-06-24 13:12:34,005 [INFO] Worker 3: FID 329 done, 0 downloads
2026-06-24 13:12:34,005 [INFO] Worker 0: FID 350 (61/65)
2026-06-24 13:12:34,005 [INFO] Worker 0: FID 350 done, 0 downloads
2026-06-24 13:12:34,021 [INFO] Worker 3: FID 359 (36/65)
2026-06-24 13:12:34,021 [INFO] Worker 1: FID 388 (51/65)
2026-06-24 13:12:34,021 [INFO] Worker 3: FID 359 done, 0 downloads
2026-06-24 13:12:34,021 [INFO] Worker 1: FID 388 done, 0 downloads
2026-06-24 13:12:34,021 [INFO] Worker 0: FID 283 (62/65)
2026-06-24 13:12:34,022 [INFO] Worker 0: FID 283 done, 0 downloads
2026-06-24 13:12:34,034 [INFO] Worker 1: FID 123 (52/65)
2026-06-24 13:12:34,034 [INFO] Worker 1: FID 123 done, 0 downloads
2026-06-24 13:12:34,037 [INFO] Worker 3: FID 33 (37/65)
2026-06-24 13:12:34,038 [INFO] Worker 0: FID 107 (63/65)
2026-06-24 13:12:34,038 [INFO] Worker 3: FID 33 done, 0 downloads
2026-06-24 13:12:34,039 [INFO] Worker 0: FID 107 done, 0 downloads
2026-06-24 13:12:34,045 [INFO] Worker 1: FID 230 (53/65)
2026-06-24 13:12:34,046 [INFO] Worker 1: FID 230 done, 0 downloads
2026-06-24 13:12:34,053 [INFO] Worker 3: FID 163 (38/65)
2026-06-24 13:12:34,054 [INFO] Worker 3: FID 163 done, 0 downloads
2026-06-24 13:12:34,054 [INFO] Worker 0: FID 378 (64/65)
2026-06-24 13:12:34,055 [INFO] Worker 0: FID 378 done, 0 downloads
2026-06-24 13:12:34,069 [INFO] Worker 1: FID 296 (54/65)
2026-06-24 13:12:34,069 [INFO] Worker 3: FID 234 (39/65)
2026-06-24 13:12:34,070 [INFO] Worker 1: FID 296 done, 0 downloads
2026-06-24 13:12:34,070 [INFO] Worker 3: FID 234 done, 0 downloads
2026-06-24 13:12:34,070 [INFO] Worker 0: FID 114 (65/65)
2026-06-24 13:12:34,071 [INFO] Worker 0: FID 114 done, 0 downloads
2026-06-24 13:12:34,086 [INFO] Worker 1: FID 299 (55/65)
2026-06-24 13:12:34,086 [INFO] Worker 3: FID 111 (40/65)
2026-06-24 13:12:34,086 [INFO] Worker 1: FID 299 done, 0 downloads
2026-06-24 13:12:34,086 [INFO] Worker 3: FID 111 done, 0 downloads
2026-06-24 13:12:34,102 [INFO] Worker 1: FID 183 (56/65)
2026-06-24 13:12:34,102 [INFO] Worker 3: FID 80 (41/65)
2026-06-24 13:12:34,103 [INFO] Worker 3: FID 80 done, 0 downloads
2026-06-24 13:12:34,103 [INFO] Worker 1: FID 183 done, 0 downloads
2026-06-24 13:12:34,103 [INFO] Worker 0: finished. 8006 total completed.
2026-06-24 13:12:34,115 [INFO] Worker 3: FID 368 (42/65)
2026-06-24 13:12:34,115 [INFO] Worker 3: FID 368 done, 0 downloads
2026-06-24 13:12:34,115 [INFO] Worker 1: FID 117 (57/65)
2026-06-24 13:12:34,116 [INFO] Worker 1: FID 117 done, 0 downloads
2026-06-24 13:12:34,124 [INFO] Worker 3: FID 289 (43/65)
2026-06-24 13:12:34,124 [INFO] Worker 3: FID 289 done, 0 downloads
2026-06-24 13:12:34,128 [INFO] Worker 1: FID 189 (58/65)
2026-06-24 13:12:34,128 [INFO] Worker 1: FID 189 done, 0 downloads
2026-06-24 13:12:34,139 [INFO] Worker 3: FID 121 (44/65)
2026-06-24 13:12:34,140 [INFO] Worker 1: FID 254 (59/65)
2026-06-24 13:12:34,140 [INFO] Worker 3: FID 121 done, 0 downloads
2026-06-24 13:12:34,140 [INFO] Worker 1: FID 254 done, 0 downloads
2026-06-24 13:12:34,152 [INFO] Worker 3: FID 188 (45/65)
2026-06-24 13:12:34,152 [INFO] Worker 3: FID 188 done, 0 downloads
2026-06-24 13:12:34,152 [INFO] Worker 1: FID 54 (60/65)
2026-06-24 13:12:34,153 [INFO] Worker 1: FID 54 done, 0 downloads
2026-06-24 13:12:34,164 [INFO] Worker 3: FID 356 (46/65)
2026-06-24 13:12:34,164 [INFO] Worker 3: FID 356 done, 0 downloads
2026-06-24 13:12:34,165 [INFO] Worker 1: FID 373 (61/65)
2026-06-24 13:12:34,165 [INFO] Worker 1: FID 373 done, 0 downloads
2026-06-24 13:12:34,176 [INFO] Worker 3: FID 327 (47/65)
2026-06-24 13:12:34,177 [INFO] Worker 3: FID 327 done, 0 downloads
2026-06-24 13:12:34,177 [INFO] Worker 1: FID 380 (62/65)
2026-06-24 13:12:34,178 [INFO] Worker 1: FID 380 done, 0 downloads
2026-06-24 13:12:34,185 [INFO] Worker 3: FID 383 (48/65)
2026-06-24 13:12:34,186 [INFO] Worker 3: FID 383 done, 0 downloads
2026-06-24 13:12:34,190 [INFO] Worker 1: FID 295 (63/65)
2026-06-24 13:12:34,190 [INFO] Worker 1: FID 295 done, 0 downloads
2026-06-24 13:12:34,198 [INFO] Worker 3: FID 331 (49/65)
2026-06-24 13:12:34,198 [INFO] Worker 3: FID 331 done, 0 downloads
2026-06-24 13:12:34,202 [INFO] Worker 1: FID 78 (64/65)
2026-06-24 13:12:34,202 [INFO] Worker 1: FID 78 done, 0 downloads
2026-06-24 13:12:34,213 [INFO] Worker 3: FID 369 (50/65)
2026-06-24 13:12:34,214 [INFO] Worker 3: FID 369 done, 0 downloads
2026-06-24 13:12:34,214 [INFO] Worker 1: FID 185 (65/65)
2026-06-24 13:12:34,214 [INFO] Worker 1: FID 185 done, 0 downloads
2026-06-24 13:12:34,223 [INFO] Worker 3: FID 162 (51/65)
2026-06-24 13:12:34,223 [INFO] Worker 3: FID 162 done, 0 downloads
2026-06-24 13:12:34,238 [INFO] Worker 3: FID 213 (52/65)
2026-06-24 13:12:34,238 [INFO] Worker 3: FID 213 done, 0 downloads
2026-06-24 13:12:34,238 [INFO] Worker 1: finished. 7463 total completed.
2026-06-24 13:12:34,247 [INFO] Worker 3: FID 240 (53/65)
2026-06-24 13:12:34,247 [INFO] Worker 3: FID 240 done, 0 downloads
2026-06-24 13:12:34,256 [INFO] Worker 3: FID 238 (54/65)
2026-06-24 13:12:34,256 [INFO] Worker 3: FID 238 done, 0 downloads
2026-06-24 13:12:34,265 [INFO] Worker 3: FID 297 (55/65)
2026-06-24 13:12:34,265 [INFO] Worker 3: FID 297 done, 0 downloads
2026-06-24 13:12:34,274 [INFO] Worker 3: FID 184 (56/65)
2026-06-24 13:12:34,274 [INFO] Worker 3: FID 184 done, 0 downloads
2026-06-24 13:12:34,283 [INFO] Worker 3: FID 186 (57/65)
2026-06-24 13:12:34,283 [INFO] Worker 3: FID 186 done, 0 downloads
2026-06-24 13:12:34,292 [INFO] Worker 3: FID 190 (58/65)
2026-06-24 13:12:34,292 [INFO] Worker 3: FID 190 done, 0 downloads
2026-06-24 13:12:34,301 [INFO] Worker 3: FID 257 (59/65)
2026-06-24 13:12:34,302 [INFO] Worker 3: FID 257 done, 0 downloads
2026-06-24 13:12:34,310 [INFO] Worker 3: FID 79 (60/65)
2026-06-24 13:12:34,311 [INFO] Worker 3: FID 79 done, 0 downloads
2026-06-24 13:12:34,319 [INFO] Worker 3: FID 100 (61/65)
2026-06-24 13:12:34,320 [INFO] Worker 3: FID 100 done, 0 downloads
2026-06-24 13:12:34,329 [INFO] Worker 3: FID 170 (62/65)
2026-06-24 13:12:34,329 [INFO] Worker 3: FID 170 done, 0 downloads
2026-06-24 13:12:34,338 [INFO] Worker 3: FID 322 (63/65)
2026-06-24 13:12:34,338 [INFO] Worker 3: FID 322 done, 0 downloads
2026-06-24 13:12:34,347 [INFO] Worker 3: FID 194 (64/65)
2026-06-24 13:12:34,347 [INFO] Worker 3: FID 194 done, 0 downloads
2026-06-24 13:12:34,356 [INFO] Worker 3: FID 303 (65/65)
2026-06-24 13:12:34,357 [INFO] Worker 3: FID 303 done, 0 downloads
2026-06-24 13:12:34,374 [INFO] Worker 3: finished. 7764 total completed.
2026-06-24 13:12:34,448 [INFO] All workers finished. 50086 total completed downloads.
2026-06-24 13:12:34,448 [INFO] Output: /share/home/e2406749/thesis_tiles_120px
2026-06-24 13:26:10,901 [INFO] Parsing CSVs from: /share/castor/home/e2406749/tropical_forest_disturbance/data_csv
2026-06-24 13:26:10,901 [INFO] Tile size: 120x120 px (1200 m footprint)
2026-06-24 13:26:10,901 [INFO] Output base: /share/home/e2406749/thesis_tiles_120px
2026-06-24 13:26:10,901 [INFO] Products: ['s1_grd']
2026-06-24 13:26:10,933 [INFO] Parsed v1_images_s2_s1.csv: 389 rows
2026-06-24 13:26:10,947 [INFO] Parsed v2_images_s2_s1.csv: 389 rows
2026-06-24 13:26:10,960 [INFO] Parsed v3_images_s2_s1.csv: 389 rows
2026-06-24 13:26:10,962 [INFO] Merged: 389 FIDs, 12856 unique (fid, image, window) pairs
2026-06-24 13:26:10,962 [INFO] Launching 6 parallel workers for 389 FIDs
2026-06-24 13:26:10,963 [INFO]   Worker 0: 65 FIDs
2026-06-24 13:26:10,963 [INFO]   Worker 1: 65 FIDs
2026-06-24 13:26:10,963 [INFO]   Worker 2: 65 FIDs
2026-06-24 13:26:10,963 [INFO]   Worker 3: 65 FIDs
2026-06-24 13:26:10,963 [INFO]   Worker 4: 65 FIDs
2026-06-24 13:26:10,964 [INFO]   Worker 5: 64 FIDs
2026-06-24 13:26:10,990 [INFO] Worker 0: starting with 65 FIDs, products: ['s1_grd'], tile_size: 120px
2026-06-24 13:26:10,992 [INFO] Worker 1: starting with 65 FIDs, products: ['s1_grd'], tile_size: 120px
2026-06-24 13:26:10,994 [INFO] Worker 2: starting with 65 FIDs, products: ['s1_grd'], tile_size: 120px
2026-06-24 13:26:10,995 [INFO] Worker 3: starting with 65 FIDs, products: ['s1_grd'], tile_size: 120px
2026-06-24 13:26:10,996 [INFO] Worker 4: starting with 65 FIDs, products: ['s1_grd'], tile_size: 120px
2026-06-24 13:26:10,998 [INFO] Worker 5: starting with 64 FIDs, products: ['s1_grd'], tile_size: 120px
2026-06-24 13:26:12,348 [INFO] Worker 0: resumed with 8006 completed
2026-06-24 13:26:12,348 [INFO] Worker 0: FID 140 (1/65)
2026-06-24 13:26:12,352 [INFO] Worker 0: FID 140 done, 0 downloads
2026-06-24 13:26:12,366 [INFO] Worker 0: FID 269 (2/65)
2026-06-24 13:26:12,367 [INFO] Worker 0: FID 269 done, 0 downloads
2026-06-24 13:26:12,376 [INFO] Worker 0: FID 143 (3/65)
2026-06-24 13:26:12,377 [INFO] Worker 0: FID 143 done, 0 downloads
2026-06-24 13:26:12,385 [INFO] Worker 5: resumed with 10714 completed
2026-06-24 13:26:12,386 [INFO] Worker 0: FID 272 (4/65)
2026-06-24 13:26:12,385 [INFO] Worker 5: FID 268 (1/64)
2026-06-24 13:26:12,386 [INFO] Worker 0: FID 272 done, 0 downloads
2026-06-24 13:26:12,389 [INFO] Worker 5: FID 268 done, 0 downloads
2026-06-24 13:26:12,395 [INFO] Worker 0: FID 53 (5/65)
2026-06-24 13:26:12,397 [INFO] Worker 0: FID 53 done, 0 downloads
2026-06-24 13:26:12,412 [INFO] Worker 5: FID 95 (2/64)
2026-06-24 13:26:12,413 [INFO] Worker 5: FID 95 done, 0 downloads
2026-06-24 13:26:12,413 [INFO] Worker 0: FID 355 (6/65)
2026-06-24 13:26:12,414 [INFO] Worker 0: FID 355 done, 0 downloads
2026-06-24 13:26:12,428 [INFO] Worker 0: FID 19 (7/65)
2026-06-24 13:26:12,429 [INFO] Worker 5: FID 266 (3/64)
2026-06-24 13:26:12,431 [INFO] Worker 5: FID 266 done, 0 downloads
2026-06-24 13:26:12,431 [INFO] Worker 0: FID 19 done, 0 downloads
2026-06-24 13:26:12,445 [INFO] Worker 0: FID 43 (8/65)
2026-06-24 13:26:12,446 [INFO] Worker 0: FID 43 done, 0 downloads
2026-06-24 13:26:12,447 [INFO] Worker 5: FID 205 (4/64)
2026-06-24 13:26:12,447 [INFO] Worker 5: FID 205 done, 0 downloads
2026-06-24 13:26:12,455 [INFO] Worker 0: FID 145 (9/65)
2026-06-24 13:26:12,455 [INFO] Worker 0: FID 145 done, 0 downloads
2026-06-24 13:26:12,462 [INFO] Worker 5: FID 353 (5/64)
2026-06-24 13:26:12,463 [INFO] Worker 5: FID 353 done, 0 downloads
2026-06-24 13:26:12,474 [INFO] Worker 0: FID 34 (10/65)
2026-06-24 13:26:12,475 [INFO] Worker 0: FID 34 done, 0 downloads
2026-06-24 13:26:12,476 [INFO] Worker 5: FID 18 (6/64)
2026-06-24 13:26:12,476 [INFO] Worker 5: FID 18 done, 0 downloads
2026-06-24 13:26:12,489 [INFO] Worker 0: FID 24 (11/65)
2026-06-24 13:26:12,489 [INFO] Worker 1: resumed with 7463 completed
2026-06-24 13:26:12,490 [INFO] Worker 1: FID 90 (1/65)
2026-06-24 13:26:12,490 [INFO] Worker 0: FID 24 done, 0 downloads
2026-06-24 13:26:12,490 [INFO] Worker 5: FID 42 (7/64)
2026-06-24 13:26:12,491 [INFO] Worker 5: FID 42 done, 0 downloads
2026-06-24 13:26:12,492 [INFO] Worker 1: FID 90 done, 0 downloads
2026-06-24 13:26:12,499 [INFO] Worker 2: resumed with 8025 completed
2026-06-24 13:26:12,499 [INFO] Worker 0: FID 220 (12/65)
2026-06-24 13:26:12,499 [INFO] Worker 2: FID 267 (1/65)
2026-06-24 13:26:12,500 [INFO] Worker 0: FID 220 done, 0 downloads
2026-06-24 13:26:12,502 [INFO] Worker 2: FID 267 done, 0 downloads
2026-06-24 13:26:12,506 [INFO] Worker 5: FID 216 (8/64)
2026-06-24 13:26:12,506 [INFO] Worker 5: FID 216 done, 0 downloads
2026-06-24 13:26:12,509 [INFO] Worker 1: FID 270 (2/65)
2026-06-24 13:26:12,510 [INFO] Worker 1: FID 270 done, 0 downloads
2026-06-24 13:26:12,526 [INFO] Worker 0: FID 284 (13/65)
2026-06-24 13:26:12,526 [INFO] Worker 0: FID 284 done, 0 downloads
2026-06-24 13:26:12,530 [INFO] Worker 5: FID 164 (9/64)
2026-06-24 13:26:12,530 [INFO] Worker 1: FID 144 (3/65)
2026-06-24 13:26:12,531 [INFO] Worker 1: FID 144 done, 0 downloads
2026-06-24 13:26:12,531 [INFO] Worker 5: FID 164 done, 0 downloads
2026-06-24 13:26:12,531 [INFO] Worker 2: FID 217 (2/65)
2026-06-24 13:26:12,533 [INFO] Worker 2: FID 217 done, 0 downloads
2026-06-24 13:26:12,552 [INFO] Worker 0: FID 209 (14/65)
2026-06-24 13:26:12,552 [INFO] Worker 1: FID 275 (4/65)
2026-06-24 13:26:12,552 [INFO] Worker 5: FID 23 (10/64)
2026-06-24 13:26:12,553 [INFO] Worker 1: FID 275 done, 0 downloads
2026-06-24 13:26:12,553 [INFO] Worker 0: FID 209 done, 0 downloads
2026-06-24 13:26:12,553 [INFO] Worker 5: FID 23 done, 0 downloads
2026-06-24 13:26:12,553 [INFO] Worker 2: FID 146 (3/65)
2026-06-24 13:26:12,554 [INFO] Worker 2: FID 146 done, 0 downloads
2026-06-24 13:26:12,561 [INFO] Worker 1: FID 381 (5/65)
2026-06-24 13:26:12,562 [INFO] Worker 1: FID 381 done, 0 downloads
2026-06-24 13:26:12,566 [INFO] Worker 0: FID 341 (15/65)
2026-06-24 13:26:12,566 [INFO] Worker 0: FID 341 done, 0 downloads
2026-06-24 13:26:12,575 [INFO] Worker 2: FID 276 (4/65)
2026-06-24 13:26:12,575 [INFO] Worker 2: FID 276 done, 0 downloads
2026-06-24 13:26:12,576 [INFO] Worker 5: FID 148 (11/64)
2026-06-24 13:26:12,577 [INFO] Worker 5: FID 148 done, 0 downloads
2026-06-24 13:26:12,596 [INFO] Worker 2: FID 1 (5/65)
2026-06-24 13:26:12,596 [INFO] Worker 1: FID 14 (6/65)
2026-06-24 13:26:12,596 [INFO] Worker 0: FID 376 (16/65)
2026-06-24 13:26:12,597 [INFO] Worker 0: FID 376 done, 0 downloads
2026-06-24 13:26:12,597 [INFO] Worker 1: FID 14 done, 0 downloads
2026-06-24 13:26:12,597 [INFO] Worker 2: FID 1 done, 0 downloads
2026-06-24 13:26:12,597 [INFO] Worker 5: FID 228 (12/64)
2026-06-24 13:26:12,598 [INFO] Worker 5: FID 228 done, 0 downloads
2026-06-24 13:26:12,619 [INFO] Worker 1: FID 30 (7/65)
2026-06-24 13:26:12,619 [INFO] Worker 2: FID 15 (6/65)
2026-06-24 13:26:12,619 [INFO] Worker 0: FID 3 (17/65)
2026-06-24 13:26:12,620 [INFO] Worker 1: FID 30 done, 0 downloads
2026-06-24 13:26:12,620 [INFO] Worker 2: FID 15 done, 0 downloads
2026-06-24 13:26:12,620 [INFO] Worker 5: FID 260 (13/64)
2026-06-24 13:26:12,622 [INFO] Worker 0: FID 3 done, 0 downloads
2026-06-24 13:26:12,622 [INFO] Worker 5: FID 260 done, 0 downloads
2026-06-24 13:26:12,642 [INFO] Worker 1: FID 44 (8/65)
2026-06-24 13:26:12,642 [INFO] Worker 2: FID 32 (7/65)
2026-06-24 13:26:12,642 [INFO] Worker 0: FID 13 (18/65)
2026-06-24 13:26:12,642 [INFO] Worker 1: FID 44 done, 0 downloads
2026-06-24 13:26:12,642 [INFO] Worker 0: FID 13 done, 0 downloads
2026-06-24 13:26:12,642 [INFO] Worker 2: FID 32 done, 0 downloads
2026-06-24 13:26:12,643 [INFO] Worker 5: FID 263 (14/64)
2026-06-24 13:26:12,643 [INFO] Worker 5: FID 263 done, 0 downloads
2026-06-24 13:26:12,664 [INFO] Worker 1: FID 218 (9/65)
2026-06-24 13:26:12,664 [INFO] Worker 0: FID 360 (19/65)
2026-06-24 13:26:12,664 [INFO] Worker 2: FID 273 (8/65)
2026-06-24 13:26:12,665 [INFO] Worker 1: FID 218 done, 0 downloads
2026-06-24 13:26:12,665 [INFO] Worker 2: FID 273 done, 0 downloads
2026-06-24 13:26:12,665 [INFO] Worker 0: FID 360 done, 0 downloads
2026-06-24 13:26:12,665 [INFO] Worker 5: FID 374 (15/64)
2026-06-24 13:26:12,666 [INFO] Worker 5: FID 374 done, 0 downloads
2026-06-24 13:26:12,687 [INFO] Worker 1: FID 49 (10/65)
2026-06-24 13:26:12,687 [INFO] Worker 2: FID 222 (9/65)
2026-06-24 13:26:12,687 [INFO] Worker 0: FID 195 (20/65)
2026-06-24 13:26:12,687 [INFO] Worker 2: FID 222 done, 0 downloads
2026-06-24 13:26:12,687 [INFO] Worker 1: FID 49 done, 0 downloads
2026-06-24 13:26:12,687 [INFO] Worker 0: FID 195 done, 0 downloads
2026-06-24 13:26:12,688 [INFO] Worker 5: FID 2 (16/64)
2026-06-24 13:26:12,690 [INFO] Worker 5: FID 2 done, 0 downloads
2026-06-24 13:26:12,709 [INFO] Worker 1: FID 27 (11/65)
2026-06-24 13:26:12,709 [INFO] Worker 0: FID 86 (21/65)
2026-06-24 13:26:12,709 [INFO] Worker 2: FID 82 (10/65)
2026-06-24 13:26:12,710 [INFO] Worker 2: FID 82 done, 0 downloads
2026-06-24 13:26:12,710 [INFO] Worker 1: FID 27 done, 0 downloads
2026-06-24 13:26:12,710 [INFO] Worker 0: FID 86 done, 0 downloads
2026-06-24 13:26:12,710 [INFO] Worker 5: FID 12 (17/64)
2026-06-24 13:26:12,711 [INFO] Worker 5: FID 12 done, 0 downloads
2026-06-24 13:26:12,732 [INFO] Worker 1: FID 98 (12/65)
2026-06-24 13:26:12,732 [INFO] Worker 2: FID 334 (11/65)
2026-06-24 13:26:12,732 [INFO] Worker 0: FID 366 (22/65)
2026-06-24 13:26:12,732 [INFO] Worker 2: FID 334 done, 0 downloads
2026-06-24 13:26:12,733 [INFO] Worker 1: FID 98 done, 0 downloads
2026-06-24 13:26:12,733 [INFO] Worker 0: FID 366 done, 0 downloads
2026-06-24 13:26:12,733 [INFO] Worker 5: FID 39 (18/64)
2026-06-24 13:26:12,733 [INFO] Worker 5: FID 39 done, 0 downloads
2026-06-24 13:26:12,755 [INFO] Worker 1: FID 313 (13/65)
2026-06-24 13:26:12,755 [INFO] Worker 2: FID 226 (12/65)
2026-06-24 13:26:12,755 [INFO] Worker 0: FID 26 (23/65)
2026-06-24 13:26:12,755 [INFO] Worker 2: FID 226 done, 0 downloads
2026-06-24 13:26:12,755 [INFO] Worker 0: FID 26 done, 0 downloads
2026-06-24 13:26:12,755 [INFO] Worker 1: FID 313 done, 0 downloads
2026-06-24 13:26:12,756 [INFO] Worker 5: FID 168 (19/64)
2026-06-24 13:26:12,756 [INFO] Worker 5: FID 168 done, 0 downloads
2026-06-24 13:26:12,765 [INFO] Worker 2: FID 201 (13/65)
2026-06-24 13:26:12,765 [INFO] Worker 2: FID 201 done, 0 downloads
2026-06-24 13:26:12,778 [INFO] Worker 1: FID 135 (14/65)
2026-06-24 13:26:12,778 [INFO] Worker 0: FID 277 (24/65)
2026-06-24 13:26:12,778 [INFO] Worker 1: FID 135 done, 0 downloads
2026-06-24 13:26:12,778 [INFO] Worker 0: FID 277 done, 0 downloads
2026-06-24 13:26:12,779 [INFO] Worker 5: FID 81 (20/64)
2026-06-24 13:26:12,780 [INFO] Worker 5: FID 81 done, 0 downloads
2026-06-24 13:26:12,795 [INFO] Worker 0: FID 99 (25/65)
2026-06-24 13:26:12,796 [INFO] Worker 0: FID 99 done, 0 downloads
2026-06-24 13:26:12,800 [INFO] Worker 1: FID 74 (15/65)
2026-06-24 13:26:12,800 [INFO] Worker 2: FID 45 (14/65)
2026-06-24 13:26:12,800 [INFO] Worker 2: FID 45 done, 0 downloads
2026-06-24 13:26:12,800 [INFO] Worker 1: FID 74 done, 0 downloads
2026-06-24 13:26:12,801 [INFO] Worker 5: FID 349 (21/64)
2026-06-24 13:26:12,802 [INFO] Worker 5: FID 349 done, 0 downloads
2026-06-24 13:26:12,809 [INFO] Worker 0: FID 243 (26/65)
2026-06-24 13:26:12,809 [INFO] Worker 0: FID 243 done, 0 downloads
2026-06-24 13:26:12,822 [INFO] Worker 1: FID 137 (16/65)
2026-06-24 13:26:12,822 [INFO] Worker 2: FID 68 (15/65)
2026-06-24 13:26:12,822 [INFO] Worker 2: FID 68 done, 0 downloads
2026-06-24 13:26:12,822 [INFO] Worker 1: FID 137 done, 0 downloads
2026-06-24 13:26:12,823 [INFO] Worker 5: FID 25 (22/64)
2026-06-24 13:26:12,823 [INFO] Worker 5: FID 25 done, 0 downloads
2026-06-24 13:26:12,844 [INFO] Worker 0: FID 106 (27/65)
2026-06-24 13:26:12,844 [INFO] Worker 1: FID 4 (17/65)
2026-06-24 13:26:12,844 [INFO] Worker 2: FID 214 (16/65)
2026-06-24 13:26:12,844 [INFO] Worker 0: FID 106 done, 0 downloads
2026-06-24 13:26:12,844 [INFO] Worker 1: FID 4 done, 0 downloads
2026-06-24 13:26:12,844 [INFO] Worker 2: FID 214 done, 0 downloads
2026-06-24 13:26:12,845 [INFO] Worker 5: FID 152 (23/64)
2026-06-24 13:26:12,845 [INFO] Worker 5: FID 152 done, 0 downloads
2026-06-24 13:26:12,866 [INFO] Worker 0: FID 191 (28/65)
2026-06-24 13:26:12,866 [INFO] Worker 1: FID 28 (18/65)
2026-06-24 13:26:12,866 [INFO] Worker 2: FID 5 (17/65)
2026-06-24 13:26:12,867 [INFO] Worker 2: FID 5 done, 0 downloads
2026-06-24 13:26:12,867 [INFO] Worker 0: FID 191 done, 0 downloads
2026-06-24 13:26:12,867 [INFO] Worker 1: FID 28 done, 0 downloads
2026-06-24 13:26:12,867 [INFO] Worker 5: FID 279 (24/64)
2026-06-24 13:26:12,868 [INFO] Worker 5: FID 279 done, 0 downloads
2026-06-24 13:26:12,883 [INFO] Worker 2: FID 29 (18/65)
2026-06-24 13:26:12,884 [INFO] Worker 2: FID 29 done, 0 downloads
2026-06-24 13:26:12,889 [INFO] Worker 1: FID 92 (19/65)
2026-06-24 13:26:12,889 [INFO] Worker 0: FID 199 (29/65)
2026-06-24 13:26:12,889 [INFO] Worker 1: FID 92 done, 0 downloads
2026-06-24 13:26:12,890 [INFO] Worker 0: FID 199 done, 0 downloads
2026-06-24 13:26:12,890 [INFO] Worker 5: FID 227 (25/64)
2026-06-24 13:26:12,891 [INFO] Worker 5: FID 227 done, 0 downloads
2026-06-24 13:26:12,898 [INFO] Worker 2: FID 151 (19/65)
2026-06-24 13:26:12,898 [INFO] Worker 2: FID 151 done, 0 downloads
2026-06-24 13:26:12,911 [INFO] Worker 1: FID 325 (20/65)
2026-06-24 13:26:12,911 [INFO] Worker 0: FID 203 (30/65)
2026-06-24 13:26:12,911 [INFO] Worker 0: FID 203 done, 0 downloads
2026-06-24 13:26:12,911 [INFO] Worker 1: FID 325 done, 0 downloads
2026-06-24 13:26:12,912 [INFO] Worker 5: FID 105 (26/64)
2026-06-24 13:26:12,913 [INFO] Worker 5: FID 105 done, 0 downloads
2026-06-24 13:26:12,924 [INFO] Worker 1: FID 87 (21/65)
2026-06-24 13:26:12,925 [INFO] Worker 1: FID 87 done, 0 downloads
2026-06-24 13:26:12,933 [INFO] Worker 2: FID 339 (20/65)
2026-06-24 13:26:12,933 [INFO] Worker 0: FID 206 (31/65)
2026-06-24 13:26:12,934 [INFO] Worker 0: FID 206 done, 0 downloads
2026-06-24 13:26:12,934 [INFO] Worker 2: FID 339 done, 0 downloads
2026-06-24 13:26:12,934 [INFO] Worker 5: FID 308 (27/64)
2026-06-24 13:26:12,936 [INFO] Worker 5: FID 308 done, 0 downloads
2026-06-24 13:26:12,942 [INFO] Worker 1: FID 361 (22/65)
2026-06-24 13:26:12,943 [INFO] Worker 1: FID 361 done, 0 downloads
2026-06-24 13:26:12,950 [INFO] Worker 2: FID 332 (21/65)
2026-06-24 13:26:12,950 [INFO] Worker 2: FID 332 done, 0 downloads
2026-06-24 13:26:12,950 [INFO] Worker 0: FID 323 (32/65)
2026-06-24 13:26:12,951 [INFO] Worker 0: FID 323 done, 0 downloads
2026-06-24 13:26:12,971 [INFO] Worker 1: FID 63 (23/65)
2026-06-24 13:26:12,971 [INFO] Worker 2: FID 365 (22/65)
2026-06-24 13:26:12,971 [INFO] Worker 5: FID 198 (28/64)
2026-06-24 13:26:12,972 [INFO] Worker 5: FID 198 done, 0 downloads
2026-06-24 13:26:12,972 [INFO] Worker 0: FID 48 (33/65)
2026-06-24 13:26:12,972 [INFO] Worker 2: FID 365 done, 0 downloads
2026-06-24 13:26:12,972 [INFO] Worker 1: FID 63 done, 0 downloads
2026-06-24 13:26:12,973 [INFO] Worker 0: FID 48 done, 0 downloads
2026-06-24 13:26:12,981 [INFO] Worker 1: FID 154 (24/65)
2026-06-24 13:26:12,982 [INFO] Worker 1: FID 154 done, 0 downloads
2026-06-24 13:26:12,985 [INFO] Worker 2: FID 147 (23/65)
2026-06-24 13:26:12,986 [INFO] Worker 2: FID 147 done, 0 downloads
2026-06-24 13:26:12,994 [INFO] Worker 5: FID 202 (29/64)
2026-06-24 13:26:12,995 [INFO] Worker 5: FID 202 done, 0 downloads
2026-06-24 13:26:12,995 [INFO] Worker 0: FID 328 (34/65)
2026-06-24 13:26:12,996 [INFO] Worker 0: FID 328 done, 0 downloads
2026-06-24 13:26:13,008 [INFO] Worker 2: FID 153 (24/65)
2026-06-24 13:26:13,008 [INFO] Worker 2: FID 153 done, 0 downloads
2026-06-24 13:26:13,016 [INFO] Worker 0: FID 72 (35/65)
2026-06-24 13:26:13,016 [INFO] Worker 1: FID 155 (25/65)
2026-06-24 13:26:13,017 [INFO] Worker 0: FID 72 done, 0 downloads
2026-06-24 13:26:13,017 [INFO] Worker 1: FID 155 done, 0 downloads
2026-06-24 13:26:13,018 [INFO] Worker 5: FID 319 (30/64)
2026-06-24 13:26:13,019 [INFO] Worker 5: FID 319 done, 0 downloads
2026-06-24 13:26:13,039 [INFO] Worker 0: FID 264 (36/65)
2026-06-24 13:26:13,039 [INFO] Worker 2: FID 156 (25/65)
2026-06-24 13:26:13,039 [INFO] Worker 1: FID 158 (26/65)
2026-06-24 13:26:13,040 [INFO] Worker 2: FID 156 done, 0 downloads
2026-06-24 13:26:13,040 [INFO] Worker 0: FID 264 done, 0 downloads
2026-06-24 13:26:13,040 [INFO] Worker 1: FID 158 done, 0 downloads
2026-06-24 13:26:13,040 [INFO] Worker 5: FID 131 (31/64)
2026-06-24 13:26:13,041 [INFO] Worker 5: FID 131 done, 0 downloads
2026-06-24 13:26:13,063 [INFO] Worker 2: FID 282 (26/65)
2026-06-24 13:26:13,063 [INFO] Worker 0: FID 11 (37/65)
2026-06-24 13:26:13,063 [INFO] Worker 1: FID 231 (27/65)
2026-06-24 13:26:13,063 [INFO] Worker 2: FID 282 done, 0 downloads
2026-06-24 13:26:13,063 [INFO] Worker 0: FID 11 done, 0 downloads
2026-06-24 13:26:13,063 [INFO] Worker 1: FID 231 done, 0 downloads
2026-06-24 13:26:13,064 [INFO] Worker 5: FID 211 (32/64)
2026-06-24 13:26:13,065 [INFO] Worker 5: FID 211 done, 0 downloads
2026-06-24 13:26:13,077 [INFO] Worker 0: FID 37 (38/65)
2026-06-24 13:26:13,078 [INFO] Worker 0: FID 37 done, 0 downloads
2026-06-24 13:26:13,086 [INFO] Worker 2: FID 232 (27/65)
2026-06-24 13:26:13,086 [INFO] Worker 1: FID 252 (28/65)
2026-06-24 13:26:13,087 [INFO] Worker 1: FID 252 done, 0 downloads
2026-06-24 13:26:13,087 [INFO] Worker 2: FID 232 done, 0 downloads
2026-06-24 13:26:13,087 [INFO] Worker 5: FID 56 (33/64)
2026-06-24 13:26:13,088 [INFO] Worker 5: FID 56 done, 0 downloads
2026-06-24 13:26:13,105 [INFO] Worker 0: FID 165 (39/65)
2026-06-24 13:26:13,106 [INFO] Worker 0: FID 165 done, 0 downloads
2026-06-24 13:26:13,109 [INFO] Worker 1: FID 255 (29/65)
2026-06-24 13:26:13,109 [INFO] Worker 5: FID 71 (34/64)
2026-06-24 13:26:13,110 [INFO] Worker 5: FID 71 done, 0 downloads
2026-06-24 13:26:13,110 [INFO] Worker 1: FID 255 done, 0 downloads
2026-06-24 13:26:13,110 [INFO] Worker 2: FID 310 (28/65)
2026-06-24 13:26:13,111 [INFO] Worker 2: FID 310 done, 0 downloads
2026-06-24 13:26:13,119 [INFO] Worker 0: FID 175 (40/65)
2026-06-24 13:26:13,120 [INFO] Worker 0: FID 175 done, 0 downloads
2026-06-24 13:26:13,132 [INFO] Worker 2: FID 197 (29/65)
2026-06-24 13:26:13,132 [INFO] Worker 1: FID 259 (30/65)
2026-06-24 13:26:13,132 [INFO] Worker 2: FID 197 done, 0 downloads
2026-06-24 13:26:13,133 [INFO] Worker 5: FID 76 (35/64)
2026-06-24 13:26:13,133 [INFO] Worker 1: FID 259 done, 0 downloads
2026-06-24 13:26:13,134 [INFO] Worker 5: FID 76 done, 0 downloads
2026-06-24 13:26:13,151 [INFO] Worker 2: FID 315 (30/65)
2026-06-24 13:26:13,152 [INFO] Worker 2: FID 315 done, 0 downloads
2026-06-24 13:26:13,155 [INFO] Worker 0: FID 291 (41/65)
2026-06-24 13:26:13,155 [INFO] Worker 5: FID 9 (36/64)
2026-06-24 13:26:13,156 [INFO] Worker 0: FID 291 done, 0 downloads
2026-06-24 13:26:13,156 [INFO] Worker 5: FID 9 done, 0 downloads
2026-06-24 13:26:13,156 [INFO] Worker 1: FID 321 (31/65)
2026-06-24 13:26:13,158 [INFO] Worker 1: FID 321 done, 0 downloads
2026-06-24 13:26:13,164 [INFO] Worker 2: FID 207 (31/65)
2026-06-24 13:26:13,165 [INFO] Worker 2: FID 207 done, 0 downloads
2026-06-24 13:26:13,177 [INFO] Worker 1: FID 324 (32/65)
2026-06-24 13:26:13,177 [INFO] Worker 0: FID 347 (42/65)
2026-06-24 13:26:13,178 [INFO] Worker 1: FID 324 done, 0 downloads
2026-06-24 13:26:13,178 [INFO] Worker 0: FID 347 done, 0 downloads
2026-06-24 13:26:13,178 [INFO] Worker 5: FID 385 (37/64)
2026-06-24 13:26:13,182 [INFO] Worker 5: FID 385 done, 0 downloads
2026-06-24 13:26:13,194 [INFO] Worker 2: FID 132 (32/65)
2026-06-24 13:26:13,194 [INFO] Worker 1: FID 338 (33/65)
2026-06-24 13:26:13,195 [INFO] Worker 1: FID 338 done, 0 downloads
2026-06-24 13:26:13,195 [INFO] Worker 2: FID 132 done, 0 downloads
2026-06-24 13:26:13,195 [INFO] Worker 0: FID 102 (43/65)
2026-06-24 13:26:13,196 [INFO] Worker 0: FID 102 done, 0 downloads
2026-06-24 13:26:13,217 [INFO] Worker 2: FID 50 (33/65)
2026-06-24 13:26:13,217 [INFO] Worker 1: FID 57 (34/65)
2026-06-24 13:26:13,217 [INFO] Worker 0: FID 176 (44/65)
2026-06-24 13:26:13,217 [INFO] Worker 1: FID 57 done, 0 downloads
2026-06-24 13:26:13,217 [INFO] Worker 0: FID 176 done, 0 downloads
2026-06-24 13:26:13,218 [INFO] Worker 2: FID 50 done, 0 downloads
2026-06-24 13:26:13,218 [INFO] Worker 5: FID 286 (38/64)
2026-06-24 13:26:13,219 [INFO] Worker 5: FID 286 done, 0 downloads
2026-06-24 13:26:13,240 [INFO] Worker 2: FID 330 (34/65)
2026-06-24 13:26:13,240 [INFO] Worker 0: FID 251 (45/65)
2026-06-24 13:26:13,240 [INFO] Worker 1: FID 73 (35/65)
2026-06-24 13:26:13,240 [INFO] Worker 2: FID 330 done, 0 downloads
2026-06-24 13:26:13,240 [INFO] Worker 1: FID 73 done, 0 downloads
2026-06-24 13:26:13,240 [INFO] Worker 0: FID 251 done, 0 downloads
2026-06-24 13:26:13,241 [INFO] Worker 5: FID 174 (39/64)
2026-06-24 13:26:13,242 [INFO] Worker 5: FID 174 done, 0 downloads
2026-06-24 13:26:13,257 [INFO] Worker 1: FID 265 (36/65)
2026-06-24 13:26:13,257 [INFO] Worker 1: FID 265 done, 0 downloads
2026-06-24 13:26:13,262 [INFO] Worker 2: FID 212 (35/65)
2026-06-24 13:26:13,262 [INFO] Worker 0: FID 124 (46/65)
2026-06-24 13:26:13,263 [INFO] Worker 0: FID 124 done, 0 downloads
2026-06-24 13:26:13,263 [INFO] Worker 2: FID 212 done, 0 downloads
2026-06-24 13:26:13,264 [INFO] Worker 5: FID 290 (40/64)
2026-06-24 13:26:13,265 [INFO] Worker 5: FID 290 done, 0 downloads
2026-06-24 13:26:13,284 [INFO] Worker 0: FID 335 (47/65)
2026-06-24 13:26:13,284 [INFO] Worker 1: FID 10 (37/65)
2026-06-24 13:26:13,284 [INFO] Worker 2: FID 370 (36/65)
2026-06-24 13:26:13,285 [INFO] Worker 1: FID 10 done, 0 downloads
2026-06-24 13:26:13,285 [INFO] Worker 0: FID 335 done, 0 downloads
2026-06-24 13:26:13,285 [INFO] Worker 2: FID 370 done, 0 downloads
2026-06-24 13:26:13,285 [INFO] Worker 5: FID 346 (41/64)
2026-06-24 13:26:13,286 [INFO] Worker 5: FID 346 done, 0 downloads
2026-06-24 13:26:13,293 [INFO] Worker 3: resumed with 7764 completed
2026-06-24 13:26:13,294 [INFO] Worker 3: FID 141 (1/65)
2026-06-24 13:26:13,296 [INFO] Worker 3: FID 141 done, 0 downloads
2026-06-24 13:26:13,307 [INFO] Worker 2: FID 61 (37/65)
2026-06-24 13:26:13,307 [INFO] Worker 0: FID 38 (48/65)
2026-06-24 13:26:13,307 [INFO] Worker 1: FID 36 (38/65)
2026-06-24 13:26:13,308 [INFO] Worker 0: FID 38 done, 0 downloads
2026-06-24 13:26:13,308 [INFO] Worker 1: FID 36 done, 0 downloads
2026-06-24 13:26:13,308 [INFO] Worker 2: FID 61 done, 0 downloads
2026-06-24 13:26:13,308 [INFO] Worker 5: FID 101 (42/64)
2026-06-24 13:26:13,309 [INFO] Worker 5: FID 101 done, 0 downloads
2026-06-24 13:26:13,324 [INFO] Worker 4: resumed with 8114 completed
2026-06-24 13:26:13,325 [INFO] Worker 4: FID 91 (1/65)
2026-06-24 13:26:13,327 [INFO] Worker 4: FID 91 done, 0 downloads
2026-06-24 13:26:13,331 [INFO] Worker 5: FID 294 (43/64)
2026-06-24 13:26:13,331 [INFO] Worker 5: FID 294 done, 0 downloads
2026-06-24 13:26:13,334 [INFO] Worker 2: FID 104 (38/65)
2026-06-24 13:26:13,334 [INFO] Worker 1: FID 288 (39/65)
2026-06-24 13:26:13,334 [INFO] Worker 0: FID 67 (49/65)
2026-06-24 13:26:13,334 [INFO] Worker 1: FID 288 done, 0 downloads
2026-06-24 13:26:13,335 [INFO] Worker 0: FID 67 done, 0 downloads
2026-06-24 13:26:13,335 [INFO] Worker 3: FID 215 (2/65)
2026-06-24 13:26:13,335 [INFO] Worker 2: FID 104 done, 0 downloads
2026-06-24 13:26:13,335 [INFO] Worker 3: FID 215 done, 0 downloads
2026-06-24 13:26:13,343 [INFO] Worker 1: FID 292 (40/65)
2026-06-24 13:26:13,344 [INFO] Worker 1: FID 292 done, 0 downloads
2026-06-24 13:26:13,365 [INFO] Worker 0: FID 138 (50/65)
2026-06-24 13:26:13,365 [INFO] Worker 5: FID 250 (44/64)
2026-06-24 13:26:13,365 [INFO] Worker 3: FID 271 (3/65)
2026-06-24 13:26:13,365 [INFO] Worker 2: FID 108 (39/65)
2026-06-24 13:26:13,365 [INFO] Worker 5: FID 250 done, 0 downloads
2026-06-24 13:26:13,365 [INFO] Worker 2: FID 108 done, 0 downloads
2026-06-24 13:26:13,366 [INFO] Worker 3: FID 271 done, 0 downloads
2026-06-24 13:26:13,366 [INFO] Worker 0: FID 138 done, 0 downloads
2026-06-24 13:26:13,366 [INFO] Worker 4: FID 93 (2/65)
2026-06-24 13:26:13,367 [INFO] Worker 4: FID 93 done, 0 downloads
2026-06-24 13:26:13,395 [INFO] Worker 1: FID 293 (41/65)
2026-06-24 13:26:13,395 [INFO] Worker 3: FID 127 (4/65)
2026-06-24 13:26:13,395 [INFO] Worker 2: FID 109 (40/65)
2026-06-24 13:26:13,395 [INFO] Worker 5: FID 253 (45/64)
2026-06-24 13:26:13,395 [INFO] Worker 0: FID 379 (51/65)
2026-06-24 13:26:13,396 [INFO] Worker 3: FID 127 done, 0 downloads
2026-06-24 13:26:13,396 [INFO] Worker 2: FID 109 done, 0 downloads
2026-06-24 13:26:13,396 [INFO] Worker 5: FID 253 done, 0 downloads
2026-06-24 13:26:13,396 [INFO] Worker 0: FID 379 done, 0 downloads
2026-06-24 13:26:13,396 [INFO] Worker 4: FID 142 (3/65)
2026-06-24 13:26:13,396 [INFO] Worker 1: FID 293 done, 0 downloads
2026-06-24 13:26:13,397 [INFO] Worker 4: FID 142 done, 0 downloads
2026-06-24 13:26:13,422 [INFO] Worker 1: FID 364 (42/65)
2026-06-24 13:26:13,423 [INFO] Worker 1: FID 364 done, 0 downloads
2026-06-24 13:26:13,426 [INFO] Worker 2: FID 357 (41/65)
2026-06-24 13:26:13,427 [INFO] Worker 4: FID 200 (4/65)
2026-06-24 13:26:13,427 [INFO] Worker 0: FID 237 (52/65)
2026-06-24 13:26:13,427 [INFO] Worker 5: FID 326 (46/64)
2026-06-24 13:26:13,427 [INFO] Worker 5: FID 326 done, 0 downloads
2026-06-24 13:26:13,427 [INFO] Worker 0: FID 237 done, 0 downloads
2026-06-24 13:26:13,427 [INFO] Worker 2: FID 357 done, 0 downloads
2026-06-24 13:26:13,427 [INFO] Worker 4: FID 200 done, 0 downloads
2026-06-24 13:26:13,427 [INFO] Worker 3: FID 6 (5/65)
2026-06-24 13:26:13,429 [INFO] Worker 3: FID 6 done, 0 downloads
2026-06-24 13:26:13,454 [INFO] Worker 0: FID 223 (53/65)
2026-06-24 13:26:13,454 [INFO] Worker 0: FID 223 done, 0 downloads
2026-06-24 13:26:13,458 [INFO] Worker 3: FID 16 (6/65)
2026-06-24 13:26:13,458 [INFO] Worker 5: FID 387 (47/64)
2026-06-24 13:26:13,458 [INFO] Worker 2: FID 362 (42/65)
2026-06-24 13:26:13,458 [INFO] Worker 1: FID 229 (43/65)
2026-06-24 13:26:13,459 [INFO] Worker 5: FID 387 done, 0 downloads
2026-06-24 13:26:13,459 [INFO] Worker 3: FID 16 done, 0 downloads
2026-06-24 13:26:13,459 [INFO] Worker 4: FID 7 (5/65)
2026-06-24 13:26:13,459 [INFO] Worker 1: FID 229 done, 0 downloads
2026-06-24 13:26:13,459 [INFO] Worker 2: FID 362 done, 0 downloads
2026-06-24 13:26:13,460 [INFO] Worker 4: FID 7 done, 0 downloads
2026-06-24 13:26:13,489 [INFO] Worker 1: FID 300 (44/65)
2026-06-24 13:26:13,489 [INFO] Worker 3: FID 40 (7/65)
2026-06-24 13:26:13,489 [INFO] Worker 0: FID 239 (54/65)
2026-06-24 13:26:13,489 [INFO] Worker 5: FID 66 (48/64)
2026-06-24 13:26:13,489 [INFO] Worker 4: FID 17 (6/65)
2026-06-24 13:26:13,489 [INFO] Worker 0: FID 239 done, 0 downloads
2026-06-24 13:26:13,489 [INFO] Worker 5: FID 66 done, 0 downloads
2026-06-24 13:26:13,489 [INFO] Worker 4: FID 17 done, 0 downloads
2026-06-24 13:26:13,489 [INFO] Worker 1: FID 300 done, 0 downloads
2026-06-24 13:26:13,489 [INFO] Worker 2: FID 285 (43/65)
2026-06-24 13:26:13,490 [INFO] Worker 3: FID 40 done, 0 downloads
2026-06-24 13:26:13,490 [INFO] Worker 2: FID 285 done, 0 downloads
2026-06-24 13:26:13,520 [INFO] Worker 1: FID 304 (45/65)
2026-06-24 13:26:13,520 [INFO] Worker 0: FID 298 (55/65)
2026-06-24 13:26:13,520 [INFO] Worker 4: FID 41 (7/65)
2026-06-24 13:26:13,520 [INFO] Worker 2: FID 305 (44/65)
2026-06-24 13:26:13,520 [INFO] Worker 3: FID 274 (8/65)
2026-06-24 13:26:13,520 [INFO] Worker 1: FID 304 done, 0 downloads
2026-06-24 13:26:13,521 [INFO] Worker 0: FID 298 done, 0 downloads
2026-06-24 13:26:13,521 [INFO] Worker 5: FID 77 (49/64)
2026-06-24 13:26:13,521 [INFO] Worker 4: FID 41 done, 0 downloads
2026-06-24 13:26:13,521 [INFO] Worker 3: FID 274 done, 0 downloads
2026-06-24 13:26:13,522 [INFO] Worker 5: FID 77 done, 0 downloads
2026-06-24 13:26:13,522 [INFO] Worker 2: FID 305 done, 0 downloads
2026-06-24 13:26:13,540 [INFO] Worker 4: FID 94 (8/65)
2026-06-24 13:26:13,541 [INFO] Worker 4: FID 94 done, 0 downloads
2026-06-24 13:26:13,552 [INFO] Worker 5: FID 372 (50/64)
2026-06-24 13:26:13,552 [INFO] Worker 1: FID 128 (46/65)
2026-06-24 13:26:13,552 [INFO] Worker 3: FID 150 (9/65)
2026-06-24 13:26:13,552 [INFO] Worker 0: FID 182 (56/65)
2026-06-24 13:26:13,553 [INFO] Worker 3: FID 150 done, 0 downloads
2026-06-24 13:26:13,553 [INFO] Worker 0: FID 182 done, 0 downloads
2026-06-24 13:26:13,553 [INFO] Worker 2: FID 307 (45/65)
2026-06-24 13:26:13,553 [INFO] Worker 1: FID 128 done, 0 downloads
2026-06-24 13:26:13,554 [INFO] Worker 5: FID 372 done, 0 downloads
2026-06-24 13:26:13,554 [INFO] Worker 2: FID 307 done, 0 downloads
2026-06-24 13:26:13,569 [INFO] Worker 4: FID 221 (9/65)
2026-06-24 13:26:13,570 [INFO] Worker 4: FID 221 done, 0 downloads
2026-06-24 13:26:13,577 [INFO] Worker 3: FID 84 (10/65)
2026-06-24 13:26:13,578 [INFO] Worker 3: FID 84 done, 0 downloads
2026-06-24 13:26:13,583 [INFO] Worker 2: FID 320 (46/65)
2026-06-24 13:26:13,583 [INFO] Worker 0: FID 301 (57/65)
2026-06-24 13:26:13,583 [INFO] Worker 1: FID 386 (47/65)
2026-06-24 13:26:13,583 [INFO] Worker 0: FID 301 done, 0 downloads
2026-06-24 13:26:13,583 [INFO] Worker 1: FID 386 done, 0 downloads
2026-06-24 13:26:13,583 [INFO] Worker 2: FID 320 done, 0 downloads
2026-06-24 13:26:13,584 [INFO] Worker 5: FID 235 (51/64)
2026-06-24 13:26:13,585 [INFO] Worker 5: FID 235 done, 0 downloads
2026-06-24 13:26:13,613 [INFO] Worker 3: FID 219 (11/65)
2026-06-24 13:26:13,613 [INFO] Worker 4: FID 22 (10/65)
2026-06-24 13:26:13,613 [INFO] Worker 1: FID 340 (48/65)
2026-06-24 13:26:13,613 [INFO] Worker 0: FID 306 (58/65)
2026-06-24 13:26:13,613 [INFO] Worker 2: FID 134 (47/65)
2026-06-24 13:26:13,614 [INFO] Worker 0: FID 306 done, 0 downloads
2026-06-24 13:26:13,614 [INFO] Worker 3: FID 219 done, 0 downloads
2026-06-24 13:26:13,614 [INFO] Worker 1: FID 340 done, 0 downloads
2026-06-24 13:26:13,614 [INFO] Worker 4: FID 22 done, 0 downloads
2026-06-24 13:26:13,614 [INFO] Worker 2: FID 134 done, 0 downloads
2026-06-24 13:26:13,614 [INFO] Worker 5: FID 97 (52/64)
2026-06-24 13:26:13,615 [INFO] Worker 5: FID 97 done, 0 downloads
2026-06-24 13:26:13,639 [INFO] Worker 1: FID 70 (49/65)
2026-06-24 13:26:13,639 [INFO] Worker 0: FID 311 (59/65)
2026-06-24 13:26:13,639 [INFO] Worker 1: FID 70 done, 0 downloads
2026-06-24 13:26:13,640 [INFO] Worker 0: FID 311 done, 0 downloads
2026-06-24 13:26:13,644 [INFO] Worker 3: FID 278 (12/65)
2026-06-24 13:26:13,644 [INFO] Worker 4: FID 242 (11/65)
2026-06-24 13:26:13,644 [INFO] Worker 2: FID 342 (48/65)
2026-06-24 13:26:13,645 [INFO] Worker 5: FID 178 (53/64)
2026-06-24 13:26:13,645 [INFO] Worker 4: FID 242 done, 0 downloads
2026-06-24 13:26:13,645 [INFO] Worker 3: FID 278 done, 0 downloads
2026-06-24 13:26:13,646 [INFO] Worker 2: FID 342 done, 0 downloads
2026-06-24 13:26:13,646 [INFO] Worker 5: FID 178 done, 0 downloads
2026-06-24 13:26:13,658 [INFO] Worker 1: FID 136 (50/65)
2026-06-24 13:26:13,658 [INFO] Worker 1: FID 136 done, 0 downloads
2026-06-24 13:26:13,659 [INFO] Worker 5: FID 181 (54/64)
2026-06-24 13:26:13,659 [INFO] Worker 5: FID 181 done, 0 downloads
2026-06-24 13:26:13,674 [INFO] Worker 3: FID 316 (13/65)
2026-06-24 13:26:13,674 [INFO] Worker 0: FID 336 (60/65)
2026-06-24 13:26:13,674 [INFO] Worker 4: FID 159 (12/65)
2026-06-24 13:26:13,675 [INFO] Worker 3: FID 316 done, 0 downloads
2026-06-24 13:26:13,675 [INFO] Worker 0: FID 336 done, 0 downloads
2026-06-24 13:26:13,675 [INFO] Worker 4: FID 159 done, 0 downloads
2026-06-24 13:26:13,675 [INFO] Worker 2: FID 75 (49/65)
2026-06-24 13:26:13,676 [INFO] Worker 2: FID 75 done, 0 downloads
2026-06-24 13:26:13,704 [INFO] Worker 3: FID 46 (14/65)
2026-06-24 13:26:13,704 [INFO] Worker 4: FID 317 (13/65)
2026-06-24 13:26:13,704 [INFO] Worker 0: FID 350 (61/65)
2026-06-24 13:26:13,704 [INFO] Worker 1: FID 388 (51/65)
2026-06-24 13:26:13,704 [INFO] Worker 5: FID 115 (55/64)
2026-06-24 13:26:13,705 [INFO] Worker 1: FID 388 done, 0 downloads
2026-06-24 13:26:13,705 [INFO] Worker 5: FID 115 done, 0 downloads
2026-06-24 13:26:13,705 [INFO] Worker 0: FID 350 done, 0 downloads
2026-06-24 13:26:13,705 [INFO] Worker 4: FID 317 done, 0 downloads
2026-06-24 13:26:13,705 [INFO] Worker 2: FID 60 (50/65)
2026-06-24 13:26:13,705 [INFO] Worker 3: FID 46 done, 0 downloads
2026-06-24 13:26:13,706 [INFO] Worker 2: FID 60 done, 0 downloads
2026-06-24 13:26:13,731 [INFO] Worker 1: FID 123 (52/65)
2026-06-24 13:26:13,733 [INFO] Worker 1: FID 123 done, 0 downloads
2026-06-24 13:26:13,735 [INFO] Worker 0: FID 283 (62/65)
2026-06-24 13:26:13,735 [INFO] Worker 3: FID 69 (15/65)
2026-06-24 13:26:13,735 [INFO] Worker 5: FID 246 (56/64)
2026-06-24 13:26:13,735 [INFO] Worker 2: FID 389 (51/65)
2026-06-24 13:26:13,736 [INFO] Worker 5: FID 246 done, 0 downloads
2026-06-24 13:26:13,736 [INFO] Worker 0: FID 283 done, 0 downloads
2026-06-24 13:26:13,736 [INFO] Worker 3: FID 69 done, 0 downloads
2026-06-24 13:26:13,736 [INFO] Worker 2: FID 389 done, 0 downloads
2026-06-24 13:26:13,736 [INFO] Worker 4: FID 47 (14/65)
2026-06-24 13:26:13,737 [INFO] Worker 4: FID 47 done, 0 downloads
2026-06-24 13:26:13,767 [INFO] Worker 3: FID 333 (16/65)
2026-06-24 13:26:13,767 [INFO] Worker 2: FID 85 (52/65)
2026-06-24 13:26:13,767 [INFO] Worker 5: FID 249 (57/64)
2026-06-24 13:26:13,767 [INFO] Worker 0: FID 107 (63/65)
2026-06-24 13:26:13,767 [INFO] Worker 4: FID 125 (15/65)
2026-06-24 13:26:13,768 [INFO] Worker 3: FID 333 done, 0 downloads
2026-06-24 13:26:13,768 [INFO] Worker 5: FID 249 done, 0 downloads
2026-06-24 13:26:13,768 [INFO] Worker 4: FID 125 done, 0 downloads
2026-06-24 13:26:13,768 [INFO] Worker 2: FID 85 done, 0 downloads
2026-06-24 13:26:13,768 [INFO] Worker 1: FID 230 (53/65)
2026-06-24 13:26:13,769 [INFO] Worker 0: FID 107 done, 0 downloads
2026-06-24 13:26:13,769 [INFO] Worker 1: FID 230 done, 0 downloads
2026-06-24 13:26:13,795 [INFO] Worker 3: FID 8 (17/65)
2026-06-24 13:26:13,795 [INFO] Worker 3: FID 8 done, 0 downloads
2026-06-24 13:26:13,799 [INFO] Worker 4: FID 351 (16/65)
2026-06-24 13:26:13,799 [INFO] Worker 5: FID 258 (58/64)
2026-06-24 13:26:13,799 [INFO] Worker 2: FID 281 (53/65)
2026-06-24 13:26:13,799 [INFO] Worker 1: FID 296 (54/65)
2026-06-24 13:26:13,799 [INFO] Worker 4: FID 351 done, 0 downloads
2026-06-24 13:26:13,799 [INFO] Worker 2: FID 281 done, 0 downloads
2026-06-24 13:26:13,799 [INFO] Worker 1: FID 296 done, 0 downloads
2026-06-24 13:26:13,799 [INFO] Worker 5: FID 258 done, 0 downloads
2026-06-24 13:26:13,800 [INFO] Worker 0: FID 378 (64/65)
2026-06-24 13:26:13,801 [INFO] Worker 0: FID 378 done, 0 downloads
2026-06-24 13:26:13,820 [INFO] Worker 3: FID 31 (18/65)
2026-06-24 13:26:13,820 [INFO] Worker 3: FID 31 done, 0 downloads
2026-06-24 13:26:13,823 [INFO] Worker 4: FID 354 (17/65)
2026-06-24 13:26:13,824 [INFO] Worker 4: FID 354 done, 0 downloads
2026-06-24 13:26:13,829 [INFO] Worker 0: FID 114 (65/65)
2026-06-24 13:26:13,829 [INFO] Worker 1: FID 299 (55/65)
2026-06-24 13:26:13,829 [INFO] Worker 2: FID 113 (54/65)
2026-06-24 13:26:13,830 [INFO] Worker 0: FID 114 done, 0 downloads
2026-06-24 13:26:13,830 [INFO] Worker 2: FID 113 done, 0 downloads
2026-06-24 13:26:13,830 [INFO] Worker 1: FID 299 done, 0 downloads
2026-06-24 13:26:13,830 [INFO] Worker 5: FID 358 (59/64)
2026-06-24 13:26:13,831 [INFO] Worker 5: FID 358 done, 0 downloads
2026-06-24 13:26:13,852 [INFO] Worker 3: FID 161 (19/65)
2026-06-24 13:26:13,852 [INFO] Worker 3: FID 161 done, 0 downloads
2026-06-24 13:26:13,859 [INFO] Worker 5: FID 139 (60/64)
2026-06-24 13:26:13,859 [INFO] Worker 4: FID 62 (18/65)
2026-06-24 13:26:13,859 [INFO] Worker 1: FID 183 (56/65)
2026-06-24 13:26:13,860 [INFO] Worker 1: FID 183 done, 0 downloads
2026-06-24 13:26:13,860 [INFO] Worker 5: FID 139 done, 0 downloads
2026-06-24 13:26:13,860 [INFO] Worker 2: FID 241 (55/65)
2026-06-24 13:26:13,861 [INFO] Worker 2: FID 241 done, 0 downloads
2026-06-24 13:26:13,863 [INFO] Worker 4: FID 62 done, 0 downloads
2026-06-24 13:26:13,868 [INFO] Worker 3: FID 343 (20/65)
2026-06-24 13:26:13,868 [INFO] Worker 3: FID 343 done, 0 downloads
2026-06-24 13:26:13,880 [INFO] Worker 0: finished. 8006 total completed.
2026-06-24 13:26:13,885 [INFO] Worker 2: FID 116 (56/65)
2026-06-24 13:26:13,885 [INFO] Worker 1: FID 117 (57/65)
2026-06-24 13:26:13,886 [INFO] Worker 2: FID 116 done, 0 downloads
2026-06-24 13:26:13,886 [INFO] Worker 1: FID 117 done, 0 downloads
2026-06-24 13:26:13,887 [INFO] Worker 5: FID 160 (61/64)
2026-06-24 13:26:13,887 [INFO] Worker 5: FID 160 done, 0 downloads
2026-06-24 13:26:13,904 [INFO] Worker 3: FID 89 (21/65)
2026-06-24 13:26:13,904 [INFO] Worker 3: FID 89 done, 0 downloads
2026-06-24 13:26:13,911 [INFO] Worker 2: FID 118 (57/65)
2026-06-24 13:26:13,911 [INFO] Worker 5: FID 236 (62/64)
2026-06-24 13:26:13,911 [INFO] Worker 4: FID 167 (19/65)
2026-06-24 13:26:13,912 [INFO] Worker 5: FID 236 done, 0 downloads
2026-06-24 13:26:13,912 [INFO] Worker 2: FID 118 done, 0 downloads
2026-06-24 13:26:13,912 [INFO] Worker 4: FID 167 done, 0 downloads
2026-06-24 13:26:13,912 [INFO] Worker 1: FID 189 (58/65)
2026-06-24 13:26:13,913 [INFO] Worker 1: FID 189 done, 0 downloads
2026-06-24 13:26:13,938 [INFO] Worker 5: FID 382 (63/64)
2026-06-24 13:26:13,938 [INFO] Worker 2: FID 309 (58/65)
2026-06-24 13:26:13,938 [INFO] Worker 3: FID 20 (22/65)
2026-06-24 13:26:13,938 [INFO] Worker 4: FID 58 (20/65)
2026-06-24 13:26:13,938 [INFO] Worker 3: FID 20 done, 0 downloads
2026-06-24 13:26:13,938 [INFO] Worker 4: FID 58 done, 0 downloads
2026-06-24 13:26:13,939 [INFO] Worker 1: FID 254 (59/65)
2026-06-24 13:26:13,939 [INFO] Worker 2: FID 309 done, 0 downloads
2026-06-24 13:26:13,939 [INFO] Worker 1: FID 254 done, 0 downloads
2026-06-24 13:26:13,939 [INFO] Worker 5: FID 382 done, 0 downloads
2026-06-24 13:26:13,965 [INFO] Worker 4: FID 348 (21/65)
2026-06-24 13:26:13,965 [INFO] Worker 3: FID 149 (23/65)
2026-06-24 13:26:13,965 [INFO] Worker 2: FID 204 (59/65)
2026-06-24 13:26:13,965 [INFO] Worker 1: FID 54 (60/65)
2026-06-24 13:26:13,965 [INFO] Worker 2: FID 204 done, 0 downloads
2026-06-24 13:26:13,965 [INFO] Worker 4: FID 348 done, 0 downloads
2026-06-24 13:26:13,965 [INFO] Worker 3: FID 149 done, 0 downloads
2026-06-24 13:26:13,965 [INFO] Worker 1: FID 54 done, 0 downloads
2026-06-24 13:26:13,966 [INFO] Worker 5: FID 244 (64/64)
2026-06-24 13:26:13,966 [INFO] Worker 5: FID 244 done, 0 downloads
2026-06-24 13:26:13,992 [INFO] Worker 4: FID 21 (22/65)
2026-06-24 13:26:13,992 [INFO] Worker 2: FID 59 (60/65)
2026-06-24 13:26:13,992 [INFO] Worker 1: FID 373 (61/65)
2026-06-24 13:26:13,992 [INFO] Worker 3: FID 224 (24/65)
2026-06-24 13:26:13,993 [INFO] Worker 1: FID 373 done, 0 downloads
2026-06-24 13:26:13,993 [INFO] Worker 4: FID 21 done, 0 downloads
2026-06-24 13:26:13,993 [INFO] Worker 3: FID 224 done, 0 downloads
2026-06-24 13:26:13,994 [INFO] Worker 2: FID 59 done, 0 downloads
2026-06-24 13:26:14,019 [INFO] Worker 1: FID 380 (62/65)
2026-06-24 13:26:14,019 [INFO] Worker 3: FID 280 (25/65)
2026-06-24 13:26:14,019 [INFO] Worker 2: FID 375 (61/65)
2026-06-24 13:26:14,019 [INFO] Worker 4: FID 96 (23/65)
2026-06-24 13:26:14,020 [INFO] Worker 1: FID 380 done, 0 downloads
2026-06-24 13:26:14,020 [INFO] Worker 2: FID 375 done, 0 downloads
2026-06-24 13:26:14,020 [INFO] Worker 3: FID 280 done, 0 downloads
2026-06-24 13:26:14,020 [INFO] Worker 4: FID 96 done, 0 downloads
2026-06-24 13:26:14,020 [INFO] Worker 5: finished. 10714 total completed.
2026-06-24 13:26:14,041 [INFO] Worker 1: FID 295 (63/65)
2026-06-24 13:26:14,041 [INFO] Worker 3: FID 169 (26/65)
2026-06-24 13:26:14,041 [INFO] Worker 2: FID 110 (62/65)
2026-06-24 13:26:14,041 [INFO] Worker 3: FID 169 done, 0 downloads
2026-06-24 13:26:14,041 [INFO] Worker 2: FID 110 done, 0 downloads
2026-06-24 13:26:14,041 [INFO] Worker 1: FID 295 done, 0 downloads
2026-06-24 13:26:14,042 [INFO] Worker 4: FID 225 (24/65)
2026-06-24 13:26:14,042 [INFO] Worker 4: FID 225 done, 0 downloads
2026-06-24 13:26:14,062 [INFO] Worker 1: FID 78 (64/65)
2026-06-24 13:26:14,062 [INFO] Worker 3: FID 120 (27/65)
2026-06-24 13:26:14,062 [INFO] Worker 2: FID 119 (63/65)
2026-06-24 13:26:14,062 [INFO] Worker 1: FID 78 done, 0 downloads
2026-06-24 13:26:14,062 [INFO] Worker 3: FID 120 done, 0 downloads
2026-06-24 13:26:14,062 [INFO] Worker 2: FID 119 done, 0 downloads
2026-06-24 13:26:14,063 [INFO] Worker 4: FID 103 (25/65)
2026-06-24 13:26:14,063 [INFO] Worker 4: FID 103 done, 0 downloads
2026-06-24 13:26:14,083 [INFO] Worker 1: FID 185 (65/65)
2026-06-24 13:26:14,083 [INFO] Worker 3: FID 196 (28/65)
2026-06-24 13:26:14,083 [INFO] Worker 2: FID 193 (64/65)
2026-06-24 13:26:14,084 [INFO] Worker 2: FID 193 done, 0 downloads
2026-06-24 13:26:14,084 [INFO] Worker 3: FID 196 done, 0 downloads
2026-06-24 13:26:14,084 [INFO] Worker 4: FID 287 (26/65)
2026-06-24 13:26:14,084 [INFO] Worker 1: FID 185 done, 0 downloads
2026-06-24 13:26:14,084 [INFO] Worker 4: FID 287 done, 0 downloads
2026-06-24 13:26:14,104 [INFO] Worker 3: FID 256 (29/65)
2026-06-24 13:26:14,104 [INFO] Worker 2: FID 302 (65/65)
2026-06-24 13:26:14,105 [INFO] Worker 3: FID 256 done, 0 downloads
2026-06-24 13:26:14,105 [INFO] Worker 4: FID 248 (27/65)
2026-06-24 13:26:14,105 [INFO] Worker 2: FID 302 done, 0 downloads
2026-06-24 13:26:14,106 [INFO] Worker 4: FID 248 done, 0 downloads
2026-06-24 13:26:14,113 [INFO] Worker 1: finished. 7463 total completed.
2026-06-24 13:26:14,125 [INFO] Worker 3: FID 129 (30/65)
2026-06-24 13:26:14,125 [INFO] Worker 4: FID 126 (28/65)
2026-06-24 13:26:14,125 [INFO] Worker 3: FID 129 done, 0 downloads
2026-06-24 13:26:14,125 [INFO] Worker 4: FID 126 done, 0 downloads
2026-06-24 13:26:14,139 [INFO] Worker 4: FID 312 (29/65)
2026-06-24 13:26:14,140 [INFO] Worker 4: FID 312 done, 0 downloads
2026-06-24 13:26:14,143 [INFO] Worker 3: FID 208 (31/65)
2026-06-24 13:26:14,143 [INFO] Worker 3: FID 208 done, 0 downloads
2026-06-24 13:26:14,143 [INFO] Worker 2: finished. 8025 total completed.
2026-06-24 13:26:14,155 [INFO] Worker 4: FID 318 (30/65)
2026-06-24 13:26:14,156 [INFO] Worker 4: FID 318 done, 0 downloads
2026-06-24 13:26:14,156 [INFO] Worker 3: FID 133 (32/65)
2026-06-24 13:26:14,156 [INFO] Worker 3: FID 133 done, 0 downloads
2026-06-24 13:26:14,168 [INFO] Worker 4: FID 261 (31/65)
2026-06-24 13:26:14,169 [INFO] Worker 4: FID 261 done, 0 downloads
2026-06-24 13:26:14,169 [INFO] Worker 3: FID 51 (33/65)
2026-06-24 13:26:14,169 [INFO] Worker 3: FID 51 done, 0 downloads
2026-06-24 13:26:14,182 [INFO] Worker 4: FID 262 (32/65)
2026-06-24 13:26:14,182 [INFO] Worker 4: FID 262 done, 0 downloads
2026-06-24 13:26:14,182 [INFO] Worker 3: FID 64 (34/65)
2026-06-24 13:26:14,183 [INFO] Worker 3: FID 64 done, 0 downloads
2026-06-24 13:26:14,191 [INFO] Worker 4: FID 55 (33/65)
2026-06-24 13:26:14,192 [INFO] Worker 4: FID 55 done, 0 downloads
2026-06-24 13:26:14,196 [INFO] Worker 3: FID 329 (35/65)
2026-06-24 13:26:14,196 [INFO] Worker 3: FID 329 done, 0 downloads
2026-06-24 13:26:14,208 [INFO] Worker 4: FID 65 (34/65)
2026-06-24 13:26:14,208 [INFO] Worker 3: FID 359 (36/65)
2026-06-24 13:26:14,209 [INFO] Worker 4: FID 65 done, 0 downloads
2026-06-24 13:26:14,209 [INFO] Worker 3: FID 359 done, 0 downloads
2026-06-24 13:26:14,221 [INFO] Worker 4: FID 345 (35/65)
2026-06-24 13:26:14,222 [INFO] Worker 4: FID 345 done, 0 downloads
2026-06-24 13:26:14,222 [INFO] Worker 3: FID 33 (37/65)
2026-06-24 13:26:14,223 [INFO] Worker 3: FID 33 done, 0 downloads
2026-06-24 13:26:14,235 [INFO] Worker 4: FID 352 (36/65)
2026-06-24 13:26:14,235 [INFO] Worker 4: FID 352 done, 0 downloads
2026-06-24 13:26:14,236 [INFO] Worker 3: FID 163 (38/65)
2026-06-24 13:26:14,236 [INFO] Worker 3: FID 163 done, 0 downloads
2026-06-24 13:26:14,248 [INFO] Worker 4: FID 35 (37/65)
2026-06-24 13:26:14,249 [INFO] Worker 4: FID 35 done, 0 downloads
2026-06-24 13:26:14,249 [INFO] Worker 3: FID 234 (39/65)
2026-06-24 13:26:14,250 [INFO] Worker 3: FID 234 done, 0 downloads
2026-06-24 13:26:14,258 [INFO] Worker 4: FID 166 (38/65)
2026-06-24 13:26:14,258 [INFO] Worker 4: FID 166 done, 0 downloads
2026-06-24 13:26:14,263 [INFO] Worker 3: FID 111 (40/65)
2026-06-24 13:26:14,263 [INFO] Worker 3: FID 111 done, 0 downloads
2026-06-24 13:26:14,274 [INFO] Worker 4: FID 173 (39/65)
2026-06-24 13:26:14,275 [INFO] Worker 3: FID 80 (41/65)
2026-06-24 13:26:14,275 [INFO] Worker 4: FID 173 done, 0 downloads
2026-06-24 13:26:14,276 [INFO] Worker 3: FID 80 done, 0 downloads
2026-06-24 13:26:14,284 [INFO] Worker 4: FID 171 (40/65)
2026-06-24 13:26:14,284 [INFO] Worker 4: FID 171 done, 0 downloads
2026-06-24 13:26:14,289 [INFO] Worker 3: FID 368 (42/65)
2026-06-24 13:26:14,289 [INFO] Worker 3: FID 368 done, 0 downloads
2026-06-24 13:26:14,297 [INFO] Worker 4: FID 88 (41/65)
2026-06-24 13:26:14,297 [INFO] Worker 4: FID 88 done, 0 downloads
2026-06-24 13:26:14,301 [INFO] Worker 3: FID 289 (43/65)
2026-06-24 13:26:14,302 [INFO] Worker 3: FID 289 done, 0 downloads
2026-06-24 13:26:14,313 [INFO] Worker 4: FID 363 (42/65)
2026-06-24 13:26:14,314 [INFO] Worker 4: FID 363 done, 0 downloads
2026-06-24 13:26:14,314 [INFO] Worker 3: FID 121 (44/65)
2026-06-24 13:26:14,315 [INFO] Worker 3: FID 121 done, 0 downloads
2026-06-24 13:26:14,327 [INFO] Worker 4: FID 112 (43/65)
2026-06-24 13:26:14,328 [INFO] Worker 3: FID 188 (45/65)
2026-06-24 13:26:14,328 [INFO] Worker 4: FID 112 done, 0 downloads
2026-06-24 13:26:14,328 [INFO] Worker 3: FID 188 done, 0 downloads
2026-06-24 13:26:14,341 [INFO] Worker 4: FID 187 (44/65)
2026-06-24 13:26:14,341 [INFO] Worker 3: FID 356 (46/65)
2026-06-24 13:26:14,342 [INFO] Worker 4: FID 187 done, 0 downloads
2026-06-24 13:26:14,342 [INFO] Worker 3: FID 356 done, 0 downloads
2026-06-24 13:26:14,351 [INFO] Worker 4: FID 192 (45/65)
2026-06-24 13:26:14,351 [INFO] Worker 4: FID 192 done, 0 downloads
2026-06-24 13:26:14,355 [INFO] Worker 3: FID 327 (47/65)
2026-06-24 13:26:14,356 [INFO] Worker 3: FID 327 done, 0 downloads
2026-06-24 13:26:14,363 [INFO] Worker 4: FID 210 (46/65)
2026-06-24 13:26:14,363 [INFO] Worker 4: FID 210 done, 0 downloads
2026-06-24 13:26:14,368 [INFO] Worker 3: FID 383 (48/65)
2026-06-24 13:26:14,369 [INFO] Worker 3: FID 383 done, 0 downloads
2026-06-24 13:26:14,379 [INFO] Worker 4: FID 337 (47/65)
2026-06-24 13:26:14,380 [INFO] Worker 4: FID 337 done, 0 downloads
2026-06-24 13:26:14,380 [INFO] Worker 3: FID 331 (49/65)
2026-06-24 13:26:14,381 [INFO] Worker 3: FID 331 done, 0 downloads
2026-06-24 13:26:14,393 [INFO] Worker 4: FID 52 (48/65)
2026-06-24 13:26:14,394 [INFO] Worker 4: FID 52 done, 0 downloads
2026-06-24 13:26:14,394 [INFO] Worker 3: FID 369 (50/65)
2026-06-24 13:26:14,395 [INFO] Worker 3: FID 369 done, 0 downloads
2026-06-24 13:26:14,406 [INFO] Worker 4: FID 344 (49/65)
2026-06-24 13:26:14,407 [INFO] Worker 4: FID 344 done, 0 downloads
2026-06-24 13:26:14,407 [INFO] Worker 3: FID 162 (51/65)
2026-06-24 13:26:14,408 [INFO] Worker 3: FID 162 done, 0 downloads
2026-06-24 13:26:14,420 [INFO] Worker 4: FID 371 (50/65)
2026-06-24 13:26:14,420 [INFO] Worker 4: FID 371 done, 0 downloads
2026-06-24 13:26:14,421 [INFO] Worker 3: FID 213 (52/65)
2026-06-24 13:26:14,421 [INFO] Worker 3: FID 213 done, 0 downloads
2026-06-24 13:26:14,433 [INFO] Worker 4: FID 172 (51/65)
2026-06-24 13:26:14,434 [INFO] Worker 4: FID 172 done, 0 downloads
2026-06-24 13:26:14,434 [INFO] Worker 3: FID 240 (53/65)
2026-06-24 13:26:14,435 [INFO] Worker 3: FID 240 done, 0 downloads
2026-06-24 13:26:14,447 [INFO] Worker 4: FID 367 (52/65)
2026-06-24 13:26:14,448 [INFO] Worker 4: FID 367 done, 0 downloads
2026-06-24 13:26:14,448 [INFO] Worker 3: FID 238 (54/65)
2026-06-24 13:26:14,448 [INFO] Worker 3: FID 238 done, 0 downloads
2026-06-24 13:26:14,460 [INFO] Worker 4: FID 177 (53/65)
2026-06-24 13:26:14,461 [INFO] Worker 4: FID 177 done, 0 downloads
2026-06-24 13:26:14,461 [INFO] Worker 3: FID 297 (55/65)
2026-06-24 13:26:14,461 [INFO] Worker 3: FID 297 done, 0 downloads
2026-06-24 13:26:14,469 [INFO] Worker 4: FID 180 (54/65)
2026-06-24 13:26:14,470 [INFO] Worker 4: FID 180 done, 0 downloads
2026-06-24 13:26:14,474 [INFO] Worker 3: FID 184 (56/65)
2026-06-24 13:26:14,475 [INFO] Worker 3: FID 184 done, 0 downloads
2026-06-24 13:26:14,482 [INFO] Worker 4: FID 179 (55/65)
2026-06-24 13:26:14,483 [INFO] Worker 4: FID 179 done, 0 downloads
2026-06-24 13:26:14,487 [INFO] Worker 3: FID 186 (57/65)
2026-06-24 13:26:14,487 [INFO] Worker 3: FID 186 done, 0 downloads
2026-06-24 13:26:14,498 [INFO] Worker 4: FID 245 (56/65)
2026-06-24 13:26:14,499 [INFO] Worker 4: FID 245 done, 0 downloads
2026-06-24 13:26:14,499 [INFO] Worker 3: FID 190 (58/65)
2026-06-24 13:26:14,499 [INFO] Worker 3: FID 190 done, 0 downloads
2026-06-24 13:26:14,512 [INFO] Worker 4: FID 247 (57/65)
2026-06-24 13:26:14,512 [INFO] Worker 4: FID 247 done, 0 downloads
2026-06-24 13:26:14,512 [INFO] Worker 3: FID 257 (59/65)
2026-06-24 13:26:14,513 [INFO] Worker 3: FID 257 done, 0 downloads
2026-06-24 13:26:14,525 [INFO] Worker 4: FID 122 (58/65)
2026-06-24 13:26:14,526 [INFO] Worker 4: FID 122 done, 0 downloads
2026-06-24 13:26:14,526 [INFO] Worker 3: FID 79 (60/65)
2026-06-24 13:26:14,527 [INFO] Worker 3: FID 79 done, 0 downloads
2026-06-24 13:26:14,538 [INFO] Worker 4: FID 314 (59/65)
2026-06-24 13:26:14,539 [INFO] Worker 4: FID 314 done, 0 downloads
2026-06-24 13:26:14,539 [INFO] Worker 3: FID 100 (61/65)
2026-06-24 13:26:14,540 [INFO] Worker 3: FID 100 done, 0 downloads
2026-06-24 13:26:14,551 [INFO] Worker 4: FID 384 (60/65)
2026-06-24 13:26:14,552 [INFO] Worker 3: FID 170 (62/65)
2026-06-24 13:26:14,553 [INFO] Worker 4: FID 384 done, 0 downloads
2026-06-24 13:26:14,553 [INFO] Worker 3: FID 170 done, 0 downloads
2026-06-24 13:26:14,566 [INFO] Worker 4: FID 157 (61/65)
2026-06-24 13:26:14,566 [INFO] Worker 4: FID 157 done, 0 downloads
2026-06-24 13:26:14,567 [INFO] Worker 3: FID 322 (63/65)
2026-06-24 13:26:14,567 [INFO] Worker 3: FID 322 done, 0 downloads
2026-06-24 13:26:14,579 [INFO] Worker 4: FID 233 (62/65)
2026-06-24 13:26:14,579 [INFO] Worker 4: FID 233 done, 0 downloads
2026-06-24 13:26:14,580 [INFO] Worker 3: FID 194 (64/65)
2026-06-24 13:26:14,580 [INFO] Worker 3: FID 194 done, 0 downloads
2026-06-24 13:26:14,588 [INFO] Worker 4: FID 130 (63/65)
2026-06-24 13:26:14,589 [INFO] Worker 4: FID 130 done, 0 downloads
2026-06-24 13:26:14,593 [INFO] Worker 3: FID 303 (65/65)
2026-06-24 13:26:14,593 [INFO] Worker 3: FID 303 done, 0 downloads
2026-06-24 13:26:14,604 [INFO] Worker 4: FID 83 (64/65)
2026-06-24 13:26:14,605 [INFO] Worker 4: FID 83 done, 0 downloads
2026-06-24 13:26:14,618 [INFO] Worker 3: finished. 7764 total completed.
2026-06-24 13:26:14,619 [INFO] Worker 4: FID 377 (65/65)
2026-06-24 13:26:14,619 [INFO] Worker 4: FID 377 done, 0 downloads
2026-06-24 13:26:14,637 [INFO] Worker 4: finished. 8114 total completed.
2026-06-24 13:26:14,727 [INFO] All workers finished. 50086 total completed downloads.
2026-06-24 13:26:14,727 [INFO] Output: /share/home/e2406749/thesis_tiles_120px
2026-06-24 13:28:00,587 [INFO] Parsing CSVs from: /share/castor/home/e2406749/tropical_forest_disturbance/data_csv
2026-06-24 13:28:00,587 [INFO] Tile size: 120x120 px (1200 m footprint)
2026-06-24 13:28:00,587 [INFO] Output base: /share/home/e2406749/thesis_tiles_120px
2026-06-24 13:28:00,587 [INFO] Products: ['s1_grd']
2026-06-24 13:28:00,620 [INFO] Parsed v1_images_s2_s1.csv: 389 rows
2026-06-24 13:28:00,634 [INFO] Parsed v2_images_s2_s1.csv: 389 rows
2026-06-24 13:28:00,648 [INFO] Parsed v3_images_s2_s1.csv: 389 rows
2026-06-24 13:28:00,650 [INFO] Merged: 389 FIDs, 12856 unique (fid, image, window) pairs
2026-06-24 13:28:00,650 [INFO] Initializing Google Earth Engine...
2026-06-24 13:28:01,834 [INFO] Processing FID 140 (1/389)
2026-06-24 13:28:25,266 [INFO] FID 140: 20 new downloads
2026-06-24 13:28:25,267 [INFO] Processing FID 90 (2/389)
2026-06-24 13:28:39,046 [INFO] FID 90: 12 new downloads
2026-06-24 13:28:39,047 [INFO] Processing FID 267 (3/389)
2026-06-24 13:28:52,308 [INFO] FID 267: 12 new downloads
2026-06-24 13:28:52,309 [INFO] Processing FID 141 (4/389)
2026-06-24 13:29:14,364 [INFO] FID 141: 18 new downloads
2026-06-24 13:29:14,365 [INFO] Processing FID 91 (5/389)
2026-06-24 13:29:35,877 [INFO] FID 91: 18 new downloads
2026-06-24 13:29:35,879 [INFO] Processing FID 268 (6/389)
2026-06-24 13:30:04,150 [INFO] FID 268: 24 new downloads
2026-06-24 13:30:04,151 [INFO] Processing FID 269 (7/389)
2026-06-24 13:30:17,714 [INFO] FID 269: 12 new downloads
2026-06-24 13:30:17,715 [INFO] Processing FID 270 (8/389)
2026-06-24 13:30:23,743 [INFO] FID 270: 6 new downloads
2026-06-24 13:30:23,744 [INFO] Processing FID 217 (9/389)
2026-06-24 13:30:52,544 [INFO] FID 217: 25 new downloads
2026-06-24 13:30:52,545 [INFO] Processing FID 215 (10/389)
2026-06-24 13:31:04,272 [INFO] FID 215: 10 new downloads
2026-06-24 13:31:04,274 [INFO] Processing FID 93 (11/389)
2026-06-24 13:31:20,617 [INFO] FID 93: 15 new downloads
2026-06-24 13:31:20,619 [INFO] Processing FID 95 (12/389)
2026-06-24 13:31:32,565 [INFO] FID 95: 10 new downloads
2026-06-24 13:31:32,566 [INFO] Processing FID 143 (13/389)
2026-06-24 13:31:42,512 [INFO] FID 143: 10 new downloads
2026-06-24 13:31:42,513 [INFO] Processing FID 144 (14/389)
2026-06-24 13:31:48,244 [INFO] FID 144: 5 new downloads
2026-06-24 13:31:48,246 [INFO] Processing FID 146 (15/389)
2026-06-24 13:31:53,977 [INFO] FID 146: 5 new downloads
2026-06-24 13:31:53,979 [INFO] Processing FID 271 (16/389)
2026-06-24 13:32:20,157 [INFO] FID 271: 24 new downloads
2026-06-24 13:32:20,159 [INFO] Processing FID 142 (17/389)
2026-06-24 13:32:30,918 [INFO] FID 142: 10 new downloads
2026-06-24 13:32:30,919 [INFO] Processing FID 266 (18/389)
2026-06-24 13:33:25,142 [INFO] FID 266: 48 new downloads
2026-06-24 13:33:25,144 [INFO] Processing FID 272 (19/389)
2026-06-24 13:33:31,469 [INFO] FID 272: 6 new downloads
2026-06-24 13:33:31,470 [INFO] Processing FID 275 (20/389)
2026-06-24 13:33:50,338 [INFO] FID 275: 18 new downloads
2026-06-24 13:33:50,340 [INFO] Processing FID 276 (21/389)
2026-06-24 13:34:08,736 [INFO] FID 276: 18 new downloads
2026-06-24 13:34:08,737 [INFO] Processing FID 127 (22/389)
2026-06-24 13:34:27,744 [INFO] FID 127: 16 new downloads
2026-06-24 13:34:27,746 [INFO] Processing FID 200 (23/389)
2026-06-24 13:34:51,769 [INFO] FID 200: 16 new downloads
2026-06-24 13:34:51,771 [INFO] Processing FID 205 (24/389)
2026-06-24 13:35:12,022 [INFO] FID 205: 17 new downloads
2026-06-24 13:35:12,024 [INFO] Processing FID 53 (25/389)
2026-06-24 13:36:28,177 [INFO] FID 53: 72 new downloads
2026-06-24 13:36:28,178 [INFO] Processing FID 381 (26/389)
2026-06-24 13:37:56,347 [INFO] FID 381: 84 new downloads
2026-06-24 13:37:56,348 [INFO] Processing FID 1 (27/389)
2026-06-24 13:38:42,740 [INFO] FID 1: 44 new downloads
2026-06-24 13:38:42,741 [INFO] Processing FID 6 (28/389)
2026-06-24 13:39:52,669 [INFO] FID 6: 66 new downloads
2026-06-24 13:39:52,670 [INFO] Processing FID 7 (29/389)
2026-06-24 13:40:40,721 [INFO] FID 7: 44 new downloads
2026-06-24 13:40:40,723 [INFO] Processing FID 353 (30/389)
2026-06-24 13:41:48,278 [INFO] FID 353: 66 new downloads
2026-06-24 13:41:48,280 [INFO] Processing FID 355 (31/389)
2026-06-24 13:42:35,003 [INFO] FID 355: 44 new downloads
2026-06-24 13:42:35,005 [INFO] Processing FID 14 (32/389)
2026-06-24 13:43:00,465 [INFO] FID 14: 23 new downloads
2026-06-24 13:43:00,467 [INFO] Processing FID 15 (33/389)
2026-06-24 13:43:50,370 [INFO] FID 15: 46 new downloads
2026-06-24 13:43:50,371 [INFO] Processing FID 16 (34/389)
2026-06-24 13:45:02,235 [INFO] FID 16: 69 new downloads
2026-06-24 13:45:02,237 [INFO] Processing FID 17 (35/389)
2026-06-24 13:46:37,805 [INFO] FID 17: 92 new downloads
2026-06-24 13:46:37,807 [INFO] Processing FID 18 (36/389)
2026-06-24 13:47:25,994 [INFO] FID 18: 46 new downloads
2026-06-24 13:47:25,995 [INFO] Processing FID 19 (37/389)
2026-06-24 13:51:04,032 [INFO] FID 19: 207 new downloads
2026-06-24 13:51:04,034 [INFO] Processing FID 30 (38/389)
2026-06-24 13:51:42,513 [INFO] FID 30: 23 new downloads
2026-06-24 13:51:42,515 [INFO] Processing FID 32 (39/389)
2026-06-24 13:52:55,852 [INFO] FID 32: 69 new downloads
2026-06-24 13:52:55,854 [INFO] Processing FID 40 (40/389)
2026-06-24 13:52:56,409 [WARNING] FID 40: dropped empty tile s1_grd evt 062EE9 tile_0
2026-06-24 13:53:28,506 [WARNING] FID 40: dropped empty tile s1_grd bef 05C876 tile_0
2026-06-24 13:53:37,567 [WARNING] FID 40: dropped empty tile s1_grd bef 05D42C tile_0
2026-06-24 13:53:41,252 [WARNING] FID 40: dropped empty tile s1_grd bef 05D957 tile_0
2026-06-24 13:53:45,296 [WARNING] FID 40: dropped empty tile s1_grd bef 05DE8B tile_0
2026-06-24 13:53:49,094 [WARNING] FID 40: dropped empty tile s1_grd bef 05E3E7 tile_0
2026-06-24 13:53:57,569 [WARNING] FID 40: dropped empty tile s1_grd bef 05EE9A tile_0
2026-06-24 13:54:06,042 [WARNING] FID 40: dropped empty tile s1_grd bef 05F959 tile_0
2026-06-24 13:54:14,629 [WARNING] FID 40: dropped empty tile s1_grd bef 0604F6 tile_0
2026-06-24 13:54:18,914 [WARNING] FID 40: dropped empty tile s1_grd bef 060AF4 tile_0
2026-06-24 13:54:22,920 [WARNING] FID 40: dropped empty tile s1_grd bef 0616E4 tile_0
2026-06-24 13:54:31,111 [WARNING] FID 40: dropped empty tile s1_grd bef 0622DD tile_0
2026-06-24 13:54:35,400 [WARNING] FID 40: dropped empty tile s1_grd bef 0628DA tile_0
2026-06-24 13:54:43,872 [INFO] FID 40: 87 new downloads
2026-06-24 13:54:43,874 [INFO] Processing FID 41 (41/389)
2026-06-24 13:56:01,835 [INFO] FID 41: 75 new downloads
2026-06-24 13:56:01,838 [INFO] Processing FID 42 (42/389)
2026-06-24 13:56:29,725 [INFO] FID 42: 26 new downloads
2026-06-24 13:56:29,727 [INFO] Processing FID 43 (43/389)
2026-06-24 13:58:21,433 [INFO] FID 43: 104 new downloads
2026-06-24 13:58:21,435 [INFO] Processing FID 44 (44/389)
2026-06-24 13:59:18,012 [INFO] FID 44: 54 new downloads
2026-06-24 13:59:18,015 [INFO] Processing FID 273 (45/389)
2026-06-24 13:59:28,278 [INFO] FID 273: 10 new downloads
2026-06-24 13:59:28,280 [INFO] Processing FID 274 (46/389)
2026-06-24 13:59:38,508 [INFO] FID 274: 10 new downloads
2026-06-24 13:59:38,510 [INFO] Processing FID 94 (47/389)
2026-06-24 13:59:49,502 [INFO] FID 94: 10 new downloads
2026-06-24 13:59:49,505 [INFO] Processing FID 216 (48/389)
2026-06-24 14:00:10,396 [INFO] FID 216: 20 new downloads
2026-06-24 14:00:10,399 [INFO] Processing FID 145 (49/389)
2026-06-24 14:00:32,517 [INFO] FID 145: 20 new downloads
2026-06-24 14:00:32,520 [INFO] Processing FID 218 (50/389)
2026-06-24 14:00:38,633 [INFO] FID 218: 5 new downloads
2026-06-24 14:00:38,635 [INFO] Processing FID 222 (51/389)
2026-06-24 14:00:49,422 [INFO] FID 222: 9 new downloads
2026-06-24 14:00:49,425 [INFO] Processing FID 150 (52/389)
2026-06-24 14:01:28,182 [INFO] FID 150: 36 new downloads
2026-06-24 14:01:28,184 [INFO] Processing FID 221 (53/389)
2026-06-24 14:02:05,418 [INFO] FID 221: 36 new downloads
2026-06-24 14:02:05,421 [INFO] Processing FID 164 (54/389)
2026-06-24 14:02:31,046 [INFO] FID 164: 22 new downloads
2026-06-24 14:02:31,048 [INFO] Processing FID 34 (55/389)
2026-06-24 14:03:10,008 [INFO] FID 34: 36 new downloads
2026-06-24 14:03:10,011 [INFO] Processing FID 49 (56/389)
2026-06-24 14:03:50,415 [INFO] FID 49: 38 new downloads
2026-06-24 14:03:50,418 [INFO] Processing FID 82 (57/389)
2026-06-24 14:04:34,167 [INFO] FID 82: 40 new downloads
2026-06-24 14:04:34,170 [INFO] Processing FID 84 (58/389)
2026-06-24 14:05:36,023 [INFO] FID 84: 60 new downloads
2026-06-24 14:05:36,026 [INFO] Processing FID 22 (59/389)
2026-06-24 14:06:25,150 [INFO] FID 22: 46 new downloads
2026-06-24 14:06:25,153 [INFO] Processing FID 23 (60/389)
2026-06-24 14:06:49,016 [INFO] FID 23: 23 new downloads
2026-06-24 14:06:49,019 [INFO] Processing FID 24 (61/389)
2026-06-24 14:07:12,971 [INFO] FID 24: 23 new downloads
2026-06-24 14:07:12,973 [INFO] Processing FID 27 (62/389)
2026-06-24 14:07:15,529 [WARNING] Sleeping 0.14 seconds before retry 1 of 5 for request: POST https://earthengine.googleapis.com/v1/projects/zinc-wares-316319/image:computePixels?, after 503
2026-06-24 14:08:48,605 [INFO] FID 27: 92 new downloads
2026-06-24 14:08:48,608 [INFO] Processing FID 334 (63/389)
2026-06-24 14:09:13,694 [INFO] FID 334: 23 new downloads
2026-06-24 14:09:13,697 [INFO] Processing FID 219 (64/389)
2026-06-24 14:09:32,454 [INFO] FID 219: 18 new downloads
2026-06-24 14:09:32,457 [INFO] Processing FID 242 (65/389)
2026-06-24 14:09:42,359 [INFO] FID 242: 9 new downloads
2026-06-24 14:09:42,362 [INFO] Processing FID 148 (66/389)
2026-06-24 14:10:10,626 [INFO] FID 148: 27 new downloads
2026-06-24 14:10:10,629 [INFO] Processing FID 220 (67/389)
2026-06-24 14:10:38,884 [INFO] FID 220: 27 new downloads
2026-06-24 14:10:38,887 [INFO] Processing FID 98 (68/389)
2026-06-24 14:11:00,447 [INFO] FID 98: 20 new downloads
2026-06-24 14:11:00,449 [INFO] Processing FID 226 (69/389)
2026-06-24 14:11:22,226 [INFO] FID 226: 20 new downloads
2026-06-24 14:11:22,229 [INFO] Processing FID 278 (70/389)
2026-06-24 14:11:33,144 [INFO] FID 278: 10 new downloads
2026-06-24 14:11:33,147 [INFO] Processing FID 159 (71/389)
2026-06-24 14:12:25,413 [INFO] FID 159: 50 new downloads
2026-06-24 14:12:25,416 [INFO] Processing FID 228 (72/389)
2026-06-24 14:12:56,972 [INFO] FID 228: 30 new downloads
2026-06-24 14:12:56,975 [INFO] Processing FID 284 (73/389)
2026-06-24 14:13:17,046 [INFO] FID 284: 20 new downloads
2026-06-24 14:13:17,049 [INFO] Processing FID 313 (74/389)
2026-06-24 14:14:46,510 [INFO] FID 313: 85 new downloads
2026-06-24 14:14:46,513 [INFO] Processing FID 201 (75/389)
2026-06-24 14:15:05,237 [INFO] FID 201: 16 new downloads
2026-06-24 14:15:05,241 [INFO] Processing FID 316 (76/389)
2026-06-24 14:15:39,250 [INFO] FID 316: 32 new downloads
2026-06-24 14:15:39,254 [INFO] Processing FID 317 (77/389)
2026-06-24 14:16:11,937 [INFO] FID 317: 32 new downloads
2026-06-24 14:16:11,941 [INFO] Processing FID 260 (78/389)
2026-06-24 14:19:32,305 [INFO] FID 260: 192 new downloads
2026-06-24 14:19:32,309 [INFO] Processing FID 209 (79/389)
2026-06-24 14:20:11,479 [INFO] FID 209: 36 new downloads
2026-06-24 14:20:11,482 [INFO] Processing FID 135 (80/389)
2026-06-24 14:20:32,557 [INFO] FID 135: 19 new downloads
2026-06-24 14:20:32,561 [INFO] Processing FID 45 (81/389)
2026-06-24 14:21:14,444 [INFO] FID 45: 38 new downloads
2026-06-24 14:21:14,447 [INFO] Processing FID 46 (82/389)
2026-06-24 14:23:53,798 [INFO] FID 46: 152 new downloads
2026-06-24 14:23:53,801 [INFO] Processing FID 47 (83/389)
2026-06-24 14:24:54,427 [INFO] FID 47: 57 new downloads
2026-06-24 14:24:54,431 [INFO] Processing FID 263 (84/389)
2026-06-24 14:25:14,655 [INFO] FID 263: 18 new downloads
2026-06-24 14:25:14,659 [INFO] Processing FID 341 (85/389)
2026-06-24 14:25:54,965 [INFO] FID 341: 36 new downloads
2026-06-24 14:25:54,969 [INFO] Processing FID 74 (86/389)
2026-06-24 14:26:34,953 [INFO] FID 74: 40 new downloads
2026-06-24 14:26:34,957 [INFO] Processing FID 68 (87/389)
2026-06-24 14:27:19,463 [INFO] FID 68: 40 new downloads
2026-06-24 14:27:19,466 [INFO] Processing FID 69 (88/389)
2026-06-24 14:28:01,063 [INFO] Refreshing credentials due to a 401 response. Attempt 1/2.
2026-06-24 14:28:44,857 [INFO] FID 69: 80 new downloads
2026-06-24 14:28:44,861 [INFO] Processing FID 125 (89/389)
2026-06-24 14:29:25,330 [INFO] FID 125: 38 new downloads
2026-06-24 14:29:25,334 [INFO] Processing FID 374 (90/389)
2026-06-24 14:29:47,719 [INFO] FID 374: 21 new downloads
2026-06-24 14:29:47,723 [INFO] Processing FID 376 (91/389)
2026-06-24 14:30:31,535 [INFO] FID 376: 42 new downloads
2026-06-24 14:30:31,538 [INFO] Processing FID 137 (92/389)
2026-06-24 14:32:02,792 [INFO] FID 137: 88 new downloads
2026-06-24 14:32:02,795 [INFO] Processing FID 214 (93/389)
2026-06-24 14:32:48,191 [INFO] FID 214: 44 new downloads
2026-06-24 14:32:48,195 [INFO] Processing FID 333 (94/389)
2026-06-24 14:33:37,638 [INFO] FID 333: 44 new downloads
2026-06-24 14:33:37,641 [INFO] Processing FID 351 (95/389)
2026-06-24 14:34:23,561 [INFO] FID 351: 44 new downloads
2026-06-24 14:34:23,565 [INFO] Processing FID 2 (96/389)
2026-06-24 14:43:52,321 [INFO] FID 2: 550 new downloads
2026-06-24 14:43:52,325 [INFO] Processing FID 3 (97/389)
2026-06-24 14:46:29,131 [INFO] FID 3: 154 new downloads
2026-06-24 14:46:29,135 [INFO] Processing FID 4 (98/389)
2026-06-24 14:47:13,676 [INFO] FID 4: 44 new downloads
2026-06-24 14:47:13,680 [INFO] Processing FID 5 (99/389)
2026-06-24 14:48:01,186 [INFO] FID 5: 44 new downloads
2026-06-24 14:48:01,191 [INFO] Processing FID 8 (100/389)
2026-06-24 14:48:45,662 [INFO] FID 8: 44 new downloads
2026-06-24 14:48:45,666 [INFO] Processing FID 354 (101/389)
2026-06-24 14:49:08,913 [INFO] FID 354: 22 new downloads
2026-06-24 14:49:08,918 [INFO] Processing FID 12 (102/389)
2026-06-24 14:50:00,721 [WARNING] FID 12: dropped empty tile s1_grd bef 05D42C tile_0
2026-06-24 14:50:39,745 [WARNING] FID 12: dropped empty tile s1_grd bef 05F959 tile_0
2026-06-24 14:51:12,810 [INFO] FID 12: 86 new downloads
2026-06-24 14:51:12,814 [INFO] Processing FID 13 (103/389)
2026-06-24 14:51:56,942 [INFO] FID 13: 44 new downloads
2026-06-24 14:51:56,946 [INFO] Processing FID 28 (104/389)
2026-06-24 14:53:31,886 [INFO] FID 28: 92 new downloads
2026-06-24 14:53:31,891 [INFO] Processing FID 29 (105/389)
2026-06-24 14:55:50,106 [INFO] FID 29: 138 new downloads
2026-06-24 14:55:50,111 [INFO] Processing FID 31 (106/389)
2026-06-24 14:56:38,160 [INFO] FID 31: 46 new downloads
2026-06-24 14:56:38,165 [INFO] Processing FID 62 (107/389)
2026-06-24 15:01:41,194 [INFO] FID 62: 299 new downloads
2026-06-24 15:01:41,200 [INFO] Processing FID 39 (108/389)
2026-06-24 15:02:34,971 [INFO] FID 39: 50 new downloads
2026-06-24 15:02:34,976 [INFO] Processing FID 360 (109/389)
2026-06-24 15:03:27,451 [INFO] FID 360: 50 new downloads
2026-06-24 15:03:27,456 [INFO] Processing FID 92 (110/389)
2026-06-24 15:03:47,623 [INFO] FID 92: 20 new downloads
2026-06-24 15:03:47,628 [INFO] Processing FID 151 (111/389)
2026-06-24 15:04:06,624 [INFO] FID 151: 18 new downloads
2026-06-24 15:04:06,629 [INFO] Processing FID 161 (112/389)
2026-06-24 15:04:18,398 [INFO] FID 161: 11 new downloads
2026-06-24 15:04:18,403 [INFO] Processing FID 167 (113/389)
2026-06-24 15:04:52,616 [INFO] FID 167: 33 new downloads
2026-06-24 15:04:52,621 [INFO] Processing FID 168 (114/389)
2026-06-24 15:05:39,351 [INFO] FID 168: 44 new downloads
2026-06-24 15:05:39,357 [INFO] Processing FID 195 (115/389)
2026-06-24 15:06:13,054 [INFO] FID 195: 32 new downloads
2026-06-24 15:06:13,059 [INFO] Processing FID 325 (116/389)
2026-06-24 15:06:53,559 [INFO] FID 325: 36 new downloads
2026-06-24 15:06:53,564 [INFO] Processing FID 339 (117/389)
2026-06-24 15:07:53,934 [INFO] FID 339: 57 new downloads
2026-06-24 15:07:53,940 [INFO] Processing FID 343 (118/389)
2026-06-24 15:08:47,246 [INFO] FID 343: 38 new downloads
2026-06-24 15:08:47,252 [INFO] Processing FID 58 (119/389)
2026-06-24 15:09:28,271 [INFO] FID 58: 20 new downloads
2026-06-24 15:09:28,276 [INFO] Processing FID 81 (120/389)
2026-06-24 15:10:51,548 [INFO] FID 81: 80 new downloads
2026-06-24 15:10:51,553 [INFO] Processing FID 86 (121/389)
2026-06-24 15:12:13,000 [INFO] FID 86: 80 new downloads
2026-06-24 15:12:13,005 [INFO] Processing FID 87 (122/389)
2026-06-24 15:12:34,453 [INFO] FID 87: 20 new downloads
2026-06-24 15:12:34,459 [INFO] Processing FID 332 (123/389)
2026-06-24 15:14:01,990 [INFO] FID 332: 80 new downloads
2026-06-24 15:14:01,996 [INFO] Processing FID 89 (124/389)
2026-06-24 15:14:23,779 [INFO] FID 89: 20 new downloads
2026-06-24 15:14:23,784 [INFO] Processing FID 348 (125/389)
2026-06-24 15:14:46,198 [INFO] FID 348: 21 new downloads
2026-06-24 15:14:46,203 [INFO] Processing FID 349 (126/389)
2026-06-24 15:15:51,156 [INFO] FID 349: 63 new downloads
2026-06-24 15:15:51,161 [INFO] Processing FID 366 (127/389)
2026-06-24 15:16:32,826 [INFO] FID 366: 42 new downloads
2026-06-24 15:16:32,831 [INFO] Processing FID 361 (128/389)
2026-06-24 15:18:02,271 [INFO] FID 361: 84 new downloads
2026-06-24 15:18:02,276 [INFO] Processing FID 365 (129/389)
2026-06-24 15:19:52,297 [INFO] FID 365: 105 new downloads
2026-06-24 15:19:52,302 [INFO] Processing FID 20 (130/389)
2026-06-24 15:21:49,827 [INFO] FID 20: 92 new downloads
2026-06-24 15:21:49,833 [INFO] Processing FID 21 (131/389)
2026-06-24 15:22:14,062 [INFO] FID 21: 23 new downloads
2026-06-24 15:22:14,068 [INFO] Processing FID 25 (132/389)
2026-06-24 15:22:36,929 [INFO] FID 25: 23 new downloads
2026-06-24 15:22:36,935 [INFO] Processing FID 26 (133/389)
2026-06-24 15:23:00,209 [INFO] FID 26: 23 new downloads
2026-06-24 15:23:00,215 [INFO] Processing FID 63 (134/389)
2026-06-24 15:24:58,882 [INFO] FID 63: 115 new downloads
2026-06-24 15:24:58,887 [INFO] Processing FID 147 (135/389)
2026-06-24 15:25:08,718 [INFO] FID 147: 9 new downloads
2026-06-24 15:25:08,724 [INFO] Processing FID 149 (136/389)
2026-06-24 15:25:27,768 [INFO] FID 149: 18 new downloads
2026-06-24 15:25:27,774 [INFO] Processing FID 96 (137/389)
2026-06-24 15:25:28,680 [WARNING] FID 96: dropped empty tile s1_grd evt 05C876 tile_0
2026-06-24 15:25:32,316 [WARNING] FID 96: dropped empty tile s1_grd bef 05993A tile_0
2026-06-24 15:25:36,139 [WARNING] FID 96: dropped empty tile s1_grd bef 059F24 tile_0
2026-06-24 15:25:39,862 [WARNING] FID 96: dropped empty tile s1_grd bef 05AAD4 tile_0
2026-06-24 15:25:43,689 [WARNING] FID 96: dropped empty tile s1_grd bef 05B0D3 tile_0
2026-06-24 15:25:47,308 [WARNING] FID 96: dropped empty tile s1_grd bef 05B6BD tile_0
2026-06-24 15:25:50,791 [WARNING] FID 96: dropped empty tile s1_grd bef 05BCAD tile_0
2026-06-24 15:25:54,529 [WARNING] FID 96: dropped empty tile s1_grd aft 05CE51 tile_0
2026-06-24 15:25:58,319 [WARNING] FID 96: dropped empty tile s1_grd aft 05D42C tile_0
2026-06-24 15:26:01,438 [INFO] FID 96: 27 new downloads
2026-06-24 15:26:01,444 [INFO] Processing FID 152 (138/389)
2026-06-24 15:26:19,863 [INFO] FID 152: 18 new downloads
2026-06-24 15:26:19,870 [INFO] Processing FID 277 (139/389)
2026-06-24 15:27:00,657 [INFO] FID 277: 40 new downloads
2026-06-24 15:27:00,663 [INFO] Processing FID 154 (140/389)
2026-06-24 15:27:22,921 [INFO] FID 154: 20 new downloads
2026-06-24 15:27:22,927 [INFO] Processing FID 153 (141/389)
2026-06-24 15:28:04,136 [INFO] FID 153: 40 new downloads
2026-06-24 15:28:04,142 [INFO] Processing FID 224 (142/389)
2026-06-24 15:28:50,254 [INFO] FID 224: 30 new downloads
2026-06-24 15:28:50,261 [INFO] Processing FID 225 (143/389)
2026-06-24 15:28:50,797 [WARNING] FID 225: dropped empty tile s1_grd evt 05CE51 tile_0
2026-06-24 15:28:53,441 [WARNING] FID 225: dropped empty tile s1_grd bef 05993A tile_0
2026-06-24 15:28:56,345 [WARNING] FID 225: dropped empty tile s1_grd bef 059F24 tile_0
2026-06-24 15:28:58,841 [WARNING] FID 225: dropped empty tile s1_grd bef 05AAD4 tile_0
2026-06-24 15:29:01,436 [WARNING] FID 225: dropped empty tile s1_grd bef 05B0D3 tile_0
2026-06-24 15:29:04,337 [WARNING] FID 225: dropped empty tile s1_grd bef 05B6BD tile_0
2026-06-24 15:29:06,953 [WARNING] FID 225: dropped empty tile s1_grd bef 05BCAD tile_0
2026-06-24 15:29:09,618 [WARNING] FID 225: dropped empty tile s1_grd bef 05C876 tile_0
2026-06-24 15:29:12,162 [WARNING] FID 225: dropped empty tile s1_grd aft 05D42C tile_0
2026-06-24 15:29:14,822 [WARNING] FID 225: dropped empty tile s1_grd aft 05D957 tile_0
2026-06-24 15:29:16,896 [INFO] FID 225: 20 new downloads
2026-06-24 15:29:16,902 [INFO] Processing FID 279 (144/389)
2026-06-24 15:30:01,642 [INFO] FID 279: 40 new downloads
2026-06-24 15:30:01,649 [INFO] Processing FID 99 (145/389)
2026-06-24 15:30:26,226 [INFO] FID 99: 20 new downloads
2026-06-24 15:30:26,232 [INFO] Processing FID 155 (146/389)
2026-06-24 15:30:48,283 [INFO] FID 155: 20 new downloads
2026-06-24 15:30:48,289 [INFO] Processing FID 156 (147/389)
2026-06-24 15:31:30,194 [INFO] FID 156: 40 new downloads
2026-06-24 15:31:30,200 [INFO] Processing FID 280 (148/389)
2026-06-24 15:32:11,617 [INFO] FID 280: 40 new downloads
2026-06-24 15:32:11,623 [INFO] Processing FID 103 (149/389)
2026-06-24 15:32:33,601 [INFO] FID 103: 20 new downloads
2026-06-24 15:32:33,607 [INFO] Processing FID 227 (150/389)
2026-06-24 15:33:18,651 [INFO] FID 227: 40 new downloads
2026-06-24 15:33:18,657 [INFO] Processing FID 243 (151/389)
2026-06-24 15:33:41,118 [INFO] FID 243: 20 new downloads
2026-06-24 15:33:41,124 [INFO] Processing FID 158 (152/389)
2026-06-24 15:34:35,553 [INFO] FID 158: 50 new downloads
2026-06-24 15:34:35,559 [INFO] Processing FID 282 (153/389)
2026-06-24 15:34:45,531 [INFO] FID 282: 10 new downloads
2026-06-24 15:34:45,537 [INFO] Processing FID 169 (154/389)
2026-06-24 15:35:10,774 [INFO] FID 169: 24 new downloads
2026-06-24 15:35:10,780 [INFO] Processing FID 287 (155/389)
2026-06-24 15:35:37,882 [INFO] FID 287: 24 new downloads
2026-06-24 15:35:37,888 [INFO] Processing FID 105 (156/389)
2026-06-24 15:36:16,264 [INFO] FID 105: 36 new downloads
2026-06-24 15:36:16,271 [INFO] Processing FID 106 (157/389)
2026-06-24 15:36:29,091 [INFO] FID 106: 12 new downloads
2026-06-24 15:36:29,097 [INFO] Processing FID 231 (158/389)
2026-06-24 15:37:18,837 [INFO] FID 231: 48 new downloads
2026-06-24 15:37:18,844 [INFO] Processing FID 232 (159/389)
2026-06-24 15:38:10,397 [INFO] FID 232: 48 new downloads
2026-06-24 15:38:10,403 [INFO] Processing FID 120 (160/389)
2026-06-24 15:38:45,033 [INFO] FID 120: 30 new downloads
2026-06-24 15:38:45,069 [INFO] Processing FID 248 (161/389)
2026-06-24 15:39:18,147 [INFO] FID 248: 30 new downloads
2026-06-24 15:39:18,154 [INFO] Processing FID 308 (162/389)
2026-06-24 15:40:05,519 [INFO] FID 308: 45 new downloads
2026-06-24 15:40:05,525 [INFO] Processing FID 191 (163/389)
2026-06-24 15:40:53,374 [INFO] FID 191: 45 new downloads
2026-06-24 15:40:53,381 [INFO] Processing FID 252 (164/389)
2026-06-24 15:41:24,015 [INFO] FID 252: 30 new downloads
2026-06-24 15:41:24,021 [INFO] Processing FID 310 (165/389)
2026-06-24 15:41:55,501 [INFO] FID 310: 30 new downloads
2026-06-24 15:41:55,508 [INFO] Processing FID 196 (166/389)
2026-06-24 15:43:06,672 [INFO] FID 196: 48 new downloads
2026-06-24 15:43:06,679 [INFO] Processing FID 126 (167/389)
2026-06-24 15:43:44,873 [INFO] FID 126: 34 new downloads
2026-06-24 15:43:44,880 [INFO] Processing FID 198 (168/389)
2026-06-24 15:44:03,192 [INFO] FID 198: 17 new downloads
2026-06-24 15:44:03,198 [INFO] Processing FID 199 (169/389)
2026-06-24 15:45:16,023 [INFO] FID 199: 68 new downloads
2026-06-24 15:45:16,029 [INFO] Processing FID 255 (170/389)
2026-06-24 15:45:50,970 [INFO] FID 255: 34 new downloads
2026-06-24 15:45:50,977 [INFO] Processing FID 197 (171/389)
2026-06-24 15:46:27,736 [INFO] FID 197: 34 new downloads
2026-06-24 15:46:27,742 [INFO] Processing FID 256 (172/389)
2026-06-24 15:47:02,146 [INFO] FID 256: 34 new downloads
2026-06-24 15:47:02,200 [INFO] Processing FID 312 (173/389)
2026-06-24 15:47:38,612 [INFO] FID 312: 34 new downloads
2026-06-24 15:47:38,619 [INFO] Processing FID 202 (174/389)
2026-06-24 15:47:54,873 [INFO] FID 202: 16 new downloads
2026-06-24 15:47:54,879 [INFO] Processing FID 203 (175/389)
2026-06-24 15:48:28,100 [INFO] FID 203: 32 new downloads
2026-06-24 15:48:28,111 [INFO] Processing FID 259 (176/389)
2026-06-24 15:49:18,277 [INFO] FID 259: 48 new downloads
2026-06-24 15:49:18,285 [INFO] Processing FID 315 (177/389)
2026-06-24 15:49:50,936 [INFO] FID 315: 32 new downloads
2026-06-24 15:49:50,942 [INFO] Processing FID 129 (178/389)
2026-06-24 15:50:24,940 [INFO] FID 129: 32 new downloads
2026-06-24 15:50:24,946 [INFO] Processing FID 318 (179/389)
2026-06-24 15:50:59,843 [INFO] FID 318: 32 new downloads
2026-06-24 15:50:59,851 [INFO] Processing FID 319 (180/389)
2026-06-24 15:52:08,138 [INFO] FID 319: 64 new downloads
2026-06-24 15:52:08,145 [INFO] Processing FID 206 (181/389)
2026-06-24 15:52:43,922 [INFO] FID 206: 34 new downloads
2026-06-24 15:52:43,929 [INFO] Processing FID 321 (182/389)
2026-06-24 15:55:24,653 [INFO] FID 321: 153 new downloads
2026-06-24 15:55:24,660 [INFO] Processing FID 207 (183/389)
2026-06-24 15:56:40,415 [INFO] FID 207: 72 new downloads
2026-06-24 15:56:40,422 [INFO] Processing FID 208 (184/389)
2026-06-24 15:57:17,999 [INFO] FID 208: 36 new downloads
2026-06-24 15:57:18,007 [INFO] Processing FID 261 (185/389)
2026-06-24 15:57:36,414 [INFO] FID 261: 18 new downloads
2026-06-24 15:57:36,424 [INFO] Processing FID 131 (186/389)
2026-06-24 15:58:51,566 [INFO] FID 131: 72 new downloads
2026-06-24 15:58:51,574 [INFO] Processing FID 323 (187/389)
2026-06-24 15:59:48,960 [INFO] FID 323: 54 new downloads
2026-06-24 15:59:48,967 [INFO] Processing FID 324 (188/389)
2026-06-24 16:00:29,026 [INFO] FID 324: 36 new downloads
2026-06-24 16:00:29,033 [INFO] Processing FID 132 (189/389)
2026-06-24 16:00:47,394 [INFO] FID 132: 18 new downloads
2026-06-24 16:00:47,401 [INFO] Processing FID 133 (190/389)
2026-06-24 16:01:06,939 [INFO] FID 133: 19 new downloads
2026-06-24 16:01:06,946 [INFO] Processing FID 262 (191/389)
2026-06-24 16:02:27,038 [INFO] FID 262: 76 new downloads
2026-06-24 16:02:27,046 [INFO] Processing FID 211 (192/389)
2026-06-24 16:04:15,421 [INFO] FID 211: 95 new downloads
2026-06-24 16:04:15,428 [INFO] Processing FID 48 (193/389)
2026-06-24 16:04:55,442 [INFO] FID 48: 38 new downloads
2026-06-24 16:04:55,450 [INFO] Processing FID 338 (194/389)
2026-06-24 16:05:55,234 [INFO] FID 338: 57 new downloads
2026-06-24 16:05:55,243 [INFO] Processing FID 50 (195/389)
2026-06-24 16:06:33,645 [INFO] FID 50: 36 new downloads
2026-06-24 16:06:33,653 [INFO] Processing FID 51 (196/389)
2026-06-24 16:07:11,373 [INFO] FID 51: 36 new downloads
2026-06-24 16:07:11,381 [INFO] Processing FID 55 (197/389)
2026-06-24 16:08:27,565 [INFO] FID 55: 72 new downloads
2026-06-24 16:08:27,573 [INFO] Processing FID 56 (198/389)
2026-06-24 16:08:46,330 [INFO] FID 56: 18 new downloads
2026-06-24 16:08:46,342 [INFO] Processing FID 328 (199/389)
2026-06-24 16:09:23,586 [INFO] FID 328: 36 new downloads
2026-06-24 16:09:23,594 [INFO] Processing FID 57 (200/389)
2026-06-24 16:10:01,032 [INFO] FID 57: 36 new downloads
2026-06-24 16:10:01,039 [INFO] Processing FID 330 (201/389)
2026-06-24 16:10:21,751 [INFO] FID 330: 20 new downloads
2026-06-24 16:10:21,758 [INFO] Processing FID 64 (202/389)
2026-06-24 16:11:07,154 [INFO] FID 64: 40 new downloads
2026-06-24 16:11:07,161 [INFO] Processing FID 65 (203/389)
2026-06-24 16:12:41,262 [INFO] FID 65: 60 new downloads
2026-06-24 16:12:41,269 [INFO] Processing FID 71 (204/389)
2026-06-24 16:13:20,047 [INFO] FID 71: 40 new downloads
2026-06-24 16:13:20,059 [INFO] Processing FID 72 (205/389)
2026-06-24 16:14:22,658 [INFO] FID 72: 40 new downloads
2026-06-24 16:14:22,665 [INFO] Processing FID 73 (206/389)
2026-06-24 16:14:43,996 [INFO] FID 73: 20 new downloads
2026-06-24 16:14:44,004 [INFO] Processing FID 212 (207/389)
2026-06-24 16:15:24,967 [INFO] FID 212: 40 new downloads
2026-06-24 16:15:24,974 [INFO] Processing FID 329 (208/389)
2026-06-24 16:15:46,277 [INFO] FID 329: 20 new downloads
2026-06-24 16:15:46,285 [INFO] Processing FID 345 (209/389)
2026-06-24 16:16:27,125 [INFO] FID 345: 40 new downloads
2026-06-24 16:16:27,133 [INFO] Processing FID 76 (210/389)
2026-06-24 16:17:10,664 [INFO] FID 76: 40 new downloads
2026-06-24 16:17:10,673 [INFO] Processing FID 264 (211/389)
2026-06-24 16:18:12,894 [INFO] FID 264: 57 new downloads
2026-06-24 16:18:12,902 [INFO] Processing FID 265 (212/389)
2026-06-24 16:18:33,133 [INFO] FID 265: 19 new downloads
2026-06-24 16:18:33,140 [INFO] Processing FID 370 (213/389)
2026-06-24 16:20:26,228 [INFO] FID 370: 105 new downloads
2026-06-24 16:20:26,241 [INFO] Processing FID 359 (214/389)
2026-06-24 16:20:48,066 [INFO] FID 359: 21 new downloads
2026-06-24 16:20:48,074 [INFO] Processing FID 352 (215/389)
2026-06-24 16:21:12,385 [INFO] FID 352: 22 new downloads
2026-06-24 16:21:12,393 [INFO] Processing FID 9 (216/389)
2026-06-24 16:21:59,850 [INFO] FID 9: 44 new downloads
2026-06-24 16:21:59,859 [INFO] Processing FID 11 (217/389)
2026-06-24 16:22:45,223 [INFO] FID 11: 44 new downloads
2026-06-24 16:22:45,231 [INFO] Processing FID 10 (218/389)
2026-06-24 16:23:32,132 [INFO] FID 10: 44 new downloads
2026-06-24 16:23:32,145 [INFO] Processing FID 61 (219/389)
2026-06-24 16:24:23,334 [INFO] FID 61: 46 new downloads
2026-06-24 16:24:23,342 [INFO] Processing FID 33 (220/389)
2026-06-24 16:25:34,053 [INFO] FID 33: 69 new downloads
2026-06-24 16:25:34,060 [INFO] Processing FID 35 (221/389)
2026-06-24 16:26:25,884 [INFO] FID 35: 48 new downloads
2026-06-24 16:26:25,892 [INFO] Processing FID 385 (222/389)
2026-06-24 16:32:14,707 [INFO] FID 385: 322 new downloads
2026-06-24 16:32:14,715 [INFO] Processing FID 37 (223/389)
2026-06-24 16:34:42,479 [INFO] FID 37: 138 new downloads
2026-06-24 16:34:42,488 [INFO] Processing FID 36 (224/389)
2026-06-24 16:35:07,293 [INFO] FID 36: 23 new downloads
2026-06-24 16:35:07,301 [INFO] Processing FID 104 (225/389)
2026-06-24 16:35:54,320 [INFO] FID 104: 44 new downloads
2026-06-24 16:35:54,328 [INFO] Processing FID 163 (226/389)
2026-06-24 16:36:16,832 [INFO] FID 163: 22 new downloads
2026-06-24 16:36:16,840 [INFO] Processing FID 166 (227/389)
2026-06-24 16:36:51,676 [INFO] FID 166: 33 new downloads
2026-06-24 16:36:51,685 [INFO] Processing FID 286 (228/389)
2026-06-24 16:37:02,609 [INFO] FID 286: 11 new downloads
2026-06-24 16:37:02,618 [INFO] Processing FID 165 (229/389)
2026-06-24 16:37:14,358 [INFO] FID 165: 11 new downloads
2026-06-24 16:37:14,367 [INFO] Processing FID 288 (230/389)
2026-06-24 16:37:26,645 [INFO] FID 288: 12 new downloads
2026-06-24 16:37:26,653 [INFO] Processing FID 108 (231/389)
2026-06-24 16:37:49,815 [INFO] FID 108: 22 new downloads
2026-06-24 16:37:49,824 [INFO] Processing FID 234 (232/389)
2026-06-24 16:38:11,915 [INFO] FID 234: 22 new downloads
2026-06-24 16:38:11,923 [INFO] Processing FID 173 (233/389)
2026-06-24 16:38:37,504 [INFO] FID 173: 22 new downloads
2026-06-24 16:38:37,512 [INFO] Processing FID 174 (234/389)
2026-06-24 16:39:11,506 [INFO] FID 174: 33 new downloads
2026-06-24 16:39:11,515 [INFO] Processing FID 175 (235/389)
2026-06-24 16:39:45,812 [INFO] FID 175: 33 new downloads
2026-06-24 16:39:45,820 [INFO] Processing FID 292 (236/389)
2026-06-24 16:39:56,740 [INFO] FID 292: 11 new downloads
2026-06-24 16:39:56,753 [INFO] Processing FID 109 (237/389)
2026-06-24 16:40:19,210 [INFO] FID 109: 22 new downloads
2026-06-24 16:40:19,220 [INFO] Processing FID 111 (238/389)
2026-06-24 16:40:43,924 [INFO] FID 111: 22 new downloads
2026-06-24 16:40:43,933 [INFO] Processing FID 171 (239/389)
2026-06-24 16:40:55,580 [INFO] FID 171: 11 new downloads
2026-06-24 16:40:55,588 [INFO] Processing FID 290 (240/389)
2026-06-24 16:41:20,834 [INFO] FID 290: 22 new downloads
2026-06-24 16:41:20,842 [INFO] Processing FID 291 (241/389)
2026-06-24 16:41:32,323 [INFO] FID 291: 11 new downloads
2026-06-24 16:41:32,332 [INFO] Processing FID 293 (242/389)
2026-06-24 16:42:29,319 [INFO] FID 293: 55 new downloads
2026-06-24 16:42:29,327 [INFO] Processing FID 357 (243/389)
2026-06-24 16:43:07,789 [INFO] FID 357: 36 new downloads
2026-06-24 16:43:07,797 [INFO] Processing FID 80 (244/389)
2026-06-24 16:43:31,469 [INFO] FID 80: 20 new downloads
2026-06-24 16:43:31,477 [INFO] Processing FID 88 (245/389)
2026-06-24 16:43:53,660 [INFO] FID 88: 20 new downloads
2026-06-24 16:43:53,669 [INFO] Processing FID 346 (246/389)
2026-06-24 16:44:14,125 [INFO] FID 346: 20 new downloads
2026-06-24 16:44:14,134 [INFO] Processing FID 347 (247/389)
2026-06-24 16:44:56,449 [INFO] FID 347: 40 new downloads
2026-06-24 16:44:56,458 [INFO] Processing FID 364 (248/389)
2026-06-24 16:45:19,209 [INFO] FID 364: 21 new downloads
2026-06-24 16:45:19,218 [INFO] Processing FID 362 (249/389)
2026-06-24 16:46:46,519 [INFO] FID 362: 84 new downloads
2026-06-24 16:46:46,528 [INFO] Processing FID 368 (250/389)
2026-06-24 16:47:51,802 [INFO] FID 368: 63 new downloads
2026-06-24 16:47:51,811 [INFO] Processing FID 363 (251/389)
2026-06-24 16:49:20,614 [INFO] FID 363: 84 new downloads
2026-06-24 16:49:20,623 [INFO] Processing FID 101 (252/389)
2026-06-24 16:49:31,088 [INFO] FID 101: 10 new downloads
2026-06-24 16:49:31,097 [INFO] Processing FID 102 (253/389)
2026-06-24 16:49:51,933 [INFO] FID 102: 20 new downloads
2026-06-24 16:49:51,941 [INFO] Processing FID 229 (254/389)
2026-06-24 16:50:43,060 [INFO] FID 229: 50 new downloads
2026-06-24 16:50:43,069 [INFO] Processing FID 285 (255/389)
2026-06-24 16:51:13,963 [INFO] FID 285: 30 new downloads
2026-06-24 16:51:13,972 [INFO] Processing FID 289 (256/389)
2026-06-24 16:52:16,984 [INFO] FID 289: 60 new downloads
2026-06-24 16:52:16,994 [INFO] Processing FID 112 (257/389)
2026-06-24 16:52:40,302 [INFO] FID 112: 22 new downloads
2026-06-24 16:52:40,311 [INFO] Processing FID 294 (258/389)
2026-06-24 16:52:52,060 [INFO] FID 294: 11 new downloads
2026-06-24 16:52:52,069 [INFO] Processing FID 176 (259/389)
2026-06-24 16:53:15,053 [INFO] FID 176: 22 new downloads
2026-06-24 16:53:15,063 [INFO] Processing FID 300 (260/389)
2026-06-24 16:54:14,154 [INFO] FID 300: 56 new downloads
2026-06-24 16:54:14,163 [INFO] Processing FID 305 (261/389)
2026-06-24 16:55:34,824 [INFO] FID 305: 75 new downloads
2026-06-24 16:55:34,833 [INFO] Processing FID 121 (262/389)
2026-06-24 16:56:08,046 [INFO] FID 121: 30 new downloads
2026-06-24 16:56:08,060 [INFO] Processing FID 187 (263/389)
2026-06-24 16:57:10,962 [INFO] FID 187: 60 new downloads
2026-06-24 16:57:10,971 [INFO] Processing FID 250 (264/389)
2026-06-24 16:57:43,012 [INFO] FID 250: 30 new downloads
2026-06-24 16:57:43,021 [INFO] Processing FID 251 (265/389)
2026-06-24 16:58:15,005 [INFO] FID 251: 30 new downloads
2026-06-24 16:58:15,014 [INFO] Processing FID 304 (266/389)
2026-06-24 16:58:30,359 [INFO] FID 304: 15 new downloads
2026-06-24 16:58:30,368 [INFO] Processing FID 307 (267/389)
2026-06-24 16:59:17,837 [INFO] FID 307: 45 new downloads
2026-06-24 16:59:17,846 [INFO] Processing FID 188 (268/389)
2026-06-24 16:59:34,763 [INFO] FID 188: 15 new downloads
2026-06-24 16:59:34,773 [INFO] Processing FID 192 (269/389)
2026-06-24 16:59:50,793 [INFO] FID 192: 15 new downloads
2026-06-24 16:59:50,802 [INFO] Processing FID 253 (270/389)
2026-06-24 17:00:59,602 [INFO] FID 253: 64 new downloads
2026-06-24 17:00:59,611 [INFO] Processing FID 124 (271/389)
2026-06-24 17:01:35,171 [INFO] FID 124: 30 new downloads
2026-06-24 17:01:35,181 [INFO] Processing FID 128 (272/389)
2026-06-24 17:02:42,758 [INFO] FID 128: 64 new downloads
2026-06-24 17:02:42,767 [INFO] Processing FID 320 (273/389)
2026-06-24 17:03:20,276 [INFO] FID 320: 34 new downloads
2026-06-24 17:03:20,286 [INFO] Processing FID 356 (274/389)
2026-06-24 17:03:41,148 [INFO] FID 356: 19 new downloads
2026-06-24 17:03:41,158 [INFO] Processing FID 210 (275/389)
2026-06-24 17:04:19,929 [INFO] FID 210: 38 new downloads
2026-06-24 17:04:19,939 [INFO] Processing FID 326 (276/389)
2026-06-24 17:04:39,739 [INFO] FID 326: 19 new downloads
2026-06-24 17:04:39,748 [INFO] Processing FID 335 (277/389)
2026-06-24 17:05:22,687 [INFO] FID 335: 38 new downloads
2026-06-24 17:05:22,697 [INFO] Processing FID 386 (278/389)
2026-06-24 17:06:06,081 [INFO] FID 386: 38 new downloads
2026-06-24 17:06:06,091 [INFO] Processing FID 134 (279/389)
2026-06-24 17:07:24,518 [INFO] FID 134: 76 new downloads
2026-06-24 17:07:24,527 [INFO] Processing FID 327 (280/389)
2026-06-24 17:08:52,297 [INFO] FID 327: 76 new downloads
2026-06-24 17:08:52,305 [INFO] Processing FID 337 (281/389)
2026-06-24 17:09:52,168 [INFO] FID 337: 57 new downloads
2026-06-24 17:09:52,177 [INFO] Processing FID 387 (282/389)
2026-06-24 17:10:31,660 [INFO] FID 387: 38 new downloads
2026-06-24 17:10:31,669 [INFO] Processing FID 38 (283/389)
2026-06-24 17:10:52,350 [INFO] FID 38: 19 new downloads
2026-06-24 17:10:52,359 [INFO] Processing FID 340 (284/389)
2026-06-24 17:11:49,528 [INFO] FID 340: 54 new downloads
2026-06-24 17:11:49,537 [INFO] Processing FID 342 (285/389)
2026-06-24 17:12:26,977 [INFO] FID 342: 36 new downloads
2026-06-24 17:12:26,987 [INFO] Processing FID 383 (286/389)
2026-06-24 17:13:25,073 [INFO] FID 383: 54 new downloads
2026-06-24 17:13:25,082 [INFO] Processing FID 52 (287/389)
2026-06-24 17:14:23,932 [INFO] FID 52: 54 new downloads
2026-06-24 17:14:23,941 [INFO] Processing FID 66 (288/389)
2026-06-24 17:15:05,677 [INFO] FID 66: 40 new downloads
2026-06-24 17:15:05,686 [INFO] Processing FID 67 (289/389)
2026-06-24 17:15:47,256 [INFO] FID 67: 40 new downloads
2026-06-24 17:15:47,265 [INFO] Processing FID 70 (290/389)
2026-06-24 17:16:08,555 [INFO] FID 70: 20 new downloads
2026-06-24 17:16:08,565 [INFO] Processing FID 75 (291/389)
2026-06-24 17:17:11,449 [INFO] FID 75: 60 new downloads
2026-06-24 17:17:11,458 [INFO] Processing FID 331 (292/389)
2026-06-24 17:17:52,076 [INFO] FID 331: 40 new downloads
2026-06-24 17:17:52,086 [INFO] Processing FID 344 (293/389)
2026-06-24 17:19:16,090 [INFO] FID 344: 80 new downloads
2026-06-24 17:19:16,099 [INFO] Processing FID 77 (294/389)
2026-06-24 17:19:57,023 [INFO] FID 77: 40 new downloads
2026-06-24 17:19:57,033 [INFO] Processing FID 138 (295/389)
2026-06-24 17:21:15,623 [INFO] FID 138: 76 new downloads
2026-06-24 17:21:15,633 [INFO] Processing FID 136 (296/389)
2026-06-24 17:21:57,342 [INFO] FID 136: 38 new downloads
2026-06-24 17:21:57,352 [INFO] Processing FID 60 (297/389)
2026-06-24 17:23:05,340 [INFO] FID 60: 63 new downloads
2026-06-24 17:23:05,350 [INFO] Processing FID 369 (298/389)
2026-06-24 17:26:00,670 [INFO] FID 369: 168 new downloads
2026-06-24 17:26:00,679 [INFO] Processing FID 371 (299/389)
2026-06-24 17:26:44,602 [INFO] FID 371: 42 new downloads
2026-06-24 17:26:44,612 [INFO] Processing FID 372 (300/389)
2026-06-24 17:29:02,042 [INFO] FID 372: 126 new downloads
2026-06-24 17:29:02,222 [INFO] Processing FID 379 (301/389)
2026-06-24 17:29:49,488 [INFO] FID 379: 42 new downloads
2026-06-24 17:29:49,501 [INFO] Processing FID 388 (302/389)
2026-06-24 17:30:36,203 [INFO] FID 388: 44 new downloads
2026-06-24 17:30:36,213 [INFO] Processing FID 389 (303/389)
2026-06-24 17:31:03,132 [INFO] FID 389: 22 new downloads
2026-06-24 17:31:03,142 [INFO] Processing FID 162 (304/389)
2026-06-24 17:31:37,560 [INFO] FID 162: 33 new downloads
2026-06-24 17:31:37,570 [INFO] Processing FID 172 (305/389)
2026-06-24 17:32:27,837 [INFO] FID 172: 44 new downloads
2026-06-24 17:32:27,847 [INFO] Processing FID 235 (306/389)
2026-06-24 17:32:52,639 [INFO] FID 235: 22 new downloads
2026-06-24 17:32:52,649 [INFO] Processing FID 237 (307/389)
2026-06-24 17:33:27,294 [INFO] FID 237: 33 new downloads
2026-06-24 17:33:27,304 [INFO] Processing FID 123 (308/389)
2026-06-24 17:33:59,237 [INFO] FID 123: 30 new downloads
2026-06-24 17:33:59,250 [INFO] Processing FID 85 (309/389)
2026-06-24 17:35:23,043 [INFO] FID 85: 80 new downloads
2026-06-24 17:35:23,054 [INFO] Processing FID 213 (310/389)
2026-06-24 17:35:43,972 [INFO] FID 213: 20 new downloads
2026-06-24 17:35:43,982 [INFO] Processing FID 367 (311/389)
2026-06-24 17:36:26,768 [INFO] FID 367: 42 new downloads
2026-06-24 17:36:26,778 [INFO] Processing FID 97 (312/389)
2026-06-24 17:37:05,064 [INFO] FID 97: 36 new downloads
2026-06-24 17:37:05,074 [INFO] Processing FID 223 (313/389)
2026-06-24 17:37:25,760 [INFO] FID 223: 20 new downloads
2026-06-24 17:37:25,770 [INFO] Processing FID 230 (314/389)
2026-06-24 17:37:46,330 [INFO] FID 230: 20 new downloads
2026-06-24 17:37:46,341 [INFO] Processing FID 281 (315/389)
2026-06-24 17:37:56,892 [INFO] FID 281: 10 new downloads
2026-06-24 17:37:56,902 [INFO] Processing FID 240 (316/389)
2026-06-24 17:38:27,299 [INFO] FID 240: 28 new downloads
2026-06-24 17:38:27,310 [INFO] Processing FID 177 (317/389)
2026-06-24 17:38:56,637 [INFO] FID 177: 28 new downloads
2026-06-24 17:38:56,647 [INFO] Processing FID 178 (318/389)
2026-06-24 17:39:57,192 [INFO] FID 178: 56 new downloads
2026-06-24 17:39:57,202 [INFO] Processing FID 239 (319/389)
2026-06-24 17:40:25,589 [INFO] FID 239: 28 new downloads
2026-06-24 17:40:25,599 [INFO] Processing FID 296 (320/389)
2026-06-24 17:40:40,075 [INFO] FID 296: 14 new downloads
2026-06-24 17:40:40,085 [INFO] Processing FID 113 (321/389)
2026-06-24 17:41:41,126 [INFO] FID 113: 56 new downloads
2026-06-24 17:41:41,136 [INFO] Processing FID 238 (322/389)
2026-06-24 17:41:56,020 [INFO] FID 238: 14 new downloads
2026-06-24 17:41:56,030 [INFO] Processing FID 180 (323/389)
2026-06-24 17:42:11,412 [INFO] FID 180: 14 new downloads
2026-06-24 17:42:11,423 [INFO] Processing FID 181 (324/389)
2026-06-24 17:42:41,935 [INFO] FID 181: 28 new downloads
2026-06-24 17:42:41,945 [INFO] Processing FID 298 (325/389)
2026-06-24 17:43:45,113 [INFO] FID 298: 56 new downloads
2026-06-24 17:43:45,123 [INFO] Processing FID 299 (326/389)
2026-06-24 17:44:14,037 [INFO] FID 299: 28 new downloads
2026-06-24 17:44:14,048 [INFO] Processing FID 241 (327/389)
2026-06-24 17:44:42,113 [INFO] FID 241: 28 new downloads
2026-06-24 17:44:42,123 [INFO] Processing FID 297 (328/389)
2026-06-24 17:44:57,612 [INFO] FID 297: 14 new downloads
2026-06-24 17:44:57,623 [INFO] Processing FID 179 (329/389)
2026-06-24 17:45:41,868 [INFO] FID 179: 42 new downloads
2026-06-24 17:45:41,879 [INFO] Processing FID 115 (330/389)
2026-06-24 17:46:26,372 [INFO] FID 115: 42 new downloads
2026-06-24 17:46:26,384 [INFO] Processing FID 182 (331/389)
2026-06-24 17:46:55,847 [INFO] FID 182: 28 new downloads
2026-06-24 17:46:55,858 [INFO] Processing FID 183 (332/389)
2026-06-24 17:47:42,147 [INFO] FID 183: 28 new downloads
2026-06-24 17:47:42,158 [INFO] Processing FID 116 (333/389)
2026-06-24 17:47:57,480 [INFO] FID 116: 15 new downloads
2026-06-24 17:47:57,490 [INFO] Processing FID 184 (334/389)
2026-06-24 17:48:12,948 [INFO] FID 184: 15 new downloads
2026-06-24 17:48:12,958 [INFO] Processing FID 245 (335/389)
2026-06-24 17:48:28,895 [INFO] FID 245: 15 new downloads
2026-06-24 17:48:28,906 [INFO] Processing FID 246 (336/389)
2026-06-24 17:49:00,465 [INFO] FID 246: 30 new downloads
2026-06-24 17:49:00,476 [INFO] Processing FID 301 (337/389)
2026-06-24 17:49:16,046 [INFO] FID 301: 15 new downloads
2026-06-24 17:49:16,057 [INFO] Processing FID 117 (338/389)
2026-06-24 17:49:31,548 [INFO] FID 117: 15 new downloads
2026-06-24 17:49:31,559 [INFO] Processing FID 118 (339/389)
2026-06-24 17:49:47,831 [INFO] FID 118: 15 new downloads
2026-06-24 17:49:47,843 [INFO] Processing FID 186 (340/389)
2026-06-24 17:50:50,977 [INFO] FID 186: 60 new downloads
2026-06-24 17:50:50,988 [INFO] Processing FID 247 (341/389)
2026-06-24 17:51:52,068 [INFO] FID 247: 60 new downloads
2026-06-24 17:51:52,078 [INFO] Processing FID 249 (342/389)
2026-06-24 17:52:43,727 [INFO] FID 249: 45 new downloads
2026-06-24 17:52:43,738 [INFO] Processing FID 306 (343/389)
2026-06-24 17:52:59,351 [INFO] FID 306: 15 new downloads
2026-06-24 17:52:59,361 [INFO] Processing FID 189 (344/389)
2026-06-24 17:53:31,510 [INFO] FID 189: 30 new downloads
2026-06-24 17:53:31,520 [INFO] Processing FID 309 (345/389)
2026-06-24 17:55:03,993 [INFO] FID 309: 90 new downloads
2026-06-24 17:55:04,005 [INFO] Processing FID 190 (346/389)
2026-06-24 17:55:35,720 [INFO] FID 190: 30 new downloads
2026-06-24 17:55:35,731 [INFO] Processing FID 122 (347/389)
2026-06-24 17:55:51,478 [INFO] FID 122: 14 new downloads
2026-06-24 17:55:51,488 [INFO] Processing FID 258 (348/389)
2026-06-24 17:56:40,687 [INFO] FID 258: 48 new downloads
2026-06-24 17:56:40,698 [INFO] Processing FID 311 (349/389)
2026-06-24 17:57:15,835 [INFO] FID 311: 32 new downloads
2026-06-24 17:57:15,846 [INFO] Processing FID 254 (350/389)
2026-06-24 17:57:31,140 [INFO] FID 254: 15 new downloads
2026-06-24 17:57:31,158 [INFO] Processing FID 204 (351/389)
2026-06-24 17:57:48,115 [INFO] FID 204: 16 new downloads
2026-06-24 17:57:48,126 [INFO] Processing FID 257 (352/389)
2026-06-24 17:58:22,196 [INFO] FID 257: 32 new downloads
2026-06-24 17:58:22,214 [INFO] Processing FID 314 (353/389)
2026-06-24 17:58:57,851 [INFO] FID 314: 32 new downloads
2026-06-24 17:58:57,861 [INFO] Processing FID 358 (354/389)
2026-06-24 17:59:36,592 [INFO] FID 358: 38 new downloads
2026-06-24 17:59:36,602 [INFO] Processing FID 336 (355/389)
2026-06-24 18:00:15,058 [INFO] FID 336: 38 new downloads
2026-06-24 18:00:15,069 [INFO] Processing FID 54 (356/389)
2026-06-24 18:00:51,436 [INFO] FID 54: 36 new downloads
2026-06-24 18:00:51,447 [INFO] Processing FID 59 (357/389)
2026-06-24 18:03:14,234 [INFO] FID 59: 140 new downloads
2026-06-24 18:03:14,245 [INFO] Processing FID 79 (358/389)
2026-06-24 18:04:57,043 [INFO] FID 79: 100 new downloads
2026-06-24 18:04:57,054 [INFO] Processing FID 384 (359/389)
2026-06-24 18:08:56,065 [INFO] FID 384: 220 new downloads
2026-06-24 18:08:56,076 [INFO] Processing FID 139 (360/389)
2026-06-24 18:09:36,776 [INFO] FID 139: 38 new downloads
2026-06-24 18:09:36,788 [INFO] Processing FID 350 (361/389)
2026-06-24 18:10:42,683 [INFO] FID 350: 63 new downloads
2026-06-24 18:10:42,694 [INFO] Processing FID 373 (362/389)
2026-06-24 18:11:04,794 [INFO] FID 373: 21 new downloads
2026-06-24 18:11:04,805 [INFO] Processing FID 375 (363/389)
2026-06-24 18:11:26,179 [INFO] FID 375: 21 new downloads
2026-06-24 18:11:26,190 [INFO] Processing FID 100 (364/389)
2026-06-24 18:12:08,028 [INFO] FID 100: 40 new downloads
2026-06-24 18:12:08,040 [INFO] Processing FID 157 (365/389)
2026-06-24 18:12:28,856 [INFO] FID 157: 20 new downloads
2026-06-24 18:12:28,876 [INFO] Processing FID 160 (366/389)
2026-06-24 18:12:39,654 [INFO] FID 160: 10 new downloads
2026-06-24 18:12:39,665 [INFO] Processing FID 283 (367/389)
2026-06-24 18:13:21,168 [INFO] FID 283: 40 new downloads
2026-06-24 18:13:21,180 [INFO] Processing FID 380 (368/389)
2026-06-24 18:14:12,508 [INFO] FID 380: 42 new downloads
2026-06-24 18:14:12,519 [INFO] Processing FID 110 (369/389)
2026-06-24 18:14:34,854 [INFO] FID 110: 22 new downloads
2026-06-24 18:14:34,865 [INFO] Processing FID 170 (370/389)
2026-06-24 18:14:57,564 [INFO] FID 170: 22 new downloads
2026-06-24 18:14:57,575 [INFO] Processing FID 233 (371/389)
2026-06-24 18:15:10,532 [INFO] FID 233: 11 new downloads
2026-06-24 18:15:10,551 [INFO] Processing FID 236 (372/389)
2026-06-24 18:15:33,030 [INFO] FID 236: 22 new downloads
2026-06-24 18:15:33,041 [INFO] Processing FID 107 (373/389)
2026-06-24 18:16:29,134 [INFO] FID 107: 48 new downloads
2026-06-24 18:16:29,145 [INFO] Processing FID 295 (374/389)
2026-06-24 18:16:51,828 [INFO] FID 295: 22 new downloads
2026-06-24 18:16:51,846 [INFO] Processing FID 119 (375/389)
2026-06-24 18:18:03,062 [INFO] FID 119: 60 new downloads
2026-06-24 18:18:03,073 [INFO] Processing FID 322 (376/389)
2026-06-24 18:18:19,907 [INFO] FID 322: 16 new downloads
2026-06-24 18:18:19,919 [INFO] Processing FID 130 (377/389)
2026-06-24 18:19:00,424 [INFO] FID 130: 36 new downloads
2026-06-24 18:19:00,438 [INFO] Processing FID 382 (378/389)
2026-06-24 18:25:36,305 [INFO] FID 382: 380 new downloads
2026-06-24 18:25:36,317 [INFO] Processing FID 378 (379/389)
2026-06-24 18:26:16,605 [INFO] FID 378: 38 new downloads
2026-06-24 18:26:16,617 [INFO] Processing FID 78 (380/389)
2026-06-24 18:26:37,400 [INFO] FID 78: 20 new downloads
2026-06-24 18:26:37,412 [INFO] Processing FID 193 (381/389)
2026-06-24 18:27:11,178 [INFO] FID 193: 32 new downloads
2026-06-24 18:27:11,190 [INFO] Processing FID 194 (382/389)
2026-06-24 18:28:19,116 [INFO] FID 194: 64 new downloads
2026-06-24 18:28:19,127 [INFO] Processing FID 83 (383/389)
2026-06-24 18:29:03,918 [INFO] FID 83: 40 new downloads
2026-06-24 18:29:03,931 [INFO] Processing FID 244 (384/389)
2026-06-24 18:29:35,939 [INFO] FID 244: 28 new downloads
2026-06-24 18:29:35,951 [INFO] Processing FID 114 (385/389)
2026-06-24 18:30:05,576 [INFO] FID 114: 28 new downloads
2026-06-24 18:30:05,587 [INFO] Processing FID 185 (386/389)
2026-06-24 18:30:55,393 [INFO] FID 185: 45 new downloads
2026-06-24 18:30:55,405 [INFO] Processing FID 302 (387/389)
2026-06-24 18:31:27,757 [INFO] FID 302: 30 new downloads
2026-06-24 18:31:27,769 [INFO] Processing FID 303 (388/389)
2026-06-24 18:31:44,117 [INFO] FID 303: 15 new downloads
2026-06-24 18:31:44,129 [INFO] Processing FID 377 (389/389)
2026-06-24 18:32:04,198 [INFO] FID 377: 19 new downloads
2026-06-24 18:32:04,221 [INFO] Pipeline complete. 17012 total downloads.
2026-06-24 18:32:04,221 [INFO] Output: /share/home/e2406749/thesis_tiles_120px
